capital_at_risk_usd,city,current_zero_value_added_positions,exit_modes,has_transform_affected,no_positions,positions,realized_pnl_v2,roi_v2,sell_before_local_day_end_positions,settled_positions,unit,weather_date,weather_metric,yes_positions
1.3999990006667191,Buenos Aires,0,mostly_or_fully_sold,False,1,1,-0.233276,-0.16662583322481472,1,1,C,2026-01-25,high,0
7.710000000000001,London,0,mostly_or_fully_sold|never_sold,False,1,2,2.5300000000000002,0.32814526588845655,1,2,C,2026-01-25,high,1
1.8699999988823528,New York City,0,never_sold,False,1,2,-1.869999,-0.9999994658383137,0,2,F,2026-01-25,high,1
0.7000000000000001,Seattle,0,never_sold,False,0,1,-0.7,-0.9999999999999999,0,1,F,2026-01-25,high,1
6.689996999662793,Atlanta,0,never_sold,False,1,2,2.781668,0.41579510426390454,0,2,F,2026-01-27,high,1
12.459997999308648,Miami,0,never_sold,False,1,1,-12.459968,-0.9999975923504443,0,1,F,2026-01-28,high,0
22.01959999723229,Ankara,0,mostly_or_fully_sold|never_sold,False,2,4,2.863683,0.1300515450035398,3,4,C,2026-01-31,high,2
21.179997000109395,Buenos Aires,0,mostly_or_fully_sold|never_sold,False,2,2,0.17303599999999997,0.008169783971126447,1,2,C,2026-01-31,high,0
9.999998999440212,London,0,mostly_or_fully_sold|never_sold,False,0,2,-6.570917999999999,-0.6570918657459697,1,2,C,2026-01-31,high,2
1.9999990004734496,Buenos Aires,0,mostly_or_fully_sold,False,1,2,-1.9826030000000001,-0.991301995416332,2,2,C,2026-02-01,high,1
0.9999990012759068,Seoul,0,never_sold,False,0,1,-0.999963,-0.9999639986881379,0,1,C,2026-02-01,high,1
5.236,Atlanta,0,transform_affected,True,1,2,0.18799999999999994,0.035905271199388834,1,2,F,2026-02-02,high,1
0.1,London,0,mostly_or_fully_sold,False,0,1,-0.075,-0.7499999999999999,1,1,C,2026-02-03,high,1
2.3920000000000003,New York City,0,mostly_or_fully_sold,False,0,1,-0.052,-0.021739130434782605,1,1,F,2026-02-03,high,1
0.11599999999999999,Toronto,0,mostly_or_fully_sold,False,0,1,-0.0638,-0.55,1,1,C,2026-02-03,high,1
0.99,Chicago,0,mostly_or_fully_sold,False,0,1,-0.33000000000000007,-0.3333333333333334,1,1,F,2026-02-04,high,1
46.77328,Dallas,0,transform_affected,True,1,2,1.1279200000000031,0.02411462270766564,1,2,F,2026-02-04,high,1
10.303290999975236,Miami,0,transform_affected,True,1,2,0.5426779999999995,0.05267035552051319,1,2,F,2026-02-04,high,1
2.0,Buenos Aires,0,mostly_or_fully_sold,False,0,1,-1.0,-0.5,1,1,C,2026-02-05,high,1
2.0,Seoul,0,never_sold,False,0,1,-2.0,-1.0,0,1,C,2026-02-05,high,1
62.0,New York City,0,transform_affected,True,1,2,6.0,0.0967741935483871,1,2,F,2026-02-06,high,1
2.0,Seoul,0,never_sold,False,0,1,-2.0,-1.0,0,1,C,2026-02-06,high,1
2.0,Toronto,0,mostly_or_fully_sold,False,0,1,-1.085,-0.5425,1,1,C,2026-02-06,high,1
16.490000000000002,Miami,0,transform_affected,True,1,2,0.5099999999999998,0.030927835051546376,0,2,F,2026-02-07,high,1
98.0,Buenos Aires,0,transform_affected,True,1,2,2.0,0.02040816326530612,0,2,C,2026-02-08,high,1
20.398921999370824,London,0,transform_affected,True,1,2,0.5779379999999998,0.02833179125925505,1,2,C,2026-02-08,high,1
67.844,Miami,0,transform_affected,True,1,2,0.6999999999999957,0.010317787866281408,1,2,F,2026-02-08,high,1
57.99992700000857,New York City,0,transform_affected,True,1,2,0.09319500000000147,0.001606812367194664,1,2,F,2026-02-08,high,1
1.0,Wellington,0,never_sold,False,0,1,-1.0,-1.0,0,1,C,2026-02-08,high,1
1.0,Ankara,0,never_sold,False,0,1,-1.0,-1.0,0,1,C,2026-02-09,high,1
19.5,Buenos Aires,0,transform_affected,True,1,2,0.5,0.02564102564102564,0,2,C,2026-02-09,high,1
85.1384,London,0,transform_affected,True,1,2,0.8504000000000005,0.009988442347988692,1,2,C,2026-02-09,high,1
74.9559,Miami,0,transform_affected,True,1,2,0.45425799999999583,0.0060603368113783685,0,2,F,2026-02-09,high,1
318.58048199996335,New York City,0,transform_affected,True,2,4,3.0812919999999977,0.009671942175039938,1,4,F,2026-02-09,high,2
99.41676699944274,Seoul,0,mostly_or_fully_sold|transform_affected,True,1,3,1.1167469999999895,0.011232984472390349,1,3,C,2026-02-09,high,2
1.0,Toronto,0,mostly_or_fully_sold,False,0,1,-0.09999999999999999,-0.09999999999999999,1,1,C,2026-02-09,high,1
101.9,Ankara,0,never_sold|transform_affected,True,1,3,-1.8999999999999986,-0.018645731108930308,0,3,C,2026-02-10,high,2
150.83204299769997,Dallas,0,mostly_or_fully_sold|transform_affected,True,2,5,1.4543850000000043,0.009642413979781352,4,5,F,2026-02-10,high,3
81.176126,Miami,0,transform_affected,True,1,2,0.8058660000000089,0.00992737692360447,1,2,F,2026-02-10,high,1
1.0,Seoul,0,never_sold,False,0,1,-1.0,-1.0,0,1,C,2026-02-10,high,1
174.2999,Ankara,0,never_sold|transform_affected,True,2,5,-0.3646089999999944,-0.0020918485897008223,1,5,C,2026-02-11,high,3
295.26020000100004,London,0,transform_affected,True,3,6,3.070450000000001,0.010399132697158647,1,6,C,2026-02-11,high,3
147.151536,New York City,0,never_sold|transform_affected,True,2,5,0.09208099999998609,0.0006257562951975309,2,5,F,2026-02-11,high,3
88.9959989964076,Seoul,0,transform_affected,True,1,2,2.8044860000000114,0.03151249529895402,1,2,C,2026-02-11,high,1
58.0,Toronto,0,transform_affected,True,1,2,2.039999999999999,0.03517241379310344,1,2,C,2026-02-11,high,1
1.0,Wellington,0,mostly_or_fully_sold,False,0,1,-0.7,-0.7,1,1,C,2026-02-11,high,1
99.944602,Chicago,0,transform_affected,True,1,2,0.12770000000001147,0.001277707824580776,1,2,F,2026-02-12,high,1
99.0,Dallas,0,transform_affected,True,1,2,1.0,0.010101010101010102,0,2,F,2026-02-12,high,1
98.99510000000001,Miami,0,transform_affected,True,1,2,0.9999500000000054,0.010101004999237391,0,2,F,2026-02-12,high,1
1.0,Atlanta,0,mostly_or_fully_sold,False,0,1,-0.5,-0.5,1,1,F,2026-02-13,high,1
11.898,Dallas,0,mostly_or_fully_sold|transform_affected,True,1,3,-1.2682999999999998,-0.10659774752059167,2,3,F,2026-02-13,high,2
99.999705,Seattle,0,mostly_or_fully_sold|transform_affected,True,1,3,0.80006,0.008000623601839625,1,3,F,2026-02-13,high,2
335.32320000000004,Seoul,0,never_sold|transform_affected,True,3,5,17.276902,0.051523133502244994,0,5,C,2026-02-13,high,2
31.274199999999997,Ankara,0,transform_affected,True,1,2,-0.6942000000000004,-0.022197210480204146,0,2,C,2026-02-14,high,1
285.2281980114707,London,0,transform_affected,True,1,2,2.762912,0.009686672002495655,1,2,C,2026-02-14,high,1
370.851237999824,Seoul,0,mostly_or_fully_sold|never_sold|transform_affected,True,4,7,942.5727039999999,2.5416463730409533,3,7,C,2026-02-14,high,3
215.340866,Buenos Aires,0,never_sold,False,0,2,1.6661480000000002,0.0077372587514345755,0,2,C,2026-02-15,high,2
99.0,Chicago,0,transform_affected,True,1,2,1.0,0.010101010101010102,0,2,F,2026-02-15,high,1
510.09896800049995,London,0,mostly_or_fully_sold|transform_affected,True,3,7,11.714399999999996,0.022964955302533594,6,7,C,2026-02-15,high,4
63.090299999582,Sao Paulo,0,mostly_or_fully_sold,False,2,3,0.9117079999999999,0.014450842681141796,3,3,C,2026-02-15,high,1
387.736898,Seoul,0,mostly_or_fully_sold|transform_affected,True,3,5,3.0504600000000015,0.00786734513979632,1,5,C,2026-02-15,high,2
93.14139999999999,Toronto,0,mostly_or_fully_sold|transform_affected,True,2,3,-7.763359999999997,-0.08335026100101564,2,3,C,2026-02-15,high,1
30.8900000013,Ankara,0,mostly_or_fully_sold,False,1,1,-0.19998,-0.006473939786066166,1,1,C,2026-02-16,high,0
212.15423099999998,Buenos Aires,0,mostly_or_fully_sold|never_sold|transform_affected,True,3,7,56.354065999999996,0.2656278205453277,4,7,C,2026-02-16,high,4
35.594359002010144,London,0,mostly_or_fully_sold|partially_sold,False,0,4,10.995568999999998,0.3089132466012111,4,4,C,2026-02-16,high,4
3.0,New York City,0,mostly_or_fully_sold,False,0,1,12.0,4.0,1,1,F,2026-02-16,high,1
1.0,Paris,0,never_sold,False,0,1,-1.0,-1.0,0,1,C,2026-02-16,high,1
125.622731,Buenos Aires,0,mostly_or_fully_sold|never_sold,False,2,5,15.061893,0.11989783122928604,4,5,C,2026-02-17,high,3
28.617,London,0,mostly_or_fully_sold|partially_sold,False,1,2,-7.2212,-0.2523395184680434,2,2,C,2026-02-17,high,1
74.298,New York City,0,mostly_or_fully_sold,False,1,1,-2.873932,-0.03868114888691485,1,1,F,2026-02-17,high,0
152.706661,Paris,0,transform_affected,True,1,2,5.662220000000005,0.0370790636303678,1,2,C,2026-02-17,high,1
40.08,Sao Paulo,0,mostly_or_fully_sold|never_sold,False,2,3,-13.379812999999999,-0.3338276696606786,1,3,C,2026-02-17,high,1
70.00439999999999,Toronto,0,transform_affected,True,1,2,1.886809999999997,0.026952734399551988,1,2,C,2026-02-17,high,1
11.326340000215001,Buenos Aires,0,mostly_or_fully_sold,False,1,2,-1.0519910000000001,-0.09288004774534675,2,2,C,2026-02-18,high,1
127.529832,London,0,transform_affected,True,1,2,2.469847999999999,0.019366825481272484,0,2,C,2026-02-18,high,1
46.18,Sao Paulo,0,mostly_or_fully_sold,False,1,4,21.69684,0.46983196188826337,4,4,C,2026-02-18,high,3
1.0,Seoul,0,mostly_or_fully_sold,False,0,1,-0.9,-0.9,1,1,C,2026-02-18,high,1
218.35831999962,Toronto,0,mostly_or_fully_sold|never_sold,False,3,3,4.622707999999999,0.021170285611320165,2,3,C,2026-02-18,high,0
3.016,Ankara,0,mostly_or_fully_sold|never_sold,False,0,2,-2.466,-0.8176392572944298,1,2,C,2026-02-19,high,2
173.070699998862,Buenos Aires,0,mostly_or_fully_sold|never_sold|partially_sold|transform_affected,True,3,6,-2.8797330000000008,-0.016639055599930754,4,6,C,2026-02-19,high,3
104.429227996192,Dallas,0,mostly_or_fully_sold|never_sold,False,1,4,35.674929,0.34161823930462154,2,4,F,2026-02-19,high,3
7.5725999999999996,Miami,0,mostly_or_fully_sold,False,0,1,-4.737784,-0.6256482581940154,1,1,F,2026-02-19,high,1
2.4956,New York City,0,mostly_or_fully_sold,False,0,1,-0.6606,-0.2647058823529412,1,1,F,2026-02-19,high,1
5.05,Sao Paulo,0,mostly_or_fully_sold|never_sold,False,1,2,0.024999999999999994,0.00495049504950495,1,2,C,2026-02-19,high,1
0.45999999999999996,Seoul,0,never_sold,False,0,1,-0.46,-1.0000000000000002,0,1,C,2026-02-19,high,1
5.0,Buenos Aires,0,mostly_or_fully_sold,False,0,1,-4.75,-0.95,1,1,C,2026-02-20,high,1
4.153689997173478,Miami,0,never_sold,False,0,2,-4.153412,-0.9999330722384996,0,2,F,2026-02-20,high,2
130.5797989963984,Sao Paulo,0,mostly_or_fully_sold|never_sold,False,1,4,46.478665,0.35594069953562996,3,4,C,2026-02-20,high,3
18.088547007770813,Seoul,0,mostly_or_fully_sold|never_sold,False,0,2,39.048266,2.1587287239392374,1,2,C,2026-02-20,high,2
6.194309999117,Ankara,0,mostly_or_fully_sold|never_sold,False,0,2,-6.0143,-0.9709394590934809,1,2,C,2026-02-21,high,2
96.5298,Buenos Aires,0,mostly_or_fully_sold|never_sold,False,1,4,34.388020000000004,0.35624252821408525,2,4,C,2026-02-21,high,3
3.9055999999999997,Chicago,0,never_sold,False,0,2,26.0944,6.681278164686605,0,2,F,2026-02-21,high,2
89.031000000236,Dallas,0,mostly_or_fully_sold|never_sold,False,1,2,38.09659,0.42790252833169357,1,2,F,2026-02-21,high,1
4.625,New York City,0,mostly_or_fully_sold|never_sold,False,0,2,-2.625,-0.5675675675675675,1,2,F,2026-02-21,high,2
9.1461,Sao Paulo,0,mostly_or_fully_sold|never_sold,False,0,2,-7.121599,-0.7786487136593738,1,2,C,2026-02-21,high,2
10.6,Buenos Aires,0,mostly_or_fully_sold,False,0,1,0.575155,0.05425990566037736,1,1,C,2026-02-22,high,1
102.646,London,0,mostly_or_fully_sold,False,1,3,-46.57959299999999,-0.45378868148783186,3,3,C,2026-02-22,high,2
76.76559,Miami,0,mostly_or_fully_sold|never_sold,False,2,5,54.477425000000004,0.7096594320450087,3,5,F,2026-02-22,high,3
210.2464299994845,Sao Paulo,0,mostly_or_fully_sold|never_sold|transform_affected,True,2,6,9.841265000000002,0.04680823831360243,4,6,C,2026-02-22,high,4
2.88,Ankara,0,mostly_or_fully_sold|never_sold,False,0,2,-1.2,-0.4166666666666667,1,2,C,2026-02-23,high,2
3.75,Atlanta,0,mostly_or_fully_sold,False,0,1,-2.02941,-0.541176,1,1,F,2026-02-23,high,1
0.447,Dallas,0,mostly_or_fully_sold,False,0,1,0.14826,0.3316778523489933,1,1,F,2026-02-23,high,1
13.387500000000001,Miami,0,mostly_or_fully_sold,False,1,1,-10.424214,-0.7786527731092435,1,1,F,2026-02-23,high,0
61.32569399947364,New York City,0,never_sold|partially_sold,False,1,2,36.084033,0.5883999127724459,1,2,F,2026-02-23,high,1
5.463300000748001,Sao Paulo,0,mostly_or_fully_sold|never_sold,False,1,2,-4.453499,-0.8151664743635265,1,2,C,2026-02-23,high,1
109.9934189976,Wellington,0,transform_affected,True,1,2,1.3074880000000064,0.011886965710453414,1,2,C,2026-02-23,high,1
19.99171200039265,Ankara,0,mostly_or_fully_sold|never_sold,False,0,4,17.078573000000002,0.8542826647194882,2,4,C,2026-02-24,high,4
13.960512,Buenos Aires,0,never_sold,False,0,1,-13.958779,-0.9998758641516873,0,1,C,2026-02-24,high,1
1.9120000000000001,Ankara,0,never_sold,False,0,1,-1.912,-0.9999999999999999,0,1,C,2026-02-25,high,1
14.71445,London,0,mostly_or_fully_sold|never_sold,False,0,3,29.384169000000007,1.9969600630672575,2,3,C,2026-02-25,high,3
6.193,Miami,0,mostly_or_fully_sold,False,1,1,-1.877013,-0.30308622638462784,1,1,F,2026-02-25,high,0
1.0,Sao Paulo,0,mostly_or_fully_sold,False,0,1,-0.82415,-0.82415,1,1,C,2026-02-25,high,1
18.699658,Seoul,0,never_sold,False,1,4,-18.698674,-0.9999473787167659,0,4,C,2026-02-25,high,3
2.4,Ankara,0,mostly_or_fully_sold,False,0,1,1.4,0.5833333333333334,1,1,C,2026-02-26,high,1
13.565859,Buenos Aires,0,mostly_or_fully_sold|never_sold,False,1,4,277.713265,20.47148396574076,1,4,C,2026-02-26,high,3
29.431181000000002,Chicago,0,mostly_or_fully_sold,False,1,3,79.37255400000001,2.696886475605583,3,3,F,2026-02-26,high,2
9.800308999999999,Paris,0,never_sold,False,1,2,-9.800237999999998,-0.9999927553304697,0,2,C,2026-02-26,high,1
164.97502099508264,Buenos Aires,0,mostly_or_fully_sold,False,1,6,5.444089000000001,0.032999474509309325,6,6,C,2026-02-27,high,5
0.28300000000000003,Chicago,0,mostly_or_fully_sold,False,0,1,-0.086111,-0.30427915194346283,1,1,F,2026-02-27,high,1
48.488999997700006,Miami,0,mostly_or_fully_sold|never_sold,False,1,2,7.487492999999999,0.15441632123481935,1,2,F,2026-02-27,high,1
88.61702099963827,Buenos Aires,0,mostly_or_fully_sold|never_sold|partially_sold,False,2,5,61.034850999999996,0.688748620880058,4,5,C,2026-02-28,high,3
104.464100000751,Dallas,0,mostly_or_fully_sold|never_sold,False,2,4,83.781768,0.8020149314395825,3,4,F,2026-02-28,high,2
83.60168300000001,Sao Paulo,0,mostly_or_fully_sold|never_sold,False,1,3,45.367498,0.5426624963997434,2,3,C,2026-02-28,high,2
73.95790300010083,Buenos Aires,0,mostly_or_fully_sold|partially_sold,False,0,3,-43.318019,-0.5857118339326217,3,3,C,2026-03-01,high,3
1.0999999999999999,London,0,never_sold,False,0,1,-1.1,-1.0000000000000002,0,1,C,2026-03-01,high,1
1.0281,Miami,0,never_sold,False,0,1,-1.0281,-1.0,0,1,F,2026-03-01,high,1
17.0,Seoul,0,mostly_or_fully_sold,False,0,2,10.997290000000001,0.646899411764706,2,2,C,2026-03-01,high,2
4.011100000000001,Wellington,0,mostly_or_fully_sold,False,0,2,-0.752729,-0.18766148936700652,2,2,C,2026-03-01,high,2
16.7891,Ankara,0,mostly_or_fully_sold,False,0,3,2.536522,0.15108147548111572,3,3,C,2026-03-02,high,3
102.20842200060923,Buenos Aires,0,mostly_or_fully_sold|partially_sold,False,2,5,39.514761,0.38660963770445905,5,5,C,2026-03-02,high,3
1.23001,Chicago,0,partially_sold,False,0,1,0.765403,0.6222738026520109,1,1,F,2026-03-02,high,1
21.693237999163998,London,0,mostly_or_fully_sold|partially_sold,False,0,3,41.016627,1.8907563269983336,3,3,C,2026-03-02,high,3
19.256,New York City,0,mostly_or_fully_sold|never_sold,False,0,3,-1.6059999999999999,-0.08340257582052346,2,3,F,2026-03-02,high,3
40.829750001713,Paris,0,mostly_or_fully_sold|never_sold,False,1,4,13.709804,0.33577976841457047,3,4,C,2026-03-02,high,3
4.6,Sao Paulo,0,never_sold,False,0,1,-4.6,-1.0,0,1,C,2026-03-02,high,1
5.7024,Seattle,0,mostly_or_fully_sold,False,0,1,0.39999999999999997,0.07014590347923681,1,1,F,2026-03-02,high,1
29.4,Seoul,0,mostly_or_fully_sold,False,0,1,19.151258,0.6514033333333333,1,1,C,2026-03-02,high,1
1.4999719995714393,Atlanta,0,never_sold,False,1,1,-1.49997,-0.9999986669274894,0,1,F,2026-03-03,high,0
82.523802998285,Buenos Aires,0,mostly_or_fully_sold|never_sold|partially_sold,False,1,9,62.60208500000001,0.7585942809894618,4,9,C,2026-03-03,high,8
0.13499999999999998,Chicago,0,never_sold,False,0,1,-0.135,-1.0000000000000002,0,1,F,2026-03-03,high,1
13.94549,London,0,mostly_or_fully_sold|never_sold,False,1,3,1.823836,0.1307832137845282,2,3,C,2026-03-03,high,2
28.6064,New York City,0,mostly_or_fully_sold|never_sold,False,1,4,-22.831597,-0.7981289851222103,2,4,F,2026-03-03,high,3
26.190080000248003,Paris,0,mostly_or_fully_sold,False,1,4,-9.499821,-0.36272592523237973,4,4,C,2026-03-03,high,3
6.4829300000000005,Sao Paulo,0,mostly_or_fully_sold|never_sold,False,1,3,7.322452,1.1294973106296071,1,3,C,2026-03-03,high,2
28.87616300049306,Seoul,0,mostly_or_fully_sold,False,0,1,35.942658,1.2447172430556745,1,1,C,2026-03-03,high,1
48.417828000488,Buenos Aires,0,mostly_or_fully_sold|never_sold|partially_sold,False,1,5,92.908591,1.9188921692039465,3,5,C,2026-03-04,high,4
5.0,Chicago,0,mostly_or_fully_sold,False,0,1,12.594,2.5187999999999997,1,1,F,2026-03-04,high,1
119.41639099876916,London,1,mostly_or_fully_sold|never_sold|partially_sold,False,1,6,-91.880377,-0.7694117719647634,2,6,C,2026-03-04,high,5
15.49335799568892,New York City,0,mostly_or_fully_sold|partially_sold,False,0,2,35.305064,2.2787225345095465,2,2,F,2026-03-04,high,2
46.805182996805,Paris,0,mostly_or_fully_sold|never_sold|partially_sold,False,0,4,53.618843000000005,1.145574903609716,2,4,C,2026-03-04,high,4
37.524528003199514,Sao Paulo,1,mostly_or_fully_sold|never_sold|partially_sold,False,2,6,10.374200999999998,0.27646453005659244,4,6,C,2026-03-04,high,4
0.8168110000000001,Seattle,0,mostly_or_fully_sold,False,0,1,7.3032,8.941113672563175,1,1,F,2026-03-04,high,1
31.049999999999997,Seoul,0,mostly_or_fully_sold|never_sold,False,0,2,-30.29967,-0.9758347826086957,1,2,C,2026-03-04,high,2
186.713670020521,Buenos Aires,0,mostly_or_fully_sold|never_sold|partially_sold,False,1,5,13.435982,0.07196035511766921,3,5,C,2026-03-05,high,4
348.47814999342154,Chicago,0,mostly_or_fully_sold|partially_sold,False,2,5,308.713743,0.8858912474306576,5,5,F,2026-03-05,high,3
66.08794300014276,London,0,mostly_or_fully_sold|partially_sold,False,0,4,-3.623261999999999,-0.05482485663068939,4,4,C,2026-03-05,high,4
65.67098,Munich,0,mostly_or_fully_sold|never_sold,False,2,7,50.765542,0.773028543201274,3,7,C,2026-03-05,high,5
31.025029999264,Paris,0,mostly_or_fully_sold|never_sold,False,1,3,-8.503331,-0.2740797027497386,2,3,C,2026-03-05,high,2
10.744999999368,Sao Paulo,0,mostly_or_fully_sold,False,0,1,-4.928166,-0.4586473708971489,1,1,C,2026-03-05,high,1
46.46238199930287,Seoul,0,mostly_or_fully_sold|never_sold|partially_sold,False,0,6,36.317584,0.7816556628660345,5,6,C,2026-03-05,high,6
59.384900000802,Ankara,0,mostly_or_fully_sold,False,1,2,15.232147999999999,0.25649867221792555,2,2,C,2026-03-06,high,1
14.2419310004,Buenos Aires,0,mostly_or_fully_sold|never_sold,False,0,3,-13.191972,-0.9262769212706823,1,3,C,2026-03-06,high,3
205.704609999236,Dallas,0,mostly_or_fully_sold|never_sold,False,1,5,20.339553999999996,0.09887748261974069,3,5,F,2026-03-06,high,4
31.16,London,0,mostly_or_fully_sold,False,0,1,28.561021,0.9165924582798459,1,1,C,2026-03-06,high,1
1.24,Miami,0,never_sold,False,0,1,-1.2399999999999998,-0.9999999999999998,0,1,F,2026-03-06,high,1
69.98,Munich,0,mostly_or_fully_sold,False,1,2,23.623047,0.33756854815661613,2,2,C,2026-03-06,high,1
11.532580009737998,New York City,0,mostly_or_fully_sold|partially_sold,False,0,2,-3.8679740000000002,-0.3353953752528854,2,2,F,2026-03-06,high,2
6.534487000084255,Paris,0,mostly_or_fully_sold|never_sold,False,0,2,-6.0122160000000004,-0.9200746745570815,1,2,C,2026-03-06,high,2
3.1832,Sao Paulo,0,never_sold,False,0,1,-3.183135,-0.999979580296557,0,1,C,2026-03-06,high,1
7.683,Seoul,0,mostly_or_fully_sold,False,0,1,30.731999999999996,3.9999999999999996,1,1,C,2026-03-06,high,1
44.409499999999994,Atlanta,0,mostly_or_fully_sold,False,1,3,-10.03395,-0.22594152152129618,3,3,F,2026-03-07,high,2
20.86512,Buenos Aires,1,mostly_or_fully_sold|never_sold,False,0,3,0.71862,0.0344412109779383,1,3,C,2026-03-07,high,3
35.313202998289,London,0,mostly_or_fully_sold|never_sold,False,0,3,58.44928899999999,1.6551681534759672,1,3,C,2026-03-07,high,3
9.117203,Sao Paulo,0,mostly_or_fully_sold,False,0,2,105.142586,11.532329158405268,2,2,C,2026-03-07,high,2
15.759700000910001,Seoul,0,never_sold,False,0,2,-15.759635,-0.9999958754982646,0,2,C,2026-03-07,high,2
7.386599999804,Toronto,0,mostly_or_fully_sold,False,0,1,-1.130894,-0.15310075001083148,1,1,C,2026-03-07,high,1
15.360220000372001,Ankara,0,mostly_or_fully_sold,False,0,2,-2.3435360000000003,-0.15257177305684708,2,2,C,2026-03-08,high,2
32.406322000631,Buenos Aires,1,mostly_or_fully_sold|never_sold|partially_sold,False,1,4,5.696873,0.1757951118269168,3,4,C,2026-03-08,high,3
8.893244000122946,Chicago,0,mostly_or_fully_sold|never_sold,False,0,2,52.006757,5.847894986270592,1,2,F,2026-03-08,high,2
26.667308000000002,Paris,0,mostly_or_fully_sold|never_sold|partially_sold,False,0,3,67.709631,2.5390500983451347,2,3,C,2026-03-08,high,3
15.01,Sao Paulo,0,mostly_or_fully_sold|never_sold,False,0,3,3.7201160000000004,0.2478425049966689,2,3,C,2026-03-08,high,3
26.683300003120003,Seoul,0,never_sold,False,0,3,-26.683085000000002,-0.9999919424089233,0,3,C,2026-03-08,high,3
49.89119800536985,Buenos Aires,0,mostly_or_fully_sold|partially_sold,False,1,4,198.485271,3.9783624954974384,4,4,C,2026-03-09,high,3
4.8,Dallas,0,mostly_or_fully_sold,False,0,1,-2.91972,-0.608275,1,1,F,2026-03-09,high,1
49.03502899565913,London,0,never_sold,False,0,4,-49.033716,-0.9999732233122723,0,4,C,2026-03-09,high,4
1.2,Miami,1,never_sold,False,0,1,-1.2,-1.0,0,1,F,2026-03-09,high,1
2.507000001,Munich,0,never_sold,False,0,1,-2.506956,-0.9999824487435252,0,1,C,2026-03-09,high,1
1.5,Sao Paulo,0,never_sold,False,0,1,-1.5,-1.0,0,1,C,2026-03-09,high,1
57.146314998928,Seoul,1,mostly_or_fully_sold|never_sold|partially_sold,False,0,4,-12.676743,-0.22182957904175976,3,4,C,2026-03-09,high,4
569.5463359986962,Buenos Aires,0,mostly_or_fully_sold|transform_affected,True,1,3,0.18666500000003872,0.0003277433076146872,3,3,C,2026-03-10,high,2
52.7677,Chicago,0,mostly_or_fully_sold,False,0,1,1.626759,0.030828688762254183,1,1,F,2026-03-10,high,1
16.748710999894012,London,1,partially_sold,False,0,1,1.4444,0.08623947239934704,1,1,C,2026-03-10,high,1
10.999493000265158,Miami,0,mostly_or_fully_sold,False,0,1,-3.9996,-0.3636167594182372,1,1,F,2026-03-10,high,1
20.0,Munich,1,never_sold,False,0,1,-20.0,-1.0,0,1,C,2026-03-10,high,1
0.709901,Sao Paulo,0,never_sold,False,0,1,-0.7099010000000001,-1.0000000000000002,0,1,C,2026-03-10,high,1
127.366800000912,Ankara,0,mostly_or_fully_sold,False,0,1,31.091031,0.24410624275539133,1,1,C,2026-03-11,high,1
26.371465998709873,Buenos Aires,0,mostly_or_fully_sold,False,0,3,15.535139999999998,0.5890889797616863,3,3,C,2026-03-11,high,3
17.854000002524998,Chicago,0,mostly_or_fully_sold,False,0,1,7.802086,0.43699372683413196,1,1,F,2026-03-11,high,1
26.96001400025845,Dallas,0,mostly_or_fully_sold|partially_sold,False,0,2,-5.209206,-0.19321970678316644,2,2,F,2026-03-11,high,2
18.819999997500002,Seoul,0,partially_sold,False,0,1,-7.63997,-0.40594952183926,1,1,C,2026-03-11,high,1
41.52,Tel Aviv,0,mostly_or_fully_sold,False,0,1,-21.059973,-0.5072247832369942,1,1,C,2026-03-11,high,1
5.0504200004160005,London,0,never_sold,False,0,2,-5.050205999999999,-0.9999576272040773,0,2,C,2026-03-12,high,2
5.222308001036131,Miami,0,mostly_or_fully_sold,False,0,1,44.136164,8.451467050821815,1,1,F,2026-03-12,high,1
5.8253,New York City,0,mostly_or_fully_sold,False,0,1,-0.259115,-0.04448097093711911,1,1,F,2026-03-12,high,1
1.1,Paris,0,never_sold,False,0,1,-1.1,-1.0,0,1,C,2026-03-12,high,1
60.086390996555004,Seoul,0,mostly_or_fully_sold|never_sold,False,0,4,-58.735614,-0.9775194187210803,2,4,C,2026-03-12,high,4
6.459666,Tokyo,0,mostly_or_fully_sold,False,0,1,0.099985,0.015478354453620358,1,1,C,2026-03-12,high,1
8.3742,Ankara,0,mostly_or_fully_sold,False,0,1,-0.4925999999999999,-0.0588235294117647,1,1,C,2026-03-13,high,1
11.997378999782596,Buenos Aires,1,mostly_or_fully_sold|never_sold,False,0,2,35.5069,2.9595547494701484,1,2,C,2026-03-13,high,2
7.199631,London,0,mostly_or_fully_sold|never_sold,False,0,2,-6.169603,-0.856933223383254,1,2,C,2026-03-13,high,2
10.0,Munich,0,mostly_or_fully_sold,False,0,1,47.340597,4.7340597,1,1,C,2026-03-13,high,1
79.1526,New York City,0,mostly_or_fully_sold,False,1,2,43.965649,0.5554542617677751,2,2,F,2026-03-13,high,1
96.1328999947,Seoul,0,mostly_or_fully_sold|partially_sold,False,0,2,8.320760000000007,0.0865547590934919,2,2,C,2026-03-13,high,2
22.93,Atlanta,0,mostly_or_fully_sold|never_sold,False,1,3,-7.359438999999999,-0.32095242040994326,1,3,F,2026-03-14,high,2
576.7270429953851,Buenos Aires,0,mostly_or_fully_sold|transform_affected,True,3,6,118.52235399999998,0.20550857713281945,6,6,C,2026-03-14,high,3
1.647,Dallas,1,never_sold,False,0,1,-1.647,-1.0,0,1,F,2026-03-14,high,1
4.199733999896907,Munich,0,never_sold,False,0,2,-4.199733,-0.9999997619142292,0,2,C,2026-03-14,high,2
12.079169999138022,Sao Paulo,0,mostly_or_fully_sold,False,0,3,-10.835869,-0.8970706597202668,3,3,C,2026-03-14,high,3
12.438,Ankara,0,mostly_or_fully_sold,False,0,1,1.632816,0.1312764109985528,1,1,C,2026-03-15,high,1
2.9996289999994814,Atlanta,0,mostly_or_fully_sold,False,0,1,0.299989,0.10000870107605037,1,1,F,2026-03-15,high,1
88.0,Buenos Aires,0,mostly_or_fully_sold,False,0,2,15.742999999999999,0.17889772727272726,2,2,C,2026-03-15,high,2
2.51128,Chicago,1,mostly_or_fully_sold|never_sold,False,0,2,0.038799999999999994,0.015450288299194034,1,2,F,2026-03-15,high,2
27.12548300159654,London,0,mostly_or_fully_sold|partially_sold,False,1,3,14.193672,0.5232596963956216,3,3,C,2026-03-15,high,2
18.84039099940952,New York City,0,mostly_or_fully_sold,False,0,2,-5.197639,-0.2758774486242297,2,2,F,2026-03-15,high,2
13.152299998617,Paris,0,mostly_or_fully_sold,False,0,1,0.73051,0.05554237662437864,1,1,C,2026-03-15,high,1
126.42588400193354,Sao Paulo,0,mostly_or_fully_sold|transform_affected,True,1,6,-10.522694999999999,-0.08323212515436369,5,6,C,2026-03-15,high,5
11.54885199999961,Seoul,1,never_sold,False,0,2,-11.548751,-0.9999912545420436,0,2,C,2026-03-15,high,2
315.3396209982441,Buenos Aires,0,mostly_or_fully_sold,False,0,3,116.648776,0.3699147466174241,3,3,C,2026-03-16,high,3
14.999999999999998,Chicago,0,mostly_or_fully_sold,False,0,1,-12.13,-0.8086666666666669,1,1,F,2026-03-16,high,1
75.0055,Dallas,0,mostly_or_fully_sold,False,1,3,9.529267,0.12704757651105586,3,3,F,2026-03-16,high,2
28.0886,London,0,mostly_or_fully_sold,False,0,2,5.258881,0.18722474598235583,2,2,C,2026-03-16,high,2
0.7072230011277785,Miami,0,mostly_or_fully_sold,False,0,1,-0.252277,-0.3567149252749197,1,1,F,2026-03-16,high,1
5.0836,Paris,0,partially_sold,False,0,1,-0.058584,-0.011524116767644976,1,1,C,2026-03-16,high,1
18.157299999445,Sao Paulo,0,mostly_or_fully_sold|partially_sold,False,0,3,-1.364218,-0.07513330726714318,3,3,C,2026-03-16,high,3
7.199966999999999,Buenos Aires,0,never_sold|partially_sold,False,1,3,-0.48305999999999993,-0.06709197417154829,2,3,C,2026-03-17,high,2
19.030300001184003,London,0,mostly_or_fully_sold,False,0,1,39.758648,2.0892286510210742,1,1,C,2026-03-17,high,1
172.62660000368498,Miami,0,mostly_or_fully_sold,False,1,2,33.709984000000006,0.19527688084733416,2,2,F,2026-03-17,high,1
85.44250000448,New York City,0,mostly_or_fully_sold|never_sold,False,0,2,-6.768529,-0.07921735669772194,1,2,F,2026-03-17,high,2
14.975754999772649,Paris,0,mostly_or_fully_sold,False,0,1,2.523647,0.16851551057281,1,1,C,2026-03-17,high,1
21.801800000566004,Sao Paulo,0,mostly_or_fully_sold|never_sold,False,0,2,75.956492,3.4839550861868314,1,2,C,2026-03-17,high,2
3.7,Taipei,0,never_sold,False,1,1,1.3,0.35135135135135137,0,1,C,2026-03-17,high,0
6.0200000000000005,Wellington,0,mostly_or_fully_sold,False,0,1,11.58036,1.9236478405315613,1,1,C,2026-03-17,high,1
32.891200000832,Buenos Aires,1,mostly_or_fully_sold|never_sold,False,1,2,-9.23486,-0.2807699323760276,1,2,C,2026-03-18,high,1
50.82580000414,London,0,mostly_or_fully_sold|never_sold|partially_sold,False,0,3,31.453335,0.6188458420219254,2,3,C,2026-03-18,high,3
19.214019996079003,Miami,0,never_sold,False,0,3,-19.211112,-0.9998486523861432,0,3,F,2026-03-18,high,3
5.0,New York City,1,never_sold,False,0,1,-5.0,-1.0,0,1,F,2026-03-18,high,1
21.228659999999998,Paris,0,mostly_or_fully_sold,False,0,2,-9.156617,-0.43133278313374473,2,2,C,2026-03-18,high,2
15.1194,Sao Paulo,2,mostly_or_fully_sold|never_sold,False,1,4,4.860651,0.3214843843009643,1,4,C,2026-03-18,high,3
9.119845000425443,Seoul,1,mostly_or_fully_sold|partially_sold,False,0,2,1.8106000000000004,0.19853407595365224,2,2,C,2026-03-18,high,2
21.0,Singapore,0,mostly_or_fully_sold,False,0,1,46.5,2.2142857142857144,1,1,C,2026-03-18,high,1
10.0,Taipei,0,mostly_or_fully_sold,False,0,1,38.54,3.854,0,1,C,2026-03-18,high,1
4.0,Wellington,0,never_sold,False,0,2,-4.0,-1.0,0,2,C,2026-03-18,high,2
2.8356899999999996,Ankara,0,mostly_or_fully_sold,False,0,1,4.10274,1.4468224664896376,1,1,C,2026-03-19,high,1
72.909582,Buenos Aires,1,mostly_or_fully_sold|partially_sold,False,1,4,-43.208671,-0.5926336403903674,4,4,C,2026-03-19,high,3
23.710015,Dallas,0,mostly_or_fully_sold|never_sold,False,0,3,-22.652188,-0.9553848025823687,2,3,F,2026-03-19,high,3
34.16121099981997,London,0,mostly_or_fully_sold,False,0,2,42.318402999999996,1.2387852116900369,2,2,C,2026-03-19,high,2
54.044500001,Milan,0,mostly_or_fully_sold,False,0,1,31.836276,0.5890752250351271,1,1,C,2026-03-19,high,1
24.90127699796,New York City,2,mostly_or_fully_sold|never_sold|partially_sold,False,0,3,36.201072,1.4537837558678506,2,3,F,2026-03-19,high,3
4.525113999862866,Sao Paulo,2,never_sold,False,0,3,-4.524913,-0.9999555812598594,0,3,C,2026-03-19,high,3
5.2,Taipei,0,mostly_or_fully_sold,False,0,1,44.412800000000004,8.540923076923077,1,1,C,2026-03-19,high,1
3.4996679999998905,Tel Aviv,0,mostly_or_fully_sold,False,0,1,15.4977,4.428334344857993,1,1,C,2026-03-19,high,1
8.9,Tokyo,0,mostly_or_fully_sold|never_sold,False,1,2,-6.0291,-0.6774269662921347,1,2,C,2026-03-19,high,1
2.34125,Wellington,2,never_sold|partially_sold,False,0,2,0.2012999999999999,0.08597971169247193,1,2,C,2026-03-19,high,2
7.000000000000001,Atlanta,0,mostly_or_fully_sold,False,0,1,1.0,0.14285714285714285,1,1,F,2026-03-20,high,1
8.594880001984,Buenos Aires,0,mostly_or_fully_sold,False,0,1,-2.369387,-0.27567423855284334,1,1,C,2026-03-20,high,1
40.3422,Chicago,1,mostly_or_fully_sold,False,0,3,-9.3377,-0.23146233968400337,3,3,F,2026-03-20,high,3
43.14876199999996,Dallas,0,never_sold|partially_sold,False,1,2,-41.798539,-0.968707723294588,1,2,F,2026-03-20,high,1
34.957699999999996,London,0,mostly_or_fully_sold,False,0,1,-10.312619,-0.2950027890850943,1,1,C,2026-03-20,high,1
25.943,Madrid,2,mostly_or_fully_sold|never_sold,False,0,3,3.057,0.11783525421115522,1,3,C,2026-03-20,high,3
13.028500000000001,Sao Paulo,0,mostly_or_fully_sold,False,0,2,46.789675,3.5913324634455233,2,2,C,2026-03-20,high,2
5.9994759981368855,Taipei,1,never_sold,False,0,1,-5.9994,-0.9999873325375567,0,1,C,2026-03-20,high,1
5.824899998825,Tel Aviv,1,partially_sold,False,0,1,-0.17359999999999998,-0.029803086754282237,1,1,C,2026-03-20,high,1
60.628299998832,Tokyo,0,never_sold,False,0,1,-60.628248,-0.9999991423339926,0,1,C,2026-03-20,high,1
9.267880005741999,Beijing,0,mostly_or_fully_sold|partially_sold,False,1,2,-5.27252,-0.5689024886741479,2,2,C,2026-03-21,high,1
1.9100000000000001,Buenos Aires,2,never_sold,False,0,2,-1.9100000000000001,-1.0,0,2,C,2026-03-21,high,2
39.653100009418,Chicago,0,partially_sold,False,0,2,-22.870454000000002,-0.5767633298422582,2,2,F,2026-03-21,high,2
0.7643009980920497,Hong Kong,1,mostly_or_fully_sold|never_sold,False,1,2,-0.11157299999999999,-0.14598044524149967,1,2,C,2026-03-21,high,1
10.999146999843797,London,1,never_sold,False,0,1,-10.9991,-0.9999957269555724,0,1,C,2026-03-21,high,1
4.5,Milan,0,mostly_or_fully_sold,False,0,1,10.485,2.33,1,1,C,2026-03-21,high,1
32.563964000752,Munich,0,mostly_or_fully_sold|never_sold,False,1,3,34.001323,1.044139558661065,2,3,C,2026-03-21,high,2
3.3447630000000004,New York City,0,mostly_or_fully_sold,False,0,1,0.0,0.0,1,1,F,2026-03-21,high,1
3.8715,Paris,0,mostly_or_fully_sold,False,0,1,3.445741,0.8900273795686426,1,1,C,2026-03-21,high,1
25.80960199709665,Sao Paulo,0,partially_sold,False,0,2,-4.604839,-0.1784157307237052,2,2,C,2026-03-21,high,2
15.0,Taipei,0,never_sold,False,0,1,-15.0,-1.0,0,1,C,2026-03-21,high,1
14.000000000000002,Beijing,0,mostly_or_fully_sold,False,0,1,58.114324,4.1510231428571425,1,1,C,2026-03-22,high,1
54.91191198422184,Buenos Aires,0,mostly_or_fully_sold|partially_sold,False,0,3,222.22225400000002,4.046886112139975,3,3,C,2026-03-22,high,3
33.89424999843565,London,0,mostly_or_fully_sold|never_sold,False,0,2,-15.372414000000001,-0.4535404677993907,1,2,C,2026-03-22,high,2
35.105000999774326,Milan,0,never_sold,False,0,2,-35.104952999999995,-0.9999986326798757,0,2,C,2026-03-22,high,2
20.69539999908,Munich,0,mostly_or_fully_sold,False,0,1,-0.877792,-0.04241483614904866,1,1,C,2026-03-22,high,1
13.072105,New York City,1,mostly_or_fully_sold|never_sold,False,0,2,61.146388,4.6776236879982225,1,2,F,2026-03-22,high,2
20.0,Tokyo,0,mostly_or_fully_sold,False,0,1,42.099997,2.10499985,1,1,C,2026-03-22,high,1
4.2,Wuhan,0,mostly_or_fully_sold,False,0,1,12.907991,3.0733311904761904,1,1,C,2026-03-22,high,1
17.322499999019,Beijing,1,never_sold,False,1,2,-17.32202,-0.9999722904304211,0,2,C,2026-03-23,high,1
33.2090770029419,Buenos Aires,2,mostly_or_fully_sold|never_sold,False,2,5,-12.235199999999999,-0.36842939052223933,1,5,C,2026-03-23,high,3
12.049224994848,Hong Kong,1,never_sold,False,0,3,-12.048396,-0.9999311993220846,0,3,C,2026-03-23,high,3
1.9999999979999998,London,1,never_sold,False,0,1,-1.9999,-0.9999500009999501,0,1,C,2026-03-23,high,1
22.11149999971,Sao Paulo,0,never_sold|partially_sold,False,0,3,-10.358201,-0.4684531126398413,2,3,C,2026-03-23,high,3
79.951650002489,Taipei,1,never_sold|partially_sold,False,1,4,10.989210999999996,0.1374482077562863,2,4,C,2026-03-23,high,3
15.173800000079002,Tokyo,0,mostly_or_fully_sold,False,0,1,12.7628,0.8411076987922308,1,1,C,2026-03-23,high,1
33.21289000008801,Warsaw,0,mostly_or_fully_sold,False,0,2,-22.706495,-0.6836651372385791,2,2,C,2026-03-23,high,2
4.71405,Wellington,0,mostly_or_fully_sold,False,0,1,0.110651,0.023472597872317858,1,1,C,2026-03-23,high,1
9.025070001907999,Atlanta,1,mostly_or_fully_sold|never_sold,False,0,2,-0.5759000000000001,-0.06381113940149478,1,2,F,2026-03-24,high,2
0.030926999999999996,Austin,1,never_sold,False,0,1,-0.0309,-0.9991269764283637,0,1,F,2026-03-24,high,1
28.410660998929863,Beijing,1,never_sold|partially_sold,False,0,2,-24.41053,-0.8592031702789128,1,2,C,2026-03-24,high,2
60.82846600641583,Buenos Aires,0,mostly_or_fully_sold,False,0,3,-39.280903,-0.6457651421927504,3,3,C,2026-03-24,high,3
15.0,Denver,0,mostly_or_fully_sold,False,0,1,-11.42576,-0.7617173333333334,1,1,F,2026-03-24,high,1
8.0,Hong Kong,0,never_sold,False,0,1,-8.0,-1.0,0,1,C,2026-03-24,high,1
10.954,London,1,mostly_or_fully_sold|never_sold,False,0,2,23.383997,2.13474502464853,1,2,C,2026-03-24,high,2
3.181500000153,Lucknow,1,never_sold,False,0,1,-3.1814,-0.999968568237311,0,1,C,2026-03-24,high,1
10.804104999487459,Milan,0,mostly_or_fully_sold,False,0,1,2.930092,0.27120173305785183,1,1,C,2026-03-24,high,1
12.9131,Paris,0,mostly_or_fully_sold,False,0,1,36.152412,2.799669482928189,1,1,C,2026-03-24,high,1
207.60969399938898,San Francisco,0,mostly_or_fully_sold,False,2,5,48.339081,0.23283633855817093,5,5,F,2026-03-24,high,3
4.0,Sao Paulo,1,never_sold,False,0,1,-4.0,-1.0,0,1,C,2026-03-24,high,1
20.0,Taipei,0,never_sold,False,0,1,-20.0,-1.0,0,1,C,2026-03-24,high,1
4.4108899952,Tel Aviv,1,partially_sold,False,0,2,-1.167322,-0.2646454573272737,2,2,C,2026-03-24,high,2
53.309750002998,Buenos Aires,1,mostly_or_fully_sold|partially_sold,False,1,3,-6.552838000000001,-0.12292006620986755,3,3,C,2026-03-25,high,2
8.8146000005,Los Angeles,0,mostly_or_fully_sold,False,1,2,-6.0753140000000005,-0.6892330905152115,2,2,F,2026-03-25,high,1
5.259509,Lucknow,0,never_sold,False,0,1,-5.259314,-0.9999629242957849,0,1,C,2026-03-25,high,1
16.0,New York City,0,mostly_or_fully_sold,False,0,1,20.0,1.25,1,1,F,2026-03-25,high,1
8.93085000139,Paris,0,mostly_or_fully_sold,False,0,2,50.691316,5.675978881305854,2,2,C,2026-03-25,high,2
35.68418498973828,Sao Paulo,0,never_sold|partially_sold,False,0,3,-1.2571140000000005,-0.03522888361781303,2,3,C,2026-03-25,high,3
74.811999995135,Seoul,0,mostly_or_fully_sold|partially_sold,False,0,2,3.7129009999999996,0.04962975191468546,2,2,C,2026-03-25,high,2
1.9200959999999998,Taipei,1,mostly_or_fully_sold|never_sold,False,0,2,27.98169,14.573068221588922,1,2,C,2026-03-25,high,2
44.739600001564,Wellington,0,mostly_or_fully_sold,False,0,1,64.431225,1.4401386019934828,1,1,C,2026-03-25,high,1
24.350399997714003,Buenos Aires,0,mostly_or_fully_sold,False,0,1,-0.207502,-0.008521502727654581,1,1,C,2026-03-26,high,1
10.068,Dallas,0,mostly_or_fully_sold,False,0,1,79.53209600000001,7.899493047278508,1,1,F,2026-03-26,high,1
10.5,Denver,0,mostly_or_fully_sold,False,0,1,-0.0589,-0.00560952380952381,1,1,F,2026-03-26,high,1
39.011660001121996,Hong Kong,0,mostly_or_fully_sold,False,0,4,14.611389999999995,0.37453904805844623,4,4,C,2026-03-26,high,4
41.36252999952,Madrid,1,mostly_or_fully_sold|never_sold|partially_sold,False,0,3,-3.497128000000002,-0.08454821308175745,2,3,C,2026-03-26,high,3
15.380650000192,Munich,1,never_sold,False,0,2,-15.380595,-0.999996424065823,0,2,C,2026-03-26,high,2
723.0995999957689,San Francisco,0,mostly_or_fully_sold|transform_affected,True,2,5,14.608178999999998,0.02020216717044993,5,5,F,2026-03-26,high,3
81.365160005086,Sao Paulo,2,mostly_or_fully_sold|never_sold,False,1,4,63.104964,0.7755772126061746,2,4,C,2026-03-26,high,3
17.9,Seoul,2,never_sold|partially_sold,False,0,3,-13.9,-0.7765363128491621,1,3,C,2026-03-26,high,3
18.00276,Taipei,0,mostly_or_fully_sold|partially_sold,False,0,2,80.765499,4.4862842697453065,2,2,C,2026-03-26,high,2
19.231079998633003,Toronto,0,mostly_or_fully_sold,False,0,2,57.390676,2.9842669264586017,2,2,C,2026-03-26,high,2
11.132100000000001,Wellington,1,partially_sold,False,0,1,-6.6329,-0.5958354668032086,1,1,C,2026-03-26,high,1
26.388259999132,Buenos Aires,1,mostly_or_fully_sold|never_sold,False,0,4,23.433263999999998,0.8880185355446247,3,4,C,2026-03-27,high,4
6.73659999926,Houston,0,never_sold,False,0,1,-6.736479,-0.9999820385268513,0,1,F,2026-03-27,high,1
53.051899999892,Los Angeles,1,mostly_or_fully_sold|partially_sold,False,1,2,3.501035,0.06599264116849966,2,2,F,2026-03-27,high,1
121.85315800575195,Seoul,0,mostly_or_fully_sold|never_sold,False,0,8,-13.807295999999997,-0.1133109410208986,4,8,C,2026-03-27,high,8
62.579099998881,Buenos Aires,0,mostly_or_fully_sold|never_sold,False,2,4,69.70974700000001,1.1139461417829037,3,4,C,2026-03-28,high,2
20.958508998469423,Dallas,0,partially_sold,False,0,2,-4.886546,-0.23315332213550397,2,2,F,2026-03-28,high,2
280.05990000932496,Denver,0,mostly_or_fully_sold,False,3,5,7.222373,0.02578867235102034,5,5,F,2026-03-28,high,2
54.283099999074,New York City,0,mostly_or_fully_sold,False,0,1,3.483136,0.06416612168537571,1,1,F,2026-03-28,high,1
1.2837,Paris,0,mostly_or_fully_sold,False,0,1,-0.35009999999999997,-0.2727272727272727,1,1,C,2026-03-28,high,1
22.9099999994,San Francisco,0,mostly_or_fully_sold,False,1,3,31.700006,1.3836755129127107,3,3,F,2026-03-28,high,2
4.21865,Seoul,1,never_sold,False,0,3,-4.2186,-0.9999881478672087,0,3,C,2026-03-28,high,3
27.78227899715743,Taipei,1,mostly_or_fully_sold|never_sold,False,1,3,29.359028,1.0567537675006393,2,3,C,2026-03-28,high,2
91.24120000187,Ankara,1,mostly_or_fully_sold|never_sold,False,0,2,-11.4346,-0.12532277085094942,1,2,C,2026-03-29,high,2
55.256913000008545,Buenos Aires,1,mostly_or_fully_sold|never_sold|partially_sold,False,1,6,46.009309,0.8326434920458349,5,6,C,2026-03-29,high,5
25.273016997890167,Hong Kong,1,mostly_or_fully_sold|never_sold,False,0,3,117.418461,4.646000950729479,1,3,C,2026-03-29,high,3
30.106140997753997,Seoul,0,mostly_or_fully_sold|never_sold,False,0,3,124.88508299999998,4.148159772762533,1,3,C,2026-03-29,high,3
10.100899999687,Shanghai,1,mostly_or_fully_sold|never_sold,False,0,2,16.423916,1.6259854072913238,1,2,C,2026-03-29,high,2
47.754020001468,Taipei,1,mostly_or_fully_sold|partially_sold,False,0,2,106.470939,2.229570180619914,2,2,C,2026-03-29,high,2
25.1844609998,Warsaw,0,mostly_or_fully_sold,False,0,1,1.165021,0.04625951693027109,1,1,C,2026-03-29,high,1
3.0,Atlanta,0,mostly_or_fully_sold,False,0,1,-1.0,-0.3333333333333333,1,1,F,2026-03-30,high,1
46.44951099885313,Buenos Aires,1,mostly_or_fully_sold|partially_sold,False,1,3,50.837002,1.0944572053999708,3,3,C,2026-03-30,high,2
5.47810617083568,Dallas,0,never_sold,False,0,1,-5.492872,-1.0026954258832972,0,1,F,2026-03-30,high,1
19.143036864765868,Denver,0,never_sold,False,0,2,-19.304605000000002,-1.0084400472284265,0,2,F,2026-03-30,high,2
5.0,Hong Kong,0,never_sold,False,0,1,-5.0,-1.0,0,1,C,2026-03-30,high,1
0.4,Istanbul,1,never_sold,False,0,1,-0.4,-1.0,0,1,C,2026-03-30,high,1
3.0,Mexico City,0,never_sold,False,0,1,-3.0,-1.0,0,1,C,2026-03-30,high,1
135.0,Moscow,0,mostly_or_fully_sold,False,0,1,121.490482,0.8999294962962963,1,1,C,2026-03-30,high,1
18.424866176640002,San Francisco,0,mostly_or_fully_sold,False,0,4,-1.754806,-0.09524118021681123,4,4,F,2026-03-30,high,4
11.4618,Sao Paulo,0,never_sold,False,1,1,-11.461769,-0.9999972953637299,0,1,C,2026-03-30,high,0
53.06976299978586,Seoul,2,mostly_or_fully_sold|never_sold|partially_sold,False,0,4,92.17461899999999,1.7368575586134034,2,4,C,2026-03-30,high,4
10.9131,Shanghai,0,partially_sold,False,0,1,-9.068005,-0.8309284254703063,1,1,C,2026-03-30,high,1
4.0,Shenzhen,0,never_sold,False,0,1,-4.0,-1.0,0,1,C,2026-03-30,high,1
66.1923449999128,Taipei,0,mostly_or_fully_sold,False,0,2,176.64217,2.6686193093813593,2,2,C,2026-03-30,high,2
3.2959549999999997,Tokyo,0,mostly_or_fully_sold|never_sold,False,0,2,1.1218460000000001,0.3403705451075637,1,2,C,2026-03-30,high,2
23.111781996744,Beijing,1,mostly_or_fully_sold|partially_sold,False,0,2,43.819126999999995,1.8959648808635032,2,2,C,2026-04-01,high,2
74.62567176303124,Buenos Aires,0,mostly_or_fully_sold,False,0,6,52.591002,0.704730701346303,6,6,C,2026-04-01,high,6
13.552014992094962,Istanbul,0,mostly_or_fully_sold,False,0,1,-2.322983,-0.17141236940447757,1,1,C,2026-04-01,high,1
16.494777000044593,Mexico City,0,mostly_or_fully_sold,False,0,1,-2.389044,-0.14483639275593369,1,1,C,2026-04-01,high,1
47.29263726274001,Moscow,0,mostly_or_fully_sold,False,0,2,68.567819,1.4498624515072638,2,2,C,2026-04-01,high,2
6.84983500070203,New York City,1,never_sold,False,0,1,-6.8498,-0.9999948902853826,0,1,F,2026-04-01,high,1
28.295082999153887,Paris,1,mostly_or_fully_sold|never_sold|partially_sold,False,0,3,38.3586,1.3556631023541104,2,3,C,2026-04-01,high,3
10.48791956586791,Sao Paulo,0,never_sold,False,0,1,-10.720615,-1.0221869964458326,0,1,C,2026-04-01,high,1
14.359220999919092,Seoul,1,never_sold,False,0,4,-14.358862,-0.9999749986493631,0,4,C,2026-04-01,high,4
7.182538,Shanghai,1,never_sold,False,0,1,-7.2212,-1.0053827769515455,0,1,C,2026-04-01,high,1
109.55488060104,Taipei,0,mostly_or_fully_sold,False,1,2,16.963343000000002,0.15483877036728722,2,2,C,2026-04-01,high,1
4.25595,Toronto,1,never_sold,False,0,1,-4.6314,-1.088217671730166,0,1,C,2026-04-01,high,1
28.956917135479987,Ankara,1,never_sold|partially_sold,False,0,3,-29.762853,-1.0278322399014128,1,3,C,2026-04-02,high,3
44.948420055877186,Buenos Aires,1,mostly_or_fully_sold|never_sold,False,0,5,-2.087756000000004,-0.046447817240397565,1,5,C,2026-04-02,high,5
29.999,Chengdu,1,mostly_or_fully_sold,False,0,2,-28.431800000000003,-0.9477582586086204,2,2,C,2026-04-02,high,2
15.99495274809632,Hong Kong,0,mostly_or_fully_sold|never_sold,False,0,2,32.444100999999996,2.028396176654002,1,2,C,2026-04-02,high,2
10.759753334136299,Moscow,0,mostly_or_fully_sold,False,1,1,13.171769,1.224170163660849,1,1,C,2026-04-02,high,0
8.90328,Paris,1,never_sold,False,0,2,-9.0116,-1.0121663027558383,0,2,C,2026-04-02,high,2
12.16781409708508,Sao Paulo,2,never_sold|partially_sold,False,1,2,-8.7222,-0.7168255473338873,1,2,C,2026-04-02,high,1
18.0795806,Seoul,0,partially_sold,False,0,1,-4.171076,-0.23070645786993535,1,1,C,2026-04-02,high,1
52.21328661190486,Taipei,0,mostly_or_fully_sold|never_sold,False,0,8,48.688975,0.9325016324273809,3,8,C,2026-04-02,high,8
3.9999330000000004,Tel Aviv,1,never_sold,False,0,1,-3.9999,-0.99999174986181,0,1,C,2026-04-02,high,1
55.19902498041599,Tokyo,0,mostly_or_fully_sold|never_sold,False,1,4,193.856164,3.5119490619404607,2,4,C,2026-04-02,high,3
16.1050473988198,Toronto,2,never_sold,False,0,3,-16.744743,-1.0397201936348899,0,3,C,2026-04-02,high,3
15.196154869507133,Beijing,1,mostly_or_fully_sold|never_sold,False,0,2,-4.4783,-0.2946995498832559,1,2,C,2026-04-03,high,2
21.0,Buenos Aires,0,mostly_or_fully_sold,False,0,1,78.9,3.7571428571428576,1,1,C,2026-04-03,high,1
21.29797617634322,Busan,0,never_sold,False,0,1,3.724576,0.17487933919923726,0,1,C,2026-04-03,high,1
5.499084999861728,Hong Kong,1,never_sold,False,0,1,-5.499,-0.9999845429081873,0,1,C,2026-04-03,high,1
1.2244152,Kuala Lumpur,0,mostly_or_fully_sold,False,0,1,4.039901,3.2994534860397033,0,1,C,2026-04-03,high,1
18.111345789700344,Milan,1,mostly_or_fully_sold|never_sold,False,0,2,23.9767,1.3238497171002719,1,2,C,2026-04-03,high,2
76.49376589216116,Seoul,0,mostly_or_fully_sold|never_sold,False,0,3,96.36899299999999,1.259828064104706,2,3,C,2026-04-03,high,3
78.45869846436838,Taipei,0,mostly_or_fully_sold|never_sold|partially_sold,False,0,3,-14.310165000000005,-0.1823910577168049,2,3,C,2026-04-03,high,3
7.645765,Wellington,1,never_sold,False,0,1,-7.6528,-1.0009201172152165,0,1,C,2026-04-03,high,1
9.883575624999999,Amsterdam,0,mostly_or_fully_sold,False,0,1,11.235226,1.1367572249440852,1,1,C,2026-04-04,high,1
10.4435344,Beijing,0,never_sold,False,0,1,-10.941112,-1.0476445598723743,0,1,C,2026-04-04,high,1
19.836591000000002,Buenos Aires,2,mostly_or_fully_sold|never_sold,False,0,3,-15.988932,-0.8060322461656844,1,3,C,2026-04-04,high,3
37.673915,Busan,0,never_sold,False,1,2,20.188643,0.535878551512366,0,2,C,2026-04-04,high,1
68.3777134620219,Chicago,0,mostly_or_fully_sold,False,1,2,82.04581300000001,1.199891146485464,2,2,F,2026-04-04,high,1
1.0814400000000002,London,0,never_sold,False,1,1,-1.14072,-1.0548158011540167,0,1,C,2026-04-04,high,0
7.45382,Los Angeles,0,mostly_or_fully_sold,False,0,1,-0.911125,-0.12223598101376205,1,1,F,2026-04-04,high,1
3.5904000000000003,Madrid,1,never_sold,False,0,1,-3.5904,-0.9999999999999999,0,1,C,2026-04-04,high,1
35.172171067709385,Milan,1,mostly_or_fully_sold|never_sold,False,0,2,38.61464599999999,1.0978749627273094,1,2,C,2026-04-04,high,2
13.2785554,Moscow,0,never_sold,False,1,2,-13.659369,-1.0286788425795172,0,2,C,2026-04-04,high,1
33.75275915742981,Paris,0,never_sold,False,1,4,-35.294433,-1.0456754908651915,0,4,C,2026-04-04,high,3
9.0944,Sao Paulo,2,never_sold,False,0,2,-9.1508,-1.006201618578466,0,2,C,2026-04-04,high,2
13.874546268527151,Seoul,0,never_sold,False,0,2,-14.500869,-1.0451418532434167,0,2,C,2026-04-04,high,2
0.6993,Taipei,1,never_sold,False,0,1,-0.6993,-1.0,0,1,C,2026-04-04,high,1
16.435169294215527,Beijing,0,mostly_or_fully_sold,False,0,2,86.708574,5.275794392365504,2,2,C,2026-04-05,high,2
11.124513887088073,Busan,0,never_sold,False,0,1,-11.570094,-1.0400538951575313,0,1,C,2026-04-05,high,1
36.442883239871755,Hong Kong,0,mostly_or_fully_sold|never_sold,False,0,3,55.78467500000001,1.5307426317730704,2,3,C,2026-04-05,high,3
8.156826999764306,Milan,1,never_sold,False,0,1,-8.2562,-1.0121828010130123,0,1,C,2026-04-05,high,1
52.789184000000006,Moscow,0,mostly_or_fully_sold,False,0,1,38.939172,0.7376354216803199,1,1,C,2026-04-05,high,1
61.48577334680031,Munich,0,mostly_or_fully_sold|never_sold|partially_sold,False,0,3,38.206739,0.6213915336886343,2,3,C,2026-04-05,high,3
57.20003963446084,Seoul,0,mostly_or_fully_sold,False,0,1,2.141946,0.03744658244449116,1,1,C,2026-04-05,high,1
49.539826064822584,Taipei,0,mostly_or_fully_sold,False,0,5,41.40148799999999,0.8357213032162523,5,5,C,2026-04-05,high,5
16.482472725416002,Tokyo,2,never_sold,False,0,2,-17.0412,-1.0338982678079873,0,2,C,2026-04-05,high,2
17.461288,Toronto,2,never_sold,False,0,4,-17.8302,-1.021127421986282,0,4,C,2026-04-05,high,4
9.926728,Wuhan,1,never_sold,False,0,1,-10.3115,-1.0387612111463111,0,1,C,2026-04-05,high,1
4.911816999995407,Atlanta,0,mostly_or_fully_sold,False,0,1,1.827892,0.3721417145634109,1,1,F,2026-04-06,high,1
19.1947492,Beijing,0,never_sold,False,0,1,-20.006668,-1.0422990053967467,0,1,C,2026-04-06,high,1
0.094347,Buenos Aires,1,never_sold,False,1,1,-0.0943,-0.9995018389561936,0,1,C,2026-04-06,high,0
17.68162514490046,Busan,1,never_sold|partially_sold,False,0,4,-10.175063,-0.5754597168877648,1,4,C,2026-04-06,high,4
5.17848,Hong Kong,0,mostly_or_fully_sold,False,0,1,1.635986,0.31592011555514354,1,1,C,2026-04-06,high,1
17.08488385200744,Istanbul,0,mostly_or_fully_sold,False,0,1,-1.098309,-0.0642854238585269,1,1,C,2026-04-06,high,1
45.42287506794755,London,0,mostly_or_fully_sold|never_sold,False,1,4,4.121941,0.09074592909044256,3,4,C,2026-04-06,high,3
9.575025199999999,Los Angeles,0,mostly_or_fully_sold,False,0,1,5.3606,0.5598523124513552,1,1,F,2026-04-06,high,1
24.195978569713322,Munich,2,never_sold|partially_sold,False,0,2,-16.5193,-0.6827291548636764,1,2,C,2026-04-06,high,2
15.8256,Paris,0,mostly_or_fully_sold,False,0,1,0.688361,0.0434966762713578,1,1,C,2026-04-06,high,1
11.6550867231279,Sao Paulo,0,mostly_or_fully_sold,False,0,2,23.126165,1.9842121769981633,2,2,C,2026-04-06,high,2
25.04114523434296,Seoul,1,never_sold|partially_sold,False,0,4,-13.853493,-0.5532292101800709,1,4,C,2026-04-06,high,4
12.998900000279509,Toronto,0,mostly_or_fully_sold,False,0,2,-5.889221,-0.45305533544171944,2,2,C,2026-04-06,high,2
24.232151024563954,Warsaw,0,mostly_or_fully_sold|never_sold,False,1,4,175.303224,7.234323681058954,3,4,C,2026-04-06,high,3
19.990230356105382,Beijing,3,never_sold,False,0,4,-20.759719999999998,-1.038493285479304,0,4,C,2026-04-07,high,4
301.66135729977543,Busan,0,mostly_or_fully_sold|never_sold|partially_sold,False,1,4,137.768549,0.4566993606114845,3,4,C,2026-04-07,high,3
29.8596661258632,Helsinki,1,mostly_or_fully_sold|never_sold,False,1,2,2.422831000000001,0.08114059245630498,1,2,C,2026-04-07,high,1
16.9116788504354,Hong Kong,0,mostly_or_fully_sold|never_sold,False,0,2,7.593914000000001,0.4490337161176929,1,2,C,2026-04-07,high,2
99.13114550227098,London,0,mostly_or_fully_sold|never_sold|partially_sold,False,0,4,50.913938,0.513601832623165,3,4,C,2026-04-07,high,4
5.4719999999999995,Moscow,0,mostly_or_fully_sold,False,0,1,32.504,5.940058479532164,1,1,C,2026-04-07,high,1
27.729,Munich,0,partially_sold,False,0,1,-16.585126,-0.5981148256338129,1,1,C,2026-04-07,high,1
18.826607999999855,Sao Paulo,0,never_sold,False,0,1,-19.213687,-1.0205602092527846,0,1,C,2026-04-07,high,1
17.231597160650374,Seoul,0,mostly_or_fully_sold|never_sold,False,0,2,48.568020000000004,2.8185443024926715,1,2,C,2026-04-07,high,2
3.8180377982596934,Shenzhen,0,never_sold,False,0,1,-3.853574,-1.0093074515282443,0,1,C,2026-04-07,high,1
145.81451167757243,Taipei,0,mostly_or_fully_sold,False,1,2,137.22864800000002,0.9411179067241426,2,2,C,2026-04-07,high,1
17.6135988,Wellington,0,mostly_or_fully_sold,False,1,1,65.694288,3.729748176164885,1,1,C,2026-04-07,high,0
56.19816992644,Ankara,0,mostly_or_fully_sold,False,0,1,30.726711,0.5467564342436667,1,1,C,2026-04-08,high,1
27.593445852442766,Beijing,1,never_sold,False,0,4,-28.742713000000002,-1.0416500046316433,0,4,C,2026-04-08,high,4
9.703925,Busan,1,never_sold,False,0,1,-9.9119,-1.02143204940269,0,1,C,2026-04-08,high,1
24.967011347365535,Dallas,1,never_sold,False,0,3,-25.830166,-1.0345718051962811,0,3,F,2026-04-08,high,3
55.15307,Hong Kong,0,mostly_or_fully_sold,False,0,2,42.814023,0.7762763342095009,2,2,C,2026-04-08,high,2
24.177868799448458,London,1,mostly_or_fully_sold|never_sold,False,0,2,124.803158,5.161875888864406,1,2,C,2026-04-08,high,2
15.019720000000001,Los Angeles,1,mostly_or_fully_sold|never_sold,False,1,3,27.811500000000002,1.8516656768568256,2,3,F,2026-04-08,high,2
17.566501879420528,Mexico City,2,never_sold,False,1,2,-17.9879,-1.0239887328434552,0,2,C,2026-04-08,high,1
11.946990234569896,Munich,1,mostly_or_fully_sold|never_sold,False,0,2,-1.43934,-0.12047720570115775,1,2,C,2026-04-08,high,2
8.66761236,Sao Paulo,0,never_sold,False,1,2,-8.589312000000001,-0.9909663288172248,0,2,C,2026-04-08,high,1
32.104510000000005,Seoul,0,never_sold|partially_sold,False,0,2,-23.759298,-0.7400610693014781,1,2,C,2026-04-08,high,2
3.9439900000000003,Taipei,0,mostly_or_fully_sold,False,0,1,16.908389,4.287127756409118,1,1,C,2026-04-08,high,1
17.044459441858894,Atlanta,0,mostly_or_fully_sold|partially_sold,False,0,2,10.891616,0.63901211048393,2,2,F,2026-04-09,high,2
25.510392518268688,Busan,0,mostly_or_fully_sold|never_sold,False,0,3,46.882801,1.837792223950531,2,3,C,2026-04-09,high,3
4.078566338,Istanbul,1,never_sold,False,0,1,-4.2827,-1.0500503473728224,0,1,C,2026-04-09,high,1
70.36994915792623,Madrid,1,never_sold|partially_sold,False,0,3,-31.589975,-0.44891285808811493,2,3,C,2026-04-09,high,3
10.879186000534,Moscow,2,mostly_or_fully_sold|never_sold,False,0,3,10.187390999999998,0.9364111432142032,1,3,C,2026-04-09,high,3
12.23271399999999,Munich,1,mostly_or_fully_sold|never_sold,False,0,2,-8.332699999999999,-0.6811816249443914,1,2,C,2026-04-09,high,2
0.9124519200000001,San Francisco,0,never_sold,False,0,1,-0.933525,-1.0230950031865789,0,1,F,2026-04-09,high,1
1.213396411669104,Seoul,1,never_sold,False,0,1,-1.2774,-1.052747467946485,0,1,C,2026-04-09,high,1
14.34330319999959,Shanghai,1,never_sold,False,0,1,-14.73,-1.0269600938227688,0,1,C,2026-04-09,high,1
46.17846077944195,Beijing,2,mostly_or_fully_sold|never_sold,False,1,5,173.168051,3.7499745135960043,2,5,C,2026-04-10,high,4
53.06308626775117,Buenos Aires,0,mostly_or_fully_sold|never_sold,False,2,5,110.31613200000001,2.0789618501147022,2,5,C,2026-04-10,high,3
8.754798371045847,Chongqing,0,mostly_or_fully_sold,False,0,1,26.078308,2.978744557527107,1,1,C,2026-04-10,high,1
1.4921992799994401,Madrid,2,never_sold,False,0,2,-1.509,-1.0112590323730528,0,2,C,2026-04-10,high,2
106.0782094786087,Moscow,0,mostly_or_fully_sold|never_sold,False,1,6,24.186769,0.22800883535725033,2,6,C,2026-04-10,high,5
2.9993480000169144,Sao Paulo,1,never_sold,False,0,1,-2.9993,-0.9999839965162715,0,1,C,2026-04-10,high,1
31.731225823085786,Seoul,0,mostly_or_fully_sold|never_sold,False,0,4,19.012525000000004,0.5991739842010012,2,4,C,2026-04-10,high,4
0.52725,Shanghai,0,mostly_or_fully_sold,False,0,1,0.53892,1.0221337126600283,1,1,C,2026-04-10,high,1
0.9401600000000001,Shenzhen,1,never_sold,False,0,1,-0.99,-1.053012253233492,0,1,C,2026-04-10,high,1
7.40659959,Taipei,0,never_sold,False,0,1,-7.578913,-1.0232648475060875,0,1,C,2026-04-10,high,1
2.0105834579999997,Atlanta,1,never_sold,False,0,1,-2.1167,-1.0527789789465183,0,1,F,2026-04-11,high,1
10.0,Beijing,1,never_sold,False,0,1,-10.0,-1.0,0,1,C,2026-04-11,high,1
10.0204305571301,Buenos Aires,0,mostly_or_fully_sold,False,0,1,-0.351791,-0.03510737367963505,1,1,C,2026-04-11,high,1
52.20460599985947,Busan,0,mostly_or_fully_sold|never_sold,False,0,2,50.890596,0.9748296156116377,1,2,C,2026-04-11,high,2
39.53496787996274,London,1,mostly_or_fully_sold|never_sold,False,1,3,142.760594,3.6109955731709205,2,3,C,2026-04-11,high,2
7.30784503282,Milan,0,never_sold,False,1,2,-7.728314,-1.0575366561950406,0,2,C,2026-04-11,high,1
30.833907351321795,Panama City,1,mostly_or_fully_sold|never_sold|partially_sold,False,1,3,-9.793016,-0.3176054169333226,2,3,C,2026-04-11,high,2
4.790082205241528,San Francisco,0,never_sold,False,0,1,-5.050217,-1.0543069583385898,0,1,F,2026-04-11,high,1
13.0,Sao Paulo,0,never_sold,False,0,1,-13.0,-1.0,0,1,C,2026-04-11,high,1
73.63398611475799,Seoul,2,never_sold|partially_sold,False,0,4,-53.48619,-0.7263791195093281,1,4,C,2026-04-11,high,4
11.414044150510032,Shanghai,1,never_sold,False,0,1,-11.8156,-1.0351808565128098,0,1,C,2026-04-11,high,1
55.126423599577436,Tokyo,0,mostly_or_fully_sold|never_sold,False,0,2,35.128994999999996,0.6372442234810471,1,2,C,2026-04-11,high,2
6.761517399928564,Amsterdam,0,mostly_or_fully_sold|never_sold,False,0,2,8.809812,1.3029341609167608,1,2,C,2026-04-12,high,2
15.497960472650345,Beijing,1,mostly_or_fully_sold|never_sold|partially_sold,False,0,4,33.538164,2.164037265366993,2,4,C,2026-04-12,high,4
59.99585746466253,Buenos Aires,0,mostly_or_fully_sold|never_sold|partially_sold,False,2,4,71.59079299999999,1.1932622688519263,3,4,C,2026-04-12,high,2
26.8543218,Cape Town,0,mostly_or_fully_sold|never_sold,False,1,2,10.67265,0.39742764980197715,1,2,C,2026-04-12,high,1
10.233149999550067,Chongqing,0,mostly_or_fully_sold,False,1,2,90.85195,8.878199772698983,2,2,C,2026-04-12,high,1
2.5515,Helsinki,1,never_sold,False,0,1,-2.6257,-1.0290809327846366,0,1,C,2026-04-12,high,1
49.88035654841214,London,0,mostly_or_fully_sold|never_sold,False,2,4,-18.084892,-0.362565411545273,3,4,C,2026-04-12,high,2
2.813825973942846,Madrid,1,never_sold,False,0,1,-2.963,-1.0530146595555536,0,1,C,2026-04-12,high,1
24.63849582541376,Milan,0,never_sold,False,1,3,-25.272298,-1.025724061203951,0,3,C,2026-04-12,high,2
29.212051810946345,Moscow,0,mostly_or_fully_sold|never_sold,False,1,4,-21.015437,-0.7194098222201937,2,4,C,2026-04-12,high,3
15.459672515607679,Munich,0,mostly_or_fully_sold|never_sold,False,0,3,73.95662,4.783841308755754,2,3,C,2026-04-12,high,3
16.760813995308204,New York City,0,mostly_or_fully_sold|never_sold,False,0,3,88.169815,5.260473329319272,2,3,F,2026-04-12,high,3
15.65,Paris,0,never_sold,False,1,1,34.35,2.194888178913738,0,1,C,2026-04-12,high,0
5.22,Sao Paulo,0,mostly_or_fully_sold,False,0,1,21.17,4.055555555555556,1,1,C,2026-04-12,high,1
314.9782009039852,Seoul,0,mostly_or_fully_sold|never_sold|transform_affected,True,2,10,106.28960599999998,0.33745067339564944,8,10,C,2026-04-12,high,8
18.35600399844209,Shanghai,0,mostly_or_fully_sold,False,0,2,-5.9511330000000005,-0.32420634689909006,2,2,C,2026-04-12,high,2
9.766401541373934,Taipei,0,mostly_or_fully_sold|never_sold,False,0,2,6.418923,0.6572454524634452,1,2,C,2026-04-12,high,2
20.497428000677928,Tokyo,0,mostly_or_fully_sold,False,0,1,-2.4408109999999996,-0.1190788912598826,1,1,C,2026-04-12,high,1
80.6163436,Warsaw,0,mostly_or_fully_sold|never_sold,False,2,3,54.352869,0.6742164996925016,2,3,C,2026-04-12,high,1
18.498632001488367,Wellington,1,transform_affected,True,1,2,-0.00140000000000029,-7.568127199285052e-05,1,2,C,2026-04-12,high,1
21.48464,Ankara,0,mostly_or_fully_sold,False,0,1,32.1436,1.496120018766896,1,1,C,2026-04-13,high,1
3.8283282800000005,Beijing,0,never_sold,False,1,1,-4.027392,-1.0519975575344336,0,1,C,2026-04-13,high,0
33.31093158433708,Buenos Aires,1,mostly_or_fully_sold|partially_sold,False,0,2,-4.5768939999999985,-0.1373991594444651,2,2,C,2026-04-13,high,2
0.6214000000000001,Busan,1,never_sold,False,0,1,-0.6214,-0.9999999999999998,0,1,C,2026-04-13,high,1
12.5,Cape Town,1,never_sold,False,0,1,-12.5,-1.0,0,1,C,2026-04-13,high,1
26.053256964987,Chongqing,0,never_sold,False,1,1,36.286379,1.392777073851661,0,1,C,2026-04-13,high,0
14.564612799294874,Istanbul,0,mostly_or_fully_sold,False,0,1,-4.061604,-0.2788679696446607,1,1,C,2026-04-13,high,1
52.5811676998384,London,0,mostly_or_fully_sold|partially_sold,False,0,2,110.67859,2.104909320991366,2,2,C,2026-04-13,high,2
0.9795,Lucknow,1,never_sold,False,0,1,-0.9795,-1.0,0,1,C,2026-04-13,high,1
1.4384909999999551,Madrid,1,never_sold,False,0,1,-1.4384,-0.9999367392636066,0,1,C,2026-04-13,high,1
67.85787246746506,Milan,0,mostly_or_fully_sold|never_sold,False,0,2,33.00560099999999,0.4863931007537079,1,2,C,2026-04-13,high,2
4.999631,Moscow,0,mostly_or_fully_sold,False,0,1,0.667148,0.13343944783124995,1,1,C,2026-04-13,high,1
262.850648533585,Seoul,0,mostly_or_fully_sold|never_sold|partially_sold,False,0,4,63.226205,0.2405404184951876,3,4,C,2026-04-13,high,4
5.9159999999999995,Taipei,0,mostly_or_fully_sold,False,0,1,87.729622,14.829212643678163,1,1,C,2026-04-13,high,1
10.766764245545712,Ankara,0,mostly_or_fully_sold,False,0,1,13.6963,1.2720906381567942,1,1,C,2026-04-14,high,1
17.74658791943948,Busan,0,never_sold,False,0,1,-18.244127,-1.0280357600468943,0,1,C,2026-04-14,high,1
46.77880274190221,Cape Town,0,mostly_or_fully_sold|never_sold,False,0,2,-15.697979,-0.3355788964205042,1,2,C,2026-04-14,high,2
42.66532297662122,Dallas,0,mostly_or_fully_sold,False,0,1,-9.153855,-0.2145502333362371,1,1,F,2026-04-14,high,1
2.76643139705408,Helsinki,1,never_sold,False,0,1,-2.8507,-1.03046112151404,0,1,C,2026-04-14,high,1
23.850870486315046,Istanbul,1,mostly_or_fully_sold|never_sold,False,0,2,83.23004,3.489601775656576,1,2,C,2026-04-14,high,2
28.64745512112,London,1,mostly_or_fully_sold|never_sold,False,0,3,22.370044999999998,0.7808737252722998,2,3,C,2026-04-14,high,3
64.61982988463421,Lucknow,0,mostly_or_fully_sold,False,1,2,-33.733359,-0.5220279759359343,2,2,C,2026-04-14,high,1
22.858368000000002,Milan,0,mostly_or_fully_sold,False,0,1,0.0,0.0,1,1,C,2026-04-14,high,1
59.819674837237024,Moscow,0,mostly_or_fully_sold|never_sold,False,1,6,-51.618905,-0.8629084852174398,2,6,C,2026-04-14,high,5
2.3170048000000003,Panama City,0,mostly_or_fully_sold,False,0,1,1.10374,0.47636500364608647,1,1,C,2026-04-14,high,1
89.84712425747362,Seoul,0,mostly_or_fully_sold,False,1,3,85.319026,0.9496021904440979,3,3,C,2026-04-14,high,2
31.3407872,Shanghai,0,mostly_or_fully_sold,False,0,1,-19.702665,-0.6286589061808887,1,1,C,2026-04-14,high,1
18.747592639727614,Taipei,0,mostly_or_fully_sold,False,0,1,27.732055000000003,1.47923285580857,1,1,C,2026-04-14,high,1
44.16263253885882,Tel Aviv,2,never_sold,False,0,3,-46.053838,-1.0428236577490506,0,3,C,2026-04-14,high,3
10.5,Warsaw,1,never_sold,False,0,1,-10.5,-1.0,0,1,C,2026-04-14,high,1
3.988359000296604,Busan,2,never_sold,False,0,2,-4.0078000000000005,-1.0048744357521353,0,2,C,2026-04-15,high,2
40.995182089426564,Chicago,0,mostly_or_fully_sold,False,1,2,1.8304109999999998,0.044649417485380496,2,2,F,2026-04-15,high,1
20.649755000607744,London,0,mostly_or_fully_sold|never_sold,False,0,2,-4.149754,-0.20095899442283302,1,2,C,2026-04-15,high,2
2.7309160459609703,London,1,never_sold,False,0,2,31.364161000000003,11.484849944906822,0,2,C,2026-04-15,low,2
8.371669705330445,Moscow,0,mostly_or_fully_sold,False,0,2,8.324851,0.9944074829779017,2,2,C,2026-04-15,high,2
14.24889,New York City,0,mostly_or_fully_sold,False,0,2,-4.7546610000000005,-0.3336864134679965,2,2,F,2026-04-15,high,2
2.0643542320144377,New York City,1,never_sold,False,0,1,-2.1672,-1.049819825682341,0,1,F,2026-04-15,low,1
30.30211169764,Sao Paulo,0,mostly_or_fully_sold|never_sold,False,1,2,64.85964799999999,2.1404332690467713,1,2,C,2026-04-15,high,1
22.66853004396962,Seoul,1,never_sold,False,0,3,-23.799267,-1.0498813533050937,0,3,C,2026-04-15,high,3
48.64855573486738,Seoul,2,mostly_or_fully_sold|never_sold,False,0,6,-8.322004,-0.1710637422692377,2,6,C,2026-04-15,low,6
5.999859,Tel Aviv,1,never_sold,False,0,1,-5.9998,-0.9999901664355778,0,1,C,2026-04-15,high,1
42.87541149431844,Tokyo,0,mostly_or_fully_sold|never_sold,False,1,3,-27.485968,-0.6410659872883612,1,3,C,2026-04-15,high,2
17.983242725000004,Tokyo,2,mostly_or_fully_sold|never_sold,False,0,3,71.6735,3.985571517664092,1,3,C,2026-04-15,low,3
73.38440688793393,Ankara,0,partially_sold,False,1,2,-50.602785,-0.6895577295770207,2,2,C,2026-04-16,high,1
112.78910380462308,Buenos Aires,0,mostly_or_fully_sold|partially_sold,False,1,3,-36.447394,-0.32314641016330226,3,3,C,2026-04-16,high,2
18.962936,Chongqing,0,never_sold,False,1,2,-19.929972,-1.050996111572596,0,2,C,2026-04-16,high,1
6.21248,Helsinki,0,mostly_or_fully_sold,False,0,1,-0.282064,-0.04540280210157618,1,1,C,2026-04-16,high,1
19.30314709060588,Istanbul,0,mostly_or_fully_sold,False,1,2,-7.987245,-0.4137794196204977,2,2,C,2026-04-16,high,1
1.1901258,Karachi,1,never_sold,False,0,1,-1.2091,-1.0159430204773312,0,1,C,2026-04-16,high,1
23.68344992,Lagos,0,never_sold,False,0,2,-24.511089,-1.0349458834247405,0,2,C,2026-04-16,high,2
108.84080642268853,London,1,mostly_or_fully_sold|never_sold|partially_sold,False,2,5,70.648801,0.649102145803955,3,5,C,2026-04-16,high,3
59.76183276237775,Madrid,0,mostly_or_fully_sold,False,1,2,93.188962,1.5593390913985798,2,2,C,2026-04-16,high,1
8.135037396567318,Moscow,1,mostly_or_fully_sold|never_sold,False,0,3,-5.988654000000001,-0.7361556816600486,1,3,C,2026-04-16,high,3
16.96491433987797,New York City,0,never_sold,False,0,1,-17.678727,-1.042075818705676,0,1,F,2026-04-16,high,1
91.13808702406341,Paris,0,mostly_or_fully_sold|never_sold|partially_sold,False,2,7,29.140816,0.3197435556476611,3,7,C,2026-04-16,high,5
80.24810677566173,Sao Paulo,0,mostly_or_fully_sold|transform_affected,True,1,3,-32.112625,-0.40016676143865576,2,3,C,2026-04-16,high,2
30.414786717434723,Seoul,0,mostly_or_fully_sold,False,0,1,36.683358,1.2061027532694133,1,1,C,2026-04-16,high,1
58.511367919597426,Wuhan,1,mostly_or_fully_sold|never_sold,False,1,3,202.565381,3.461983341055235,2,3,C,2026-04-16,high,2
10.845770801683578,Amsterdam,0,mostly_or_fully_sold,False,0,1,-11.263117,-1.0384800864731198,1,1,C,2026-04-17,high,1
39.953180717315966,Ankara,0,mostly_or_fully_sold,False,0,1,-25.116551,-0.628649598081044,1,1,C,2026-04-17,high,1
89.89329399989853,Beijing,0,never_sold|partially_sold,False,1,3,-81.941662,-0.9115436575290309,2,3,C,2026-04-17,high,2
38.374497855408,Buenos Aires,0,never_sold|partially_sold,False,0,2,-30.114067,-0.7847416561245274,1,2,C,2026-04-17,high,2
21.2625,Chongqing,0,mostly_or_fully_sold,False,1,1,0.0,0.0,1,1,C,2026-04-17,high,0
38.1954180029031,London,0,mostly_or_fully_sold,False,0,2,-30.983501999999998,-0.8111837393072922,2,2,C,2026-04-17,high,2
0.27045,Los Angeles,1,never_sold,False,0,1,-0.2852,-1.0545387317433905,0,1,F,2026-04-17,high,1
34.407855444267355,Madrid,0,mostly_or_fully_sold,False,1,2,-29.4699,-0.8564875555157547,2,2,C,2026-04-17,high,1
6.3215809,Miami,1,never_sold,False,0,1,-6.6457,-1.0512718424595342,0,1,F,2026-04-17,high,1
23.1902632,Munich,0,mostly_or_fully_sold,False,1,2,-13.964744999999999,-0.6021813930943224,2,2,C,2026-04-17,high,1
193.64631856994123,New York City,0,mostly_or_fully_sold,False,1,2,-168.500252,-0.8701443603181179,2,2,F,2026-04-17,high,1
9.800957799999999,Sao Paulo,0,never_sold,False,1,2,-10.269103,-1.047765250045256,0,2,C,2026-04-17,high,1
181.58240468575875,Tel Aviv,2,mostly_or_fully_sold|partially_sold,False,1,5,-5.9633670000000025,-0.03284110599989042,5,5,C,2026-04-17,high,4
91.14239297993913,Tokyo,1,mostly_or_fully_sold|never_sold,False,1,4,-22.829074000000002,-0.2504770091457308,3,4,C,2026-04-17,high,3
44.730823620947874,Wellington,1,mostly_or_fully_sold|never_sold,False,0,2,35.182179000000005,0.7865309903107586,1,2,C,2026-04-17,high,2
17.467531999999984,Wuhan,0,mostly_or_fully_sold,False,1,2,-7.226100000000001,-0.4136875203663578,2,2,C,2026-04-17,high,1
3.128310033063844,Amsterdam,0,never_sold,False,0,2,-3.205362,-1.0246305404904807,0,2,C,2026-04-18,high,2
13.194203220000002,Ankara,0,mostly_or_fully_sold,False,0,1,-3.692104,-0.27982773483460105,1,1,C,2026-04-18,high,1
12.991077000404106,Beijing,0,never_sold,False,0,1,-12.990847,-0.9999822955091331,0,1,C,2026-04-18,high,1
152.37465660600617,Buenos Aires,0,mostly_or_fully_sold|never_sold,False,1,4,209.839471,1.377128425907335,2,4,C,2026-04-18,high,3
15.99878,Busan,1,never_sold,False,0,1,-15.9987,-0.9999949996187208,0,1,C,2026-04-18,high,1
4.300000000000001,Chengdu,0,mostly_or_fully_sold,False,0,1,-3.984,-0.9265116279069766,1,1,C,2026-04-18,high,1
88.68862375544458,Chongqing,0,never_sold|transform_affected,True,2,3,71.37254899999999,0.8047542737477471,1,3,C,2026-04-18,high,1
45.84084000002292,London,1,mostly_or_fully_sold,False,1,3,6.872577000000001,0.14992257995264843,3,3,C,2026-04-18,high,2
18.398322,Madrid,0,mostly_or_fully_sold,False,0,2,39.922547,2.169901526889246,2,2,C,2026-04-18,high,2
13.42983328,Milan,0,never_sold,False,1,3,-13.447716,-1.0013315667906786,0,3,C,2026-04-18,high,2
140.62631978371775,Munich,0,mostly_or_fully_sold|partially_sold,False,1,3,9.13592,0.06496593250858715,3,3,C,2026-04-18,high,2
158.94810946980724,New York City,0,mostly_or_fully_sold|never_sold|partially_sold,False,2,8,-74.135332,-0.46641216587783496,3,8,F,2026-04-18,high,6
36.95608132181478,Paris,0,mostly_or_fully_sold|never_sold,False,1,2,9.035762,0.24450000316094897,1,2,C,2026-04-18,high,1
27.939368710343608,Sao Paulo,1,mostly_or_fully_sold|never_sold,False,0,3,123.96391599999998,4.43689037090185,1,3,C,2026-04-18,high,3
66.0,Seoul,0,mostly_or_fully_sold,False,0,1,33.9,0.5136363636363637,1,1,C,2026-04-18,high,1
12.999774999999941,Taipei,1,never_sold,False,0,1,-12.9997,-0.9999942306693815,0,1,C,2026-04-18,high,1
7.182821000000001,Toronto,2,mostly_or_fully_sold|never_sold,False,0,3,24.640458,3.4304708414702243,1,3,C,2026-04-18,high,3
3.6986982070332397,Wuhan,2,never_sold,False,1,3,-3.7130289999999997,-1.003874550494417,0,3,C,2026-04-18,high,2
2.8213360000000005,Ankara,1,never_sold,False,0,1,-2.8213,-0.9999872400876746,0,1,C,2026-04-19,high,1
0.7106744,Beijing,0,never_sold,False,1,2,-0.732298,-1.030426873403629,0,2,C,2026-04-19,high,1
89.31241818705102,Buenos Aires,0,mostly_or_fully_sold|never_sold,False,0,3,85.491934,0.957223370897319,1,3,C,2026-04-19,high,3
4.426420285563784,Busan,0,mostly_or_fully_sold,False,1,3,1.4011200000000001,0.31653569015341304,3,3,C,2026-04-19,high,2
21.094136634045967,Chongqing,1,never_sold,False,1,3,-22.011244,-1.0434768856324663,0,3,C,2026-04-19,high,2
6.844508560011603,Dallas,1,never_sold,False,0,2,-7.054762,-1.0307185589944008,0,2,F,2026-04-19,high,2
5.8216391681481845,Istanbul,0,mostly_or_fully_sold,False,0,1,-4.879969,-0.8382465589244478,1,1,C,2026-04-19,high,1
17.923687,London,2,mostly_or_fully_sold|never_sold|partially_sold,False,2,3,-6.976579,-0.3892379397163095,2,3,C,2026-04-19,high,1
9.429554999923027,Madrid,2,never_sold,False,1,2,-9.4643,-1.0036846913854636,0,2,C,2026-04-19,high,1
5.956175757110934,Milan,0,mostly_or_fully_sold|never_sold,False,1,2,23.766025,3.990148371902276,1,2,C,2026-04-19,high,1
16.830985399148926,Moscow,2,mostly_or_fully_sold|never_sold,False,1,3,65.86034,3.9130412413838993,1,3,C,2026-04-19,high,2
25.668460854934132,Munich,1,mostly_or_fully_sold|never_sold,False,0,3,12.815579000000001,0.49927337180158665,1,3,C,2026-04-19,high,3
34.93474499999998,Paris,1,mostly_or_fully_sold|never_sold,False,0,2,30.362628000000004,0.869124076903954,1,2,C,2026-04-19,high,2
16.263118050442202,Sao Paulo,0,never_sold,False,0,2,-16.716575999999996,-1.0278825959543143,0,2,C,2026-04-19,high,2
50.8840505,Seoul,2,never_sold,False,0,5,-51.895522,-1.0198779674585852,0,5,C,2026-04-19,high,5
9.981436,Taipei,1,never_sold,False,1,1,-10.4071,-1.0426455672310075,0,1,C,2026-04-19,high,0
3.7968,Tokyo,1,never_sold,False,1,1,-3.9984,-1.0530973451327434,0,1,C,2026-04-19,high,0
3.3842976,Warsaw,0,mostly_or_fully_sold,False,0,1,2.616271,0.7730617425607015,1,1,C,2026-04-19,high,1
16.170019,Wuhan,2,never_sold,False,1,2,-16.7654,-1.0368200556845357,0,2,C,2026-04-19,high,1
81.60926548910584,Ankara,0,mostly_or_fully_sold|never_sold|partially_sold,False,2,3,66.467931,0.8144654972893111,2,3,C,2026-04-20,high,1
34.387277762926985,Beijing,0,mostly_or_fully_sold|never_sold|partially_sold,False,2,5,32.981159,0.9591093318691564,3,5,C,2026-04-20,high,3
56.37672734887167,Buenos Aires,0,mostly_or_fully_sold|partially_sold,False,0,4,180.952091,3.2096948423456437,4,4,C,2026-04-20,high,4
1.2,Chongqing,0,never_sold,False,1,1,-1.2,-1.0,0,1,C,2026-04-20,high,0
36.99533695800691,Dallas,1,mostly_or_fully_sold|never_sold,False,1,3,9.451216999999998,0.25547049377406655,2,3,F,2026-04-20,high,2
4.74498,Houston,1,never_sold,False,0,1,-4.9824,-1.0500360380865674,0,1,F,2026-04-20,high,1
56.99668499989502,Istanbul,0,never_sold,False,0,1,42.997463,0.7543853296043305,0,1,C,2026-04-20,high,1
10.081148,London,1,never_sold,False,0,1,-10.5075,-1.0422920088069334,0,1,C,2026-04-20,high,1
3.6,Madrid,1,partially_sold,False,1,1,-2.1,-0.5833333333333334,1,1,C,2026-04-20,high,0
8.503899804515807,Moscow,0,never_sold,False,0,1,-8.59717,-1.010967932081545,0,1,C,2026-04-20,high,1
23.38638919219452,Munich,1,never_sold,False,1,3,-24.559982,-1.050182728003055,0,3,C,2026-04-20,high,2
18.3854879349729,Paris,0,mostly_or_fully_sold,False,0,1,-8.931089,-0.4857683968784571,1,1,C,2026-04-20,high,1
1.517833,San Francisco,1,never_sold,False,0,1,-1.5178,-0.9999782584777114,0,1,F,2026-04-20,high,1
16.241907652129882,Sao Paulo,1,never_sold,False,0,2,-17.038503000000002,-1.0490456764643443,0,2,C,2026-04-20,high,2
20.681928637903194,Seoul,0,never_sold,False,0,2,-20.914892,-1.0112641024043503,0,2,C,2026-04-20,high,2
6.0915904,Tel Aviv,0,never_sold,False,0,1,-6.400192,-1.0506602676371675,0,1,C,2026-04-20,high,1
20.141550000000002,Tokyo,0,mostly_or_fully_sold,False,0,1,29.577457,1.4684796850292057,1,1,C,2026-04-20,high,1
11.1690308,Warsaw,1,mostly_or_fully_sold|never_sold,False,1,3,6.0495,0.5416315979717775,2,3,C,2026-04-20,high,2
4.2501664,Wuhan,0,mostly_or_fully_sold,False,1,1,-1.9399549999999999,-0.45644212894817476,1,1,C,2026-04-20,high,0
53.0163342,Ankara,0,mostly_or_fully_sold|never_sold|partially_sold,False,1,3,-9.851113,-0.18581279050410088,2,3,C,2026-04-21,high,2
2.4999610000000003,Atlanta,1,never_sold,False,0,1,-2.4999,-0.9999755996193539,0,1,F,2026-04-21,high,1
106.23432636454343,Buenos Aires,1,mostly_or_fully_sold|never_sold,False,1,6,123.919013,1.1664686663966928,3,6,C,2026-04-21,high,5
6.606892000306903,Busan,1,never_sold,False,0,2,-6.606821,-0.9999892535995897,0,2,C,2026-04-21,high,2
26.768283224176784,Chengdu,0,mostly_or_fully_sold|never_sold,False,0,3,20.456393,0.7642026509015728,1,3,C,2026-04-21,high,3
6.41477173623962,Dallas,0,mostly_or_fully_sold,False,1,1,-2.819227,-0.4394898393769891,1,1,F,2026-04-21,high,0
3.3027498,Helsinki,0,mostly_or_fully_sold,False,0,1,0.014979,0.00453531175749371,1,1,C,2026-04-21,high,1
3.5,Houston,0,never_sold,False,0,1,-3.5,-1.0,0,1,F,2026-04-21,high,1
3.49137726,London,1,never_sold,False,0,2,-3.549435,-1.016628893321027,0,2,C,2026-04-21,high,2
193.90428735350054,Madrid,1,mostly_or_fully_sold|never_sold|partially_sold,False,1,4,-120.690612,-0.6224236382147287,3,4,C,2026-04-21,high,3
12.60365,Moscow,0,partially_sold,False,0,2,-9.19055,-0.729197494376629,2,2,C,2026-04-21,high,2
12.525758423320616,Munich,1,never_sold,False,0,3,-13.022348000000001,-1.0396454697509436,0,3,C,2026-04-21,high,3
1.2279115600000001,Panama City,1,never_sold,False,1,2,-1.2951190000000001,-1.0547331275226368,0,2,C,2026-04-21,high,1
14.03315099912,Paris,0,mostly_or_fully_sold,False,0,1,6.975502,0.49707310927085613,1,1,C,2026-04-21,high,1
17.772052944416235,Sao Paulo,1,never_sold,False,0,1,-18.4532,-1.0383268639652445,0,1,C,2026-04-21,high,1
4.1000000000000005,Seattle,0,never_sold,False,0,1,-4.1,-0.9999999999999998,0,1,F,2026-04-21,high,1
26.649225717204477,Seoul,1,mostly_or_fully_sold|never_sold,False,0,5,-14.483258,-0.5434776287196124,3,5,C,2026-04-21,high,5
16.00625386830368,Shanghai,1,mostly_or_fully_sold|never_sold,False,1,2,-6.928284,-0.4328485638803784,1,2,C,2026-04-21,high,1
11.2756432,Tel Aviv,3,never_sold,False,1,3,-11.7648,-1.0433817203439002,0,3,C,2026-04-21,high,2
7.605016300021143,Warsaw,2,never_sold,False,1,3,-7.82572,-1.0290208056461685,0,3,C,2026-04-21,high,2
19.185802107058656,Wuhan,1,mostly_or_fully_sold|never_sold,False,1,2,-5.763243,-0.3003910374891047,1,2,C,2026-04-21,high,1
17.76263791184085,Buenos Aires,0,mostly_or_fully_sold|never_sold,False,0,3,-5.53259,-0.31147344372267416,2,3,C,2026-04-22,high,3
25.157788119886508,Busan,0,mostly_or_fully_sold|never_sold,False,0,4,86.722649,3.447149192398526,1,4,C,2026-04-22,high,4
2.0500000000000003,Chengdu,1,never_sold,False,0,1,-2.05,-0.9999999999999998,0,1,C,2026-04-22,high,1
19.25093274012,Hong Kong,0,mostly_or_fully_sold,False,0,1,-1.416492,-0.07358043473124568,1,1,C,2026-04-22,high,1
4.0,Moscow,1,never_sold,False,0,1,-4.0,-1.0,0,1,C,2026-04-22,high,1
7.5,Munich,1,never_sold,False,0,1,-7.5,-1.0,0,1,C,2026-04-22,high,1
0.77,New York City,1,never_sold,False,1,1,-0.77,-1.0,0,1,F,2026-04-22,low,0
8.26963000041998,Paris,1,never_sold,False,0,1,-8.2696,-0.9999963722173812,0,1,C,2026-04-22,high,1
156.1089270827083,Seoul,0,mostly_or_fully_sold|never_sold,False,0,6,-18.680099,-0.11966067123184485,2,6,C,2026-04-22,high,6
158.78553819764667,Shenzhen,0,mostly_or_fully_sold|never_sold|partially_sold,False,0,4,23.695589999999996,0.14923015199599068,2,4,C,2026-04-22,high,4
3.0534079992128547,Taipei,1,never_sold,False,0,1,-3.0534,-0.9999973802345259,0,1,C,2026-04-22,high,1
4.71209,Tokyo,0,never_sold,False,0,1,-4.954989,-1.0515480391927998,0,1,C,2026-04-22,high,1
21.966584778732745,Ankara,1,never_sold|partially_sold,False,0,3,-8.325970000000002,-0.3790288788114621,1,3,C,2026-04-23,high,3
13.48734762817234,Beijing,1,never_sold,False,0,2,-13.843284,-1.0263903905823692,0,2,C,2026-04-23,high,2
184.3992396645682,Buenos Aires,0,mostly_or_fully_sold|never_sold|partially_sold,False,1,4,250.002807,1.355769185679768,3,4,C,2026-04-23,high,3
41.443290372244036,Busan,1,mostly_or_fully_sold|never_sold|partially_sold,False,1,7,20.103343000000006,0.4850807650510272,2,7,C,2026-04-23,high,6
4.0014,Hong Kong,1,never_sold,False,0,1,-4.0014,-1.0,0,1,C,2026-04-23,high,1
0.2773850000433889,Lagos,0,mostly_or_fully_sold,False,0,1,-0.125655,-0.45299853986461014,1,1,C,2026-04-23,high,1
7.5992249991698015,London,0,mostly_or_fully_sold,False,0,1,0.864127,0.11371251674932693,1,1,C,2026-04-23,high,1
50.5915832,Moscow,1,never_sold,False,1,3,-14.005796,-0.27684043696817934,0,3,C,2026-04-23,high,2
18.415526999999997,Munich,1,never_sold,False,1,2,-18.415495,-0.9999982623359083,0,2,C,2026-04-23,high,1
15.391689069243169,Sao Paulo,0,mostly_or_fully_sold,False,0,2,-1.901239,-0.12352374008121036,2,2,C,2026-04-23,high,2
59.5077,Seoul,0,mostly_or_fully_sold|never_sold,False,1,2,-0.7251029999999999,-0.012185028156020144,1,2,C,2026-04-23,high,1
13.59728608,Wuhan,1,never_sold,False,1,3,-14.243604999999999,-1.0475329353370493,0,3,C,2026-04-23,high,2
12.661299999999999,Ankara,0,mostly_or_fully_sold,False,0,1,97.96554,7.737399793070223,1,1,C,2026-04-24,high,1
67.75752621905279,Buenos Aires,0,mostly_or_fully_sold,False,0,2,-3.276678999999999,-0.04835889358485208,2,2,C,2026-04-24,high,2
26.9404648950355,Istanbul,0,mostly_or_fully_sold|never_sold,False,0,2,25.477786000000002,0.9457069912960174,1,2,C,2026-04-24,high,2
16.72836548441674,London,0,mostly_or_fully_sold,False,0,2,-4.867851,-0.2909938215143991,2,2,C,2026-04-24,high,2
3.18094672,Lucknow,0,never_sold,False,1,1,-3.357273,-1.055432013020325,0,1,C,2026-04-24,high,0
13.944802323900696,New York City,0,mostly_or_fully_sold,False,0,1,-1.575684,-0.112994359002089,1,1,F,2026-04-24,high,1
0.70257,Sao Paulo,1,never_sold,False,0,1,-0.7025,-0.9999003657998491,0,1,C,2026-04-24,high,1
110.00000000000001,Seoul,0,never_sold,False,0,1,89.999995,0.8181817727272727,0,1,C,2026-04-24,high,1
21.3745,Beijing,1,never_sold,False,0,2,-22.4372,-1.0497181220613347,0,2,C,2026-04-25,high,2
56.085709004406354,Buenos Aires,0,mostly_or_fully_sold|partially_sold,False,1,4,-20.268016,-0.3613757650528702,4,4,C,2026-04-25,high,3
24.094526566600766,Busan,0,mostly_or_fully_sold,False,1,1,3.908212,0.16220331157772014,1,1,C,2026-04-25,high,0
24.721861944830085,Hong Kong,0,mostly_or_fully_sold,False,1,2,-22.637715,-0.9156961983898657,1,2,C,2026-04-25,high,1
36.7162584,Hong Kong,0,mostly_or_fully_sold,False,1,2,19.8746,0.5413024329298216,0,2,C,2026-04-25,low,1
56.47723979080132,Istanbul,1,mostly_or_fully_sold|never_sold|partially_sold,False,1,4,-27.769278,-0.49168971612034934,3,4,C,2026-04-25,high,3
22.07856897236826,London,0,mostly_or_fully_sold|never_sold,False,1,2,-10.657745,-0.48271901196759476,1,2,C,2026-04-25,high,1
7.234,Sao Paulo,0,never_sold,False,1,1,-7.616,-1.0528061929776058,0,1,C,2026-04-25,high,0
117.34809393034394,Seoul,0,mostly_or_fully_sold,False,1,2,138.165207,1.177396260752329,2,2,C,2026-04-25,high,1
15.673684312203001,Seoul,0,mostly_or_fully_sold,False,0,1,-0.806431,-0.05145127233244962,1,1,C,2026-04-25,low,1
40.77732791083941,Shenzhen,1,never_sold,False,1,3,75.10176299999999,1.8417529261410106,0,3,C,2026-04-25,high,2
24.210707503925747,Tokyo,0,never_sold|partially_sold,False,0,2,-20.498269,-0.8466612963159471,1,2,C,2026-04-25,high,2
11.963582711948032,Wellington,0,mostly_or_fully_sold,False,0,1,15.045401000000002,1.257599948297608,1,1,C,2026-04-25,high,1
4.861895230046,Hong Kong,0,never_sold,False,0,1,-5.117095,-1.052489771555934,0,1,C,2026-04-26,high,1
1.09433499927835,Hong Kong,0,mostly_or_fully_sold,False,0,1,-0.766359,-0.7002965275764451,1,1,C,2026-04-26,low,1
7.602153124999999,London,0,mostly_or_fully_sold,False,0,1,-1.447358,-0.19038790408473916,1,1,C,2026-04-26,high,1
5.6463104,Sao Paulo,2,never_sold|partially_sold,False,1,2,-4.2523,-0.7531112706804075,1,2,C,2026-04-26,high,1
16.0624308431126,Seoul,0,never_sold,False,0,1,141.360075,8.800665128504736,0,1,C,2026-04-26,low,1
225.2070273477134,Shenzhen,1,mostly_or_fully_sold,False,1,4,-24.909442000000002,-0.11060685935674874,4,4,C,2026-04-26,high,3
3.5999319980366105,Taipei,0,never_sold,False,0,1,-3.599931,-0.9999997227623714,0,1,C,2026-04-26,high,1
0.28332799999999997,Tel Aviv,0,never_sold,False,0,1,0.0,0.0,0,1,C,2026-04-26,high,1
11.9046796,Tokyo,1,never_sold,False,0,1,-12.4082,-1.0422960060176674,0,1,C,2026-04-26,high,1
66.20344728,Warsaw,1,partially_sold,False,0,2,-16.669831,-0.25179702394494397,2,2,C,2026-04-26,high,2
43.99847599999959,Ankara,0,mostly_or_fully_sold,False,0,1,-21.271936,-0.4834698365461612,1,1,C,2026-04-27,high,1
13.448915485284816,Beijing,2,mostly_or_fully_sold|never_sold,False,0,4,245.625804,18.26361421251791,2,4,C,2026-04-27,high,4
10.199597002439244,Busan,2,never_sold,False,0,2,-10.1995,-0.9999904895811844,0,2,C,2026-04-27,high,2
42.30460380074638,London,2,never_sold,False,0,2,-43.2552,-1.0224702777912993,0,2,C,2026-04-27,high,2
54.456889001384916,Milan,0,mostly_or_fully_sold,False,0,1,0.981166,0.018017298049748078,1,1,C,2026-04-27,high,1
8.987756637526239,Moscow,0,mostly_or_fully_sold,False,0,1,40.385473999999995,4.493387574756982,1,1,C,2026-04-27,high,1
9.77816,Munich,0,mostly_or_fully_sold,False,0,1,30.088799999999996,3.077143348032758,1,1,C,2026-04-27,high,1
14.193941763959636,Sao Paulo,2,never_sold,False,0,2,-14.6677,-1.0333774961119893,0,2,C,2026-04-27,high,2
19.111804730232897,Seoul,0,mostly_or_fully_sold,False,0,1,8.451236,0.4421997879996659,1,1,C,2026-04-27,low,1
51.04279199084979,Shenzhen,0,mostly_or_fully_sold,False,0,2,40.394174,0.791378614383815,2,2,C,2026-04-27,high,2
27.85536493029595,Taipei,0,mostly_or_fully_sold,False,0,2,-0.559376,-0.02008144576097847,2,2,C,2026-04-27,high,2
27.071182956073883,Tokyo,0,mostly_or_fully_sold,False,0,1,-11.280356,-0.4166923927300731,1,1,C,2026-04-27,high,1
20.07154195909949,Beijing,2,never_sold|partially_sold,False,1,2,-11.0711,-0.5515819373797978,1,2,C,2026-04-28,high,1
134.9468502093349,Buenos Aires,1,mostly_or_fully_sold|partially_sold,False,0,2,-14.532229999999998,-0.10768854536031798,2,2,C,2026-04-28,high,2
21.447294327333783,Busan,2,never_sold,False,0,2,-21.6618,-1.0100015260383142,0,2,C,2026-04-28,high,2
20.98956052546223,Istanbul,1,never_sold,False,0,1,-21.6109,-1.0296023098618015,0,1,C,2026-04-28,high,1
6.711370321486401,Lucknow,1,never_sold,False,0,1,-7.0356,-1.0483105033670368,0,1,C,2026-04-28,high,1
8.3155861,Munich,2,never_sold,False,0,2,-8.6784,-1.04363058666424,0,2,C,2026-04-28,high,2
49.61978888356815,Paris,3,mostly_or_fully_sold|never_sold,False,1,4,120.73135599999999,2.433129175202533,1,4,C,2026-04-28,high,3
47.115283250277955,Sao Paulo,2,mostly_or_fully_sold|never_sold,False,0,3,22.770806,0.4832997793739395,1,3,C,2026-04-28,high,3
62.89781093258459,Seoul,1,mostly_or_fully_sold|never_sold,False,0,3,72.638617,1.1548671714164398,2,3,C,2026-04-28,high,3
34.384651929104514,Seoul,3,mostly_or_fully_sold|never_sold,False,1,4,-8.496221,-0.24709341300059712,1,4,C,2026-04-28,low,3
5.179482785721324,Shenzhen,1,never_sold,False,0,1,-5.3997,-1.042517221002407,0,1,C,2026-04-28,high,1
2.251237430474496,Tokyo,1,never_sold,False,0,1,-2.3688,-1.052221310792938,0,1,C,2026-04-28,high,1
62.166792741624,Buenos Aires,2,mostly_or_fully_sold|never_sold|partially_sold,False,1,3,-3.567708999999999,-0.05738930452513479,2,3,C,2026-04-29,high,2
6.953800000000001,Busan,1,never_sold,False,1,1,-6.9538,-0.9999999999999999,0,1,C,2026-04-29,high,0
17.998857999878027,Hong Kong,0,mostly_or_fully_sold,False,0,1,70.9929,3.9443002439644284,1,1,C,2026-04-29,high,1
1.3,London,1,never_sold,False,0,1,-1.3,-1.0,0,1,C,2026-04-29,high,1
0.7343999999999999,Paris,1,never_sold,False,0,1,-0.7343,-0.9998638344226579,0,1,C,2026-04-29,high,1
80.4803999986,Seoul,1,mostly_or_fully_sold|never_sold|partially_sold,False,1,3,38.968932,0.4842040049586966,2,3,C,2026-04-29,high,2
2.14438,Beijing,2,never_sold,False,1,2,-2.1442,-0.9999160596536062,0,2,C,2026-04-30,high,1
107.19626599871988,Buenos Aires,1,mostly_or_fully_sold|partially_sold,False,1,4,163.255891,1.5229624789537872,4,4,C,2026-04-30,high,3
13.2,Busan,2,never_sold,False,0,2,-13.2,-1.0,0,2,C,2026-04-30,high,2
58.564749994799996,London,0,mostly_or_fully_sold,False,0,2,-22.062388,-0.3767178721322798,2,2,C,2026-04-30,high,2
18.260729994386,Madrid,2,mostly_or_fully_sold|never_sold,False,1,3,62.224703,3.4075693041368056,1,3,C,2026-04-30,high,2
96.158400000158,Miami,0,mostly_or_fully_sold,False,1,4,7.849034,0.08162608778834822,4,4,F,2026-04-30,high,3
49.1085000006,Milan,1,mostly_or_fully_sold|partially_sold,False,1,3,-14.28979,-0.29098404552827734,3,3,C,2026-04-30,high,2
5.4,Munich,0,mostly_or_fully_sold,False,0,1,-2.16,-0.4,1,1,C,2026-04-30,high,1
49.983699998682,Paris,0,mostly_or_fully_sold,False,1,2,-0.49340499999999987,-0.009871318049944488,2,2,C,2026-04-30,high,1
15.74960000061,Sao Paulo,1,never_sold,False,1,1,-15.7495,-0.9999936505936661,0,1,C,2026-04-30,high,0
43.93118300265057,Shanghai,3,never_sold,False,1,3,-43.9251,-0.9998615333748193,0,3,C,2026-04-30,high,2
53.25489999999999,Warsaw,0,mostly_or_fully_sold,False,0,1,3.81678,0.07167002473011874,1,1,C,2026-04-30,high,1
0.556,Ankara,0,mostly_or_fully_sold,False,0,1,6.38705,11.487499999999999,1,1,C,2026-05-01,high,1
26.776599997791,Buenos Aires,0,mostly_or_fully_sold,False,0,1,6.453598,0.24101633517819313,1,1,C,2026-05-01,high,1
480.840009991459,Busan,2,mostly_or_fully_sold|never_sold|partially_sold|transform_affected,True,3,8,684.997441,1.4245849487694824,4,8,C,2026-05-01,high,5
0.791060003148,Helsinki,1,never_sold,False,0,1,-0.791,-0.9999241484239361,0,1,C,2026-05-01,high,1
0.005399999999999999,Hong Kong,0,never_sold,False,0,1,0.0,0.0,0,1,C,2026-05-01,high,1
5.5682,Jakarta,3,never_sold,False,0,3,-5.568,-0.9999640817499371,0,3,C,2026-05-01,high,3
159.10497700446732,London,4,mostly_or_fully_sold|never_sold,False,1,5,-9.091368000000001,-0.05714068894114315,1,5,C,2026-05-01,high,4
6.21026,Madrid,2,never_sold,False,1,2,-6.2102,-0.9999903385687556,0,2,C,2026-05-01,high,1
22.172632997212,Moscow,3,never_sold,False,1,3,-22.1723,-0.9999849816116995,0,3,C,2026-05-01,high,2
23.4554,Munich,0,mostly_or_fully_sold,False,0,1,-0.965801,-0.041176061802399445,1,1,C,2026-05-01,high,1
22.3625,Paris,0,mostly_or_fully_sold,False,0,1,-3.2619,-0.14586472889882615,1,1,C,2026-05-01,high,1
536.9707549916496,Seoul,0,mostly_or_fully_sold|partially_sold,False,1,4,-108.231145,-0.20155873293636464,4,4,C,2026-05-01,high,3
40.213790002838,Shanghai,1,partially_sold,False,0,1,-19.945500000000003,-0.49598657571426097,1,1,C,2026-05-01,high,1
17.700000000000003,Tokyo,1,never_sold,False,0,2,82.3,4.649717514124293,0,2,C,2026-05-01,high,2
9.3,Warsaw,2,never_sold,False,0,2,-9.3,-1.0,0,2,C,2026-05-01,high,2
7.544899998384,Beijing,2,never_sold,False,0,2,-7.544600000000001,-0.999960238255767,0,2,C,2026-05-02,high,2
20.649199997694,Hong Kong,0,mostly_or_fully_sold,False,0,1,-2.89287,-0.14009598436370713,1,1,C,2026-05-02,high,1
32.3559999981,London,1,mostly_or_fully_sold|never_sold,False,0,2,-15.634520000000002,-0.4832031153701968,1,2,C,2026-05-02,high,2
18.190499996324,Madrid,0,mostly_or_fully_sold,False,0,2,-6.49241,-0.3569121245326961,2,2,C,2026-05-02,high,2
8.993199999371999,Milan,1,never_sold,False,0,1,-8.9931,-0.9999888805573093,0,1,C,2026-05-02,high,1
54.08833900429473,Moscow,2,never_sold,False,0,3,118.60367699999999,2.192777208236744,0,3,C,2026-05-02,high,3
12.792580001153999,Munich,1,never_sold,False,0,1,-12.7924,-0.9999859292532092,0,1,C,2026-05-02,high,1
7.000000000000001,San Francisco,1,never_sold,False,0,1,-7.0,-0.9999999999999999,0,1,F,2026-05-02,high,1
4.4124,Sao Paulo,1,never_sold,False,0,1,-4.4124,-1.0,0,1,C,2026-05-02,high,1
10.95115,Seoul,3,never_sold|partially_sold,False,0,3,-1.5500999999999998,-0.14154677819224462,1,3,C,2026-05-02,high,3
31.192999998860003,Shenzhen,0,mostly_or_fully_sold,False,0,1,-9.761286,-0.3129319398697381,1,1,C,2026-05-02,high,1
35.521549978106,Taipei,0,mostly_or_fully_sold,False,0,3,153.268424,4.314801130425566,3,3,C,2026-05-02,high,3
117.99480000000001,Tokyo,0,mostly_or_fully_sold,False,0,1,15.491644,0.13129090434493723,1,1,C,2026-05-02,high,1
17.123028000467446,Warsaw,0,mostly_or_fully_sold,False,0,1,-6.327827,-0.3695507009523815,1,1,C,2026-05-02,high,1
54.418240997163004,Buenos Aires,1,mostly_or_fully_sold|never_sold,False,0,4,35.575436,0.653741013088877,2,4,C,2026-05-03,high,4
31.680441992584466,Busan,3,never_sold|partially_sold,False,0,3,-20.7595,-0.6552781051747711,1,3,C,2026-05-03,high,3
36.552831004065,Seoul,2,never_sold|partially_sold,False,0,2,-30.552,-0.8358312929743348,1,2,C,2026-05-03,high,2
32.606329005488405,Toronto,0,never_sold,False,0,1,212.888054,6.52904084860844,0,1,C,2026-05-03,high,1
5.714902,Wellington,0,mostly_or_fully_sold,False,0,1,19.10196,3.3424825132609444,1,1,C,2026-05-03,high,1
18.000191003764,Beijing,2,never_sold,False,1,2,-17.9983,-0.9998949453501018,0,2,C,2026-05-04,high,1
38.387300007781995,Buenos Aires,0,mostly_or_fully_sold,False,1,2,-17.994386000000002,-0.4687588342069414,2,2,C,2026-05-04,high,1
127.13931999077501,Busan,1,never_sold,False,1,2,95.111056,0.748085297348618,0,2,C,2026-05-04,high,1
58.4572000025,Hong Kong,0,mostly_or_fully_sold,False,0,1,62.094513,1.0622218135207373,1,1,C,2026-05-04,high,1
80.0,Hong Kong,0,mostly_or_fully_sold,False,1,1,19.8,0.2475,1,1,C,2026-05-04,low,0
10.651359994938002,Istanbul,1,mostly_or_fully_sold|never_sold,False,0,2,124.34603200000001,11.674192972455607,1,2,C,2026-05-04,high,2
62.166310000611,London,2,mostly_or_fully_sold|never_sold,False,0,3,252.16234799999998,4.056254070693944,1,3,C,2026-05-04,high,3
31.537700000744003,Madrid,1,mostly_or_fully_sold|never_sold,False,0,2,54.664472,1.733305599289435,1,2,C,2026-05-04,high,2
18.914631992476618,Miami,2,never_sold|partially_sold,False,0,2,-14.9128,-0.7884266532878692,1,2,F,2026-05-04,high,2
21.187569998184244,Milan,1,mostly_or_fully_sold|never_sold,False,0,2,111.446079,5.259974551567303,1,2,C,2026-05-04,high,2
33.590520003116005,Moscow,1,mostly_or_fully_sold|never_sold,False,1,2,-1.566417,-0.04663271065332398,1,2,C,2026-05-04,high,1
18.294300003804,Munich,1,mostly_or_fully_sold|never_sold,False,1,2,-12.423817,-0.6791086293226125,1,2,C,2026-05-04,high,1
15.065839996229998,Paris,2,never_sold|partially_sold,False,0,2,-3.1103,-0.206447167949368,1,2,C,2026-05-04,high,2
28.346759998592002,Sao Paulo,5,never_sold,False,0,5,-28.3456,-0.9999590782653094,0,5,C,2026-05-04,high,5
23.0,Seoul,2,never_sold,False,0,2,-22.9998,-0.9999913043478261,0,2,C,2026-05-04,high,2
26.022650027921003,Seoul,0,mostly_or_fully_sold,False,1,3,3.08636,0.11860283240517357,3,3,C,2026-05-04,low,2
26.492642001796,Shenzhen,1,mostly_or_fully_sold|partially_sold,False,0,2,-14.965069999999999,-0.5648764664160517,2,2,C,2026-05-04,high,2
3.4362600000000003,Taipei,1,never_sold,False,0,1,-3.4362,-0.9999825391559427,0,1,C,2026-05-04,high,1
31.17445900009923,Warsaw,2,never_sold|partially_sold,False,1,2,-15.3788,-0.493314094077817,1,2,C,2026-05-04,high,1
8.253794998662272,Ankara,1,mostly_or_fully_sold|never_sold,False,0,2,1.4100540000000001,0.17083705134771746,1,2,C,2026-05-05,high,2
64.4575999993,Beijing,4,never_sold|partially_sold,False,0,5,-5.539299999999996,-0.085937112149074,1,5,C,2026-05-05,high,5
103.829290012412,Buenos Aires,1,mostly_or_fully_sold|never_sold,False,0,4,8.610974,0.08293395822094733,3,4,C,2026-05-05,high,4
0.8676050000000001,Guangzhou,0,never_sold,False,0,1,33.836595,39.0,0,1,C,2026-05-05,high,1
37.362400000944,Hong Kong,0,mostly_or_fully_sold,False,0,1,2.775162,0.07427686658056984,1,1,C,2026-05-05,high,1
28.52960899720572,Hong Kong,1,never_sold,False,0,2,24.470399999999998,0.8577194311494667,0,2,C,2026-05-05,low,2
18.009247000004287,London,0,mostly_or_fully_sold,False,0,1,-2.3236,-0.1290226071084175,1,1,C,2026-05-05,high,1
22.429023995,Moscow,2,partially_sold,False,1,2,-16.8204,-0.7499390077673328,2,2,C,2026-05-05,high,1
43.72918799830735,Qingdao,1,mostly_or_fully_sold|never_sold,False,0,3,157.458295,3.600759634642537,1,3,C,2026-05-05,high,3
145.58870999913498,Seoul,1,never_sold,False,2,3,70.001531,0.48081702901561474,0,3,C,2026-05-05,low,1
4.328796999830249,Warsaw,0,mostly_or_fully_sold,False,0,1,-0.23293,-0.053809407096044044,1,1,C,2026-05-05,high,1
29.177648998302097,Amsterdam,0,mostly_or_fully_sold,False,1,2,-13.165067,-0.4512038307392793,2,2,C,2026-05-06,high,1
28.390990001364997,Beijing,0,mostly_or_fully_sold|never_sold,False,1,4,17.361361,0.6115095316917547,3,4,C,2026-05-06,high,3
118.30029499385908,Buenos Aires,2,mostly_or_fully_sold|never_sold|partially_sold,False,1,6,205.1362,1.7340294883512213,4,6,C,2026-05-06,high,5
25.166849995147,Busan,0,mostly_or_fully_sold|never_sold,False,0,2,21.569233,0.8570493726532824,1,2,C,2026-05-06,high,2
61.59979099786351,Hong Kong,1,mostly_or_fully_sold|partially_sold,False,1,3,32.910747,0.5342671860873921,3,3,C,2026-05-06,high,2
16.58149999993815,London,1,mostly_or_fully_sold|never_sold,False,0,2,17.22655,1.0389017881412572,1,2,C,2026-05-06,high,2
12.592,Milan,1,mostly_or_fully_sold|never_sold,False,0,2,-0.9991110000000001,-0.07934490152477763,1,2,C,2026-05-06,high,2
75.93096700286934,Qingdao,2,mostly_or_fully_sold|partially_sold,False,0,3,-39.651148,-0.5221999609000322,3,3,C,2026-05-06,high,3
793.2068090023275,Seoul,0,mostly_or_fully_sold|partially_sold,False,0,2,5.611828,0.00707486110344715,2,2,C,2026-05-06,high,2
2.0,Shanghai,1,never_sold,False,0,1,-2.0,-1.0,0,1,C,2026-05-06,high,1
64.3238649985,Shenzhen,0,mostly_or_fully_sold,False,0,3,59.985834000000004,0.9325595407147697,3,3,C,2026-05-06,high,3
0.70413,Taipei,1,never_sold,False,0,1,-0.7041,-0.9999573942311788,0,1,C,2026-05-06,high,1
2.3679750000000004,Tokyo,2,never_sold,False,0,2,-2.3677,-0.999883867017177,0,2,C,2026-05-06,high,2
44.848670000676,Warsaw,0,mostly_or_fully_sold,False,0,1,5.402795,0.12046722901523198,1,1,C,2026-05-06,high,1
17.91142499999998,Amsterdam,0,mostly_or_fully_sold,False,1,3,-4.096836000000001,-0.2287275300541417,3,3,C,2026-05-07,high,2
25.459600000000002,Beijing,2,never_sold,False,1,2,-25.4593,-0.9999882166255557,0,2,C,2026-05-07,high,1
35.03571400016477,Madrid,3,never_sold,False,0,4,64.96430000000001,1.8542308000257817,0,4,C,2026-05-07,high,4
5.853,Moscow,2,never_sold,False,0,2,-5.853,-1.0,0,2,C,2026-05-07,high,2
46.849660001866,Munich,2,mostly_or_fully_sold|never_sold|partially_sold,False,1,4,-3.174035,-0.06774937107064555,3,4,C,2026-05-07,high,3
2.45,New York City,1,never_sold,False,0,1,-2.4498,-0.9999183673469387,0,1,F,2026-05-07,high,1
0.9144990000000002,Sao Paulo,0,mostly_or_fully_sold,False,1,1,-0.783944,-0.8572387722676568,1,1,C,2026-05-07,high,0
4.999331000000001,Seoul,1,never_sold,False,0,1,-4.9993,-0.9999937991703288,0,1,C,2026-05-07,low,1
4.8331799926,Beijing,2,never_sold|partially_sold,False,1,2,-0.7270000000000001,-0.15041856523305516,1,2,C,2026-05-08,high,1
7.1794900008,Buenos Aires,0,mostly_or_fully_sold,False,0,1,2.642412,0.36805009822502155,1,1,C,2026-05-08,high,1
197.4945,Busan,0,never_sold,False,1,1,16.30567,0.08256265364351918,0,1,C,2026-05-08,high,0
80.27464999570999,London,4,mostly_or_fully_sold|never_sold|partially_sold,False,1,5,-9.406906000000001,-0.11718401762577253,3,5,C,2026-05-08,high,4
22.006800002612003,Qingdao,1,never_sold,False,0,2,39.30326,1.7859597940334382,0,2,C,2026-05-08,high,2
77.1245349992005,Sao Paulo,2,mostly_or_fully_sold|never_sold|partially_sold,False,0,5,12.218771999999996,0.15842911727281933,4,5,C,2026-05-08,high,5
647.385869989179,Seoul,1,mostly_or_fully_sold|never_sold|transform_affected,True,3,6,76.278725,0.11782574896371308,3,6,C,2026-05-08,high,3
84.36619,Seoul,0,never_sold,False,1,1,3.42381,0.04058272632674297,0,1,C,2026-05-08,low,0
66.79571000018001,Shanghai,2,mostly_or_fully_sold|never_sold|partially_sold,False,0,3,130.088302,1.9475547456513214,2,3,C,2026-05-08,high,3
89.701750000799,Shenzhen,0,mostly_or_fully_sold|never_sold,False,1,3,55.909110999999996,0.6232778178742555,1,3,C,2026-05-08,high,2
58.636059003587995,Warsaw,0,mostly_or_fully_sold,False,1,2,70.57833,1.2036676952603729,2,2,C,2026-05-08,high,1
15.663799997800002,Ankara,0,mostly_or_fully_sold,False,0,1,2.472643,0.15785716111973375,1,1,C,2026-05-09,high,1
2.682739998994,Buenos Aires,3,never_sold,False,0,3,-2.6824999999999997,-0.9999105395997784,0,3,C,2026-05-09,high,3
44.179412,Hong Kong,3,never_sold|partially_sold,False,0,3,-30.9071,-0.6995815154805591,1,3,C,2026-05-09,low,3
27.0210000039,Istanbul,2,mostly_or_fully_sold|never_sold,False,1,3,0.320573,0.011863846636087895,1,3,C,2026-05-09,high,2
41.57789301180229,Madrid,2,mostly_or_fully_sold|partially_sold,False,0,3,4.383962999999998,0.10543975854561864,3,3,C,2026-05-09,high,3
25.65950000128,Munich,0,mostly_or_fully_sold,False,1,1,5.829486,0.22718626628380137,1,1,C,2026-05-09,high,0
50.366141990305,Qingdao,4,never_sold,False,0,4,-50.364599999999996,-0.9999693843871285,0,4,C,2026-05-09,high,4
17.01699999762,Sao Paulo,0,mostly_or_fully_sold,False,1,2,-2.026866,-0.11910830347790313,2,2,C,2026-05-09,high,1
64.253879995,Seoul,2,never_sold|partially_sold,False,0,2,-44.7259,-0.6960809215487127,1,2,C,2026-05-09,high,2
62.455199992345,Seoul,0,mostly_or_fully_sold,False,1,3,35.364231000000004,0.5662335722939726,3,3,C,2026-05-09,low,2
20.982156998039162,Shenzhen,0,transform_affected,True,1,2,297.65481900000003,14.186092451210648,1,2,C,2026-05-09,high,1
8.7457,Toronto,2,never_sold,False,1,2,-8.7457,-1.0,0,2,C,2026-05-09,high,1
14.252459997999999,Warsaw,2,mostly_or_fully_sold|never_sold|partially_sold,False,0,3,1.2537759999999998,0.08796909447042392,2,3,C,2026-05-09,high,3
20.63031099687211,Busan,1,partially_sold,False,0,1,-9.361,-0.4537498247805997,1,1,C,2026-05-10,high,1
59.047079998650005,Hong Kong,0,mostly_or_fully_sold,False,0,3,17.588427,0.29787124105717205,2,3,C,2026-05-10,high,3
27.613075999610494,London,1,mostly_or_fully_sold|never_sold,False,0,3,80.478836,2.9145190489149133,1,3,C,2026-05-10,high,3
123.293499996275,Qingdao,1,mostly_or_fully_sold|never_sold,False,1,6,505.369693,4.098915944597796,5,6,C,2026-05-10,high,5
269.045680013365,Sao Paulo,0,mostly_or_fully_sold|transform_affected,True,3,8,116.183363,0.43183508092093703,7,8,C,2026-05-10,high,5
870.6882999838421,Seoul,0,mostly_or_fully_sold|never_sold|partially_sold,False,2,3,16.723551,0.01920727658831565,2,3,C,2026-05-10,high,1
24.094000001599998,Shenzhen,0,mostly_or_fully_sold,False,0,2,-2.4021120000000002,-0.09969751804766683,2,2,C,2026-05-10,high,2
0.6228,Tokyo,0,mostly_or_fully_sold,False,0,1,0.2076,0.3333333333333333,1,1,C,2026-05-10,high,1
22.432099998708,Warsaw,0,never_sold,False,1,1,16.597936,0.7399189554681004,0,1,C,2026-05-10,high,0
37.362400028778,Ankara,2,mostly_or_fully_sold|partially_sold,False,0,3,30.383876,0.8132206704225943,3,3,C,2026-05-11,high,3
64.919509981002,Beijing,2,mostly_or_fully_sold|never_sold,False,1,3,-9.259084999999999,-0.14262407406817415,1,3,C,2026-05-11,high,2
114.429619982334,Buenos Aires,0,mostly_or_fully_sold,False,1,5,22.149314,0.19356276813135864,5,5,C,2026-05-11,high,4
246.705100038274,Busan,0,mostly_or_fully_sold|never_sold,False,1,3,34.314942,0.13909295752165787,2,3,C,2026-05-11,high,2
42.147199999783,Guangzhou,0,mostly_or_fully_sold,False,1,1,-12.760336,-0.302756434592706,1,1,C,2026-05-11,high,0
270.95200000799997,London,0,transform_affected,True,1,2,37.040008,0.1367032094205113,1,2,C,2026-05-11,high,1
528.631020003416,Munich,0,never_sold,False,1,2,13.639748,0.025802019714832213,0,2,C,2026-05-11,high,1
9.137800001926001,Panama City,0,mostly_or_fully_sold,False,1,1,0.805169,0.08811409746659941,1,1,C,2026-05-11,high,0
18.95768999894,Paris,2,partially_sold,False,0,2,-11.6146,-0.6126590318044771,2,2,C,2026-05-11,high,2
56.995669972688,Qingdao,0,mostly_or_fully_sold,False,0,5,178.212326,3.126769561361386,5,5,C,2026-05-11,high,5
30.593030000081,Sao Paulo,3,mostly_or_fully_sold|never_sold|partially_sold,False,1,5,12.432389,0.4063797865058506,3,5,C,2026-05-11,high,4
36.836000012693994,Seoul,1,mostly_or_fully_sold|never_sold,False,0,3,-26.312016,-0.7143016611720235,2,3,C,2026-05-11,high,3
49.608679987326,Shenzhen,0,mostly_or_fully_sold,False,0,3,12.581249999999999,0.2536098522116341,3,3,C,2026-05-11,high,3
18.533449994663002,Taipei,0,mostly_or_fully_sold,False,0,2,9.071543,0.48946866355763735,2,2,C,2026-05-11,high,2
1.78476,Beijing,0,mostly_or_fully_sold,False,0,1,-0.134294,-0.07524485084829333,1,1,C,2026-05-12,high,1
50.716910004853546,Buenos Aires,0,mostly_or_fully_sold,False,1,2,5.346913999999999,0.10542665157416542,2,2,C,2026-05-12,high,1
98.483699978483,Busan,8,never_sold|partially_sold,False,0,9,44.7904,0.45480013453785684,3,9,C,2026-05-12,high,9
19.885999995628,Istanbul,0,never_sold,False,0,1,69.894089,3.514738459990266,0,1,C,2026-05-12,high,1
4.817129993079,Moscow,2,never_sold,False,0,2,-4.8168,-0.9999314959157269,0,2,C,2026-05-12,high,2
2.2398970020133184,Munich,1,never_sold,False,0,1,-2.2398,-0.9999566935384835,0,1,C,2026-05-12,high,1
1.05,Qingdao,0,mostly_or_fully_sold,False,0,1,0.01,0.009523809523809523,1,1,C,2026-05-12,high,1
2.5500000000000003,Sao Paulo,1,never_sold,False,0,1,-2.55,-0.9999999999999998,0,1,C,2026-05-12,high,1
26.652199997215998,Seoul,4,mostly_or_fully_sold|never_sold,False,0,5,-13.481326,-0.5058241346458534,1,5,C,2026-05-12,high,5
3.1262699761920003,Seoul,0,mostly_or_fully_sold,False,0,1,8.60927,2.753847257454921,1,1,C,2026-05-12,low,1
41.079999997399995,Taipei,0,never_sold,False,0,1,49.920052,1.2151911393174173,0,1,C,2026-05-12,high,1
60.218200006315,Tokyo,0,partially_sold,False,0,1,45.614121,0.7574806453068426,1,1,C,2026-05-12,high,1
92.426320025413,Busan,1,mostly_or_fully_sold|partially_sold,False,0,4,32.835339,0.3552596164271366,4,4,C,2026-05-13,high,4
8.95550000225,Helsinki,0,mostly_or_fully_sold,False,0,1,8.285672,0.9252048459514588,1,1,C,2026-05-13,high,1
65.81466599999987,Hong Kong,0,mostly_or_fully_sold,False,0,2,33.893531,0.5149844716981481,2,2,C,2026-05-13,high,2
47.336259997154,London,2,never_sold|partially_sold,False,0,2,-21.1562,-0.4469343374671335,1,2,C,2026-05-13,high,2
18.228599996326,Moscow,0,mostly_or_fully_sold,False,0,2,13.154888,0.721662003810023,2,2,C,2026-05-13,high,2
70.447149987468,Qingdao,0,mostly_or_fully_sold|transform_affected,True,1,3,90.890948,1.2902004980495136,1,3,C,2026-05-13,high,2
28.558730010578003,Seoul,2,mostly_or_fully_sold|never_sold,False,0,3,-6.3548290000000005,-0.22251791300405183,1,3,C,2026-05-13,high,3
62.077599995322,Shenzhen,2,mostly_or_fully_sold|never_sold|partially_sold,False,1,3,-9.974615,-0.16067977822518364,2,3,C,2026-05-13,high,2
10.568159984444998,Tel Aviv,2,never_sold|partially_sold,False,0,2,9.0716,0.8583897304121298,1,2,C,2026-05-13,high,2
36.356350005746,Beijing,0,mostly_or_fully_sold,False,0,2,20.815665000000003,0.5725455112163392,2,2,C,2026-05-14,high,2
4.6425999992,Buenos Aires,0,mostly_or_fully_sold,False,1,1,3.011367,0.6486380477574872,1,1,C,2026-05-14,high,0
139.189680000704,Busan,0,mostly_or_fully_sold,False,1,3,-45.949204,-0.33011933068434096,3,3,C,2026-05-14,high,2
33.042799991942005,Istanbul,2,never_sold|partially_sold,False,0,2,-18.4664,-0.5588630504831102,1,2,C,2026-05-14,high,2
17.339739999205,London,3,never_sold,False,0,3,-17.3394,-0.9999803919087014,0,3,C,2026-05-14,high,3
77.706139976362,Miami,0,mostly_or_fully_sold,False,1,3,23.868693999999998,0.3071661262193797,3,3,F,2026-05-14,high,2
10.774279990705,Milan,0,mostly_or_fully_sold,False,0,1,3.951683,0.3667700304251539,1,1,C,2026-05-14,high,1
5.65123000052,Moscow,0,mostly_or_fully_sold,False,0,1,10.066854,1.781356270948748,1,1,C,2026-05-14,high,1
9.334999999,Paris,1,never_sold,False,0,1,-9.3349,-0.9999892877343318,0,1,C,2026-05-14,high,1
460.9260170099648,Seoul,0,mostly_or_fully_sold|transform_affected,True,3,7,34.248383,0.0743034277435018,5,7,C,2026-05-14,high,4
58.62195996047999,Seoul,1,partially_sold,False,0,1,5.1641999999999975,0.08809326749705135,1,1,C,2026-05-14,low,1
37.781329990171,Shanghai,1,never_sold|partially_sold,False,0,2,-37.026099,-0.9800104710350992,1,2,C,2026-05-14,high,2
19.597079999358,Tokyo,2,never_sold|partially_sold,False,0,2,-14.169,-0.7230158778993695,1,2,C,2026-05-14,high,2
229.32921999064,Busan,0,mostly_or_fully_sold|never_sold,False,1,2,12.176535000000001,0.053096308444676096,1,2,C,2026-05-15,high,1
13.01564997243,Lucknow,0,mostly_or_fully_sold,False,0,1,0.488053,0.03749739744337035,1,1,C,2026-05-15,high,1
7.4696699954820005,Miami,0,mostly_or_fully_sold,False,1,1,5.230731,0.7002626626295119,1,1,F,2026-05-15,high,0
18.676469999965,Moscow,3,never_sold,False,0,4,66.0739,3.537815229544117,0,4,C,2026-05-15,high,4
46.0,Seoul,0,never_sold,False,0,1,54.0,1.173913043478261,0,1,C,2026-05-15,high,1
625.050299998529,Shenzhen,0,mostly_or_fully_sold|never_sold,False,1,3,94.358311,0.15096114824714438,1,3,C,2026-05-15,high,2
11.017100005495,Wellington,0,mostly_or_fully_sold,False,0,1,13.959001,1.2670304338744016,1,1,C,2026-05-15,high,1
30.877519992167997,Ankara,1,mostly_or_fully_sold|never_sold,False,0,4,1.223007,0.03960832995364306,3,4,C,2026-05-16,high,4
28.599670003024,Buenos Aires,1,mostly_or_fully_sold|never_sold,False,1,3,21.509900000000002,0.752103083627386,2,3,C,2026-05-16,high,2
193.49119999857598,Busan,0,partially_sold,False,1,1,28.483859,0.1472101005121144,1,1,C,2026-05-16,high,0
0.8238800000000001,Los Angeles,0,mostly_or_fully_sold,False,0,2,2.29822,2.7895081808030295,2,2,F,2026-05-16,high,2
10.503600002164,Moscow,0,mostly_or_fully_sold,False,0,2,-0.7942949999999998,-0.07562121556764875,2,2,C,2026-05-16,high,2
0.400408,Munich,1,never_sold,False,0,1,-0.4004,-0.9999800203792132,0,1,C,2026-05-16,high,1
9.527000000000001,Paris,0,mostly_or_fully_sold,False,0,1,0.453242,0.047574472551695175,1,1,C,2026-05-16,high,1
4.0,Qingdao,1,mostly_or_fully_sold|never_sold,False,0,2,595.4,148.85,1,2,C,2026-05-16,high,2
17.394919998592,Sao Paulo,2,never_sold,False,0,2,-17.3947,-0.9999873527103305,0,2,C,2026-05-16,high,2
36.851040003129995,Seoul,0,mostly_or_fully_sold,False,0,3,63.157116,1.7138489441447422,3,3,C,2026-05-16,high,3
495.0,Seoul,0,mostly_or_fully_sold,False,1,1,4.5,0.00909090909090909,1,1,C,2026-05-16,low,0
71.440159993227,Shenzhen,2,never_sold|partially_sold,False,0,3,140.598413,1.9680584843781097,2,3,C,2026-05-16,high,3
24.00876399720429,Tokyo,0,mostly_or_fully_sold,False,0,2,-1.5598889999999999,-0.06497164952688284,2,2,C,2026-05-16,high,2
9.18231602388897,Toronto,0,mostly_or_fully_sold,False,0,2,2.791882,0.3040498707228723,2,2,C,2026-05-16,high,2
10.325950004017,Ankara,0,mostly_or_fully_sold,False,0,1,3.445033,0.3336286732610378,1,1,C,2026-05-17,high,1
43.84215999058,Beijing,0,mostly_or_fully_sold,False,1,2,30.357373000000003,0.6924242100873369,2,2,C,2026-05-17,high,1
22.84939999934,Busan,0,never_sold,False,0,1,87.290686,3.820261626236197,0,1,C,2026-05-17,high,1
39.49699998675,London,1,mostly_or_fully_sold|partially_sold,False,0,2,80.727636,2.04389285330738,2,2,C,2026-05-17,high,2
104.675389990921,Miami,4,mostly_or_fully_sold|never_sold|partially_sold,False,0,5,-47.347737,-0.45232921514891605,3,5,F,2026-05-17,high,5
17.096600002271998,Milan,0,mostly_or_fully_sold,False,0,1,3.630675,0.21236239951320807,1,1,C,2026-05-17,high,1
7.79500000675,Moscow,0,mostly_or_fully_sold,False,0,2,7.286917,0.9348193705824207,2,2,C,2026-05-17,high,2
29.985892973791003,Paris,0,mostly_or_fully_sold,False,1,3,-7.389857,-0.2464444532787155,3,3,C,2026-05-17,high,2
9.73548999602,Qingdao,0,mostly_or_fully_sold,False,0,1,4.831571,0.4962843166574268,1,1,C,2026-05-17,high,1
67.583319983608,Sao Paulo,1,mostly_or_fully_sold|partially_sold,False,2,4,137.760383,2.0383784494963115,4,4,C,2026-05-17,high,2
27.998565000000003,Seoul,0,mostly_or_fully_sold,False,0,1,21.814118,0.779115572530235,1,1,C,2026-05-17,high,1
15.690549999724999,Shenzhen,1,mostly_or_fully_sold|never_sold,False,0,3,-14.650584,-0.9337202328953909,2,3,C,2026-05-17,high,3
29.464880000213,Tel Aviv,0,mostly_or_fully_sold,False,0,1,-7.695493,-0.26117510066032407,1,1,C,2026-05-17,high,1
2.4425000000000003,Chongqing,1,never_sold,False,0,1,-2.4425,-0.9999999999999998,0,1,C,2026-05-18,high,1
41.11553000587,Jeddah,3,partially_sold,False,0,3,1.3244999999999991,0.03221410498200807,3,3,C,2026-05-18,high,3
15.4,Qingdao,1,never_sold,False,0,1,-15.4,-1.0,0,1,C,2026-05-18,high,1
27.453079997798003,Sao Paulo,3,never_sold,False,0,3,-27.4528,-0.9999898008603033,0,3,C,2026-05-18,high,3
25.042850004561,Taipei,2,never_sold,False,0,2,-25.0426,-0.9999900169285463,0,2,C,2026-05-18,high,2
4.4270150004305115,Wuhan,1,never_sold,False,0,1,-4.427,-0.9999966116151604,0,1,C,2026-05-18,high,1
4.4058,Shanghai,0,mostly_or_fully_sold,False,0,2,0.673199,0.1527983567116074,2,2,C,2026-05-20,high,2
69.9827260019,Shenzhen,2,never_sold|partially_sold,False,0,3,62.56809499999999,0.8940505546797547,2,3,C,2026-05-20,high,3
0.36000000000000004,Taipei,1,never_sold,False,0,2,3.64,10.11111111111111,0,2,C,2026-05-20,high,2
16.267450011570002,Ankara,0,mostly_or_fully_sold,False,0,1,0.309484,0.019024739573804357,1,1,C,2026-05-21,high,1
53.776603037080086,Beijing,0,mostly_or_fully_sold,False,0,2,19.264678,0.35823530888919486,2,2,C,2026-05-21,high,2
110.756109965402,Busan,0,mostly_or_fully_sold,False,0,6,226.741546,2.0472147863520083,6,6,C,2026-05-21,high,6
107.775099998949,London,3,mostly_or_fully_sold|never_sold|partially_sold,False,1,4,118.06112599999999,1.095439725884284,2,4,C,2026-05-21,high,3
13.543229983045,Mexico City,0,mostly_or_fully_sold,False,0,1,10.720179,0.7915526069793376,1,1,C,2026-05-21,high,1
1.199988,Moscow,1,never_sold,False,0,1,-1.1999,-0.9999266659333259,0,1,C,2026-05-21,high,1
24.477509999566003,New York City,0,mostly_or_fully_sold,False,0,1,8.268253,0.33778979153298677,1,1,F,2026-05-21,high,1
11.651649997576001,Panama City,0,mostly_or_fully_sold,False,0,2,10.23112,0.8780833617666574,2,2,C,2026-05-21,high,2
24.0,Paris,1,partially_sold,False,0,1,-2.9478,-0.122825,1,1,C,2026-05-21,high,1
34.314629998545996,Qingdao,0,mostly_or_fully_sold,False,0,1,37.81666,1.1020564698381534,1,1,C,2026-05-21,high,1
96.47883598040272,Seoul,1,mostly_or_fully_sold|partially_sold,False,0,4,72.837418,0.7549574708259863,4,4,C,2026-05-21,high,4
134.541259957617,Shenzhen,1,mostly_or_fully_sold|never_sold,False,0,6,-83.286344,-0.6190394234916244,5,6,C,2026-05-21,high,6
13.329999999499998,Taipei,0,mostly_or_fully_sold,False,0,3,6.17762,0.46343735935721825,3,3,C,2026-05-21,high,3
28.67500000165,Warsaw,1,mostly_or_fully_sold|never_sold,False,0,2,-11.936499999999999,-0.41626852656715446,1,2,C,2026-05-21,high,2
14.026899997005,Amsterdam,1,mostly_or_fully_sold|never_sold,False,1,2,-13.291,-0.9475365193191563,1,2,C,2026-05-22,high,1
11.613819989456001,Beijing,2,never_sold,False,1,2,-11.6136,-0.9999810579588627,0,2,C,2026-05-22,high,1
64.04628704101201,Buenos Aires,0,mostly_or_fully_sold,False,0,5,37.122652,0.5796222344041354,5,5,C,2026-05-22,high,5
28.987560017042004,Busan,0,mostly_or_fully_sold,False,0,3,8.229837,0.283909269878583,3,3,C,2026-05-22,high,3
88.94400000000002,Hong Kong,0,mostly_or_fully_sold,False,0,1,7.201128,0.0809624932541824,1,1,C,2026-05-22,high,1
268.2126780045251,London,3,never_sold|partially_sold|transform_affected,True,2,6,324.880669,1.2112800610958399,3,6,C,2026-05-22,high,4
23.323980000074,Madrid,2,partially_sold,False,1,2,-12.293399999999998,-0.5270712802858258,2,2,C,2026-05-22,high,1
16.091420002464,Moscow,0,mostly_or_fully_sold,False,1,2,-0.16209999999999997,-0.010073691443960718,2,2,C,2026-05-22,high,1
45.998863999896095,Seoul,0,mostly_or_fully_sold,False,0,1,-12.839158,-0.2791190234617316,1,1,C,2026-05-22,high,1
380.95414300787684,Shenzhen,0,mostly_or_fully_sold|transform_affected,True,1,4,10.029656,0.02632772522385357,4,4,C,2026-05-22,high,3
28.13901199761768,Taipei,0,mostly_or_fully_sold,False,0,2,5.497022,0.19535234572078763,2,2,C,2026-05-22,high,2
27.466599995456,Toronto,0,mostly_or_fully_sold,False,0,1,4.859733,0.17693245617600944,1,1,C,2026-05-22,high,1
31.93469999446,Warsaw,0,mostly_or_fully_sold,False,0,1,-3.716021,-0.11636310974096051,1,1,C,2026-05-22,high,1
23.668959000215033,Beijing,2,never_sold|partially_sold,False,1,2,-17.6216,-0.7445025359940802,1,2,C,2026-05-23,high,1
21.511750045832,Busan,0,mostly_or_fully_sold,False,0,1,3.627518,0.1686296090402393,1,1,C,2026-05-23,high,1
44.639515002398326,Helsinki,1,mostly_or_fully_sold|partially_sold,False,1,2,-35.052791,-0.7852413046628471,2,2,C,2026-05-23,high,1
11.80896699961538,Hong Kong,2,never_sold,False,0,2,-11.8088,-0.9999858582367631,0,2,C,2026-05-23,high,2
93.7584759953587,London,1,mostly_or_fully_sold|partially_sold,False,0,3,-5.683579000000001,-0.060619362032733486,3,3,C,2026-05-23,high,3
8.999897993057107,Qingdao,0,mostly_or_fully_sold,False,0,1,-7.99984,-0.8888811857835951,1,1,C,2026-05-23,high,1
40.8501279925009,Sao Paulo,3,mostly_or_fully_sold|never_sold|partially_sold,False,1,5,165.286329,4.0461642869354675,3,5,C,2026-05-23,high,4
48.364299002355004,Seoul,1,mostly_or_fully_sold|never_sold,False,0,2,-9.161576,-0.1894284873136256,1,2,C,2026-05-23,high,2
405.1171520130118,Shenzhen,3,never_sold|partially_sold,False,1,4,-52.648469,-0.12995862737085248,2,4,C,2026-05-23,high,3
4.49928,Wuhan,0,mostly_or_fully_sold,False,0,1,1.739556,0.3866298607777245,1,1,C,2026-05-23,high,1
11.649600000816,Amsterdam,1,never_sold,False,0,1,-11.6494,-0.9999828319585234,0,1,C,2026-05-24,high,1
58.039160002885005,Ankara,1,mostly_or_fully_sold|partially_sold,False,1,2,-15.118672999999998,-0.26049089957967136,2,2,C,2026-05-24,high,1
35.859319995732,Buenos Aires,1,mostly_or_fully_sold|partially_sold,False,0,2,-13.148229,-0.36666141470515645,2,2,C,2026-05-24,high,2
4.0,Busan,1,never_sold,False,0,1,-4.0,-1.0,0,1,C,2026-05-24,high,1
0.9211,Helsinki,1,never_sold,False,0,1,-0.9211,-1.0,0,1,C,2026-05-24,high,1
80.06052200550126,London,1,mostly_or_fully_sold|partially_sold,False,1,5,-42.994334,-0.5370229037108414,5,5,C,2026-05-24,high,4
0.7320099992001665,Miami,1,never_sold,False,0,1,-0.732,-0.9999863400770789,0,1,F,2026-05-24,high,1
14.364700000524998,Milan,0,mostly_or_fully_sold,False,0,1,1.39841,0.09735044936190043,1,1,C,2026-05-24,high,1
92.22288499828224,Moscow,1,mostly_or_fully_sold|never_sold,False,1,3,166.88139999999999,1.8095443446939266,2,3,C,2026-05-24,high,2
13.188460000000001,New York City,2,never_sold|partially_sold,False,0,2,-12.148,-0.9211083022581862,1,2,F,2026-05-24,high,2
12.927567997092233,Paris,1,mostly_or_fully_sold|never_sold,False,1,2,-9.583645,-0.7413339463505918,1,2,C,2026-05-24,high,1
13.728641995283121,Qingdao,3,never_sold,False,0,3,-13.7278,-0.9999386687129426,0,3,C,2026-05-24,high,3
21.688200007642,Sao Paulo,0,mostly_or_fully_sold,False,0,2,0.3825749999999999,0.017639776462094445,2,2,C,2026-05-24,high,2
36.82229999716199,Seattle,0,mostly_or_fully_sold,False,0,2,-1.365868,-0.03709350040886288,2,2,F,2026-05-24,high,2
3.502320003368,Seoul,0,mostly_or_fully_sold,False,1,2,2.0037130000000003,0.5721102006878678,2,2,C,2026-05-24,high,1
0.7994,Shanghai,1,never_sold,False,0,1,-0.7994,-1.0,0,1,C,2026-05-24,low,1
35.25139999446,Shenzhen,0,mostly_or_fully_sold,False,0,1,-8.748072,-0.24816239926286104,1,1,C,2026-05-24,high,1
2.9450000015,Taipei,1,never_sold,False,0,1,-2.9447,-0.9998981319185579,0,1,C,2026-05-24,high,1
3.078140001496,Toronto,1,never_sold,False,0,2,47.951986999999995,15.57823457565119,0,2,C,2026-05-24,high,2
14.49,Warsaw,0,mostly_or_fully_sold,False,0,1,0.275247,0.018995652173913045,1,1,C,2026-05-24,high,1
6.0,Wuhan,2,never_sold,False,1,2,-6.0,-1.0,0,2,C,2026-05-24,high,1
2.1929999999999996,Chengdu,1,never_sold,False,0,1,-2.1929,-0.9999544003647972,0,1,C,2026-05-25,high,1
37.93657400763153,Hong Kong,0,mostly_or_fully_sold,False,0,1,-9.722394,-0.25628023231734604,1,1,C,2026-05-25,high,1
129.18470604432616,London,4,mostly_or_fully_sold|never_sold|partially_sold,False,1,5,-94.417148,-0.7308693953880528,2,5,C,2026-05-25,high,4
14.53282,Madrid,3,never_sold,False,0,3,-14.530100000000001,-0.9998128374259092,0,3,C,2026-05-25,high,3
17.117408003843998,Miami,1,mostly_or_fully_sold|never_sold,False,0,2,67.6325,3.9510946975623873,1,2,F,2026-05-25,high,2
27.768599002559313,Paris,0,mostly_or_fully_sold,False,0,1,3.402002,0.12251255454718663,1,1,C,2026-05-25,high,1
0.8300000000000001,Qingdao,1,never_sold,False,0,1,-0.83,-0.9999999999999999,0,1,C,2026-05-25,high,1
0.17729999999999999,San Francisco,1,never_sold,False,0,1,-0.1772,-0.9994359842075579,0,1,F,2026-05-25,high,1
15.463479990983,Sao Paulo,2,mostly_or_fully_sold|never_sold,False,1,4,-13.93725,-0.9013010013352125,2,4,C,2026-05-25,high,3
0.00030000000000000003,Seattle,0,never_sold,False,0,1,0.0,0.0,0,1,F,2026-05-25,high,1
20.953282000632004,Seoul,1,partially_sold,False,0,1,-13.0444,-0.6225468639999474,1,1,C,2026-05-25,high,1
95.703330002103,Shenzhen,2,never_sold|partially_sold,False,0,3,62.388155999999995,0.6518911724245026,1,3,C,2026-05-25,high,3
31.827943998162546,Taipei,3,never_sold|partially_sold,False,0,3,-26.9252,-0.8459610209680655,1,3,C,2026-05-25,high,3
28.299020027567998,Warsaw,2,never_sold,False,0,2,-28.2987,-0.9999886912137704,0,2,C,2026-05-25,high,2
13.725412001479999,Ankara,1,never_sold,False,0,1,-13.7253,-0.9999918398456829,0,1,C,2026-05-26,high,1
14.799800993518067,Buenos Aires,1,mostly_or_fully_sold|never_sold,False,0,2,195.37106300000002,13.20092500470564,1,2,C,2026-05-26,high,2
4.998945,Busan,1,never_sold,False,0,1,-4.9989,-0.9999909981005992,0,1,C,2026-05-26,high,1
257.62661000460406,London,3,mostly_or_fully_sold|never_sold|partially_sold,False,1,4,-77.196432,-0.2996446368588261,3,4,C,2026-05-26,high,3
1.2869700000000002,Los Angeles,1,never_sold,False,0,1,-1.2869,-0.9999456086777467,0,1,F,2026-05-26,high,1
27.947800000878004,Madrid,2,never_sold|partially_sold,False,1,2,-20.722,-0.7414537101077366,1,2,C,2026-05-26,high,1
28.999999999999996,Miami,0,mostly_or_fully_sold,False,0,1,-0.88611,-0.030555517241379313,1,1,F,2026-05-26,high,1
0.84,Moscow,1,never_sold,False,0,1,-0.84,-1.0,0,1,C,2026-05-26,high,1
49.98570000459401,Paris,0,mostly_or_fully_sold,False,0,1,-20.315199,-0.4064202161444754,1,1,C,2026-05-26,high,1
2.2,Qingdao,2,never_sold,False,1,2,-2.2,-1.0,0,2,C,2026-05-26,high,1
567.5350620223619,Seoul,1,mostly_or_fully_sold|never_sold,False,0,3,28.462903,0.05015179661072378,2,3,C,2026-05-26,high,3
67.189270000395,Shenzhen,0,mostly_or_fully_sold,False,1,2,-61.35514,-0.9131687247032049,2,2,C,2026-05-26,high,1
19.17339999834,Toronto,1,mostly_or_fully_sold|never_sold,False,0,2,-15.864322000000001,-0.8274130827799716,1,2,C,2026-05-26,high,2
1.284485,Ankara,1,never_sold,False,0,1,-1.2844,-0.9999338256188277,0,1,C,2026-05-27,high,1
11.0,Chengdu,1,never_sold,False,0,1,-11.0,-1.0,0,1,C,2026-05-27,high,1
0.3,Chongqing,1,never_sold,False,0,1,-0.3,-1.0,0,1,C,2026-05-27,high,1
18.66735000045473,Helsinki,2,mostly_or_fully_sold|never_sold,False,0,3,-18.179683,-0.9738759384463864,1,3,C,2026-05-27,high,3
22.5,Istanbul,1,never_sold,False,0,1,-22.5,-1.0,0,1,C,2026-05-27,high,1
7.199953999966483,Madrid,2,never_sold,False,0,2,-7.1999,-0.9999924999567382,0,2,C,2026-05-27,high,2
19.849760002331,Sao Paulo,2,mostly_or_fully_sold|never_sold,False,0,3,-11.740537,-0.5914699723634584,1,3,C,2026-05-27,high,3
67.733100002818,Seoul,1,partially_sold,False,0,1,-24.1299,-0.3562497508455406,1,1,C,2026-05-27,high,1
41.58649995767,Seoul,4,never_sold,False,0,4,-41.5856,-0.9999783593793439,0,4,C,2026-05-27,low,4
4.65,Shanghai,1,never_sold,False,0,1,-4.65,-1.0,0,1,C,2026-05-27,high,1
71.89415100149931,Shenzhen,2,never_sold|partially_sold,False,1,2,-67.6929,-0.9415633825147792,1,2,C,2026-05-27,high,1
72.18684,Tokyo,2,never_sold|partially_sold,False,0,2,-63.259299999999996,-0.8763273194947998,1,2,C,2026-05-27,high,2
22.7065719998189,Toronto,3,never_sold,False,0,3,-22.7022,-0.9998074566333071,0,3,C,2026-05-27,high,3
8.418639992963,Wuhan,1,never_sold,False,0,1,-8.4184,-0.9999714926682695,0,1,C,2026-05-27,high,1
17.5119800128,Buenos Aires,3,never_sold,False,0,3,-17.5111,-0.9999497479554365,0,3,C,2026-05-28,high,3
19.285302002768187,Busan,2,mostly_or_fully_sold|never_sold,False,1,2,-6.5952,-0.3419806440704602,1,2,C,2026-05-28,high,1
36.105760008879,London,5,never_sold,False,0,5,-36.1036,-0.9999401755044494,0,5,C,2026-05-28,high,5
9.9972,Paris,0,mostly_or_fully_sold,False,0,1,89.9748,9.0,1,1,C,2026-05-28,high,1
0.40152000000000004,Qingdao,1,never_sold,False,0,2,-0.4,-0.9962143853357242,0,2,C,2026-05-28,high,2
159.15339300844488,Seoul,3,mostly_or_fully_sold|never_sold|partially_sold,False,0,5,80.03054999999999,0.502851673390045,3,5,C,2026-05-28,high,5
0.005,Seoul,1,never_sold,False,0,1,-0.005,-1.0,0,1,C,2026-05-28,low,1
56.575700000824,Shenzhen,0,mostly_or_fully_sold,False,0,3,-30.627312999999997,-0.5413510217205253,3,3,C,2026-05-28,high,3
75.100100001693,Busan,0,mostly_or_fully_sold,False,0,1,-0.219947,-0.0029287178045707225,1,1,C,2026-05-29,high,1
35.76762101442227,London,1,mostly_or_fully_sold|never_sold,False,0,3,61.211327,1.711361428687647,2,3,C,2026-05-29,high,3
2.17256999708,London,2,never_sold,False,0,2,-2.1724,-0.9999217530020996,0,2,C,2026-05-29,low,2
155.105179999296,Seoul,2,mostly_or_fully_sold|partially_sold,False,0,4,-19.33508,-0.12465786120159081,4,4,C,2026-05-29,high,4
83.045907996204,Shenzhen,2,partially_sold,False,0,2,-50.3608,-0.6064212098481959,2,2,C,2026-05-29,high,2
20.3192,Taipei,0,mostly_or_fully_sold,False,0,1,-0.297214,-0.014627249104295444,1,1,C,2026-05-29,high,1
34.737300000385,Tokyo,0,mostly_or_fully_sold,False,1,2,-14.535450999999998,-0.4184392857199293,2,2,C,2026-05-29,high,1
31.243429997950997,Ankara,0,mostly_or_fully_sold,False,0,2,-14.260604,-0.45643528898508384,2,2,C,2026-05-30,high,2
7.299634001071505,Chengdu,0,mostly_or_fully_sold,False,1,1,-6.666466,-0.913260308533474,1,1,C,2026-05-30,high,0
2.3001,Istanbul,1,never_sold,False,1,1,-2.3001,-1.0,0,1,C,2026-05-30,high,0
46.493019996305,London,2,mostly_or_fully_sold|never_sold,False,0,3,-25.849609,-0.555989028074631,1,3,C,2026-05-30,high,3
0.9882,New York City,1,never_sold,False,0,1,-0.9882,-1.0,0,1,F,2026-05-30,high,1
13.266344000215032,Qingdao,2,never_sold,False,0,2,-13.266300000000001,-0.9999966833202102,0,2,C,2026-05-30,high,2
18.4254799975,Seattle,2,never_sold,False,1,2,-18.425,-0.9999739492539644,0,2,F,2026-05-30,high,1
54.9086999985,Seoul,1,mostly_or_fully_sold|partially_sold,False,0,2,-26.38842,-0.48058722935929793,2,2,C,2026-05-30,high,2
3.8,Seoul,0,mostly_or_fully_sold,False,0,2,0.5397909999999999,0.1420502631578947,2,2,C,2026-05-30,low,2
2.73,Tokyo,1,never_sold,False,0,1,-2.73,-1.0,0,1,C,2026-05-30,high,1
14.57946,Warsaw,0,mostly_or_fully_sold,False,0,1,-0.556365,-0.0381608783864423,1,1,C,2026-05-30,high,1
234.116000001666,Istanbul,1,mostly_or_fully_sold|never_sold,False,1,4,-106.969307,-0.4569072895455193,2,4,C,2026-05-31,high,3
76.36828800573734,London,3,mostly_or_fully_sold|never_sold,False,0,5,104.046144,1.3624260372601686,2,5,C,2026-05-31,high,5
63.19234900405673,Munich,2,mostly_or_fully_sold|never_sold,False,0,3,41.653892,0.659160367615484,1,3,C,2026-05-31,high,3
18.599849992097134,Qingdao,1,never_sold,False,0,1,-18.5966,-0.9998252678328848,0,1,C,2026-05-31,high,1
1.7117499999999999,Seattle,1,never_sold,False,0,1,-1.7117,-0.999970790127063,0,1,F,2026-05-31,high,1
33.10150000000001,Seoul,0,mostly_or_fully_sold|never_sold,False,1,2,22.703363,0.6858711236650905,1,2,C,2026-05-31,high,1
16.01048,Shenzhen,2,mostly_or_fully_sold|never_sold,False,0,3,-1.1786240000000001,-0.07361578166301073,1,3,C,2026-05-31,high,3
11.900699999999999,Toronto,1,never_sold,False,0,1,-11.9006,-0.999991597132942,0,1,C,2026-05-31,high,1
51.77738799943381,Warsaw,2,mostly_or_fully_sold|never_sold|partially_sold,False,0,3,-18.277487,-0.35300133332720196,2,3,C,2026-05-31,high,3
28.397299996097004,Istanbul,0,mostly_or_fully_sold,False,0,2,-4.553204,-0.16033932805674497,2,2,C,2026-06-01,high,2
168.76897600859658,London,3,mostly_or_fully_sold|never_sold,False,0,4,222.119002,1.3161127551587795,1,4,C,2026-06-01,high,4
2.1172,Los Angeles,1,never_sold,False,0,1,-2.1172,-1.0,0,1,F,2026-06-01,high,1
25.9199999995,Miami,2,never_sold,False,0,3,74.0801,2.8580285494378477,0,3,F,2026-06-01,high,3
11.165600000000001,Moscow,0,never_sold,False,0,1,54.5144,4.88235294117647,0,1,C,2026-06-01,high,1
26.147133999869148,Munich,3,never_sold,False,0,3,-26.1466,-0.9999795771165914,0,3,C,2026-06-01,high,3
36.673030004164,Paris,1,partially_sold,False,0,1,-35.4728,-0.9672721342079529,1,1,C,2026-06-01,high,1
17.603200003029,Sao Paulo,2,never_sold,False,0,2,-17.602800000000002,-0.9999772766866861,0,2,C,2026-06-01,high,2
9.04768,Seoul,2,never_sold,False,0,2,-9.047600000000001,-0.9999911579543045,0,2,C,2026-06-01,low,2
22.382,Shanghai,1,never_sold,False,0,1,-22.382,-1.0,0,1,C,2026-06-01,high,1
37.0,Taipei,0,mostly_or_fully_sold,False,0,1,-1.0,-0.02702702702702703,1,1,C,2026-06-01,high,1
21.997011000188905,Busan,2,never_sold,False,0,2,-21.9969,-0.9999949538512799,0,2,C,2026-06-02,high,2
77.163479994632,London,4,mostly_or_fully_sold|never_sold,False,0,5,9.077814999999994,0.11764392949399777,1,5,C,2026-06-02,high,5
79.148339999625,Miami,0,mostly_or_fully_sold,False,0,2,3.726304,0.04708000193077524,2,2,F,2026-06-02,high,2
79.196840016576,Milan,1,mostly_or_fully_sold|never_sold,False,0,6,18.440573,0.23284480790067336,5,6,C,2026-06-02,high,6
35.530219993517,Qingdao,4,never_sold|partially_sold,False,0,4,-33.3397,-0.9383476940498344,1,4,C,2026-06-02,high,4
59.66435,Seoul,0,mostly_or_fully_sold,False,0,2,-23.943088,-0.4012963855300527,2,2,C,2026-06-02,high,2
20.254926001028,Shenzhen,2,never_sold,False,0,2,-20.253300000000003,-0.999919723181022,0,2,C,2026-06-02,high,2
46.654359997528,Ankara,1,mostly_or_fully_sold|never_sold,False,1,2,-42.847591,-0.9184048608162303,1,2,C,2026-06-03,high,1
26.066399994532,Atlanta,1,partially_sold,False,0,1,-7.566599999999999,-0.29028174207359897,1,1,F,2026-06-03,high,1
5.984,Beijing,2,never_sold,False,1,2,-5.984,-1.0,0,2,C,2026-06-03,high,1
6.7797,Buenos Aires,2,never_sold,False,0,2,-6.7797,-1.0,0,2,C,2026-06-03,high,2
4.0,Chongqing,1,never_sold,False,0,1,-4.0,-1.0,0,1,C,2026-06-03,high,1
3.9999330000000004,Dallas,1,never_sold,False,0,1,-3.9999,-0.99999174986181,0,1,F,2026-06-03,high,1
3.78525,Hong Kong,1,never_sold,False,0,1,-3.7843,-0.9997490258239218,0,1,C,2026-06-03,low,1
51.77964900183465,London,2,never_sold|partially_sold,False,0,2,-34.7965,-0.6720111215656772,1,2,C,2026-06-03,high,2
26.828010033587002,Madrid,3,never_sold,False,0,3,-26.8275,-0.9999809887656087,0,3,C,2026-06-03,high,3
1.979535004372094,Milan,1,never_sold,False,0,1,-1.9795,-0.9999823168713781,0,1,C,2026-06-03,high,1
17.76604600063302,Moscow,1,mostly_or_fully_sold|never_sold,False,0,2,67.375285,3.792362408472846,1,2,C,2026-06-03,high,2
9.078000000000001,Munich,1,never_sold,False,0,1,-9.078,-0.9999999999999998,0,1,C,2026-06-03,high,1
53.832,New York City,2,never_sold,False,0,2,-53.8316,-0.9999925694754049,0,2,F,2026-06-03,high,2
5.599909000096683,Paris,1,never_sold,False,0,1,-5.5999,-0.9999983928137612,0,1,C,2026-06-03,high,1
28.187399999999997,Qingdao,0,partially_sold,False,0,1,82.802613,2.9375754060324826,1,1,C,2026-06-03,high,1
23.5,Seoul,1,partially_sold,False,1,1,-18.5418,-0.7890127659574467,1,1,C,2026-06-03,high,0
5.499380001709284,Shanghai,2,never_sold,False,0,2,-5.4993,-0.9999854525947909,0,2,C,2026-06-03,high,2
4.7540000000000004,Shenzhen,2,never_sold,False,0,2,-4.754,-0.9999999999999998,0,2,C,2026-06-03,high,2
86.970817004825,Tokyo,3,mostly_or_fully_sold|never_sold,False,0,4,119.44534300000001,1.3733956643568541,1,4,C,2026-06-03,high,4
21.777935998986003,Tokyo,5,never_sold,False,1,5,-21.7777,-0.999989163390598,0,5,C,2026-06-03,low,4
6.2899999994,Wuhan,1,never_sold,False,1,1,-6.2899,-0.9999841018441956,0,1,C,2026-06-03,high,0
1.265,Ankara,1,never_sold,False,0,1,-1.2649,-0.9999209486166007,0,1,C,2026-06-04,high,1
16.540277999524,Buenos Aires,3,never_sold,False,0,3,-16.5401,-0.9999892384200552,0,3,C,2026-06-04,high,3
2.04780000423,Hong Kong,1,never_sold,False,0,1,-2.0477,-0.9999511650406321,0,1,C,2026-06-04,low,1
9.417069,Miami,2,never_sold|partially_sold,False,0,2,0.7194999999999998,0.07640381524230096,1,2,F,2026-06-04,high,2
5.099758000048336,Moscow,1,never_sold,False,0,1,-5.0997,-0.9999886269018382,0,1,C,2026-06-04,high,1
10.0,Munich,1,never_sold,False,0,1,-10.0,-1.0,0,1,C,2026-06-04,high,1
12.1,Qingdao,1,never_sold,False,0,1,-12.1,-1.0,0,1,C,2026-06-04,high,1
2.2439999999999998,Sao Paulo,1,never_sold,False,0,1,-2.2439,-0.9999554367201428,0,1,C,2026-06-04,high,1
10.7930500085,Shenzhen,2,never_sold,False,1,2,-10.790000000000001,-0.9997174099538502,0,2,C,2026-06-04,high,1
8.482200003068,Taipei,1,never_sold,False,0,1,-8.4821,-0.9999882102440448,0,1,C,2026-06-04,high,1
30.81159999451,Tokyo,2,never_sold,False,0,2,-30.811500000000002,-0.9999967546472752,0,2,C,2026-06-04,high,2
16.25242999831,Warsaw,2,never_sold,False,0,2,-16.2523,-0.9999920013001126,0,2,C,2026-06-04,high,2
8.480359995498999,Wellington,1,never_sold,False,0,1,-8.4802,-0.9999811334071804,0,1,C,2026-06-04,high,1
12.23319899974411,Ankara,3,never_sold,False,0,3,-12.2331,-0.9999919072890001,0,3,C,2026-06-05,high,3
19.2269,Busan,0,mostly_or_fully_sold,False,0,1,-16.5866,-0.8626767705662379,1,1,C,2026-06-05,high,1
187.48767298712852,London,4,mostly_or_fully_sold|never_sold,False,1,5,157.10012099999997,0.8379224004278152,1,5,C,2026-06-05,high,4
15.82007801373945,Madrid,5,never_sold,False,0,5,-15.814499999999999,-0.9996474092141261,0,5,C,2026-06-05,high,5
39.098250003936,Moscow,2,mostly_or_fully_sold|never_sold,False,0,3,-11.857739,-0.3032805560045856,1,3,C,2026-06-05,high,3
3.1410560000519476,Qingdao,0,never_sold,False,1,2,9.155697,2.9148467903305706,0,2,C,2026-06-05,high,1
242.63825199335884,Seoul,0,mostly_or_fully_sold,False,0,5,-22.242853000000004,-0.09167084257023417,5,5,C,2026-06-05,high,5
12.399999999999999,Shenzhen,2,never_sold,False,0,2,-12.3997,-0.999975806451613,0,2,C,2026-06-05,high,2
75.44955999686,Taipei,3,mostly_or_fully_sold|never_sold,False,0,4,473.37294699999995,6.2740319097911295,1,4,C,2026-06-05,high,4
25.568916000463584,Warsaw,2,never_sold,False,0,2,-25.568800000000003,-0.9999954632232521,0,2,C,2026-06-05,high,2
15.267645994182331,Ankara,3,never_sold,False,0,3,-15.267500000000002,-0.9999904376756977,0,3,C,2026-06-06,high,3
57.04846400416619,Buenos Aires,2,never_sold,False,0,3,41.042576999999994,0.7194335152827724,0,3,C,2026-06-06,high,3
14.288859001102397,Chicago,2,never_sold,False,0,2,-14.2888,-0.9999958708317863,0,2,F,2026-06-06,high,2
11.812143993316827,Hong Kong,1,mostly_or_fully_sold|never_sold,False,0,2,282.343888,23.902848471856327,1,2,C,2026-06-06,high,2
11.377383999789732,Hong Kong,2,never_sold,False,1,2,-11.3767,-0.9999398807502898,0,2,C,2026-06-06,low,1
60.70566402933644,Istanbul,4,mostly_or_fully_sold|never_sold,False,0,5,159.344244,2.624866172668761,1,5,C,2026-06-06,high,5
3.430376,Moscow,1,never_sold,False,0,1,-3.4294,-0.9997154830840701,0,1,C,2026-06-06,high,1
39.772952002967,New York City,3,never_sold|partially_sold,False,0,3,-34.999900000000004,-0.8799925134395119,1,3,F,2026-06-06,high,3
2.9564,New York City,1,never_sold,False,0,1,-2.9564,-1.0,0,1,F,2026-06-06,low,1
15.47090001894,Paris,2,never_sold,False,1,2,-15.4704,-0.9999676800354609,0,2,C,2026-06-06,high,1
12.8185,Qingdao,2,never_sold,False,0,2,-12.818399999999999,-0.9999921987752076,0,2,C,2026-06-06,high,2
2.8663019999999997,San Francisco,1,never_sold,False,0,1,-2.8663,-0.9999993022368194,0,1,F,2026-06-06,high,1
67.07659399504445,Sao Paulo,1,mostly_or_fully_sold|never_sold,False,0,2,-57.211147999999994,-0.8529226752960458,1,2,C,2026-06-06,high,2
3.0999999999999996,Seattle,1,never_sold,False,0,1,-3.1,-1.0000000000000002,0,1,F,2026-06-06,high,1
28.179102000008196,Shanghai,3,never_sold,False,0,3,-28.1784,-0.9999750879212476,0,3,C,2026-06-06,high,3
8.0,Shenzhen,0,never_sold,False,0,1,-8.0,-1.0,0,1,C,2026-06-06,high,1
39.827148002411995,Taipei,0,never_sold,False,0,2,-39.827017,-0.9999967107257595,0,2,C,2026-06-06,high,2
8.786314,Buenos Aires,0,mostly_or_fully_sold,False,0,1,8.795137,1.0010041753572658,1,1,C,2026-06-07,high,1
20.48701998872,Hong Kong,2,never_sold|partially_sold,False,0,2,-16.59,-0.8097810227712147,1,2,C,2026-06-07,high,2
6.4430129896824715,Hong Kong,2,never_sold,False,0,2,-6.442699999999999,-0.9999514218451875,0,2,C,2026-06-07,low,2
16.340536997419907,Istanbul,1,partially_sold,False,0,1,-11.6508,-0.7129998238025841,1,1,C,2026-06-07,high,1
128.16165999708,London,2,partially_sold,False,0,2,-39.416799999999995,-0.3075553172524299,2,2,C,2026-06-07,high,2
8.09919,Seattle,1,never_sold,False,0,1,-8.0991,-0.9999888877776666,0,1,F,2026-06-07,high,1
24.022659996,Seoul,0,mostly_or_fully_sold,False,0,2,4.092420000000001,0.170356654953341,2,2,C,2026-06-07,high,2
549.28041499286,Seoul,3,never_sold|transform_affected,True,1,6,284.69160899999997,0.518299216992291,0,6,C,2026-06-07,low,5
49.77716198987248,Shenzhen,4,never_sold,False,0,4,-49.7746,-0.9999485308167427,0,4,C,2026-06-07,high,4
0.0504,Tokyo,1,never_sold,False,0,1,-0.0504,-1.0,0,1,C,2026-06-07,high,1
16.44209,Busan,1,mostly_or_fully_sold|never_sold,False,1,3,-3.969771,-0.2414395615155981,2,3,C,2026-06-08,high,2
25.224399999869,London,2,never_sold|partially_sold,False,1,2,-22.601,-0.8959975262094391,1,2,C,2026-06-08,high,1
0.8145799999999999,New York City,0,mostly_or_fully_sold,False,1,2,-0.157969,-0.19392693167030867,2,2,F,2026-06-08,high,1
8.592099998064999,Seattle,2,never_sold,False,0,2,-8.591999999999999,-0.999988361626957,0,2,F,2026-06-08,high,2
8.499387,Seoul,3,never_sold,False,1,3,-8.4993,-0.9999897639676837,0,3,C,2026-06-08,low,2
20.152859998604,Shanghai,1,never_sold,False,0,2,44.8472,2.225351637589235,0,2,C,2026-06-08,high,2
2.1,Shanghai,1,never_sold,False,0,1,-2.1,-1.0,0,1,C,2026-06-08,low,1
21.561387006972957,Shenzhen,2,mostly_or_fully_sold|never_sold,False,0,3,35.2519,1.6349551162269629,1,3,C,2026-06-08,high,3
45.369780000042,Hong Kong,3,mostly_or_fully_sold|never_sold,False,0,4,76.44771800000001,1.6849920365478792,1,4,C,2026-06-09,high,4
173.34713200261,London,4,mostly_or_fully_sold|never_sold|partially_sold,False,1,5,161.20573800000003,0.9299590719364934,2,5,C,2026-06-09,high,4
10.106560018715,Madrid,2,never_sold,False,1,2,-10.104800000000001,-0.9998258538304092,0,2,C,2026-06-09,high,1
19.8184,Moscow,1,never_sold,False,0,2,30.181599999999996,1.522908004682517,0,2,C,2026-06-09,high,2
3.5,Panama City,1,never_sold,False,1,1,-3.5,-1.0,0,1,C,2026-06-09,high,0
35.926000002,Qingdao,0,mostly_or_fully_sold,False,0,1,-11.184636,-0.3113242776645702,1,1,C,2026-06-09,high,1
11.886470002944002,Sao Paulo,0,mostly_or_fully_sold,False,0,1,-10.123399,-0.851674130123802,1,1,C,2026-06-09,high,1
97.591460018265,Seoul,5,never_sold,False,1,7,27.410349999999998,0.2808683259259564,0,7,C,2026-06-09,high,6
0.045228,Seoul,2,never_sold,False,0,2,-0.0452,-0.9993809144777571,0,2,C,2026-06-09,low,2
29.732000001600003,Shenzhen,1,mostly_or_fully_sold|partially_sold,False,0,2,18.948314,0.6373037131366982,2,2,C,2026-06-09,high,2
11.490199996314,Tokyo,3,never_sold,False,1,3,-11.489799999999999,-0.9999651880459757,0,3,C,2026-06-09,low,2
110.21676200563239,London,1,mostly_or_fully_sold|never_sold,False,1,4,-76.727227,-0.6961484406163104,3,4,C,2026-06-10,high,3
22.62674000282,Moscow,1,mostly_or_fully_sold|never_sold,False,0,2,37.113954,1.6402696100001344,1,2,C,2026-06-10,high,2
1.7936,Paris,1,never_sold,False,0,1,-1.7936,-1.0,0,1,C,2026-06-10,high,1
13.119799967346001,San Francisco,2,never_sold,False,0,2,-13.1197,-0.9999923804214813,0,2,F,2026-06-10,high,2
2.9243500015,Seoul,2,never_sold,False,0,2,-2.9242,-0.9999487060372653,0,2,C,2026-06-10,high,2
72.722856992727,Seoul,1,mostly_or_fully_sold|never_sold,False,1,3,-10.045368,-0.13813219688281272,2,3,C,2026-06-10,low,2
15.307000000000002,Shanghai,2,never_sold,False,0,2,-15.306999999999999,-0.9999999999999998,0,2,C,2026-06-10,high,2
1.60872,Shenzhen,1,never_sold,False,0,1,-1.6087,-0.9999875677557313,0,1,C,2026-06-10,high,1
60.178670003264,Taipei,2,partially_sold,False,0,2,-10.297,-0.17110713811789968,2,2,C,2026-06-10,high,2
44.025099998724,Ankara,2,never_sold,False,1,2,-44.0249,-0.9999954571659347,0,2,C,2026-06-11,high,1
33.537289987568,Buenos Aires,5,never_sold,False,0,5,-33.5362,-0.9999674992353763,0,5,C,2026-06-11,high,5
51.484090007757004,London,2,never_sold|partially_sold,False,0,2,-12.0087,-0.23325069935567808,1,2,C,2026-06-11,high,2
30.83259099766,Madrid,2,never_sold,False,1,2,-30.8312,-0.9999548854762124,0,2,C,2026-06-11,high,1
121.36941106522893,Moscow,2,mostly_or_fully_sold|never_sold,False,1,5,494.38842,4.073418628803392,2,5,C,2026-06-11,high,4
60.551090017485,Munich,3,never_sold,False,0,4,92.45008700000001,1.5268112757888208,0,4,C,2026-06-11,high,4
32.76270899937451,New York City,4,mostly_or_fully_sold|never_sold,False,0,5,-23.80529,-0.7265971199284674,1,5,F,2026-06-11,high,5
8.313459991742,New York City,1,never_sold,False,1,1,-8.3133,-0.9999807550956931,0,1,F,2026-06-11,low,0
113.291799993676,Qingdao,2,never_sold,False,1,2,-113.2902,-0.9999858772331618,0,2,C,2026-06-11,high,1
9.373900000499999,Sao Paulo,1,never_sold,False,0,1,-9.3738,-0.9999893320282919,0,1,C,2026-06-11,high,1
2.5316800028,Seoul,1,never_sold,False,0,1,-2.5315,-0.9999288998610405,0,1,C,2026-06-11,high,1
13.347424990434956,Seoul,1,never_sold,False,1,1,-13.3467,-0.9999456831234882,0,1,C,2026-06-11,low,0
3.829786999148935,Shanghai,0,never_sold,False,1,1,59.999996,15.66666658311111,0,1,C,2026-06-11,high,0
1.7600000080000002,Tel Aviv,1,never_sold,False,0,1,-1.7598,-0.9998863590914255,0,1,C,2026-06-11,high,1
0.3144,Tokyo,0,never_sold,False,0,1,7.5456,24.0,0,1,C,2026-06-11,high,1
34.2700360041803,Warsaw,3,never_sold|partially_sold,False,0,3,52.24119999999999,1.5243987486219026,2,3,C,2026-06-11,high,3
39.227500009621,Ankara,1,mostly_or_fully_sold|never_sold,False,1,3,89.310238,2.2767252049734403,1,3,C,2026-06-12,high,2
70.28710501108627,Beijing,4,never_sold,False,0,5,129.71349999999998,1.8454807603690675,0,5,C,2026-06-12,high,5
80.72144099854351,Buenos Aires,2,never_sold|partially_sold,False,0,3,198.46044600000002,2.4585840334983726,1,3,C,2026-06-12,high,3
41.12485899232019,Guangzhou,2,mostly_or_fully_sold|never_sold,False,1,4,-40.024018,-0.9732317381920806,2,4,C,2026-06-12,high,3
41.495998,Istanbul,2,mostly_or_fully_sold|never_sold,False,1,3,-14.11,-0.3400327906320026,1,3,C,2026-06-12,high,2
153.410889987517,London,4,mostly_or_fully_sold|never_sold,False,1,6,120.690877,0.7867164906599562,2,6,C,2026-06-12,high,5
45.833679996821004,Moscow,0,mostly_or_fully_sold,False,1,3,27.72233,0.60484626156841,3,3,C,2026-06-12,high,2
43.798800000628006,Munich,2,never_sold,False,0,2,-43.7973,-0.9999657524720316,0,2,C,2026-06-12,high,2
87.5183899990188,New York City,4,mostly_or_fully_sold|never_sold,False,0,5,114.45041900000001,1.3077299411161833,1,5,F,2026-06-12,high,5
106.772092999997,New York City,1,mostly_or_fully_sold|never_sold,False,1,3,9.178818,0.0859664519267245,2,3,F,2026-06-12,low,2
120.71070399218806,Panama City,1,never_sold|transform_affected,True,1,3,-20.7098,-0.17156556390674568,0,3,C,2026-06-12,high,2
52.426499987848004,Qingdao,2,never_sold,False,0,2,-52.426199999999994,-0.9999942779348596,0,2,C,2026-06-12,high,2
9.25254998998,San Francisco,2,never_sold,False,0,2,-9.2522,-0.9999621736731626,0,2,F,2026-06-12,high,2
35.255199993001,Sao Paulo,3,never_sold,False,0,3,-35.2539,-0.9999631262054602,0,3,C,2026-06-12,high,3
106.928593999396,Warsaw,4,mostly_or_fully_sold|never_sold|partially_sold,False,1,6,200.841444,1.8782763009222254,2,6,C,2026-06-12,high,5
6.0,Buenos Aires,1,never_sold,False,0,1,-6.0,-1.0,0,1,C,2026-06-13,high,1
9.654640003536999,Dallas,0,mostly_or_fully_sold,False,0,1,-3.820626,-0.3957295143682525,1,1,F,2026-06-13,high,1
32.671330003262,London,2,mostly_or_fully_sold|never_sold,False,0,3,-29.37076,-0.8989765643782344,1,3,C,2026-06-13,high,3
20.156071999540217,Moscow,1,never_sold,False,0,2,46.708242,2.3173285946322015,0,2,C,2026-06-13,high,2
56.193069995542004,Paris,2,never_sold|partially_sold,False,1,2,-44.865399999999994,-0.7984151783050708,1,2,C,2026-06-13,high,1
39.45690998624,Seoul,2,mostly_or_fully_sold|never_sold,False,0,3,-16.0065,-0.40567038842073605,1,3,C,2026-06-13,high,3
11.5585,Shenzhen,2,never_sold,False,0,2,-11.558499999999999,-0.9999999999999999,0,2,C,2026-06-13,high,2
2.258,Tel Aviv,1,never_sold,False,0,1,-2.258,-1.0,0,1,C,2026-06-13,high,1
46.10964498621222,Tokyo,4,never_sold,False,1,4,-46.108999999999995,-0.9999860119024465,0,4,C,2026-06-13,high,3
32.383046996811565,Warsaw,2,never_sold|partially_sold,False,0,2,-18.3094,-0.5654007790496905,1,2,C,2026-06-13,high,2
46.538643998270004,Ankara,4,never_sold,False,1,4,-46.5343,-0.9999066582543711,0,4,C,2026-06-14,high,3
11.498976000967682,Buenos Aires,0,mostly_or_fully_sold,False,0,1,-6.864115,-0.5969327181326719,1,1,C,2026-06-14,high,1
15.646400000848999,Chicago,0,never_sold,False,0,1,89.163648,5.69866857520975,0,1,F,2026-06-14,high,1
10.9428,Guangzhou,1,never_sold,False,0,1,-10.9428,-1.0,0,1,C,2026-06-14,high,1
66.59319799999896,Hong Kong,2,never_sold,False,0,2,-66.5927,-0.9999925217587693,0,2,C,2026-06-14,low,2
3.7993740000000003,London,0,mostly_or_fully_sold,False,0,1,0.4749,0.12499427537273244,1,1,C,2026-06-14,high,1
8.386999999079999,Munich,0,mostly_or_fully_sold,False,0,1,-1.887772,-0.22508310482974564,1,1,C,2026-06-14,high,1
51.50600000208,Qingdao,2,never_sold,False,0,3,163.294023,3.1703883623928397,0,3,C,2026-06-14,high,3
46.74762698800064,Seoul,3,never_sold,False,1,3,-46.7459,-0.9999630572049981,0,3,C,2026-06-14,high,2
106.92515399674502,Shanghai,1,never_sold|partially_sold,False,0,2,180.214396,1.685425638998715,1,2,C,2026-06-14,high,2
35.08132100001897,Taipei,3,never_sold,False,0,3,-35.0798,-0.9999566435933537,0,3,C,2026-06-14,high,3
50.43964098577045,Warsaw,2,never_sold,False,0,2,-50.438599999999994,-0.9999793617529762,0,2,C,2026-06-14,high,2
14.4,Ankara,0,mostly_or_fully_sold,False,0,1,54.0,3.75,1,1,C,2026-06-15,high,1
17.39229099996169,Atlanta,1,mostly_or_fully_sold|never_sold,False,0,2,78.560772,4.516988129980866,1,2,F,2026-06-15,high,2
70.951569989595,Beijing,3,mostly_or_fully_sold|never_sold,False,0,4,55.145034,0.777220771972868,1,4,C,2026-06-15,high,4
38.08177598652612,Istanbul,2,mostly_or_fully_sold|never_sold,False,0,3,22.364017,0.5872629734472655,1,3,C,2026-06-15,high,3
29.650409000646505,London,2,never_sold,False,0,2,-29.6499,-0.9999828332672749,0,2,C,2026-06-15,high,2
12.3,Madrid,1,never_sold,False,0,1,-12.3,-1.0,0,1,C,2026-06-15,high,1
14.3650000025,Moscow,1,partially_sold,False,0,1,0.6650999999999998,0.046300034798764336,1,1,C,2026-06-15,high,1
36.435099996764,Paris,2,mostly_or_fully_sold|never_sold|partially_sold,False,0,3,125.44256800000001,3.44290445233144,2,3,C,2026-06-15,high,3
51.634209003586975,Seoul,3,never_sold,False,0,3,-51.6299,-0.9999165475046461,0,3,C,2026-06-15,high,3
26.202100008471998,Seoul,0,mostly_or_fully_sold,False,1,2,-14.914433,-0.569207544249418,2,2,C,2026-06-15,low,1
40.128949986125,Shenzhen,2,mostly_or_fully_sold|never_sold,False,0,2,-35.846599999999995,-0.8932852719145238,1,2,C,2026-06-15,high,2
12.583244,Amsterdam,1,never_sold,False,0,1,-12.5819,-0.999893191294709,0,1,C,2026-06-16,high,1
2.5368589994790454,Ankara,2,never_sold,False,0,2,-2.5368000000000004,-0.9999767430988253,0,2,C,2026-06-16,high,2
3.1074300146800002,Beijing,1,never_sold,False,0,1,-3.1072,-0.9999259791277958,0,1,C,2026-06-16,high,1
7.266350010433,Buenos Aires,2,never_sold,False,0,2,-7.266,-0.999951831327627,0,2,C,2026-06-16,high,2
63.821329988887,London,1,mostly_or_fully_sold|never_sold,False,0,2,95.878146,1.5022900026792758,1,2,C,2026-06-16,high,2
12.1039699986,Madrid,0,mostly_or_fully_sold,False,0,1,-5.316935,-0.43927199097609965,1,1,C,2026-06-16,high,1
8.65741900655,Moscow,3,never_sold,False,0,3,-8.6554,-0.9997667888606901,0,3,C,2026-06-16,high,3
59.24142601058927,Munich,4,never_sold|partially_sold,False,0,4,-48.4804,-0.8183530219433651,1,4,C,2026-06-16,high,4
15.108800002466001,Paris,2,never_sold,False,0,2,-15.1085,-0.9999801438588138,0,2,C,2026-06-16,high,2
12.96072,Qingdao,2,never_sold,False,0,2,-12.960700000000001,-0.9999984568758526,0,2,C,2026-06-16,high,2
55.789462993386365,Seattle,5,never_sold,False,0,6,150.661573,2.7005381467439538,0,6,F,2026-06-16,high,6
24.680133995107745,Seoul,2,never_sold,False,0,2,-24.68,-0.9999945707301358,0,2,C,2026-06-16,high,2
4.525849999819,Shenzhen,1,mostly_or_fully_sold|never_sold,False,1,2,104.869366,23.171197897454398,1,2,C,2026-06-16,high,1
21.3216,Tokyo,1,never_sold,False,0,1,-21.3216,-1.0,0,1,C,2026-06-16,high,1
34.2,Atlanta,0,mostly_or_fully_sold,False,1,1,-1.614012,-0.04719333333333333,1,1,F,2026-06-17,high,0
13.600399999278,Guangzhou,2,never_sold,False,0,2,-13.6003,-0.9999926473281665,0,2,C,2026-06-17,high,2
10.932810995392,Helsinki,2,never_sold,False,0,2,-10.9327,-0.9999898474974052,0,2,C,2026-06-17,high,2
68.891689986992,London,2,never_sold|partially_sold,False,0,3,85.79880600000001,1.2454158987274138,1,3,C,2026-06-17,high,3
6.315099999999999,Munich,1,never_sold,False,0,1,-6.315,-0.9999841649380059,0,1,C,2026-06-17,high,1
6.1636000006,New York City,1,never_sold,False,0,1,-6.1634,-0.9999675513336395,0,1,F,2026-06-17,high,1
23.365599998272,Paris,1,never_sold,False,0,1,-23.3654,-0.9999914404820757,0,1,C,2026-06-17,high,1
5.3,Sao Paulo,1,never_sold,False,0,1,-5.3,-1.0,0,1,C,2026-06-17,high,1
25.488808988522734,Seoul,2,never_sold,False,0,3,187.011312,7.336996879069895,0,3,C,2026-06-17,high,3
29.310673990437,Shenzhen,2,mostly_or_fully_sold|never_sold,False,0,3,65.6897,2.2411528312665943,1,3,C,2026-06-17,high,3
9.814,Taipei,0,never_sold,False,0,1,60.286,6.142857142857143,0,1,C,2026-06-17,high,1
55.748139998978004,Ankara,1,mostly_or_fully_sold|partially_sold,False,0,3,-25.524811,-0.4578594191746654,3,3,C,2026-06-18,high,3
210.73217599753838,London,3,never_sold,False,0,3,-210.7236,-0.9999593038058959,0,3,C,2026-06-18,high,3
18.236399999614,Madrid,2,never_sold,False,1,2,-18.2361,-0.999983549405913,0,2,C,2026-06-18,high,1
7.199927001010175,Munich,1,never_sold,False,0,1,-7.1999,-0.9999962498216759,0,1,C,2026-06-18,high,1
29.777999998400002,Paris,1,never_sold,False,0,1,-29.7779,-0.9999966418698365,0,1,C,2026-06-18,high,1
25.205,Shenzhen,1,never_sold,False,0,2,119.79499999999999,4.752826820075382,0,2,C,2026-06-18,high,2
39.07709899205546,Guangzhou,3,never_sold,False,0,3,-39.0757,-0.9999641991833695,0,3,C,2026-06-19,high,3
628.1075559994271,London,2,never_sold|partially_sold|transform_affected,True,1,4,-134.45893,-0.2140699132110467,2,4,C,2026-06-19,high,3
50.0,Los Angeles,0,transform_affected,True,1,2,-1.5,-0.03,2,2,F,2026-06-19,high,1
49.027751995604,Munich,0,mostly_or_fully_sold,False,1,2,-11.892705999999999,-0.24257090149812172,2,2,C,2026-06-19,high,1
12.463550004992,Sao Paulo,2,never_sold,False,0,2,-12.4633,-0.9999799411089217,0,2,C,2026-06-19,high,2
75.39565999351599,Shanghai,2,mostly_or_fully_sold|never_sold|partially_sold,False,1,4,72.78048,0.9653139186825753,2,4,C,2026-06-19,high,3
17.3688729934,Shenzhen,3,never_sold,False,0,3,-17.3686,-0.9999842826071615,0,3,C,2026-06-19,high,3
24.757160009880998,Buenos Aires,2,never_sold|partially_sold,False,0,2,-13.3645,-0.5398236306048837,1,2,C,2026-06-20,high,2
8.999990003038967,Busan,1,never_sold,False,0,1,-8.9999,-0.9999899996512289,0,1,C,2026-06-20,high,1
1.25,Istanbul,1,never_sold,False,0,1,-1.2499,-0.99992,0,1,C,2026-06-20,high,1
56.468449,London,2,mostly_or_fully_sold|never_sold,False,1,3,-41.2904,-0.7312118666478691,1,3,C,2026-06-20,high,2
44.922149999300004,Madrid,2,never_sold,False,1,2,-44.921499999999995,-0.999985530538943,0,2,C,2026-06-20,high,1
66.32857799818515,Moscow,3,never_sold|partially_sold,False,1,3,-42.7923,-0.6451563005190742,1,3,C,2026-06-20,high,2
13.999727999777738,Munich,1,never_sold,False,0,1,-13.9997,-0.9999979999770183,0,1,C,2026-06-20,high,1
10.5,Sao Paulo,2,never_sold,False,1,2,-10.5,-1.0,0,2,C,2026-06-20,high,1
42.59756300004668,Seattle,2,never_sold,False,0,2,-42.5966,-0.9999773930718366,0,2,F,2026-06-20,high,2
14.308200005969999,Ankara,1,never_sold,False,0,1,-14.3081,-0.9999930105834446,0,1,C,2026-06-21,high,1
24.271999999374,Buenos Aires,0,mostly_or_fully_sold,False,1,2,-14.927321,-0.6150016892050507,2,2,C,2026-06-21,high,1
88.279349993962,Cape Town,2,mostly_or_fully_sold|never_sold,False,0,3,86.979675,0.9852777009113581,1,3,C,2026-06-21,high,3
4.999938,Chicago,1,never_sold,False,0,1,-4.9999,-0.9999923999057588,0,1,F,2026-06-21,high,1
12.7737,Hong Kong,1,never_sold,False,0,1,-12.7737,-1.0,0,1,C,2026-06-21,high,1
57.34340000008199,Istanbul,0,mostly_or_fully_sold,False,1,2,-23.577306,-0.41115988936767417,2,2,C,2026-06-21,high,1
176.409969993588,London,2,mostly_or_fully_sold|never_sold,False,0,3,-117.313313,-0.6650038714040029,1,3,C,2026-06-21,high,3
19.8902200037672,Madrid,2,never_sold,False,1,2,-19.889799999999997,-0.9999788839054006,0,2,C,2026-06-21,high,1
30.87900500659107,Sao Paulo,2,mostly_or_fully_sold|never_sold,False,0,3,58.227700999999996,1.8856728378252925,1,3,C,2026-06-21,high,3
5.799505000048332,Seattle,1,never_sold,False,0,1,-5.7994,-0.999981894998223,0,1,F,2026-06-21,high,1
37.12474599903389,Tokyo,1,never_sold,False,0,1,-37.1235,-0.9999664375068338,0,1,C,2026-06-21,high,1
392.55512995055597,Warsaw,4,never_sold|partially_sold,False,1,4,-153.9682,-0.3922205780864282,3,4,C,2026-06-21,high,3
17.31957000311,Hong Kong,2,never_sold,False,0,2,-17.319200000000002,-0.9999786367034555,0,2,C,2026-06-22,high,2
57.700439989994,London,3,never_sold,False,0,3,-57.6993,-0.9999802429583865,0,3,C,2026-06-22,high,3
33.523300000205,Moscow,0,mostly_or_fully_sold|transform_affected,True,1,3,83.715194,2.497224139612988,2,3,C,2026-06-22,high,2
67.563499999676,New York City,1,mostly_or_fully_sold|never_sold,False,1,2,-12.419195,-0.18381515167301216,1,2,F,2026-06-22,low,1
31.8675,Seoul,2,never_sold,False,0,2,-31.8675,-1.0,0,2,C,2026-06-22,high,2
108.021015017135,Shanghai,3,mostly_or_fully_sold|never_sold|partially_sold,False,0,4,237.00362600000003,2.1940510923953545,2,4,C,2026-06-22,high,4
102.27910600940999,Shenzhen,2,never_sold,False,0,2,-102.27669999999999,-0.999976476041844,0,2,C,2026-06-22,high,2
10.82,Warsaw,2,never_sold,False,1,2,-10.82,-1.0,0,2,C,2026-06-22,high,1
5.0117830001000625,Chongqing,2,never_sold,False,0,2,-5.011699999999999,-0.9999834390076223,0,2,C,2026-06-23,high,2
37.74026200219511,London,2,never_sold,False,0,2,-37.7345,-0.9998473247961348,0,2,C,2026-06-23,high,2
49.576629997915006,Moscow,2,never_sold,False,0,2,-49.5764,-0.9999953607593938,0,2,C,2026-06-23,high,2
111.74444901746577,New York City,3,never_sold|partially_sold,False,0,3,-58.826800000000006,-0.526440467667484,1,3,F,2026-06-23,high,3
19.399931000215588,Sao Paulo,2,never_sold,False,0,2,-19.3998,-0.9999932473875506,0,2,C,2026-06-23,high,2
12.145000000000001,Seoul,1,never_sold,False,0,1,-12.145,-0.9999999999999999,0,1,C,2026-06-23,high,1
2.1,Seoul,1,never_sold,False,1,1,-2.1,-1.0,0,1,C,2026-06-23,low,0
7.03,Shenzhen,1,mostly_or_fully_sold|never_sold,False,0,2,-1.02,-0.14509246088193456,1,2,C,2026-06-23,high,2
19.963000001999998,Tokyo,1,never_sold,False,0,2,120.0372,6.012984019835398,0,2,C,2026-06-23,high,2
5.34,Beijing,1,never_sold,False,0,1,-5.34,-1.0,0,1,C,2026-06-24,high,1
6.0,Istanbul,1,never_sold,False,0,1,-6.0,-1.0,0,1,C,2026-06-24,high,1
2.8920000000000003,Madrid,1,never_sold,False,1,1,-2.892,-0.9999999999999999,0,1,C,2026-06-24,high,0
1.467279,Milan,1,never_sold,False,0,1,-1.4672,-0.9999461588423197,0,1,C,2026-06-24,high,1
25.4400000026,Moscow,0,mostly_or_fully_sold,False,0,1,-1.860002,-0.07311328615604974,1,1,C,2026-06-24,high,1
27.987000000000002,Munich,0,mostly_or_fully_sold,False,0,1,71.3136,2.5480973309036337,1,1,C,2026-06-24,high,1
10.094009998226001,Sao Paulo,2,mostly_or_fully_sold|never_sold,False,1,3,-7.183871,-0.7116964418761769,1,3,C,2026-06-24,high,2
41.567870002324,Seoul,3,never_sold,False,0,3,-41.5668,-0.9999742589090098,0,3,C,2026-06-24,high,3
37.534400000552,Shanghai,1,never_sold,False,0,1,-37.5341,-0.9999920073172346,0,1,C,2026-06-24,high,1
34.25405999957,Busan,2,never_sold,False,1,2,-34.254,-0.9999982483953725,0,2,C,2026-06-25,high,1
27.269190000000002,Istanbul,2,never_sold,False,0,2,-27.2691,-0.9999966995719345,0,2,C,2026-06-25,high,2
362.7270259670842,London,4,mostly_or_fully_sold|never_sold|partially_sold,False,0,5,170.059898,0.46883713047461795,2,5,C,2026-06-25,high,5
29.267199988989,Madrid,1,partially_sold,False,0,1,-0.1477000000000004,-0.005046605075154731,1,1,C,2026-06-25,high,1
20.83639,Miami,1,mostly_or_fully_sold|never_sold,False,0,2,-8.6363,-0.41448158726151696,1,2,F,2026-06-25,high,2
112.77487599956913,New York City,1,mostly_or_fully_sold|never_sold,False,1,2,-36.708123,-0.32549912092246724,1,2,F,2026-06-25,high,1
107.22902900810821,Seoul,3,never_sold|partially_sold,False,0,3,-106.7008,-0.9950738245697602,1,3,C,2026-06-25,high,3
2.0510150016346915,Seoul,1,never_sold,False,0,1,-2.0508,-0.9998951730560137,0,1,C,2026-06-25,low,1
111.85000000000001,Tokyo,0,mostly_or_fully_sold,False,0,1,6.553,0.05858739383102369,1,1,C,2026-06-25,high,1
9.499106000107835,Amsterdam,2,never_sold,False,0,2,-9.4991,-0.99999936835026,0,2,C,2026-06-26,high,2
58.274805007033436,London,3,never_sold,False,0,4,-33.872800000000005,-0.5812597742010763,0,4,C,2026-06-26,high,4
0.65,Munich,1,never_sold,False,0,1,-0.65,-1.0,0,1,C,2026-06-26,high,1
6.163260000005,New York City,2,never_sold,False,0,2,-6.1631,-0.9999740397119382,0,2,F,2026-06-26,high,2
98.500738027522,Sao Paulo,7,mostly_or_fully_sold|never_sold,False,0,8,50.975378000000006,0.5175126503697568,1,8,C,2026-06-26,high,8
156.38839700452831,Amsterdam,2,mostly_or_fully_sold|never_sold,False,1,4,-33.673747,-0.21532126196692813,2,4,C,2026-06-27,high,3
46.86668600688768,Buenos Aires,3,mostly_or_fully_sold|never_sold|partially_sold,False,1,5,214.49200600000003,4.576641198152513,3,5,C,2026-06-27,high,4
0.11697000000000002,Dallas,1,never_sold,False,0,1,-0.1169,-0.9994015559545182,0,1,F,2026-06-27,high,1
35.912699991432,Istanbul,1,never_sold,False,0,1,-35.9124,-0.9999916466477855,0,1,C,2026-06-27,high,1
551.5900430105356,London,2,mostly_or_fully_sold|never_sold,False,1,4,141.57549,0.25666795801333175,1,4,C,2026-06-27,high,3
83.1334870098366,Milan,1,never_sold,False,0,2,-8.131599999999999,-0.09781377267427557,0,2,C,2026-06-27,high,2
119.56540201986199,Munich,3,mostly_or_fully_sold|never_sold,False,1,4,-108.74476600000001,-0.9095002748532182,1,4,C,2026-06-27,high,3
1.1498000000000002,New York City,1,never_sold,False,0,1,-1.1498,-0.9999999999999998,0,1,F,2026-06-27,low,1
7.0955999976160005,Paris,2,never_sold,False,1,2,-7.0954999999999995,-0.9999859070950963,0,2,C,2026-06-27,high,1
24.300580000000004,Seoul,1,mostly_or_fully_sold|never_sold,False,0,2,-2.410671,-0.09920220011209607,1,2,C,2026-06-27,high,2
6.8500000000000005,Shenzhen,1,never_sold,False,0,1,-6.85,-0.9999999999999999,0,1,C,2026-06-27,high,1
19.462500002000002,Taipei,1,never_sold,False,0,1,-19.4624,-0.9999948618111757,0,1,C,2026-06-27,high,1
61.6301,Tokyo,0,mostly_or_fully_sold,False,0,1,-6.14275,-0.09967126452820944,1,1,C,2026-06-27,high,1
39.43524500161395,Warsaw,1,never_sold,False,0,1,-39.434,-0.9999684292156952,0,1,C,2026-06-27,high,1
40.803250003168,Beijing,3,never_sold|partially_sold,False,1,4,-14.204606,-0.34812437732036394,2,4,C,2026-06-28,high,3
3.15,Buenos Aires,1,never_sold,False,1,1,-3.15,-1.0,0,1,C,2026-06-28,high,0
50.856240007001006,London,2,never_sold|partially_sold,False,1,2,-27.0653,-0.5321923130037557,1,2,C,2026-06-28,high,1
50.0,Los Angeles,0,transform_affected,True,1,2,-3.873195,-0.0774639,2,2,F,2026-06-28,high,1
10.291540015035,Mexico City,2,never_sold,False,0,2,-10.2911,-0.9999572449765188,0,2,C,2026-06-28,high,2
31.048057000284004,Milan,3,never_sold|partially_sold,False,1,3,-29.2395,-0.9417497526409636,1,3,C,2026-06-28,high,2
79.655790021049,Paris,3,mostly_or_fully_sold|never_sold,False,1,6,452.421204,5.67970267924589,2,6,C,2026-06-28,high,5
24.38602000548,Qingdao,0,mostly_or_fully_sold|never_sold,False,0,4,186.97745600000002,7.667403535221519,1,4,C,2026-06-28,high,4
50.666787941746,Sao Paulo,8,mostly_or_fully_sold|never_sold,False,0,9,151.94927800000002,2.998991729546844,1,9,C,2026-06-28,high,9
18.71885000478072,Shanghai,0,never_sold,False,0,2,81.28105000000001,4.342203179107752,0,2,C,2026-06-28,high,2
5.119657,Shenzhen,0,mostly_or_fully_sold,False,0,1,94.579191,18.473735838162593,1,1,C,2026-06-28,high,1
22.7109,Tokyo,2,never_sold,False,0,2,-22.7109,-1.0,0,2,C,2026-06-28,high,2
71.124056999443,Beijing,2,never_sold,False,0,3,127.666258,1.794979974230095,0,3,C,2026-06-29,high,3
5.6774000000000004,Buenos Aires,2,never_sold,False,0,2,-5.6774000000000004,-1.0,0,2,C,2026-06-29,high,2
4.9066000051,Busan,2,never_sold,False,0,2,-4.9062,-0.9999184761138907,0,2,C,2026-06-29,high,2
4.898672994357833,London,2,never_sold,False,1,2,-4.898,-0.9998626170069714,0,2,C,2026-06-29,high,1
20.974399998750002,Madrid,2,mostly_or_fully_sold|never_sold,False,0,3,-10.767199999999999,-0.5133496071707264,1,3,C,2026-06-29,high,3
23.946279994721998,Munich,3,never_sold,False,0,3,-23.9457,-0.9999757793393326,0,3,C,2026-06-29,high,3
7.7700000000000005,New York City,1,never_sold,False,0,1,-7.77,-0.9999999999999999,0,1,F,2026-06-29,high,1
33.315168999532304,Qingdao,3,never_sold,False,0,4,99.685447,2.9921939462891345,0,4,C,2026-06-29,high,4
70.510614025106,Sao Paulo,5,mostly_or_fully_sold|never_sold,False,0,6,561.572323,7.964365801722371,1,6,C,2026-06-29,high,6
8.804209999886,Seoul,1,never_sold,False,0,1,-8.8041,-0.9999875059902023,0,1,C,2026-06-29,high,1
4.5,Shanghai,1,never_sold,False,0,1,-4.5,-1.0,0,1,C,2026-06-29,high,1
16.04489599610084,Shenzhen,2,never_sold,False,0,2,-16.044800000000002,-0.9999940170319046,0,2,C,2026-06-29,high,2
17.53912699522393,Tokyo,2,never_sold,False,0,2,-17.5387,-0.9999756547048181,0,2,C,2026-06-29,high,2
36.87700000431,Beijing,2,never_sold,False,0,2,-36.8769,-0.9999972881657947,0,2,C,2026-06-30,high,2
27.138186001997,Buenos Aires,2,never_sold,False,0,2,-27.136899999999997,-0.9999526128239777,0,2,C,2026-06-30,high,2
3.159520011543,Chicago,1,never_sold,False,0,1,-3.1592,-0.999898715139695,0,1,F,2026-06-30,high,1
3.3336400002940003,Istanbul,1,partially_sold,False,0,1,0.9594999999999998,0.28782352021075447,1,1,C,2026-06-30,high,1
33.762299999999996,London,1,mostly_or_fully_sold|partially_sold,False,1,2,-24.545610000000003,-0.7270123777112343,2,2,C,2026-06-30,high,1
10.7268,Madrid,1,never_sold,False,0,1,-10.7267,-0.9999906775552819,0,1,C,2026-06-30,high,1
41.047989999256,Mexico City,4,never_sold,False,0,4,-41.0474,-0.9999856265981354,0,4,C,2026-06-30,high,4
1.0662,Milan,1,never_sold,False,0,1,-1.0662,-1.0,0,1,C,2026-06-30,high,1
15.171399995290002,Moscow,1,partially_sold,False,0,1,0.0495000000000001,0.0032627180098980645,1,1,C,2026-06-30,high,1
3.492,Munich,1,never_sold,False,0,1,-3.492,-1.0,0,1,C,2026-06-30,high,1
23.176799999568,New York City,1,never_sold,False,0,2,93.8234,4.0481602292701675,0,2,F,2026-06-30,high,2
14.95357602709,New York City,2,never_sold,False,0,3,40.047135000000004,2.6780975284741486,0,3,F,2026-06-30,low,3
155.656809981938,Qingdao,6,never_sold,False,0,7,202.14580499999997,1.2986634187316084,0,7,C,2026-06-30,high,7
34.337701996869114,Sao Paulo,3,never_sold,False,0,3,-34.3368,-0.9999737315889922,0,3,C,2026-06-30,high,3
29.580000006400002,Busan,1,never_sold|partially_sold,False,0,2,101.920068,3.44557363008615,1,2,C,2026-07-01,high,2
13.069409993754999,London,1,never_sold,False,0,1,-13.0693,-0.9999915838775392,0,1,C,2026-07-01,high,1
39.500547997905,Munich,0,mostly_or_fully_sold,False,0,2,-4.503839,-0.11401965867002328,2,2,C,2026-07-01,high,2
12.4400000025,New York City,1,never_sold,False,1,1,-12.4399,-0.9999919612138279,0,1,F,2026-07-01,high,0
4.47183999825,New York City,1,never_sold,False,0,1,-4.4716,-0.9999463312081617,0,1,F,2026-07-01,low,1
17.322570000359,Sao Paulo,3,never_sold,False,0,3,-17.3221,-0.9999728677465877,0,3,C,2026-07-01,high,3
73.648030001647,Seoul,0,mostly_or_fully_sold,False,0,4,-7.391303000000001,-0.10035981953400122,4,4,C,2026-07-01,high,4
71.02188399459865,London,2,never_sold|partially_sold,False,0,3,74.40455700000001,1.0476286014273941,2,3,C,2026-07-02,high,3
8.0,Madrid,1,never_sold,False,0,1,-8.0,-1.0,0,1,C,2026-07-02,high,1
7.351200001772,Miami,0,mostly_or_fully_sold,False,0,1,-1.69469,-0.2305324300238732,1,1,F,2026-07-02,high,1
73.472881999346,Moscow,4,never_sold,False,1,4,-73.4701,-0.9999621356986375,0,4,C,2026-07-02,high,3
24.548106005217694,New York City,2,never_sold,False,0,3,-19.546100000000003,-0.796236581178421,0,3,F,2026-07-02,high,3
3.837450002013,New York City,1,partially_sold,False,0,1,1.6914000000000002,0.44076144291463015,1,1,F,2026-07-02,low,1
47.14089001561099,Qingdao,6,never_sold,False,0,6,-47.14,-0.9999811200931782,0,6,C,2026-07-02,high,6
31.015061999304,Sao Paulo,4,never_sold,False,1,4,-31.0119,-0.9998980495572097,0,4,C,2026-07-02,high,3
3.68000001,Seoul,1,never_sold,False,0,1,-3.6798,-0.9999456494566694,0,1,C,2026-07-02,high,1
35.228200013874,Tokyo,2,never_sold,False,0,2,-35.2278,-0.9999886450663433,0,2,C,2026-07-02,high,2
23.6420000023,Warsaw,2,never_sold,False,0,2,-23.6419,-0.9999957701421203,0,2,C,2026-07-02,high,2
11.808299999599999,Amsterdam,1,never_sold,False,0,1,-11.8082,-0.9999915314143439,0,1,C,2026-07-03,high,1
15.439999997466,Ankara,1,never_sold,False,0,1,-15.4399,-0.9999935234801802,0,1,C,2026-07-03,high,1
50.520480006685,Buenos Aires,2,mostly_or_fully_sold|never_sold,False,1,5,-10.089757,-0.1997161744833956,4,5,C,2026-07-03,high,4
32.98350700672182,Cape Town,1,mostly_or_fully_sold|partially_sold,False,0,2,-9.135408000000002,-0.27696897113270175,2,2,C,2026-07-03,high,2
6.9269900049099995,Helsinki,0,never_sold,False,0,1,-6.926707,-0.999959144605406,0,1,C,2026-07-03,high,1
5.91,Hong Kong,1,partially_sold,False,0,1,-0.2160000000000002,-0.03654822335025384,1,1,C,2026-07-03,high,1
77.17186500411572,London,1,mostly_or_fully_sold|never_sold,False,0,2,38.14565400000001,0.4942948313866152,1,2,C,2026-07-03,high,2
27.629600004149,Moscow,1,partially_sold,False,0,1,-1.640699999999999,-0.059381967156731295,1,1,C,2026-07-03,high,1
3.4000000000000004,New York City,1,never_sold,False,0,1,-3.4,-0.9999999999999999,0,1,F,2026-07-03,high,1
15.882240008752001,Sao Paulo,1,mostly_or_fully_sold|never_sold,False,0,2,88.494541,5.571918126865893,1,2,C,2026-07-03,high,2
28.723788977939996,Shenzhen,3,never_sold|partially_sold,False,0,3,-20.3128,-0.7071768984098973,1,3,C,2026-07-03,high,3
27.837599989726,Tokyo,0,mostly_or_fully_sold,False,0,1,-1.78652,-0.06417650949289269,1,1,C,2026-07-03,high,1
6.50120000033,Wuhan,1,never_sold,False,0,1,-6.5011,-0.9999846181735688,0,1,C,2026-07-03,high,1
16.576995993687998,Beijing,4,never_sold,False,1,4,-16.576700000000002,-0.9999821443108203,0,4,C,2026-07-04,high,3
124.99296301643403,Busan,3,never_sold|partially_sold,False,0,3,-61.821000000000005,-0.49459584370259146,2,3,C,2026-07-04,high,3
100.488260951675,London,5,mostly_or_fully_sold|never_sold|partially_sold,False,1,8,-62.51836,-0.6221459044859499,4,8,C,2026-07-04,high,7
74.162917995915,New York City,4,never_sold|partially_sold,False,1,4,-45.7118,-0.6163700301344383,1,4,F,2026-07-04,high,3
4.49991,Paris,1,never_sold,False,0,1,-4.4999,-0.9999977777333325,0,1,C,2026-07-04,high,1
52.60236700534,Qingdao,2,never_sold,False,0,2,-52.6019,-0.9999911219709952,0,2,C,2026-07-04,high,2
522.836499998809,Seoul,0,mostly_or_fully_sold|transform_affected,True,2,4,27.473668,0.052547341281763194,3,4,C,2026-07-04,low,2
139.701266000314,Warsaw,2,mostly_or_fully_sold|partially_sold,False,0,3,353.45402,2.5300702715121104,3,3,C,2026-07-04,high,3
8.91,Amsterdam,0,mostly_or_fully_sold,False,1,1,-1.485,-0.16666666666666669,1,1,C,2026-07-05,high,0
14.49566700281701,Austin,2,never_sold,False,0,3,94.394543,6.51191442116157,0,3,F,2026-07-05,high,3
46.390108003356005,Buenos Aires,2,mostly_or_fully_sold|never_sold|partially_sold,False,0,3,-21.948710000000002,-0.47313341021780253,2,3,C,2026-07-05,high,3
13.00420000008,Cape Town,1,never_sold,False,1,1,-13.0041,-0.9999923101705602,0,1,C,2026-07-05,high,0
34.949340000051,Dallas,1,mostly_or_fully_sold|never_sold,False,0,2,1.0713570000000001,0.030654570300853654,1,2,F,2026-07-05,high,2
24.103002999488385,London,2,never_sold|partially_sold,False,0,2,-13.0256,-0.5404139890899273,1,2,C,2026-07-05,high,2
26.999781,Moscow,2,never_sold,False,0,2,-26.9997,-0.9999969999756665,0,2,C,2026-07-05,high,2
33.3,Munich,2,never_sold,False,0,2,-33.3,-1.0,0,2,C,2026-07-05,high,2
69.018727996127,New York City,4,never_sold,False,0,5,122.120227,1.7693781172966967,0,5,F,2026-07-05,high,5
27.841160043042997,New York City,5,never_sold,False,0,5,-27.8388,-0.9999152318711092,0,5,F,2026-07-05,low,5
18.600122995732036,Paris,1,mostly_or_fully_sold|never_sold,False,0,2,-2.694683,-0.14487447209990595,1,2,C,2026-07-05,high,2
29.557844001511796,Sao Paulo,2,never_sold,False,0,2,-29.556600000000003,-0.9999579129820251,0,2,C,2026-07-05,high,2
28.03991998767,Seoul,2,mostly_or_fully_sold|never_sold,False,0,3,-8.93947,-0.3188122506744297,1,3,C,2026-07-05,high,3
48.255112,Seoul,2,never_sold|partially_sold,False,1,2,-9.1538,-0.18969596423276358,1,2,C,2026-07-05,low,1
25.4599999955,Tokyo,2,never_sold,False,0,2,-25.459899999999998,-0.9999960724469749,0,2,C,2026-07-05,high,2
60.3730499908308,Warsaw,2,never_sold|partially_sold,False,0,2,-3.8094,-0.06309769012131332,1,2,C,2026-07-05,high,2
51.0882,Wuhan,2,never_sold,False,0,2,-51.0881,-0.9999980426008354,0,2,C,2026-07-05,high,2
1.451551001482854,Beijing,1,never_sold,False,0,1,-1.4515,-0.9999648641468319,0,1,C,2026-07-06,high,1
16.570939996428002,Hong Kong,2,never_sold,False,0,2,-16.5706,-0.9999794823692514,0,2,C,2026-07-06,high,2
52.557482005349,London,1,mostly_or_fully_sold|never_sold,False,1,3,-21.564651,-0.41030601499906855,2,3,C,2026-07-06,high,2
16.054988004920002,New York City,4,mostly_or_fully_sold|never_sold,False,0,5,104.611307,6.515813463575443,1,5,F,2026-07-06,high,5
13.358308003465309,New York City,4,never_sold,False,0,4,-13.3579,-0.9999694569502963,0,4,F,2026-07-06,low,4
35.487175948623,Sao Paulo,4,mostly_or_fully_sold|never_sold|partially_sold,False,0,5,-18.637309,-0.5251843377726758,2,5,C,2026-07-06,high,5
80.486820004797,Seoul,3,never_sold|partially_sold,False,0,3,-26.127300000000005,-0.3246158811895267,1,3,C,2026-07-06,high,3
4.326306000000001,Seoul,2,never_sold,False,1,2,-4.3262,-0.9999754987280141,0,2,C,2026-07-06,low,1
22.065469991651998,Wellington,2,never_sold,False,0,2,-22.0651,-0.9999832320973839,0,2,C,2026-07-06,high,2
129.13548799264333,Buenos Aires,2,never_sold|partially_sold,False,1,4,159.39460599999998,1.2343207005117018,1,4,C,2026-07-07,high,3
104.38177998882674,Hong Kong,2,mostly_or_fully_sold|never_sold,False,0,3,657.348291,6.2975386228359405,1,3,C,2026-07-07,high,3
21.301342995102978,London,2,never_sold,False,0,2,-21.2995,-0.9999134798635277,0,2,C,2026-07-07,high,2
58.74924,Qingdao,1,never_sold,False,0,2,91.25085,1.5532260502433735,0,2,C,2026-07-07,high,2
25.09842001204,Seoul,2,never_sold|partially_sold,False,0,2,-3.2761,-0.13053012892558247,1,2,C,2026-07-07,high,2
92.055129992314,Seoul,2,mostly_or_fully_sold|never_sold,False,2,4,7.116398,0.0773058275035207,2,4,C,2026-07-07,low,2
65.57220305681825,Shanghai,4,never_sold,False,0,4,-65.5701,-0.9999679276168831,0,4,C,2026-07-07,high,4
162.07499502383675,Shenzhen,4,mostly_or_fully_sold|never_sold,False,0,5,175.19651800000003,1.0809595766097877,1,5,C,2026-07-07,high,5
134.234500002332,Buenos Aires,3,mostly_or_fully_sold|never_sold|partially_sold,False,0,4,36.020376999999996,0.2683391899949285,2,4,C,2026-07-08,high,4
12.374080043905,Istanbul,2,never_sold,False,0,2,-12.373,-0.9999127172362577,0,2,C,2026-07-08,high,2
16.72429999898,Seoul,0,mostly_or_fully_sold,False,0,1,-0.635772,-0.038014864600537844,1,1,C,2026-07-08,high,1
0.53,Seoul,1,never_sold,False,0,1,-0.53,-1.0,0,1,C,2026-07-08,low,1
107.19302998952746,Shanghai,3,never_sold,False,0,4,275.321605,2.568465552535443,0,4,C,2026-07-08,high,4
46.5313810005,Warsaw,2,never_sold,False,0,2,-46.5302,-0.9999746192682314,0,2,C,2026-07-08,high,2
42.90188900053762,Ankara,1,partially_sold,False,0,1,-41.4005,-0.9650041283609025,1,1,C,2026-07-09,high,1
30.9471000005,New York City,2,mostly_or_fully_sold|never_sold,False,0,2,-22.148600000000002,-0.7156922619451307,1,2,F,2026-07-09,high,2
49.69051199496291,New York City,0,mostly_or_fully_sold,False,1,1,-5.994159,-0.12062984983144515,1,1,F,2026-07-09,low,0
95.841850976113,Qingdao,5,mostly_or_fully_sold|never_sold,False,0,6,508.024065,5.300649557849385,1,6,C,2026-07-09,high,6
134.151536978399,Sao Paulo,3,mostly_or_fully_sold|never_sold|partially_sold,False,1,6,-39.527026,-0.29464460035493006,3,6,C,2026-07-09,high,5
90.02948999456001,Shanghai,2,never_sold,False,0,3,143.651243,1.5956020966983158,0,3,C,2026-07-09,high,3
7.398990008170999,Tokyo,1,never_sold,False,0,1,-7.3983,-0.99990674292434,0,1,C,2026-07-09,high,1
26.105200005,Warsaw,1,never_sold,False,0,1,-26.1051,-0.999996169154039,0,1,C,2026-07-09,high,1
76.182,Beijing,2,never_sold,False,0,3,124.81825099999999,1.6384218188023416,0,3,C,2026-07-10,high,3
21.564459992270997,London,1,mostly_or_fully_sold|never_sold,False,0,2,-11.641732000000001,-0.5398573395379509,1,2,C,2026-07-10,high,2
83.08562199004265,Moscow,5,never_sold,False,0,5,-83.08,-0.9999323349827804,0,5,C,2026-07-10,high,5
61.827559998736,Qingdao,2,never_sold,False,0,2,-61.8274,-0.9999974121777407,0,2,C,2026-07-10,high,2
33.16706204177689,Sao Paulo,5,never_sold,False,1,5,-33.1649,-0.9999348135878251,0,5,C,2026-07-10,high,4
53.140269988029004,Tokyo,3,never_sold,False,0,3,-53.1393,-0.9999817466484603,0,3,C,2026-07-10,high,3
50.070500002896004,Warsaw,1,partially_sold,False,0,1,-28.2218,-0.5636412657826004,1,1,C,2026-07-10,high,1
21.729520027764,Beijing,3,never_sold,False,1,3,-21.7281,-0.9999346498329377,0,3,C,2026-07-11,high,2
13.021983998188148,Helsinki,3,never_sold,False,0,3,-13.021700000000001,-0.9999781908664466,0,3,C,2026-07-11,high,3
20.69719999172,London,0,never_sold,False,0,1,150.102968,7.25233210579447,0,1,C,2026-07-11,high,1
22.825297000095606,Moscow,3,never_sold,False,1,3,-22.8251,-0.9999913692209303,0,3,C,2026-07-11,high,2
7.570500006105,New York City,1,never_sold,False,0,1,-7.5703,-0.9999735808592776,0,1,F,2026-07-11,high,1
6.132509986816,Qingdao,1,partially_sold,False,0,1,-0.0040000000000000036,-0.0006522614734585705,1,1,C,2026-07-11,high,1
4.5,Sao Paulo,1,never_sold,False,1,1,-4.5,-1.0,0,1,C,2026-07-11,high,0
47.780789999855,Seoul,1,never_sold,False,0,2,120.999673,2.5323916368977404,0,2,C,2026-07-11,high,2
32.486460991116004,Shanghai,2,never_sold|partially_sold,False,0,2,-23.1815,-0.7135741873003462,1,2,C,2026-07-11,high,2
5.5989070004363,Ankara,1,never_sold,False,0,1,-5.5989,-0.9999987496780534,0,1,C,2026-07-12,high,1
19.113000002514,Buenos Aires,0,mostly_or_fully_sold,False,0,1,-0.606398,-0.0317269920954449,1,1,C,2026-07-12,high,1
9.843,Istanbul,1,never_sold,False,0,1,-9.843,-1.0,0,1,C,2026-07-12,high,1
66.90324400808716,London,3,never_sold,False,0,3,-66.8995,-0.9999440384671526,0,3,C,2026-07-12,high,3
20.937890016190998,Los Angeles,4,never_sold,False,0,4,-20.9352,-0.9998715240079626,0,4,F,2026-07-12,high,4
7.27468000873,Mexico City,2,never_sold,False,0,2,-7.274500000000001,-0.9999752554435682,0,2,C,2026-07-12,high,2
9.768965999999999,Moscow,2,never_sold,False,0,2,-9.7689,-0.9999932439113823,0,2,C,2026-07-12,high,2
29.457985004345275,New York City,2,never_sold,False,0,2,-29.4575,-0.9999835357257055,0,2,F,2026-07-12,high,2
122.25780000179199,Seoul,0,never_sold,False,0,1,245.532558,2.008318144088975,0,1,C,2026-07-12,high,1
39.360399997779,Seoul,0,mostly_or_fully_sold,False,1,1,-6.035868,-0.15334874646448177,1,1,C,2026-07-12,low,0
304.7929219614004,Shanghai,3,never_sold|partially_sold,False,0,3,-228.4215,-0.7494317733169925,1,3,C,2026-07-12,high,3
0.5,Toronto,1,never_sold,False,0,1,-0.5,-1.0,0,1,C,2026-07-12,high,1
74.893480007272,Warsaw,2,mostly_or_fully_sold|never_sold,False,1,4,43.899943,0.586165084006477,1,4,C,2026-07-12,high,3
140.6547449892128,Buenos Aires,8,mostly_or_fully_sold|never_sold,False,0,9,650.6702670000001,4.6260100720377535,1,9,C,2026-07-13,high,9
28.164836999153483,Busan,2,never_sold,False,0,2,-28.1647,-0.9999951358087573,0,2,C,2026-07-13,high,2
50.931687004145395,London,3,never_sold|partially_sold,False,0,4,37.101298,0.7284521715720957,1,4,C,2026-07-13,high,4
13.479470022213,Paris,2,never_sold,False,1,2,-13.4793,-0.9999873865802795,0,2,C,2026-07-13,high,1
17.872599995939996,Seoul,1,never_sold,False,0,1,-17.8725,-0.99999440507033,0,1,C,2026-07-13,high,1
78.090540000014,Seoul,0,mostly_or_fully_sold|transform_affected,True,2,3,14.357516,0.1838573020496135,2,3,C,2026-07-13,low,1
35.858579993959,Tokyo,1,mostly_or_fully_sold|never_sold,False,0,2,352.928634,9.842236755037622,1,2,C,2026-07-13,high,2
57.472361024436005,Warsaw,5,never_sold,False,0,6,-40.3986,-0.7029222269609454,0,6,C,2026-07-13,high,6
12.06645399924232,Wuhan,1,never_sold,False,0,1,-12.0662,-0.9999789499680407,0,1,C,2026-07-13,high,1
41.810195008113496,Buenos Aires,3,never_sold,False,0,3,-41.808,-0.9999475006487516,0,3,C,2026-07-14,high,3
27.669925966856,Helsinki,2,never_sold|partially_sold,False,0,2,-16.2691,-0.5879704925661058,1,2,C,2026-07-14,high,2
52.299440007513,Hong Kong,2,never_sold,False,0,3,132.101358,2.525865630320768,0,3,C,2026-07-14,high,3
115.52373700200621,London,5,mostly_or_fully_sold|never_sold,False,0,6,-110.590844,-0.9572997452296704,1,6,C,2026-07-14,high,6
4.999631,Madrid,1,never_sold,False,1,1,-4.9996,-0.9999937995424063,0,1,C,2026-07-14,high,0
56.386080011785,Mexico City,2,mostly_or_fully_sold|never_sold,False,0,3,35.77606,0.634483900858556,1,3,C,2026-07-14,high,3
1.9973160000831998,San Francisco,4,never_sold,False,0,4,-1.9971,-0.9998918548275832,0,4,F,2026-07-14,high,4
39.4215000035,Seoul,1,partially_sold,False,0,1,-12.7713,-0.3239678855159269,1,1,C,2026-07-14,high,1
6.6743100080060005,Shanghai,1,never_sold,False,0,1,-6.674,-0.9999535520517284,0,1,C,2026-07-14,high,1
142.31394100238754,Shenzhen,3,never_sold,False,0,3,-142.2928,-0.9998514481277194,0,3,C,2026-07-14,high,3
22.958460023458002,Buenos Aires,1,mostly_or_fully_sold|never_sold,False,0,2,-3.85603,-0.167956822716335,1,2,C,2026-07-15,high,2
23.84245599482399,Mexico City,2,never_sold,False,0,2,-23.8402,-0.9999053790924693,0,2,C,2026-07-15,high,2
14.487380005551998,Sao Paulo,1,partially_sold,False,0,1,-3.5219,-0.24310123698351963,1,1,C,2026-07-15,high,1
13.949049987862999,Seoul,2,never_sold,False,0,2,-13.9485,-0.9999605716616201,0,2,C,2026-07-15,high,2
6.2041000317499995,Seoul,2,never_sold,False,0,2,-6.2035,-0.9999032846429089,0,2,C,2026-07-15,low,2
8.858500000000001,Shenzhen,2,never_sold,False,0,2,-8.8584,-0.999988711407123,0,2,C,2026-07-15,high,2
5.430280004976,Tokyo,1,never_sold,False,0,1,-5.4302,-0.9999852668783329,0,1,C,2026-07-15,high,1
46.933482997540594,Buenos Aires,2,never_sold,False,0,3,124.218121,2.6466844791065105,0,3,C,2026-07-16,high,3
84.66224399732808,Hong Kong,2,mostly_or_fully_sold|never_sold,False,1,4,-59.854017,-0.7069741383406868,2,4,C,2026-07-16,high,3
6.887210002323,Los Angeles,1,never_sold,False,0,1,-6.8865,-0.9998969100226709,0,1,F,2026-07-16,high,1
6.1309000000000005,Lucknow,3,never_sold,False,1,3,-6.1304,-0.9999184459051688,0,3,C,2026-07-16,high,2
75.69076599405061,New York City,3,never_sold,False,0,3,-75.686,-0.9999370333489428,0,3,F,2026-07-16,high,3
20.96688700594675,Qingdao,2,never_sold,False,1,2,-20.9661,-0.9999624643397694,0,2,C,2026-07-16,high,1
68.65038601960401,Sao Paulo,3,never_sold,False,2,4,-5.649068000000001,-0.08228749068340031,0,4,C,2026-07-16,high,2
59.75683198968539,Seattle,3,never_sold|partially_sold,False,0,4,78.14849000000001,1.3077749840133628,1,4,F,2026-07-16,high,4
24.85118998875,Shenzhen,2,never_sold,False,1,2,-24.8509,-0.9999883309913878,0,2,C,2026-07-16,high,1
22.258669997193,Buenos Aires,2,never_sold,False,0,2,-22.2584,-0.9999878700212982,0,2,C,2026-07-17,high,2
1.25289,Busan,1,never_sold,False,0,1,-1.2528,-0.9999281660800229,0,1,C,2026-07-17,high,1
51.476899999335004,Hong Kong,1,mostly_or_fully_sold|never_sold,False,1,3,224.37163099999998,4.3586857600768205,1,3,C,2026-07-17,high,2
24.0,Munich,0,mostly_or_fully_sold,False,0,1,-7.47708,-0.311545,1,1,C,2026-07-17,high,1
19.799860000000002,New York City,2,never_sold,False,0,2,-19.7998,-0.9999969696755431,0,2,F,2026-07-17,high,2
2.499975,Sao Paulo,1,never_sold,False,1,1,-2.4999,-0.9999699996999969,0,1,C,2026-07-17,high,0
110.67856805996578,Shenzhen,6,mostly_or_fully_sold|never_sold,False,0,7,84.792156,0.7661117909843169,1,7,C,2026-07-17,high,7
9.999688,Tokyo,1,never_sold,False,0,1,-9.9996,-0.9999911997254313,0,1,C,2026-07-17,high,1
14.700000000000001,Wellington,0,never_sold,False,0,1,90.3,6.142857142857142,0,1,C,2026-07-17,high,1
23.04145911068504,Amsterdam,2,never_sold,False,0,2,-23.0302,-0.9995113542666307,0,2,C,2026-07-18,high,2
14.999999999999998,Ankara,1,never_sold,False,0,1,-15.0,-1.0000000000000002,0,1,C,2026-07-18,high,1
26.649930000528,Chongqing,1,never_sold,False,0,2,59.630207,2.237537096675998,0,2,C,2026-07-18,high,2
10.47746000381,Hong Kong,2,never_sold,False,1,2,-10.4772,-0.9999751844617011,0,2,C,2026-07-18,high,1
55.68562099347823,London,4,never_sold,False,0,5,356.021605,6.393420754734807,0,5,C,2026-07-18,high,5
30.050677000000004,Moscow,3,never_sold,False,1,3,-30.0502,-0.9999841268135156,0,3,C,2026-07-18,high,2
73.445065991056,New York City,1,mostly_or_fully_sold|never_sold,False,0,2,-25.99686,-0.35396332822637605,1,2,F,2026-07-18,high,2
3.99984,New York City,1,never_sold,False,0,1,-3.9998,-0.999989999599984,0,1,F,2026-07-18,low,1
43.5,Seoul,1,partially_sold,False,0,1,1.5006999999999984,0.03449885057471261,1,1,C,2026-07-18,high,1
4.967380001724001,Seoul,1,never_sold,False,0,1,-4.9673,-0.9999838945834679,0,1,C,2026-07-18,low,1
19.521400009132,Taipei,1,never_sold,False,0,1,-19.5213,-0.9999948769487867,0,1,C,2026-07-18,high,1
27.278700999999998,Tokyo,1,never_sold,False,1,1,-27.2786,-0.999996297477655,0,1,C,2026-07-18,high,0
70.777199995991,Wellington,1,never_sold,False,1,3,84.223,1.1899736073872744,0,3,C,2026-07-18,high,2
4.566570999994643,Ankara,1,mostly_or_fully_sold|never_sold,False,1,2,-2.882293,-0.6311722734636955,1,2,C,2026-07-19,high,1
70.27432802412534,London,3,mostly_or_fully_sold|never_sold,False,0,4,67.844827,0.9654283279195315,1,4,C,2026-07-19,high,4
7.0004699995749995,Moscow,0,mostly_or_fully_sold,False,0,1,-0.408453,-0.05834651102351661,1,1,C,2026-07-19,high,1
15.713500000000002,New York City,1,mostly_or_fully_sold|never_sold,False,0,2,20.183718,1.2844826423139337,1,2,F,2026-07-19,high,2
7.621599997312,Seoul,1,never_sold,False,0,2,-7.6213,-0.9999606385388756,0,2,C,2026-07-19,low,2
12.949999998,Beijing,0,mostly_or_fully_sold,False,0,3,51.492155,3.976228185942275,1,1,C,2026-07-20,high,3
0,London,0,,False,0,1,0,nan,0,0,C,2026-07-20,high,1
4.647610002564,Munich,0,mostly_or_fully_sold,False,0,1,0.516069,0.11103965257740954,1,1,C,2026-07-20,high,1
0,Sao Paulo,0,,False,0,2,0,nan,0,0,C,2026-07-20,high,2
0,Seoul,0,,False,0,3,0,nan,0,0,C,2026-07-20,high,3
0,Seoul,0,,False,0,3,0,nan,0,0,C,2026-07-20,low,3
0,Shenzhen,0,,False,0,1,0,nan,0,0,C,2026-07-20,high,1
0,Wuhan,0,,False,0,2,0,nan,0,0,C,2026-07-20,high,2
0,Wuhan,0,,False,0,4,0,nan,0,0,C,2026-07-21,high,4
