actual_minus_equal_amount,actual_minus_main_bucket,actual_minus_original_hold,actual_trade_pnl_v2,basket_key,bucket_count,buckets,city,equal_amount_basket_same_input_pnl,equal_payout_basket_same_input_pnl,evaluable,liquidity_limit,main_bucket,main_bucket_only_same_input_pnl,non_simultaneous_fill_limit,not_evaluable_reason,original_shares_hold_to_resolution_pnl,settled_yes_bucket_count,total_input_usd,unit,weather_date,weather_metric,winner_buckets
,,,,Ankara|2026-01-31|high|C,2,,Ankara,,,False,,,,,requires at least two settled adjacent non-overlapping exact/range YES buckets,,2,,C,2026-01-31,high,
,,,,London|2026-01-31|high|C,2,,London,,,False,,,,,requires at least two settled adjacent non-overlapping exact/range YES buckets,,2,,C,2026-01-31,high,
,,,,New York City|2026-02-09|high|F,2,,New York City,,,False,,,,,requires at least two settled adjacent non-overlapping exact/range YES buckets,,2,,F,2026-02-09,high,
,,,,Seoul|2026-02-09|high|C,2,,Seoul,,,False,,,,,requires at least two settled adjacent non-overlapping exact/range YES buckets,,2,,C,2026-02-09,high,
,,,,Ankara|2026-02-10|high|C,2,,Ankara,,,False,,,,,requires at least two settled adjacent non-overlapping exact/range YES buckets,,2,,C,2026-02-10,high,
,,,,Dallas|2026-02-10|high|F,3,,Dallas,,,False,,,,,requires at least two settled adjacent non-overlapping exact/range YES buckets,,3,,F,2026-02-10,high,
86.47,86.47,86.47,83.0112,Ankara|2026-02-11|high|C,3,4°C|5°C|6°C,Ankara,-3.4588,-3.4588,True,counterfactual assumes all target shares could be filled at observed weighted average prices,4°C,-3.4588,counterfactual ignores that original fills occurred at different times and market states,,-3.4588,,3.4588,C,2026-02-11,high,
,,,,London|2026-02-11|high|C,3,,London,,,False,,,,,requires at least two settled adjacent non-overlapping exact/range YES buckets,,3,,C,2026-02-11,high,
73.72339399999998,73.72339399999998,73.72339399999998,70.14625799999999,New York City|2026-02-11|high|F,3,between 34-35°F|between 36-37°F|between 38-39°F,New York City,-3.5771360000000003,-3.5771360000000003,True,counterfactual assumes all target shares could be filled at observed weighted average prices,between 34-35°F,-3.5771360000000003,counterfactual ignores that original fills occurred at different times and market states,,-3.5771360000000003,,3.5771360000000003,F,2026-02-11,high,
5.5797,5.5797,5.5797,3.5797,Dallas|2026-02-13|high|F,2,between 64-65°F|between 66-67°F,Dallas,-2.0,-2.0,True,counterfactual assumes all target shares could be filled at observed weighted average prices,between 64-65°F,-2.0,counterfactual ignores that original fills occurred at different times and market states,,-2.0,,2.0,F,2026-02-13,high,
50.799765,50.799765,50.799765,47.80006,Seattle|2026-02-13|high|F,2,between 38-39°F|between 40-41°F,Seattle,-2.999705,-2.999705,True,counterfactual assumes all target shares could be filled at observed weighted average prices,between 40-41°F,-2.999705,counterfactual ignores that original fills occurred at different times and market states,,-2.999705,,2.999705,F,2026-02-13,high,
124.9951,124.9951,124.9951,122.4951,Seoul|2026-02-13|high|C,2,4°C|5°C,Seoul,-2.5,-2.5,True,counterfactual assumes all target shares could be filled at observed weighted average prices,4°C,-2.5,counterfactual ignores that original fills occurred at different times and market states,,-2.5,,2.5,C,2026-02-13,high,
,,,,Seoul|2026-02-14|high|C,3,,Seoul,,,False,,,,,requires at least two settled adjacent non-overlapping exact/range YES buckets,,3,,C,2026-02-14,high,
,,,,Buenos Aires|2026-02-15|high|C,2,,Buenos Aires,,,False,,,,,requires at least two settled adjacent non-overlapping exact/range YES buckets,,2,,C,2026-02-15,high,
,,,,London|2026-02-15|high|C,4,,London,,,False,,,,,requires at least two settled adjacent non-overlapping exact/range YES buckets,,4,,C,2026-02-15,high,
,,,,Seoul|2026-02-15|high|C,2,,Seoul,,,False,,,,,requires at least two settled adjacent non-overlapping exact/range YES buckets,,2,,C,2026-02-15,high,
15.394774146341465,65.78014,5.780140000000003,45.12214,Buenos Aires|2026-02-16|high|C,3,32°C|33°C|34°C,Buenos Aires,29.727365853658537,30.76372147255338,True,counterfactual assumes all target shares could be filled at observed weighted average prices,32°C,-20.657999999999998,counterfactual ignores that original fills occurred at different times and market states,,39.342,,20.657999999999998,C,2026-02-16,high,33°C
,,,,London|2026-02-16|high|C,4,,London,,,False,,,,,requires at least two settled adjacent non-overlapping exact/range YES buckets,,4,,C,2026-02-16,high,
3.9886007530864216,-23.723659740740743,-0.8252689999999987,-4.6022,Buenos Aires|2026-02-17|high|C,3,31°C|32°C|33°C,Buenos Aires,-8.590800753086421,3.3541391149425266,True,counterfactual assumes all target shares could be filled at observed weighted average prices,31°C,19.121459740740743,counterfactual ignores that original fills occurred at different times and market states,,-3.776931000000001,,22.446931000000003,C,2026-02-17,high,31°C
10.565416666666668,2.3362500000000006,8.93,6.78,Sao Paulo|2026-02-18|high|C,3,31°C|32°C|33°C,Sao Paulo,-3.7854166666666673,2.648804913873681,True,counterfactual assumes all target shares could be filled at observed weighted average prices,31°C,4.44375,counterfactual ignores that original fills occurred at different times and market states,,-2.1500000000000004,,7.9,C,2026-02-18,high,31°C
0.5499999999999998,0.5499999999999998,0.5499999999999998,-2.466,Ankara|2026-02-19|high|C,2,6°C|7°C,Ankara,-3.016,-3.016,True,counterfactual assumes all target shares could be filled at observed weighted average prices,6°C,-3.016,counterfactual ignores that original fills occurred at different times and market states,,-3.016,,3.016,C,2026-02-19,high,
13.608043445692886,0.8585303370786521,10.7528,2.9622,Buenos Aires|2026-02-19|high|C,3,31°C|32°C|33°C,Buenos Aires,-10.645843445692885,-2.5357032875855996,True,counterfactual assumes all target shares could be filled at observed weighted average prices,32°C,2.103669662921348,counterfactual ignores that original fills occurred at different times and market states,,-7.790600000000001,,17.0206,C,2026-02-19,high,32°C
-3.0376832857142855,13.684281,7.684281,4.319981,Dallas|2026-02-19|high|F,2,between 78-79°F|between 80-81°F,Dallas,7.357664285714286,13.475456097560976,True,counterfactual assumes all target shares could be filled at observed weighted average prices,between 80-81°F,-9.3643,counterfactual ignores that original fills occurred at different times and market states,,-3.3643,,9.3643,F,2026-02-19,high,between 78-79°F
0.00027799717347765096,0.00027799717347765096,0.00027799717347765096,-4.153412,Miami|2026-02-20|high|F,2,between 84-85°F|between 86-87°F,Miami,-4.153689997173478,-4.153689997173478,True,counterfactual assumes all target shares could be filled at observed weighted average prices,between 84-85°F,-4.153689997173478,counterfactual ignores that original fills occurred at different times and market states,,-4.153689997173478,,4.153689997173478,F,2026-02-20,high,
-0.515276271388263,-54.182495543972536,-2.7180529988040014,21.033644,Sao Paulo|2026-02-20|high|C,2,32°C|33°C,Sao Paulo,21.548920271388262,48.331161407614964,True,counterfactual assumes all target shares could be filled at observed weighted average prices,32°C,75.21613954397253,counterfactual ignores that original fills occurred at different times and market states,,23.751696998804,,32.118299001196,C,2026-02-20,high,32°C
,,,,Seoul|2026-02-20|high|C,2,,Seoul,,,False,,,,,requires at least two settled adjacent non-overlapping exact/range YES buckets,,2,,C,2026-02-20,high,
,,,,Ankara|2026-02-21|high|C,2,,Ankara,,,False,,,,,requires at least two settled adjacent non-overlapping exact/range YES buckets,,2,,C,2026-02-21,high,
11.55274344301915,-37.07740967094256,0.6878199999999985,17.27902,Buenos Aires|2026-02-21|high|C,3,31°C|32°C|33°C,Buenos Aires,5.726276556980849,9.182807056765167,True,counterfactual assumes all target shares could be filled at observed weighted average prices,31°C,54.35642967094255,counterfactual ignores that original fills occurred at different times and market states,,16.5912,,18.5888,C,2026-02-21,high,31°C
,,,,Chicago|2026-02-21|high|F,2,,Chicago,,,False,,,,,requires at least two settled adjacent non-overlapping exact/range YES buckets,,2,,F,2026-02-21,high,
2.0,2.0,2.0,-2.625,New York City|2026-02-21|high|F,2,between 48-49°F|between 50-51°F,New York City,-4.625,-4.625,True,counterfactual assumes all target shares could be filled at observed weighted average prices,between 48-49°F,-4.625,counterfactual ignores that original fills occurred at different times and market states,,-4.625,,4.625,F,2026-02-21,high,
,,,,Sao Paulo|2026-02-21|high|C,2,,Sao Paulo,,,False,,,,,requires at least two settled adjacent non-overlapping exact/range YES buckets,,2,,C,2026-02-21,high,
20.072249,20.072249,20.072249,3.613249,London|2026-02-22|high|C,2,15°C|16°C,London,-16.459,-16.459,True,counterfactual assumes all target shares could be filled at observed weighted average prices,15°C,-16.459,counterfactual ignores that original fills occurred at different times and market states,,-16.459,,16.459,C,2026-02-22,high,
19.84777738095238,-55.37031785714285,-2.513174999999997,33.763125,Miami|2026-02-22|high|F,3,between 88-89°F|between 90-91°F|between 92-93°F,Miami,13.915347619047623,58.07748686868687,True,counterfactual assumes all target shares could be filled at observed weighted average prices,between 88-89°F,89.13344285714285,counterfactual ignores that original fills occurred at different times and market states,,36.2763,,23.6937,F,2026-02-22,high,between 88-89°F
104.89524866633396,87.10338200003291,96.29118199948448,88.70465,Sao Paulo|2026-02-22|high|C,3,27°C|28°C|29°C,Sao Paulo,-16.190598666333955,-1.5972698333546305,True,counterfactual assumes all target shares could be filled at observed weighted average prices,27°C,1.6012679999670958,counterfactual ignores that original fills occurred at different times and market states,,-7.586531999484478,,25.086531999484478,C,2026-02-22,high,27°C
,,,,Ankara|2026-02-23|high|C,2,,Ankara,,,False,,,,,requires at least two settled adjacent non-overlapping exact/range YES buckets,,2,,C,2026-02-23,high,
26.786555939552997,-4.064631242965966,15.961197000392652,17.078573000000002,Ankara|2026-02-24|high|C,4,6°C|7°C|8°C|9°C,Ankara,-9.707982939552995,5.941964342745436,True,counterfactual assumes all target shares could be filled at observed weighted average prices,8°C,21.143204242965968,counterfactual ignores that original fills occurred at different times and market states,,1.1173759996073507,,19.99171200039265,C,2026-02-24,high,8°C
11.886092000000005,-20.326407999999994,9.658592000000006,31.213592000000006,London|2026-02-25|high|C,2,18°C|19°C,London,19.3275,12.885,True,counterfactual assumes all target shares could be filled at observed weighted average prices,19°C,51.54,counterfactual ignores that original fills occurred at different times and market states,,21.555,,12.885,C,2026-02-25,high,19°C
,,,,Seoul|2026-02-25|high|C,3,,Seoul,,,False,,,,,requires at least two settled adjacent non-overlapping exact/range YES buckets,,3,,C,2026-02-25,high,
19.102225854974705,-25.251570435075877,-1.1208760000000026,30.113265,Buenos Aires|2026-02-26|high|C,3,29°C|30°C|31°C,Buenos Aires,11.011039145025292,34.816310930069925,True,counterfactual assumes all target shares could be filled at observed weighted average prices,29°C,55.364835435075875,counterfactual ignores that original fills occurred at different times and market states,,31.234141,,11.165859,C,2026-02-26,high,29°C
24.631535750584014,-43.615863498831985,-11.161064999999994,68.897754,Chicago|2026-02-26|high|F,2,between 38-39°F|between 40-41°F,Chicago,44.26621824941599,83.48764053077636,True,counterfactual assumes all target shares could be filled at observed weighted average prices,between 40-41°F,112.51361749883199,counterfactual ignores that original fills occurred at different times and market states,,80.058819,,23.981181,F,2026-02-26,high,between 40-41°F
107.00868321027922,-4.819112144131038,11.544614995082627,6.305594000000001,Buenos Aires|2026-02-27|high|C,4,29°C|30°C|31°C|32°C,Buenos Aires,-100.70308921027922,-32.747269489427,True,counterfactual assumes all target shares could be filled at observed weighted average prices,29°C,11.12470614413104,counterfactual ignores that original fills occurred at different times and market states,,-5.239020995082626,,137.97902099508264,C,2026-02-27,high,29°C
75.43879070275567,-60.816199891009575,-15.278714000361731,64.655565,Buenos Aires|2026-02-28|high|C,3,32°C|33°C|34°C,Buenos Aires,-10.783225702755672,91.99281678006656,True,counterfactual assumes all target shares could be filled at observed weighted average prices,32°C,125.47176489100957,counterfactual ignores that original fills occurred at different times and market states,,79.93427900036173,,78.91072099963827,C,2026-02-28,high,32°C
,,,,Dallas|2026-02-28|high|F,2,,Dallas,,,False,,,,,requires at least two settled adjacent non-overlapping exact/range YES buckets,,2,,F,2026-02-28,high,
,,,,Sao Paulo|2026-02-28|high|C,2,,Sao Paulo,,,False,,,,,requires at least two settled adjacent non-overlapping exact/range YES buckets,,2,,C,2026-02-28,high,
30.639884000100828,30.639884000100828,30.639884000100828,-43.318019,Buenos Aires|2026-03-01|high|C,3,33°C|34°C|35°C,Buenos Aires,-73.95790300010083,-73.95790300010083,True,counterfactual assumes all target shares could be filled at observed weighted average prices,33°C,-73.95790300010083,counterfactual ignores that original fills occurred at different times and market states,,-73.95790300010083,,73.95790300010083,C,2026-03-01,high,
,,,,Seoul|2026-03-01|high|C,2,,Seoul,,,False,,,,,requires at least two settled adjacent non-overlapping exact/range YES buckets,,2,,C,2026-03-01,high,
3.258371000000001,3.258371000000001,3.258371000000001,-0.752729,Wellington|2026-03-01|high|C,2,17°C|18°C,Wellington,-4.011100000000001,-4.011100000000001,True,counterfactual assumes all target shares could be filled at observed weighted average prices,18°C,-4.011100000000001,counterfactual ignores that original fills occurred at different times and market states,,-4.011100000000001,,4.011100000000001,C,2026-03-01,high,
,,,,Ankara|2026-03-02|high|C,3,,Ankara,,,False,,,,,requires at least two settled adjacent non-overlapping exact/range YES buckets,,3,,C,2026-03-02,high,
-70.39002798626595,92.2737179996,-8.166282000399995,55.220588,Buenos Aires|2026-03-02|high|C,2,31°C|32°C,Buenos Aires,125.61061598626594,147.74222429219796,True,counterfactual assumes all target shares could be filled at observed weighted average prices,32°C,-37.0531299996,counterfactual ignores that original fills occurred at different times and market states,,63.386870000399995,,37.0531299996,C,2026-03-02,high,31°C
2.2400362211421125,-47.980144556879765,-2.539783000836003,33.266977,London|2026-03-02|high|C,2,16°C|17°C,London,31.026940778857885,63.844391243968666,True,counterfactual assumes all target shares could be filled at observed weighted average prices,16°C,81.24712155687976,counterfactual ignores that original fills occurred at different times and market states,,35.806760000836,,19.193239999164,C,2026-03-02,high,16°C
8.21078431372549,-10.667647058823528,-7.35,-1.6059999999999999,New York City|2026-03-02|high|F,3,between 30-31°F|between 32-33°F|between 34-35°F,New York City,-9.81678431372549,4.6348188585607915,True,counterfactual assumes all target shares could be filled at observed weighted average prices,between 32-33°F,9.061647058823528,counterfactual ignores that original fills occurred at different times and market states,,5.744,,19.256,F,2026-03-02,high,between 32-33°F
-2.6993897137788245,-52.09333942755765,-3.4454400000000014,18.265159999999998,Paris|2026-03-02|high|C,2,17°C|18°C,Paris,20.964549713778823,16.146004523053065,True,counterfactual assumes all target shares could be filled at observed weighted average prices,17°C,70.35849942755765,counterfactual ignores that original fills occurred at different times and market states,,21.7106,,28.4294,C,2026-03-02,high,17°C
34.89909901229589,66.22639399789,28.586393997890003,7.9080210000000015,Buenos Aires|2026-03-03|high|C,7,26°C|27°C|28°C|29°C|30°C|31°C|32°C,Buenos Aires,-26.991078012295887,37.43168798943791,True,counterfactual assumes all target shares could be filled at observed weighted average prices,28°C,-58.31837299789,counterfactual ignores that original fills occurred at different times and market states,,-20.67837299789,,58.31837299789,C,2026-03-03,high,29°C
8.169325999999998,8.169325999999998,8.169325999999998,-0.9761639999999999,London|2026-03-03|high|C,2,15°C|16°C,London,-9.145489999999999,-9.145489999999999,True,counterfactual assumes all target shares could be filled at observed weighted average prices,15°C,-9.145489999999999,counterfactual ignores that original fills occurred at different times and market states,,-9.145489999999999,,9.145489999999999,C,2026-03-03,high,
1.5039999999999996,1.5039999999999996,1.5039999999999996,-6.01,New York City|2026-03-03|high|F,3,between 36-37°F|between 38-39°F|between 40-41°F,New York City,-7.513999999999999,-7.513999999999999,True,counterfactual assumes all target shares could be filled at observed weighted average prices,between 36-37°F,-7.513999999999999,counterfactual ignores that original fills occurred at different times and market states,,-7.513999999999999,,7.513999999999999,F,2026-03-03,high,
2.9414500000000015,2.9414500000000015,2.9414500000000015,-8.66783,Paris|2026-03-03|high|C,2,18°C|19°C,Paris,-11.609280000000002,-11.609280000000002,True,counterfactual assumes all target shares could be filled at observed weighted average prices,19°C,-11.609280000000002,counterfactual ignores that original fills occurred at different times and market states,,-11.609280000000002,,11.609280000000002,C,2026-03-03,high,
,,,,Sao Paulo|2026-03-03|high|C,2,,Sao Paulo,,,False,,,,,requires at least two settled adjacent non-overlapping exact/range YES buckets,,2,,C,2026-03-03,high,
37.80722046153847,-131.21986415384612,-5.850417999999991,64.85155400000001,Buenos Aires|2026-03-04|high|C,4,34°C|35°C|36°C|37°C,Buenos Aires,27.044333538461537,128.2952665102921,True,counterfactual assumes all target shares could be filled at observed weighted average prices,34°C,196.07141815384614,counterfactual ignores that original fills occurred at different times and market states,,70.701972,,29.298028000000002,C,2026-03-04,high,34°C
23.016497000649153,23.016497000649153,23.016497000649153,-56.407144,London|2026-03-04|high|C,4,14°C|15°C|16°C|17°C,London,-79.42364100064916,-79.42364100064916,True,counterfactual assumes all target shares could be filled at observed weighted average prices,17°C,-79.42364100064916,counterfactual ignores that original fills occurred at different times and market states,,-79.42364100064916,,79.42364100064916,C,2026-03-04,high,
50.79842199568892,50.79842199568892,50.79842199568892,35.305064,New York City|2026-03-04|high|F,2,between 44-45°F|between 46-47°F,New York City,-15.49335799568892,-15.49335799568892,True,counterfactual assumes all target shares could be filled at observed weighted average prices,between 46-47°F,-15.49335799568892,counterfactual ignores that original fills occurred at different times and market states,,-15.49335799568892,,15.49335799568892,F,2026-03-04,high,
-59.35436407880876,100.423985997805,-0.37601400219498515,54.86813500000001,Paris|2026-03-04|high|C,3,18°C|19°C|20°C,Paris,114.22249907880877,48.237560077382234,True,counterfactual assumes all target shares could be filled at observed weighted average prices,19°C,-45.555850997805,counterfactual ignores that original fills occurred at different times and market states,,55.244149002194995,,45.555850997805,C,2026-03-04,high,18°C
,,,,Sao Paulo|2026-03-04|high|C,4,,Sao Paulo,,,False,,,,,requires at least two settled adjacent non-overlapping exact/range YES buckets,,4,,C,2026-03-04,high,
,,,,Seoul|2026-03-04|high|C,2,,Seoul,,,False,,,,,requires at least two settled adjacent non-overlapping exact/range YES buckets,,2,,C,2026-03-04,high,
6.949413022453,6.949413022453,6.949413022453,-5.942557,Buenos Aires|2026-03-05|high|C,4,23°C|24°C|25°C|26°C,Buenos Aires,-12.891970022453,-12.891970022453,True,counterfactual assumes all target shares could be filled at observed weighted average prices,26°C,-12.891970022453,counterfactual ignores that original fills occurred at different times and market states,,-12.891970022453,,12.891970022453,C,2026-03-05,high,
,,,,Chicago|2026-03-05|high|F,3,,Chicago,,,False,,,,,requires at least two settled adjacent non-overlapping exact/range YES buckets,,3,,F,2026-03-05,high,
-37.77014915881399,60.064681000142755,-3.9853189998572436,-1.571261999999999,London|2026-03-05|high|C,3,17°C|18°C|19°C,London,36.198887158813996,56.03465915869911,True,counterfactual assumes all target shares could be filled at observed weighted average prices,19°C,-61.63594300014275,counterfactual ignores that original fills occurred at different times and market states,,2.4140569998572445,,61.63594300014275,C,2026-03-05,high,18°C
,,,,Munich|2026-03-05|high|C,5,,Munich,,,False,,,,,requires at least two settled adjacent non-overlapping exact/range YES buckets,,5,,C,2026-03-05,high,
-27.656008879906015,-68.33221375861203,-33.479804001199994,-10.099633999999998,Paris|2026-03-05|high|C,2,17°C|18°C,Paris,17.556374879906016,55.67136013502778,True,counterfactual assumes all target shares could be filled at observed weighted average prices,18°C,58.23257975861203,counterfactual ignores that original fills occurred at different times and market states,,23.3801700012,,23.1198299988,C,2026-03-05,high,18°C
,,,,Seoul|2026-03-05|high|C,6,,Seoul,,,False,,,,,requires at least two settled adjacent non-overlapping exact/range YES buckets,,6,,C,2026-03-05,high,
,,,,Buenos Aires|2026-03-06|high|C,3,,Buenos Aires,,,False,,,,,requires at least two settled adjacent non-overlapping exact/range YES buckets,,3,,C,2026-03-06,high,
-9.866860510354144,-110.07712505307458,-73.76343899611399,-2.198149,Dallas|2026-03-06|high|F,4,between 82-83°F|between 84-85°F|between 86-87°F|between 88-89°F,Dallas,7.668711510354143,65.59259935244688,True,counterfactual assumes all target shares could be filled at observed weighted average prices,between 82-83°F,107.87897605307458,counterfactual ignores that original fills occurred at different times and market states,,71.56528999611399,,25.734710003886,F,2026-03-06,high,between 82-83°F
,,,,New York City|2026-03-06|high|F,2,,New York City,,,False,,,,,requires at least two settled adjacent non-overlapping exact/range YES buckets,,2,,F,2026-03-06,high,
,,,,Paris|2026-03-06|high|C,2,,Paris,,,False,,,,,requires at least two settled adjacent non-overlapping exact/range YES buckets,,2,,C,2026-03-06,high,
,,,,Atlanta|2026-03-07|high|F,2,,Atlanta,,,False,,,,,requires at least two settled adjacent non-overlapping exact/range YES buckets,,2,,F,2026-03-07,high,
,,,,Buenos Aires|2026-03-07|high|C,3,,Buenos Aires,,,False,,,,,requires at least two settled adjacent non-overlapping exact/range YES buckets,,3,,C,2026-03-07,high,
-19.27171592148943,93.76222399975,-10.41777600025,61.649170999999996,London|2026-03-07|high|C,2,9°C|10°C,London,80.92088692148943,100.41547855184587,True,counterfactual assumes all target shares could be filled at observed weighted average prices,10°C,-32.11305299975,counterfactual ignores that original fills occurred at different times and market states,,72.06694700025,,32.11305299975,C,2026-03-07,high,9°C
,,,,Sao Paulo|2026-03-07|high|C,2,,Sao Paulo,,,False,,,,,requires at least two settled adjacent non-overlapping exact/range YES buckets,,2,,C,2026-03-07,high,
,,,,Seoul|2026-03-07|high|C,2,,Seoul,,,False,,,,,requires at least two settled adjacent non-overlapping exact/range YES buckets,,2,,C,2026-03-07,high,
13.016684000372,13.016684000372,13.016684000372,-2.3435360000000003,Ankara|2026-03-08|high|C,2,9°C|10°C,Ankara,-15.360220000372001,-15.360220000372001,True,counterfactual assumes all target shares could be filled at observed weighted average prices,9°C,-15.360220000372001,counterfactual ignores that original fills occurred at different times and market states,,-15.360220000372001,,15.360220000372001,C,2026-03-08,high,
,,,,Buenos Aires|2026-03-08|high|C,3,,Buenos Aires,,,False,,,,,requires at least two settled adjacent non-overlapping exact/range YES buckets,,3,,C,2026-03-08,high,
20.476164635927738,-19.947671728267473,-9.099998999877052,52.006757,Chicago|2026-03-08|high|F,2,between 62-63°F|between 64-65°F,Chicago,31.530592364072263,56.02094513719109,True,counterfactual assumes all target shares could be filled at observed weighted average prices,between 62-63°F,71.95442872826747,counterfactual ignores that original fills occurred at different times and market states,,61.10675599987705,,8.893244000122946,F,2026-03-08,high,between 62-63°F
-60.38954671428573,94.37693900000001,-5.623060999999993,72.709631,Paris|2026-03-08|high|C,2,15°C|16°C,Paris,133.09917771428573,104.92462708667402,True,counterfactual assumes all target shares could be filled at observed weighted average prices,15°C,-21.667308000000002,counterfactual ignores that original fills occurred at different times and market states,,78.332692,,21.667308000000002,C,2026-03-08,high,16°C
,,,,Sao Paulo|2026-03-08|high|C,3,,Sao Paulo,,,False,,,,,requires at least two settled adjacent non-overlapping exact/range YES buckets,,3,,C,2026-03-08,high,
0.00012900312000141412,0.00012900312000141412,0.00012900312000141412,-23.737171,Seoul|2026-03-08|high|C,2,6°C|7°C,Seoul,-23.73730000312,-23.73730000312,True,counterfactual assumes all target shares could be filled at observed weighted average prices,6°C,-23.73730000312,counterfactual ignores that original fills occurred at different times and market states,,-23.73730000312,,23.73730000312,C,2026-03-08,high,
20.001551070417776,-285.40484279948646,-17.996032994630156,136.72615,Buenos Aires|2026-03-09|high|C,3,27°C|28°C|29°C,Buenos Aires,116.72459892958221,79.70079391998789,True,counterfactual assumes all target shares could be filled at observed weighted average prices,28°C,422.1309927994864,counterfactual ignores that original fills occurred at different times and market states,,154.72218299463015,,35.978598005369854,C,2026-03-09,high,28°C
0.0013129956591342307,0.0013129956591342307,0.0013129956591342307,-47.733716,London|2026-03-09|high|C,3,12°C|13°C|14°C,London,-47.735028995659135,-47.735028995659135,True,counterfactual assumes all target shares could be filled at observed weighted average prices,13°C,-47.735028995659135,counterfactual ignores that original fills occurred at different times and market states,,-47.735028995659135,,47.735028995659135,C,2026-03-09,high,
21.88653935004446,-45.86255859660617,3.089571998928003,-12.676743,Seoul|2026-03-09|high|C,4,4°C|5°C|6°C|7°C,Seoul,-34.56328235004446,7.9516388689418775,True,counterfactual assumes all target shares could be filled at observed weighted average prices,7°C,33.18581559660617,counterfactual ignores that original fills occurred at different times and market states,,-15.766314998928003,,57.146314998928,C,2026-03-09,high,7°C
265.5035379986963,265.5035379986963,265.5035379986963,170.95720200000002,Buenos Aires|2026-03-10|high|C,2,28°C|29°C,Buenos Aires,-94.54633599869624,-94.54633599869624,True,counterfactual assumes all target shares could be filled at observed weighted average prices,28°C,-94.54633599869624,counterfactual ignores that original fills occurred at different times and market states,,-94.54633599869624,,94.54633599869624,C,2026-03-10,high,
,,,,Buenos Aires|2026-03-11|high|C,3,,Buenos Aires,,,False,,,,,requires at least two settled adjacent non-overlapping exact/range YES buckets,,3,,C,2026-03-11,high,
21.750808000258452,21.750808000258452,21.750808000258452,-5.209206,Dallas|2026-03-11|high|F,2,between 70-71°F|between 72-73°F,Dallas,-26.96001400025845,-26.96001400025845,True,counterfactual assumes all target shares could be filled at observed weighted average prices,between 72-73°F,-26.96001400025845,counterfactual ignores that original fills occurred at different times and market states,,-26.96001400025845,,26.96001400025845,F,2026-03-11,high,
,,,,London|2026-03-12|high|C,2,,London,,,False,,,,,requires at least two settled adjacent non-overlapping exact/range YES buckets,,2,,C,2026-03-12,high,
1.3507769965550054,1.3507769965550054,1.3507769965550054,-58.735614,Seoul|2026-03-12|high|C,4,7°C|8°C|9°C|10°C,Seoul,-60.086390996555004,-60.086390996555004,True,counterfactual assumes all target shares could be filled at observed weighted average prices,9°C,-60.086390996555004,counterfactual ignores that original fills occurred at different times and market states,,-60.086390996555004,,60.086390996555004,C,2026-03-12,high,
-27.479339002974612,47.5042789997826,-2.4874580002174014,35.5069,Buenos Aires|2026-03-13|high|C,2,29°C|30°C,Buenos Aires,62.986239002974614,62.958666007612464,True,counterfactual assumes all target shares could be filled at observed weighted average prices,30°C,-11.997378999782596,counterfactual ignores that original fills occurred at different times and market states,,37.9943580002174,,11.997378999782596,C,2026-03-13,high,29°C
1.0300279999999997,1.0300279999999997,1.0300279999999997,-6.169603,London|2026-03-13|high|C,2,9°C|10°C,London,-7.199631,-7.199631,True,counterfactual assumes all target shares could be filled at observed weighted average prices,10°C,-7.199631,counterfactual ignores that original fills occurred at different times and market states,,-7.199631,,7.199631,C,2026-03-13,high,
,,,,Seoul|2026-03-13|high|C,2,,Seoul,,,False,,,,,requires at least two settled adjacent non-overlapping exact/range YES buckets,,2,,C,2026-03-13,high,
,,,,Atlanta|2026-03-14|high|F,2,,Atlanta,,,False,,,,,requires at least two settled adjacent non-overlapping exact/range YES buckets,,2,,F,2026-03-14,high,
215.70862831185687,-79.44969905319954,111.12779199438509,288.851849,Buenos Aires|2026-03-14|high|C,3,29°C|30°C|31°C,Buenos Aires,73.14322068814315,288.26480772876323,True,counterfactual assumes all target shares could be filled at observed weighted average prices,29°C,368.30154805319955,counterfactual ignores that original fills occurred at different times and market states,,177.72405700561492,,74.43594299438507,C,2026-03-14,high,29°C
,,,,Munich|2026-03-14|high|C,2,,Munich,,,False,,,,,requires at least two settled adjacent non-overlapping exact/range YES buckets,,2,,C,2026-03-14,high,
0.8303319991380231,0.8303319991380231,0.8303319991380231,-8.689368,Sao Paulo|2026-03-14|high|C,2,30°C|31°C,Sao Paulo,-9.519699999138023,-9.519699999138023,True,counterfactual assumes all target shares could be filled at observed weighted average prices,30°C,-9.519699999138023,counterfactual ignores that original fills occurred at different times and market states,,-9.519699999138023,,9.519699999138023,C,2026-03-14,high,
,,,,Buenos Aires|2026-03-15|high|C,2,,Buenos Aires,,,False,,,,,requires at least two settled adjacent non-overlapping exact/range YES buckets,,2,,C,2026-03-15,high,
2.5500800000000003,2.5500800000000003,2.5500800000000003,0.038799999999999994,Chicago|2026-03-15|high|F,2,between 54-55°F|between 56-57°F,Chicago,-2.51128,-2.51128,True,counterfactual assumes all target shares could be filled at observed weighted average prices,between 56-57°F,-2.51128,counterfactual ignores that original fills occurred at different times and market states,,-2.51128,,2.51128,F,2026-03-15,high,
,,,,London|2026-03-15|high|C,2,,London,,,False,,,,,requires at least two settled adjacent non-overlapping exact/range YES buckets,,2,,C,2026-03-15,high,
,,,,New York City|2026-03-15|high|F,2,,New York City,,,False,,,,,requires at least two settled adjacent non-overlapping exact/range YES buckets,,2,,F,2026-03-15,high,
46.93756431381651,-188.92493443865163,-40.45252399806647,-9.322695,Sao Paulo|2026-03-15|high|C,5,28°C|29°C|30°C|31°C|32°C,Sao Paulo,-56.260259313816505,23.916537982907954,True,counterfactual assumes all target shares could be filled at observed weighted average prices,30°C,179.60223943865162,counterfactual ignores that original fills occurred at different times and market states,,31.129828998066472,,115.22588400193354,C,2026-03-15,high,30°C
0.0001009999996099964,0.0001009999996099964,0.0001009999996099964,-11.548751,Seoul|2026-03-15|high|C,2,8°C|9°C,Seoul,-11.54885199999961,-11.54885199999961,True,counterfactual assumes all target shares could be filled at observed weighted average prices,9°C,-11.54885199999961,counterfactual ignores that original fills occurred at different times and market states,,-11.54885199999961,,11.54885199999961,C,2026-03-15,high,
,,,,Buenos Aires|2026-03-16|high|C,3,,Buenos Aires,,,False,,,,,requires at least two settled adjacent non-overlapping exact/range YES buckets,,3,,C,2026-03-16,high,
-3.347445333333335,-12.40577866666667,-11.339112,2.993388,Dallas|2026-03-16|high|F,2,between 48-49°F|between 50-51°F,Dallas,6.340833333333335,13.26779411764706,True,counterfactual assumes all target shares could be filled at observed weighted average prices,between 48-49°F,15.39916666666667,counterfactual ignores that original fills occurred at different times and market states,,14.3325,,2.7175000000000002,F,2026-03-16,high,between 48-49°F
,,,,London|2026-03-16|high|C,2,,London,,,False,,,,,requires at least two settled adjacent non-overlapping exact/range YES buckets,,2,,C,2026-03-16,high,
,,,,Sao Paulo|2026-03-16|high|C,3,,Sao Paulo,,,False,,,,,requires at least two settled adjacent non-overlapping exact/range YES buckets,,3,,C,2026-03-16,high,
1.0132999999999999,1.0132999999999999,1.0132999999999999,-1.3867,Buenos Aires|2026-03-17|high|C,2,34°C|35°C,Buenos Aires,-2.4,-2.4,True,counterfactual assumes all target shares could be filled at observed weighted average prices,34°C,-2.4,counterfactual ignores that original fills occurred at different times and market states,,-2.4,,2.4,C,2026-03-17,high,
,,,,New York City|2026-03-17|high|F,2,,New York City,,,False,,,,,requires at least two settled adjacent non-overlapping exact/range YES buckets,,2,,F,2026-03-17,high,
,,,,Sao Paulo|2026-03-17|high|C,2,,Sao Paulo,,,False,,,,,requires at least two settled adjacent non-overlapping exact/range YES buckets,,2,,C,2026-03-17,high,
30.269810818839293,-73.74883755176212,-17.72086499586,31.453335,London|2026-03-18|high|C,3,18°C|19°C|20°C,London,1.1835241811607062,60.2181000853278,True,counterfactual assumes all target shares could be filled at observed weighted average prices,18°C,105.20217255176212,counterfactual ignores that original fills occurred at different times and market states,,49.17419999586,,50.82580000414,C,2026-03-18,high,18°C
0.0006619960790033019,0.0006619960790033019,0.0006619960790033019,-16.715228,Miami|2026-03-18|high|F,2,between 64-65°F|between 66-67°F,Miami,-16.715889996079003,-16.715889996079003,True,counterfactual assumes all target shares could be filled at observed weighted average prices,between 66-67°F,-16.715889996079003,counterfactual ignores that original fills occurred at different times and market states,,-16.715889996079003,,16.715889996079003,F,2026-03-18,high,
12.072042999999997,12.072042999999997,12.072042999999997,-9.156617,Paris|2026-03-18|high|C,2,17°C|18°C,Paris,-21.228659999999998,-21.228659999999998,True,counterfactual assumes all target shares could be filled at observed weighted average prices,18°C,-21.228659999999998,counterfactual ignores that original fills occurred at different times and market states,,-21.228659999999998,,21.228659999999998,C,2026-03-18,high,
,,,,Sao Paulo|2026-03-18|high|C,3,,Sao Paulo,,,False,,,,,requires at least two settled adjacent non-overlapping exact/range YES buckets,,3,,C,2026-03-18,high,
10.930445000425443,10.930445000425443,10.930445000425443,1.8106000000000004,Seoul|2026-03-18|high|C,2,9°C|10°C,Seoul,-9.119845000425443,-9.119845000425443,True,counterfactual assumes all target shares could be filled at observed weighted average prices,9°C,-9.119845000425443,counterfactual ignores that original fills occurred at different times and market states,,-9.119845000425443,,9.119845000425443,C,2026-03-18,high,
,,,,Wellington|2026-03-18|high|C,2,,Wellington,,,False,,,,,requires at least two settled adjacent non-overlapping exact/range YES buckets,,2,,C,2026-03-18,high,
,,,,Buenos Aires|2026-03-19|high|C,3,,Buenos Aires,,,False,,,,,requires at least two settled adjacent non-overlapping exact/range YES buckets,,3,,C,2026-03-19,high,
0.3000000000000007,0.3000000000000007,0.3000000000000007,-21.7,Dallas|2026-03-19|high|F,2,between 88-89°F|between 90-91°F,Dallas,-22.0,-22.0,True,counterfactual assumes all target shares could be filled at observed weighted average prices,between 88-89°F,-22.0,counterfactual ignores that original fills occurred at different times and market states,,-22.0,,22.0,F,2026-03-19,high,
76.47961399981997,76.47961399981997,76.47961399981997,42.318402999999996,London|2026-03-19|high|C,2,17°C|18°C,London,-34.16121099981997,-34.16121099981997,True,counterfactual assumes all target shares could be filled at observed weighted average prices,18°C,-34.16121099981997,counterfactual ignores that original fills occurred at different times and market states,,-34.16121099981997,,34.16121099981997,C,2026-03-19,high,
-9.613433928690888,-151.04499978199266,-71.50765100203998,36.201072,New York City|2026-03-19|high|F,3,between 38-39°F|between 40-41°F|between 42-43°F,New York City,45.81450592869089,127.01830643023374,True,counterfactual assumes all target shares could be filled at observed weighted average prices,between 40-41°F,187.24607178199267,counterfactual ignores that original fills occurred at different times and market states,,107.70872300203999,,24.90127699796,F,2026-03-19,high,between 40-41°F
0.0001999998649999668,0.0001999998649999668,0.0001999998649999668,-3.5298,Sao Paulo|2026-03-19|high|C,2,23°C|24°C,Sao Paulo,-3.529999999865,-3.529999999865,True,counterfactual assumes all target shares could be filled at observed weighted average prices,24°C,-3.529999999865,counterfactual ignores that original fills occurred at different times and market states,,-3.529999999865,,3.529999999865,C,2026-03-19,high,
2.54255,2.54255,2.54255,0.2012999999999999,Wellington|2026-03-19|high|C,2,20°C|21°C,Wellington,-2.34125,-2.34125,True,counterfactual assumes all target shares could be filled at observed weighted average prices,20°C,-2.34125,counterfactual ignores that original fills occurred at different times and market states,,-2.34125,,2.34125,C,2026-03-19,high,
26.09,26.09,26.09,-8.8,Chicago|2026-03-20|high|F,2,between 60-61°F|between 62-63°F,Chicago,-34.89,-34.89,True,counterfactual assumes all target shares could be filled at observed weighted average prices,between 60-61°F,-34.89,counterfactual ignores that original fills occurred at different times and market states,,-34.89,,34.89,F,2026-03-20,high,
29.0,29.0,29.0,3.057,Madrid|2026-03-20|high|C,3,13°C|14°C|15°C,Madrid,-25.943,-25.943,True,counterfactual assumes all target shares could be filled at observed weighted average prices,13°C,-25.943,counterfactual ignores that original fills occurred at different times and market states,,-25.943,,25.943,C,2026-03-20,high,
,,,,Sao Paulo|2026-03-20|high|C,2,,Sao Paulo,,,False,,,,,requires at least two settled adjacent non-overlapping exact/range YES buckets,,2,,C,2026-03-20,high,
0.0,0.0,0.0,-1.9100000000000001,Buenos Aires|2026-03-21|high|C,2,27°C|28°C,Buenos Aires,-1.9100000000000001,-1.9100000000000001,True,counterfactual assumes all target shares could be filled at observed weighted average prices,28°C,-1.9100000000000001,counterfactual ignores that original fills occurred at different times and market states,,-1.9100000000000001,,1.9100000000000001,C,2026-03-21,high,
16.782646009417995,16.782646009417995,16.782646009417995,-22.870454000000002,Chicago|2026-03-21|high|F,2,between 68-69°F|between 70-71°F,Chicago,-39.653100009418,-39.653100009418,True,counterfactual assumes all target shares could be filled at observed weighted average prices,between 70-71°F,-39.653100009418,counterfactual ignores that original fills occurred at different times and market states,,-39.653100009418,,39.653100009418,F,2026-03-21,high,
20.578521464215395,-6.308244072321209,17.385287000752,22.732323,Munich|2026-03-21|high|C,2,10°C|11°C,Munich,2.1538015357846056,15.816414493630084,True,counterfactual assumes all target shares could be filled at observed weighted average prices,11°C,29.04056707232121,counterfactual ignores that original fills occurred at different times and market states,,5.347035999248,,24.732964000752,C,2026-03-21,high,11°C
21.20476299709665,21.20476299709665,21.20476299709665,-4.604839,Sao Paulo|2026-03-21|high|C,2,31°C|32°C,Sao Paulo,-25.80960199709665,-25.80960199709665,True,counterfactual assumes all target shares could be filled at observed weighted average prices,31°C,-25.80960199709665,counterfactual ignores that original fills occurred at different times and market states,,-25.80960199709665,,25.80960199709665,C,2026-03-21,high,
163.62674499716945,-63.388096976935344,-11.67583401577815,222.22225400000002,Buenos Aires|2026-03-22|high|C,3,26°C|27°C|28°C,Buenos Aires,58.595509002830575,251.76103539978652,True,counterfactual assumes all target shares could be filled at observed weighted average prices,26°C,285.61035097693536,counterfactual ignores that original fills occurred at different times and market states,,233.89808801577817,,54.91191198422184,C,2026-03-22,high,26°C
,,,,London|2026-03-22|high|C,2,,London,,,False,,,,,requires at least two settled adjacent non-overlapping exact/range YES buckets,,2,,C,2026-03-22,high,
,,,,Milan|2026-03-22|high|C,2,,Milan,,,False,,,,,requires at least two settled adjacent non-overlapping exact/range YES buckets,,2,,C,2026-03-22,high,
,,,,New York City|2026-03-22|high|F,2,,New York City,,,False,,,,,requires at least two settled adjacent non-overlapping exact/range YES buckets,,2,,F,2026-03-22,high,
,,,,Buenos Aires|2026-03-23|high|C,3,,Buenos Aires,,,False,,,,,requires at least two settled adjacent non-overlapping exact/range YES buckets,,3,,C,2026-03-23,high,
0.00031499999999962114,0.00031499999999962114,0.00031499999999962114,-6.870565,Hong Kong|2026-03-23|high|C,2,24°C|25°C,Hong Kong,-6.87088,-6.87088,True,counterfactual assumes all target shares could be filled at observed weighted average prices,25°C,-6.87088,counterfactual ignores that original fills occurred at different times and market states,,-6.87088,,6.87088,C,2026-03-23,high,
11.75329899971,11.75329899971,11.75329899971,-6.463001,Sao Paulo|2026-03-23|high|C,2,30°C|31°C,Sao Paulo,-18.21629999971,-18.21629999971,True,counterfactual assumes all target shares could be filled at observed weighted average prices,30°C,-18.21629999971,counterfactual ignores that original fills occurred at different times and market states,,-18.21629999971,,18.21629999971,C,2026-03-23,high,
19.88077800072,19.88077800072,19.88077800072,-19.196792000000002,Taipei|2026-03-23|high|C,3,25°C|26°C|27°C,Taipei,-39.07757000072,-39.07757000072,True,counterfactual assumes all target shares could be filled at observed weighted average prices,26°C,-39.07757000072,counterfactual ignores that original fills occurred at different times and market states,,-39.07757000072,,39.07757000072,C,2026-03-23,high,
,,,,Warsaw|2026-03-23|high|C,2,,Warsaw,,,False,,,,,requires at least two settled adjacent non-overlapping exact/range YES buckets,,2,,C,2026-03-23,high,
8.449170001907998,8.449170001907998,8.449170001907998,-0.5759000000000001,Atlanta|2026-03-24|high|F,2,between 70-71°F|between 72-73°F,Atlanta,-9.025070001907999,-9.025070001907999,True,counterfactual assumes all target shares could be filled at observed weighted average prices,between 70-71°F,-9.025070001907999,counterfactual ignores that original fills occurred at different times and market states,,-9.025070001907999,,9.025070001907999,F,2026-03-24,high,
,,,,Beijing|2026-03-24|high|C,2,,Beijing,,,False,,,,,requires at least two settled adjacent non-overlapping exact/range YES buckets,,2,,C,2026-03-24,high,
21.547563006415828,21.547563006415828,21.547563006415828,-39.280903,Buenos Aires|2026-03-24|high|C,3,27°C|28°C|29°C,Buenos Aires,-60.82846600641583,-60.82846600641583,True,counterfactual assumes all target shares could be filled at observed weighted average prices,27°C,-60.82846600641583,counterfactual ignores that original fills occurred at different times and market states,,-60.82846600641583,,60.82846600641583,C,2026-03-24,high,
,,,,London|2026-03-24|high|C,2,,London,,,False,,,,,requires at least two settled adjacent non-overlapping exact/range YES buckets,,2,,C,2026-03-24,high,
18.895902001938985,18.895902001938985,18.895902001938985,-8.123092,San Francisco|2026-03-24|high|F,2,between 68-69°F|between 70-71°F,San Francisco,-27.018994001938985,-27.018994001938985,True,counterfactual assumes all target shares could be filled at observed weighted average prices,between 70-71°F,-27.018994001938985,counterfactual ignores that original fills occurred at different times and market states,,-27.018994001938985,,27.018994001938985,F,2026-03-24,high,
,,,,Tel Aviv|2026-03-24|high|C,2,,Tel Aviv,,,False,,,,,requires at least two settled adjacent non-overlapping exact/range YES buckets,,2,,C,2026-03-24,high,
32.531311998315005,32.531311998315005,32.531311998315005,5.746162,Buenos Aires|2026-03-25|high|C,2,28°C|29°C,Buenos Aires,-26.785149998315003,-26.785149998315003,True,counterfactual assumes all target shares could be filled at observed weighted average prices,28°C,-26.785149998315003,counterfactual ignores that original fills occurred at different times and market states,,-26.785149998315003,,26.785149998315003,C,2026-03-25,high,
24.597568393346222,-10.427029214697555,-2.5678339986099985,50.691316,Paris|2026-03-25|high|C,2,13°C|14°C,Paris,26.09374760665378,57.96992457114648,True,counterfactual assumes all target shares could be filled at observed weighted average prices,13°C,61.118345214697555,counterfactual ignores that original fills occurred at different times and market states,,53.25914999861,,8.93085000139,C,2026-03-25,high,13°C
34.427070989738276,34.427070989738276,34.427070989738276,-1.2571140000000005,Sao Paulo|2026-03-25|high|C,3,31°C|32°C|33°C,Sao Paulo,-35.68418498973828,-35.68418498973828,True,counterfactual assumes all target shares could be filled at observed weighted average prices,31°C,-35.68418498973828,counterfactual ignores that original fills occurred at different times and market states,,-35.68418498973828,,35.68418498973828,C,2026-03-25,high,
15.53294792400953,-47.45900514711593,-26.685099004865,3.7129009999999996,Seoul|2026-03-25|high|C,2,13°C|14°C,Seoul,-11.820046924009532,31.39333462565743,True,counterfactual assumes all target shares could be filled at observed weighted average prices,13°C,51.17190614711593,counterfactual ignores that original fills occurred at different times and market states,,30.398000004864997,,74.811999995135,C,2026-03-25,high,13°C
13.900985999999998,-2.099814000000002,-0.09821399999999869,27.98169,Taipei|2026-03-25|high|C,2,24°C|25°C,Taipei,14.080704000000003,27.17226763636364,True,counterfactual assumes all target shares could be filled at observed weighted average prices,24°C,30.081504000000002,counterfactual ignores that original fills occurred at different times and market states,,28.079904,,1.9200959999999998,C,2026-03-25,high,24°C
,,,,Hong Kong|2026-03-26|high|C,4,,Hong Kong,,,False,,,,,requires at least two settled adjacent non-overlapping exact/range YES buckets,,4,,C,2026-03-26,high,
-62.021491333333344,-155.97982466666667,-68.063158,3.7493419999999986,Madrid|2026-03-26|high|C,2,16°C|17°C,Madrid,65.77083333333334,42.28125,True,counterfactual assumes all target shares could be filled at observed weighted average prices,17°C,159.72916666666669,counterfactual ignores that original fills occurred at different times and market states,,71.8125,,28.1875,C,2026-03-26,high,17°C
5.500019200077588e-05,5.500019200077588e-05,5.500019200077588e-05,-15.380595,Munich|2026-03-26|high|C,2,4°C|5°C,Munich,-15.380650000192,-15.380650000192,True,counterfactual assumes all target shares could be filled at observed weighted average prices,5°C,-15.380650000192,counterfactual ignores that original fills occurred at different times and market states,,-15.380650000192,,15.380650000192,C,2026-03-26,high,
31.461930999999996,-25.048468999204008,7.884530999203999,31.461930999999996,San Francisco|2026-03-26|high|F,2,between 70-71°F|between 72-73°F,San Francisco,0.0,1.7113774846672243,True,counterfactual assumes all target shares could be filled at observed weighted average prices,between 70-71°F,56.510399999204004,counterfactual ignores that original fills occurred at different times and market states,,23.577400000795997,,56.510399999204004,F,2026-03-26,high,between 70-71°F
,,,,Sao Paulo|2026-03-26|high|C,3,,Sao Paulo,,,False,,,,,requires at least two settled adjacent non-overlapping exact/range YES buckets,,3,,C,2026-03-26,high,
4.0,4.0,4.0,-10.0,Seoul|2026-03-26|high|C,2,14°C|15°C,Seoul,-14.0,-14.0,True,counterfactual assumes all target shares could be filled at observed weighted average prices,14°C,-14.0,counterfactual ignores that original fills occurred at different times and market states,,-14.0,,14.0,C,2026-03-26,high,
,,,,Taipei|2026-03-26|high|C,2,,Taipei,,,False,,,,,requires at least two settled adjacent non-overlapping exact/range YES buckets,,2,,C,2026-03-26,high,
18.334141654677794,-39.953472689277405,-28.00824400136699,57.390676,Toronto|2026-03-26|high|C,2,9°C|10°C,Toronto,39.056534345322206,61.670788680147496,True,counterfactual assumes all target shares could be filled at observed weighted average prices,10°C,97.3441486892774,counterfactual ignores that original fills occurred at different times and market states,,85.39892000136699,,19.231079998633003,C,2026-03-26,high,10°C
1.8601161814367728,49.821523999132,-22.178476000868,23.433263999999998,Buenos Aires|2026-03-27|high|C,4,25°C|26°C|27°C|28°C,Buenos Aires,21.573147818563225,59.91359039091836,True,counterfactual assumes all target shares could be filled at observed weighted average prices,28°C,-26.388259999132,counterfactual ignores that original fills occurred at different times and market states,,45.611740000868,,26.388259999132,C,2026-03-27,high,26°C
,,,,Seoul|2026-03-27|high|C,8,,Seoul,,,False,,,,,requires at least two settled adjacent non-overlapping exact/range YES buckets,,8,,C,2026-03-27,high,
,,,,Buenos Aires|2026-03-28|high|C,2,,Buenos Aires,,,False,,,,,requires at least two settled adjacent non-overlapping exact/range YES buckets,,2,,C,2026-03-28,high,
16.071962998469424,16.071962998469424,16.071962998469424,-4.886546,Dallas|2026-03-28|high|F,2,between 58-59°F|between 60-61°F,Dallas,-20.958508998469423,-20.958508998469423,True,counterfactual assumes all target shares could be filled at observed weighted average prices,between 58-59°F,-20.958508998469423,counterfactual ignores that original fills occurred at different times and market states,,-20.958508998469423,,20.958508998469423,F,2026-03-28,high,
,,,,Denver|2026-03-28|high|F,2,,Denver,,,False,,,,,requires at least two settled adjacent non-overlapping exact/range YES buckets,,2,,F,2026-03-28,high,
,,,,San Francisco|2026-03-28|high|F,2,,San Francisco,,,False,,,,,requires at least two settled adjacent non-overlapping exact/range YES buckets,,2,,F,2026-03-28,high,
5.000000000032756e-05,5.000000000032756e-05,5.000000000032756e-05,-2.3306,Seoul|2026-03-28|high|C,2,9°C|10°C,Seoul,-2.3306500000000003,-2.3306500000000003,True,counterfactual assumes all target shares could be filled at observed weighted average prices,9°C,-2.3306500000000003,counterfactual ignores that original fills occurred at different times and market states,,-2.3306500000000003,,2.3306500000000003,C,2026-03-28,high,
10.092295640650887,-8.859905716873655,-2.5255030018245677,17.550218,Taipei|2026-03-28|high|C,2,20°C|21°C,Taipei,7.457922359349114,21.067876327173252,True,counterfactual assumes all target shares could be filled at observed weighted average prices,21°C,26.410123716873656,counterfactual ignores that original fills occurred at different times and market states,,20.07572100182457,,11.49427899817543,C,2026-03-28,high,21°C
5.799899997899406,-68.20680000607119,-48.913399998130004,-11.4346,Ankara|2026-03-29|high|C,2,9°C|10°C,Ankara,-17.234499997899405,-0.41761147150613454,True,counterfactual assumes all target shares could be filled at observed weighted average prices,10°C,56.77220000607119,counterfactual ignores that original fills occurred at different times and market states,,37.47879999813,,91.24120000187,C,2026-03-29,high,10°C
16.637118723530826,-110.09129438238006,-7.160777999991458,10.022309000000002,Buenos Aires|2026-03-29|high|C,5,24°C|25°C|26°C|27°C|28°C,Buenos Aires,-6.614809723530826,27.789268435936748,True,counterfactual assumes all target shares could be filled at observed weighted average prices,27°C,120.11360338238006,counterfactual ignores that original fills occurred at different times and market states,,17.18308699999146,,38.296913000008544,C,2026-03-29,high,27°C
33.88003469156395,-183.74285192108852,-17.19518200210983,117.418461,Hong Kong|2026-03-29|high|C,3,24°C|25°C|26°C,Hong Kong,83.53842630843604,58.89937818887307,True,counterfactual assumes all target shares could be filled at observed weighted average prices,25°C,301.1613129210885,counterfactual ignores that original fills occurred at different times and market states,,134.61364300210982,,25.273016997890167,C,2026-03-29,high,25°C
-8.128567722916557,-171.2482104458331,-14.00245000000001,135.281334,Seoul|2026-03-29|high|C,2,15°C|16°C,Seoul,143.40990172291654,58.99857244004763,True,counterfactual assumes all target shares could be filled at observed weighted average prices,16°C,306.5295444458331,counterfactual ignores that original fills occurred at different times and market states,,149.283784,,19.709741,C,2026-03-29,high,16°C
-57.75102258109222,26.524815999687,-1.1051840003130025,16.423916,Shanghai|2026-03-29|high|C,2,18°C|19°C,Shanghai,74.17493858109222,34.04067671057035,True,counterfactual assumes all target shares could be filled at observed weighted average prices,19°C,-10.100899999687,counterfactual ignores that original fills occurred at different times and market states,,17.529100000313,,10.100899999687,C,2026-03-29,high,18°C
,,,,Taipei|2026-03-29|high|C,2,,Taipei,,,False,,,,,requires at least two settled adjacent non-overlapping exact/range YES buckets,,2,,C,2026-03-29,high,
-0.20332299926796793,90.29360699800013,4.143745998000128,52.284896,Buenos Aires|2026-03-30|high|C,2,30°C|31°C,Buenos Aires,52.48821899926797,98.68460067664172,True,counterfactual assumes all target shares could be filled at observed weighted average prices,31°C,-38.008710998000126,counterfactual ignores that original fills occurred at different times and market states,,48.141150001999875,,38.008710998000126,C,2026-03-30,high,30°C
,,,,Denver|2026-03-30|high|F,2,,Denver,,,False,,,,,requires at least two settled adjacent non-overlapping exact/range YES buckets,,2,,F,2026-03-30,high,
,,,,San Francisco|2026-03-30|high|F,4,,San Francisco,,,False,,,,,requires at least two settled adjacent non-overlapping exact/range YES buckets,,4,,F,2026-03-30,high,
35.00839403889171,145.24430099978585,39.41288399978585,93.043219,Seoul|2026-03-30|high|C,3,17°C|18°C|19°C,Seoul,58.034824961108285,66.86469151541912,True,counterfactual assumes all target shares could be filled at observed weighted average prices,17°C,-52.201081999785856,counterfactual ignores that original fills occurred at different times and market states,,53.630335000214146,,52.201081999785856,C,2026-03-30,high,18°C
,,,,Taipei|2026-03-30|high|C,2,,Taipei,,,False,,,,,requires at least two settled adjacent non-overlapping exact/range YES buckets,,2,,C,2026-03-30,high,
-12.061973999999998,4.417801,-0.022199000000000524,1.1218460000000001,Tokyo|2026-03-30|high|C,2,20°C|21°C,Tokyo,13.183819999999997,24.170336666666664,True,counterfactual assumes all target shares could be filled at observed weighted average prices,21°C,-3.2959549999999997,counterfactual ignores that original fills occurred at different times and market states,,1.1440450000000006,,3.2959549999999997,C,2026-03-30,high,20°C
11.90285662354399,-43.125195749656015,-23.371291003256005,43.819126999999995,Beijing|2026-04-01|high|C,2,19°C|20°C,Beijing,31.916270376456005,71.4898728725487,True,counterfactual assumes all target shares could be filled at observed weighted average prices,19°C,86.94432274965601,counterfactual ignores that original fills occurred at different times and market states,,67.190418003256,,23.111781996744,C,2026-04-01,high,19°C
,,,,Buenos Aires|2026-04-01|high|C,6,,Buenos Aires,,,False,,,,,requires at least two settled adjacent non-overlapping exact/range YES buckets,,6,,C,2026-04-01,high,
,,,,Moscow|2026-04-01|high|C,2,,Moscow,,,False,,,,,requires at least two settled adjacent non-overlapping exact/range YES buckets,,2,,C,2026-04-01,high,
-27.663260331359048,66.65368299915389,16.65368299915389,38.3586,Paris|2026-04-01|high|C,3,10°C|11°C|12°C,Paris,66.02186033135905,56.675713429703194,True,counterfactual assumes all target shares could be filled at observed weighted average prices,12°C,-28.295082999153887,counterfactual ignores that original fills occurred at different times and market states,,21.704917000846113,,28.295082999153887,C,2026-04-01,high,11°C
0.00035899991909182916,0.00035899991909182916,0.00035899991909182916,-14.358862,Seoul|2026-04-01|high|C,4,8°C|9°C|10°C|11°C,Seoul,-14.359220999919092,-14.359220999919092,True,counterfactual assumes all target shares could be filled at observed weighted average prices,11°C,-14.359220999919092,counterfactual ignores that original fills occurred at different times and market states,,-14.359220999919092,,14.359220999919092,C,2026-04-01,high,
-0.8059358645200128,-0.8059358645200128,-0.8059358645200128,-29.762853,Ankara|2026-04-02|high|C,3,12°C|13°C|14°C,Ankara,-28.956917135479987,-28.956917135479987,True,counterfactual assumes all target shares could be filled at observed weighted average prices,14°C,-28.956917135479987,counterfactual ignores that original fills occurred at different times and market states,,-28.956917135479987,,28.956917135479987,C,2026-04-02,high,
,,,,Buenos Aires|2026-04-02|high|C,5,,Buenos Aires,,,False,,,,,requires at least two settled adjacent non-overlapping exact/range YES buckets,,5,,C,2026-04-02,high,
1.5671999999999962,1.5671999999999962,1.5671999999999962,-28.431800000000003,Chengdu|2026-04-02|high|C,2,23°C|24°C,Chengdu,-29.999,-29.999,True,counterfactual assumes all target shares could be filled at observed weighted average prices,23°C,-29.999,counterfactual ignores that original fills occurred at different times and market states,,-29.999,,29.999,C,2026-04-02,high,
8.332918800485292,-31.77321614712573,-8.274786251903684,32.444100999999996,Hong Kong|2026-04-02|high|C,2,23°C|24°C,Hong Kong,24.111182199514705,61.56619447766286,True,counterfactual assumes all target shares could be filled at observed weighted average prices,24°C,64.21731714712573,counterfactual ignores that original fills occurred at different times and market states,,40.71888725190368,,15.99495274809632,C,2026-04-02,high,24°C
-0.10831999999999908,-0.10831999999999908,-0.10831999999999908,-9.0116,Paris|2026-04-02|high|C,2,11°C|12°C,Paris,-8.90328,-8.90328,True,counterfactual assumes all target shares could be filled at observed weighted average prices,12°C,-8.90328,counterfactual ignores that original fills occurred at different times and market states,,-8.90328,,8.90328,C,2026-04-02,high,
30.54434153309746,89.38559561190486,-1.8580043880951393,38.163519,Taipei|2026-04-02|high|C,7,20°C|21°C|22°C|23°C|24°C|25°C|26°C,Taipei,7.619177466902542,46.816032160684536,True,counterfactual assumes all target shares could be filled at observed weighted average prices,24°C,-51.22207661190486,counterfactual ignores that original fills occurred at different times and market states,,40.02152338809514,,51.22207661190486,C,2026-04-02,high,25°C
31.3725035511509,-191.3853098516758,-25.567449747435745,128.218633,Tokyo|2026-04-02|high|C,3,16°C|17°C|18°C,Tokyo,96.84612944884911,131.94295825546342,True,counterfactual assumes all target shares could be filled at observed weighted average prices,16°C,319.6039428516758,counterfactual ignores that original fills occurred at different times and market states,,153.78608274743576,,14.532777252564241,C,2026-04-02,high,16°C
-0.6396956011802004,-0.6396956011802004,-0.6396956011802004,-16.744743,Toronto|2026-04-02|high|C,3,2°C|3°C|4°C,Toronto,-16.1050473988198,-16.1050473988198,True,counterfactual assumes all target shares could be filled at observed weighted average prices,4°C,-16.1050473988198,counterfactual ignores that original fills occurred at different times and market states,,-16.1050473988198,,16.1050473988198,C,2026-04-02,high,
,,,,Beijing|2026-04-03|high|C,2,,Beijing,,,False,,,,,requires at least two settled adjacent non-overlapping exact/range YES buckets,,2,,C,2026-04-03,high,
,,,,Milan|2026-04-03|high|C,2,,Milan,,,False,,,,,requires at least two settled adjacent non-overlapping exact/range YES buckets,,2,,C,2026-04-03,high,
80.01709989216116,80.01709989216116,80.01709989216116,18.238734,Seoul|2026-04-03|high|C,2,17°C|18°C,Seoul,-61.77836589216116,-61.77836589216116,True,counterfactual assumes all target shares could be filled at observed weighted average prices,18°C,-61.77836589216116,counterfactual ignores that original fills occurred at different times and market states,,-61.77836589216116,,61.77836589216116,C,2026-04-03,high,
-32.00878626875275,-119.26976400187388,-59.96504853563162,7.9756439999999955,Taipei|2026-04-03|high|C,2,24°C|25°C,Taipei,39.984430268752746,77.93563483425369,True,counterfactual assumes all target shares could be filled at observed weighted average prices,25°C,127.24540800187388,counterfactual ignores that original fills occurred at different times and market states,,67.94069253563161,,47.27654746436839,C,2026-04-03,high,25°C
,,,,Buenos Aires|2026-04-04|high|C,3,,Buenos Aires,,,False,,,,,requires at least two settled adjacent non-overlapping exact/range YES buckets,,3,,C,2026-04-04,high,
,,,,Milan|2026-04-04|high|C,2,,Milan,,,False,,,,,requires at least two settled adjacent non-overlapping exact/range YES buckets,,2,,C,2026-04-04,high,
-0.9795403970654419,-0.9795403970654419,-0.9795403970654419,-23.088898999999998,Paris|2026-04-04|high|C,3,14°C|15°C|16°C,Paris,-22.109358602934556,-22.109358602934556,True,counterfactual assumes all target shares could be filled at observed weighted average prices,16°C,-22.109358602934556,counterfactual ignores that original fills occurred at different times and market states,,-22.109358602934556,,22.109358602934556,C,2026-04-04,high,
,,,,Sao Paulo|2026-04-04|high|C,2,,Sao Paulo,,,False,,,,,requires at least two settled adjacent non-overlapping exact/range YES buckets,,2,,C,2026-04-04,high,
-0.6263227314728486,-0.6263227314728486,-0.6263227314728486,-14.500869,Seoul|2026-04-04|high|C,2,13°C|14°C,Seoul,-13.874546268527151,-13.874546268527151,True,counterfactual assumes all target shares could be filled at observed weighted average prices,14°C,-13.874546268527151,counterfactual ignores that original fills occurred at different times and market states,,-13.874546268527151,,13.874546268527151,C,2026-04-04,high,
38.696538682642995,-25.750665928929536,18.44958329421553,86.708574,Beijing|2026-04-05|high|C,2,20°C|21°C,Beijing,48.012035317357004,33.74720788850819,True,counterfactual assumes all target shares could be filled at observed weighted average prices,21°C,112.45923992892953,counterfactual ignores that original fills occurred at different times and market states,,68.25899070578447,,16.435169294215527,C,2026-04-05,high,21°C
45.39206455736132,-48.278922807659555,-6.197795760128237,55.78467500000001,Hong Kong|2026-04-05|high|C,3,24°C|25°C|26°C,Hong Kong,10.392610442638684,81.97393331444584,True,counterfactual assumes all target shares could be filled at observed weighted average prices,25°C,104.06359780765956,counterfactual ignores that original fills occurred at different times and market states,,61.982470760128244,,36.442883239871755,C,2026-04-05,high,25°C
-19.596008498873054,100.39950999659163,22.885629996591632,55.600136,Munich|2026-04-05|high|C,2,22°C|23°C,Munich,75.19614449887305,74.47585384620473,True,counterfactual assumes all target shares could be filled at observed weighted average prices,22°C,-44.79937399659163,counterfactual ignores that original fills occurred at different times and market states,,32.71450600340837,,44.79937399659163,C,2026-04-05,high,23°C
,,,,Taipei|2026-04-05|high|C,5,,Taipei,,,False,,,,,requires at least two settled adjacent non-overlapping exact/range YES buckets,,5,,C,2026-04-05,high,
-0.5587272745839975,-0.5587272745839975,-0.5587272745839975,-17.0412,Tokyo|2026-04-05|high|C,2,21°C|22°C,Tokyo,-16.482472725416002,-16.482472725416002,True,counterfactual assumes all target shares could be filled at observed weighted average prices,22°C,-16.482472725416002,counterfactual ignores that original fills occurred at different times and market states,,-16.482472725416002,,16.482472725416002,C,2026-04-05,high,
-0.3689120000000017,-0.3689120000000017,-0.3689120000000017,-17.8302,Toronto|2026-04-05|high|C,4,5°C|6°C|7°C|8°C,Toronto,-17.461288,-17.461288,True,counterfactual assumes all target shares could be filled at observed weighted average prices,8°C,-17.461288,counterfactual ignores that original fills occurred at different times and market states,,-17.461288,,17.461288,C,2026-04-05,high,
7.588803946903006,7.588803946903006,7.588803946903006,-7.919727999999999,Busan|2026-04-06|high|C,3,14°C|15°C|16°C,Busan,-15.508531946903005,-15.508531946903005,True,counterfactual assumes all target shares could be filled at observed weighted average prices,16°C,-15.508531946903005,counterfactual ignores that original fills occurred at different times and market states,,-15.508531946903005,,15.508531946903005,C,2026-04-06,high,
6.325810835750382,-79.08737562790668,-1.3354159324210846,7.108745,London|2026-04-06|high|C,3,15°C|16°C|17°C,London,0.7829341642496175,46.353630541006346,True,counterfactual assumes all target shares could be filled at observed weighted average prices,16°C,86.19612062790668,counterfactual ignores that original fills occurred at different times and market states,,8.444160932421084,,41.92365906757892,C,2026-04-06,high,16°C
,,,,Munich|2026-04-06|high|C,2,,Munich,,,False,,,,,requires at least two settled adjacent non-overlapping exact/range YES buckets,,2,,C,2026-04-06,high,
-6.844058002328879,-48.46936772778567,-31.940748276872093,23.126165,Sao Paulo|2026-04-06|high|C,2,29°C|30°C,Sao Paulo,29.97022300232888,47.57460299810595,True,counterfactual assumes all target shares could be filled at observed weighted average prices,29°C,71.59553272778567,counterfactual ignores that original fills occurred at different times and market states,,55.06691327687209,,11.6550867231279,C,2026-04-06,high,29°C
11.18765223434296,11.18765223434296,11.18765223434296,-13.853493,Seoul|2026-04-06|high|C,4,9°C|10°C|11°C|12°C,Seoul,-25.04114523434296,-25.04114523434296,True,counterfactual assumes all target shares could be filled at observed weighted average prices,11°C,-25.04114523434296,counterfactual ignores that original fills occurred at different times and market states,,-25.04114523434296,,25.04114523434296,C,2026-04-06,high,
,,,,Toronto|2026-04-06|high|C,2,,Toronto,,,False,,,,,requires at least two settled adjacent non-overlapping exact/range YES buckets,,2,,C,2026-04-06,high,
54.82349738607164,148.9905856478776,98.16058564787761,129.27051899999998,Warsaw|2026-04-06|high|C,3,9°C|10°C|11°C,Warsaw,74.44702161392834,78.83490007314927,True,counterfactual assumes all target shares could be filled at observed weighted average prices,10°C,-19.720066647877623,counterfactual ignores that original fills occurred at different times and market states,,31.109933352122376,,19.720066647877623,C,2026-04-06,high,11°C
,,,,Beijing|2026-04-07|high|C,4,,Beijing,,,False,,,,,requires at least two settled adjacent non-overlapping exact/range YES buckets,,4,,C,2026-04-07,high,
26.32988922669464,-124.31739358532485,1.6535306327043884,67.757892,Busan|2026-04-07|high|C,3,16°C|17°C|18°C,Busan,41.42800277330536,86.9528301406227,True,counterfactual assumes all target shares could be filled at observed weighted average prices,16°C,192.07528558532485,counterfactual ignores that original fills occurred at different times and market states,,66.10436136729561,,33.89563863270438,C,2026-04-07,high,16°C
,,,,Hong Kong|2026-04-07|high|C,2,,Hong Kong,,,False,,,,,requires at least two settled adjacent non-overlapping exact/range YES buckets,,2,,C,2026-04-07,high,
-57.39708849450352,150.04508350227098,21.257953502270993,50.913938,London|2026-04-07|high|C,4,18°C|19°C|20°C|21°C,London,108.31102649450352,40.60992870463227,True,counterfactual assumes all target shares could be filled at observed weighted average prices,20°C,-99.13114550227098,counterfactual ignores that original fills occurred at different times and market states,,29.65598449772901,,99.13114550227098,C,2026-04-07,high,18°C
-12.525814431058798,-90.85124602276797,-34.08795183934963,48.568020000000004,Seoul|2026-04-07|high|C,2,10°C|11°C,Seoul,61.0938344310588,97.76510827156483,True,counterfactual assumes all target shares could be filled at observed weighted average prices,11°C,139.41926602276797,counterfactual ignores that original fills occurred at different times and market states,,82.65597183934963,,17.231597160650374,C,2026-04-07,high,11°C
,,,,Beijing|2026-04-08|high|C,4,,Beijing,,,False,,,,,requires at least two settled adjacent non-overlapping exact/range YES buckets,,4,,C,2026-04-08,high,
,,,,Dallas|2026-04-08|high|F,3,,Dallas,,,False,,,,,requires at least two settled adjacent non-overlapping exact/range YES buckets,,3,,F,2026-04-08,high,
44.935294923076924,-8.09650315384615,-2.0329070000000016,42.814023,Hong Kong|2026-04-08|high|C,2,25°C|26°C,Hong Kong,-2.1212719230769252,49.15533251351103,True,counterfactual assumes all target shares could be filled at observed weighted average prices,26°C,50.91052615384615,counterfactual ignores that original fills occurred at different times and market states,,44.84693,,55.15307,C,2026-04-08,high,26°C
,,,,London|2026-04-08|high|C,2,,London,,,False,,,,,requires at least two settled adjacent non-overlapping exact/range YES buckets,,2,,C,2026-04-08,high,
7.486200000000007,-20.162299999999995,-0.06529999999999703,24.075300000000006,Los Angeles|2026-04-08|high|F,2,between 70-71°F|between 72-73°F,Los Angeles,16.5891,21.468247058823533,True,counterfactual assumes all target shares could be filled at observed weighted average prices,between 70-71°F,44.2376,counterfactual ignores that original fills occurred at different times and market states,,24.140600000000003,,11.0594,F,2026-04-08,high,between 70-71°F
10.507650234569896,10.507650234569896,10.507650234569896,-1.43934,Munich|2026-04-08|high|C,2,18°C|19°C,Munich,-11.946990234569896,-11.946990234569896,True,counterfactual assumes all target shares could be filled at observed weighted average prices,18°C,-11.946990234569896,counterfactual ignores that original fills occurred at different times and market states,,-11.946990234569896,,11.946990234569896,C,2026-04-08,high,
,,,,Seoul|2026-04-08|high|C,2,,Seoul,,,False,,,,,requires at least two settled adjacent non-overlapping exact/range YES buckets,,2,,C,2026-04-08,high,
-3.6277383393612777,-35.19155212058145,-22.06392455814111,10.891616,Atlanta|2026-04-09|high|F,2,between 68-69°F|between 70-71°F,Atlanta,14.519354339361279,41.52537707723715,True,counterfactual assumes all target shares could be filled at observed weighted average prices,between 70-71°F,46.08316812058145,counterfactual ignores that original fills occurred at different times and market states,,32.95554055814111,,17.044459441858894,F,2026-04-09,high,between 70-71°F
,,,,Busan|2026-04-09|high|C,3,,Busan,,,False,,,,,requires at least two settled adjacent non-overlapping exact/range YES buckets,,3,,C,2026-04-09,high,
15.953810002278225,15.953810002278225,15.953810002278225,-19.676974,Madrid|2026-04-09|high|C,2,24°C|25°C,Madrid,-35.630784002278226,-35.630784002278226,True,counterfactual assumes all target shares could be filled at observed weighted average prices,25°C,-35.630784002278226,counterfactual ignores that original fills occurred at different times and market states,,-35.630784002278226,,35.630784002278226,C,2026-04-09,high,
-3.1093918895415538,21.066577000533997,-2.1534229994660006,10.187390999999998,Moscow|2026-04-09|high|C,3,1°C|2°C|3°C,Moscow,13.296782889541552,17.016162689788416,True,counterfactual assumes all target shares could be filled at observed weighted average prices,1°C,-10.879186000534,counterfactual ignores that original fills occurred at different times and market states,,12.340813999465999,,10.879186000534,C,2026-04-09,high,3°C
-25.225495523809506,3.9000139999999917,-6.099986000000008,-8.332699999999999,Munich|2026-04-09|high|C,2,14°C|15°C,Munich,16.892795523809507,11.752999586245735,True,counterfactual assumes all target shares could be filled at observed weighted average prices,14°C,-12.23271399999999,counterfactual ignores that original fills occurred at different times and market states,,-2.2327139999999908,,12.23271399999999,C,2026-04-09,high,15°C
-221.24393571843274,220.04798632245314,120.04798632245314,193.570471,Beijing|2026-04-10|high|C,3,27°C|28°C|29°C,Beijing,414.81440671843274,94.97048993706957,True,counterfactual assumes all target shares could be filled at observed weighted average prices,28°C,-26.47751532245315,counterfactual ignores that original fills occurred at different times and market states,,73.52248467754686,,26.47751532245315,C,2026-04-10,high,29°C
36.10541162465222,-76.96884834912063,-5.787785401574922,111.67986400000001,Buenos Aires|2026-04-10|high|C,2,24°C|25°C,Buenos Aires,75.57445237534779,168.3961960188719,True,counterfactual assumes all target shares could be filled at observed weighted average prices,24°C,188.64871234912064,counterfactual ignores that original fills occurred at different times and market states,,117.46764940157493,,37.499807598425065,C,2026-04-10,high,24°C
-0.016800720000559766,-0.016800720000559766,-0.016800720000559766,-1.509,Madrid|2026-04-10|high|C,2,29°C|30°C,Madrid,-1.4921992799994401,-1.4921992799994401,True,counterfactual assumes all target shares could be filled at observed weighted average prices,29°C,-1.4921992799994401,counterfactual ignores that original fills occurred at different times and market states,,-1.4921992799994401,,1.4921992799994401,C,2026-04-10,high,
0.7358136105559332,36.94581318783999,-0.8396388121600147,-1.0876669999999997,Moscow|2026-04-10|high|C,5,0°C|1°C|2°C|3°C|4°C,Moscow,-1.823480610555933,59.28118092802801,True,counterfactual assumes all target shares could be filled at observed weighted average prices,3°C,-38.033480187839984,counterfactual ignores that original fills occurred at different times and market states,,-0.24802818783998504,,38.033480187839984,C,2026-04-10,high,4°C
,,,,Seoul|2026-04-10|high|C,4,,Seoul,,,False,,,,,requires at least two settled adjacent non-overlapping exact/range YES buckets,,4,,C,2026-04-10,high,
,,,,Busan|2026-04-11|high|C,2,,Busan,,,False,,,,,requires at least two settled adjacent non-overlapping exact/range YES buckets,,2,,C,2026-04-11,high,
38.005451285405414,-18.851267309189183,-5.13783011999999,73.82518400000001,London|2026-04-11|high|C,2,14°C|15°C,London,35.81973271459459,66.98387554259413,True,counterfactual assumes all target shares could be filled at observed weighted average prices,14°C,92.67645130918919,counterfactual ignores that original fills occurred at different times and market states,,78.96301412,,21.03698588,C,2026-04-11,high,14°C
15.324651351321794,15.324651351321794,15.324651351321794,-3.145416,Panama City|2026-04-11|high|C,2,29°C|30°C,Panama City,-18.470067351321795,-18.470067351321795,True,counterfactual assumes all target shares could be filled at observed weighted average prices,29°C,-18.470067351321795,counterfactual ignores that original fills occurred at different times and market states,,-18.470067351321795,,18.470067351321795,C,2026-04-11,high,
,,,,Seoul|2026-04-11|high|C,4,,Seoul,,,False,,,,,requires at least two settled adjacent non-overlapping exact/range YES buckets,,4,,C,2026-04-11,high,
,,,,Tokyo|2026-04-11|high|C,2,,Tokyo,,,False,,,,,requires at least two settled adjacent non-overlapping exact/range YES buckets,,2,,C,2026-04-11,high,
8.94239077254762,15.571329399928565,15.067289399928566,8.809812,Amsterdam|2026-04-12|high|C,2,14°C|15°C,Amsterdam,-0.1325787725476193,3.330299600096134,True,counterfactual assumes all target shares could be filled at observed weighted average prices,14°C,-6.761517399928564,counterfactual ignores that original fills occurred at different times and market states,,-6.257477399928564,,6.761517399928564,C,2026-04-12,high,15°C
,,,,Beijing|2026-04-12|high|C,4,,Beijing,,,False,,,,,requires at least two settled adjacent non-overlapping exact/range YES buckets,,4,,C,2026-04-12,high,
38.851039129755236,-20.887373930584857,6.340768190095332,68.44541799999999,Buenos Aires|2026-04-12|high|C,2,26°C|27°C,Buenos Aires,29.594378870244753,82.15043202141187,True,counterfactual assumes all target shares could be filled at observed weighted average prices,26°C,89.33279193058485,counterfactual ignores that original fills occurred at different times and market states,,62.10464980990466,,30.14403419009534,C,2026-04-12,high,26°C
2.167084572481466,-17.926179134491264,-1.0970917205458068,-3.774413000000001,London|2026-04-12|high|C,2,15°C|16°C,London,-5.941497572481467,13.301999774666626,True,counterfactual assumes all target shares could be filled at observed weighted average prices,15°C,14.151766134491261,counterfactual ignores that original fills occurred at different times and market states,,-2.677321279454194,,26.034761279454194,C,2026-04-12,high,15°C
,,,,Milan|2026-04-12|high|C,2,,Milan,,,False,,,,,requires at least two settled adjacent non-overlapping exact/range YES buckets,,2,,C,2026-04-12,high,
,,,,Moscow|2026-04-12|high|C,3,,Moscow,,,False,,,,,requires at least two settled adjacent non-overlapping exact/range YES buckets,,3,,C,2026-04-12,high,
,,,,Munich|2026-04-12|high|C,3,,Munich,,,False,,,,,requires at least two settled adjacent non-overlapping exact/range YES buckets,,3,,C,2026-04-12,high,
,,,,New York City|2026-04-12|high|F,3,,New York City,,,False,,,,,requires at least two settled adjacent non-overlapping exact/range YES buckets,,3,,F,2026-04-12,high,
,,,,Seoul|2026-04-12|high|C,8,,Seoul,,,False,,,,,requires at least two settled adjacent non-overlapping exact/range YES buckets,,8,,C,2026-04-12,high,
12.40487099844209,12.40487099844209,12.40487099844209,-5.9511330000000005,Shanghai|2026-04-12|high|C,2,18°C|19°C,Shanghai,-18.35600399844209,-18.35600399844209,True,counterfactual assumes all target shares could be filled at observed weighted average prices,18°C,-18.35600399844209,counterfactual ignores that original fills occurred at different times and market states,,-18.35600399844209,,18.35600399844209,C,2026-04-12,high,
,,,,Taipei|2026-04-12|high|C,2,,Taipei,,,False,,,,,requires at least two settled adjacent non-overlapping exact/range YES buckets,,2,,C,2026-04-12,high,
28.734037584337077,28.734037584337077,28.734037584337077,-4.5768939999999985,Buenos Aires|2026-04-13|high|C,2,26°C|27°C,Buenos Aires,-33.31093158433708,-33.31093158433708,True,counterfactual assumes all target shares could be filled at observed weighted average prices,26°C,-33.31093158433708,counterfactual ignores that original fills occurred at different times and market states,,-33.31093158433708,,33.31093158433708,C,2026-04-13,high,
48.26469448717755,-66.7303687254833,-9.453022300161606,110.67859,London|2026-04-13|high|C,2,12°C|13°C,London,62.41389551282245,114.77584246764806,True,counterfactual assumes all target shares could be filled at observed weighted average prices,13°C,177.4089587254833,counterfactual ignores that original fills occurred at different times and market states,,120.1316123001616,,52.5811676998384,C,2026-04-13,high,13°C
38.15567928708795,-24.55211489328915,-4.2218065325349485,33.00560099999999,Milan|2026-04-13|high|C,2,14°C|15°C,Milan,-5.150078287087958,36.36822822925565,True,counterfactual assumes all target shares could be filled at observed weighted average prices,15°C,57.55771589328914,counterfactual ignores that original fills occurred at different times and market states,,37.22740753253494,,67.85787246746506,C,2026-04-13,high,15°C
34.560743245874136,-236.10320856890675,-1.1500808467354489,74.38757799999999,Seoul|2026-04-13|high|C,3,20°C|21°C|22°C,Seoul,39.826834754125855,130.48551411105785,True,counterfactual assumes all target shares could be filled at observed weighted average prices,20°C,310.49078656890674,counterfactual ignores that original fills occurred at different times and market states,,75.53765884673544,,95.50514115326456,C,2026-04-13,high,20°C
31.08082374190221,31.08082374190221,31.08082374190221,-15.697979,Cape Town|2026-04-14|high|C,2,24°C|25°C,Cape Town,-46.77880274190221,-46.77880274190221,True,counterfactual assumes all target shares could be filled at observed weighted average prices,25°C,-46.77880274190221,counterfactual ignores that original fills occurred at different times and market states,,-46.77880274190221,,46.77880274190221,C,2026-04-14,high,
-69.6301981626662,107.08091048631505,-6.942729513684952,83.23004,Istanbul|2026-04-14|high|C,2,13°C|14°C,Istanbul,152.8602381626662,38.204622571330134,True,counterfactual assumes all target shares could be filled at observed weighted average prices,14°C,-23.850870486315046,counterfactual ignores that original fills occurred at different times and market states,,90.17276951368495,,23.850870486315046,C,2026-04-14,high,13°C
-35.79296994288,51.017500121119994,20.95450012112,22.370044999999998,London|2026-04-14|high|C,3,16°C|17°C|18°C,London,58.16301494288,15.574273833672581,True,counterfactual assumes all target shares could be filled at observed weighted average prices,16°C,-28.64745512112,counterfactual ignores that original fills occurred at different times and market states,,1.4155448788799987,,28.64745512112,C,2026-04-14,high,17°C
,,,,Moscow|2026-04-14|high|C,5,,Moscow,,,False,,,,,requires at least two settled adjacent non-overlapping exact/range YES buckets,,5,,C,2026-04-14,high,
,,,,Seoul|2026-04-14|high|C,2,,Seoul,,,False,,,,,requires at least two settled adjacent non-overlapping exact/range YES buckets,,2,,C,2026-04-14,high,
-1.8912054611411762,-1.8912054611411762,-1.8912054611411762,-46.053838,Tel Aviv|2026-04-14|high|C,3,26°C|27°C|28°C,Tel Aviv,-44.16263253885882,-44.16263253885882,True,counterfactual assumes all target shares could be filled at observed weighted average prices,27°C,-44.16263253885882,counterfactual ignores that original fills occurred at different times and market states,,-44.16263253885882,,44.16263253885882,C,2026-04-14,high,
-0.01944099970339641,-0.01944099970339641,-0.01944099970339641,-4.0078000000000005,Busan|2026-04-15|high|C,2,20°C|21°C,Busan,-3.988359000296604,-3.988359000296604,True,counterfactual assumes all target shares could be filled at observed weighted average prices,21°C,-3.988359000296604,counterfactual ignores that original fills occurred at different times and market states,,-3.988359000296604,,3.988359000296604,C,2026-04-15,high,
,,,,London|2026-04-15|high|C,2,,London,,,False,,,,,requires at least two settled adjacent non-overlapping exact/range YES buckets,,2,,C,2026-04-15,high,
-62.290194937637345,34.09507704596097,1.6440570459609738,31.364161000000003,London|2026-04-15|low|C,2,11°C|12°C,London,93.65435593763735,14.76919746160597,True,counterfactual assumes all target shares could be filled at observed weighted average prices,12°C,-2.7309160459609703,counterfactual ignores that original fills occurred at different times and market states,,29.72010395403903,,2.7309160459609703,C,2026-04-15,low,11°C
-5.592684050443907,-27.881888806218257,-8.046219294669557,8.324851,Moscow|2026-04-15|high|C,2,10°C|11°C,Moscow,13.917535050443908,22.35619280196544,True,counterfactual assumes all target shares could be filled at observed weighted average prices,10°C,36.20673980621826,counterfactual ignores that original fills occurred at different times and market states,,16.371070294669558,,8.371669705330445,C,2026-04-15,high,10°C
9.494228999999999,9.494228999999999,9.494228999999999,-4.7546610000000005,New York City|2026-04-15|high|F,2,between 88-89°F|between 90-91°F,New York City,-14.24889,-14.24889,True,counterfactual assumes all target shares could be filled at observed weighted average prices,between 88-89°F,-14.24889,counterfactual ignores that original fills occurred at different times and market states,,-14.24889,,14.24889,F,2026-04-15,high,
-1.130736956030379,-1.130736956030379,-1.130736956030379,-23.799267,Seoul|2026-04-15|high|C,3,16°C|17°C|18°C,Seoul,-22.66853004396962,-22.66853004396962,True,counterfactual assumes all target shares could be filled at observed weighted average prices,18°C,-22.66853004396962,counterfactual ignores that original fills occurred at different times and market states,,-22.66853004396962,,22.66853004396962,C,2026-04-15,high,
26.08009521495012,-25.688794366421007,-1.997502389707094,-4.6820710000000005,Seoul|2026-04-15|low|C,5,9°C|10°C|11°C|12°C|13°C,Seoul,-30.76216621495012,4.638220380579561,True,counterfactual assumes all target shares could be filled at observed weighted average prices,10°C,21.006723366421006,counterfactual ignores that original fills occurred at different times and market states,,-2.6845686102929065,,43.7043886102929,C,2026-04-15,low,10°C
,,,,Tokyo|2026-04-15|high|C,2,,Tokyo,,,False,,,,,requires at least two settled adjacent non-overlapping exact/range YES buckets,,2,,C,2026-04-15,high,
4.0222535583333325,-167.24672477500002,-1.0432572749999878,71.6735,Tokyo|2026-04-15|low|C,3,14°C|15°C|16°C,Tokyo,67.65124644166667,72.68095049405721,True,counterfactual assumes all target shares could be filled at observed weighted average prices,15°C,238.92022477500004,counterfactual ignores that original fills occurred at different times and market states,,72.71675727499999,,17.983242725000004,C,2026-04-15,low,15°C
,,,,Buenos Aires|2026-04-16|high|C,2,,Buenos Aires,,,False,,,,,requires at least two settled adjacent non-overlapping exact/range YES buckets,,2,,C,2026-04-16,high,
,,,,Lagos|2026-04-16|high|C,2,,Lagos,,,False,,,,,requires at least two settled adjacent non-overlapping exact/range YES buckets,,2,,C,2026-04-16,high,
-80.76558802286013,-382.45492162929895,-175.53714121964074,24.716888000000004,London|2026-04-16|high|C,3,18°C|19°C|20°C,London,105.48247602286014,293.09682186252155,True,counterfactual assumes all target shares could be filled at observed weighted average prices,18°C,407.17180962929893,counterfactual ignores that original fills occurred at different times and market states,,200.25402921964076,,45.36219078035925,C,2026-04-16,high,18°C
2.2719329965673185,2.2719329965673185,2.2719329965673185,-3.55852,Moscow|2026-04-16|high|C,2,9°C|10°C,Moscow,-5.830452996567319,-5.830452996567319,True,counterfactual assumes all target shares could be filled at observed weighted average prices,9°C,-5.830452996567319,counterfactual ignores that original fills occurred at different times and market states,,-5.830452996567319,,5.830452996567319,C,2026-04-16,high,
30.231407477257125,-40.28431855184242,-0.9783505130430292,12.448445000000003,Paris|2026-04-16|high|C,4,19°C|20°C|21°C|22°C,Paris,-17.782962477257122,38.34322415634671,True,counterfactual assumes all target shares could be filled at observed weighted average prices,19°C,52.732763551842424,counterfactual ignores that original fills occurred at different times and market states,,13.426795513043032,,41.28820448695697,C,2026-04-16,high,19°C
,,,,Sao Paulo|2026-04-16|high|C,2,,Sao Paulo,,,False,,,,,requires at least two settled adjacent non-overlapping exact/range YES buckets,,2,,C,2026-04-16,high,
29.7817520096618,-136.84017298027382,-3.5963230004025775,189.7388,Wuhan|2026-04-16|high|C,2,22°C|23°C,Wuhan,159.9570479903382,26.659505526923184,True,counterfactual assumes all target shares could be filled at observed weighted average prices,23°C,326.5789729802738,counterfactual ignores that original fills occurred at different times and market states,,193.33512300040258,,6.664876999597425,C,2026-04-16,high,23°C
6.969919000000004,6.969919000000004,6.969919000000004,-45.086169,Beijing|2026-04-17|high|C,2,23°C|24°C,Beijing,-52.056088,-52.056088,True,counterfactual assumes all target shares could be filled at observed weighted average prices,23°C,-52.056088,counterfactual ignores that original fills occurred at different times and market states,,-52.056088,,52.056088,C,2026-04-17,high,
8.260430855408003,8.260430855408003,8.260430855408003,-30.114067,Buenos Aires|2026-04-17|high|C,2,26°C|27°C,Buenos Aires,-38.374497855408,-38.374497855408,True,counterfactual assumes all target shares could be filled at observed weighted average prices,26°C,-38.374497855408,counterfactual ignores that original fills occurred at different times and market states,,-38.374497855408,,38.374497855408,C,2026-04-17,high,
7.211916002903099,7.211916002903099,7.211916002903099,-30.983501999999998,London|2026-04-17|high|C,2,19°C|20°C,London,-38.1954180029031,-38.1954180029031,True,counterfactual assumes all target shares could be filled at observed weighted average prices,19°C,-38.1954180029031,counterfactual ignores that original fills occurred at different times and market states,,-38.1954180029031,,38.1954180029031,C,2026-04-17,high,
75.39655093338342,-72.66310408948914,-14.73316155518031,59.005126999999995,Tel Aviv|2026-04-17|high|C,3,31°C|32°C|33°C,Tel Aviv,-16.39142393338342,87.74864566872125,True,counterfactual assumes all target shares could be filled at observed weighted average prices,33°C,131.66823108948913,counterfactual ignores that original fills occurred at different times and market states,,73.7382885551803,,90.42125144481969,C,2026-04-17,high,33°C
18.097283743341414,18.097283743341414,18.097283743341414,-25.340448000000002,Tokyo|2026-04-17|high|C,3,18°C|19°C|20°C,Tokyo,-43.437731743341416,-43.437731743341416,True,counterfactual assumes all target shares could be filled at observed weighted average prices,19°C,-43.437731743341416,counterfactual ignores that original fills occurred at different times and market states,,-43.437731743341416,,43.437731743341416,C,2026-04-17,high,
24.916281700466378,-30.080439220015123,-7.8041773790521205,35.182179000000005,Wellington|2026-04-17|high|C,2,17°C|18°C,Wellington,10.265897299533627,29.367549111174597,True,counterfactual assumes all target shares could be filled at observed weighted average prices,18°C,65.26261822001513,counterfactual ignores that original fills occurred at different times and market states,,42.986356379052125,,44.730823620947874,C,2026-04-17,high,18°C
-0.07705196693615601,-0.07705196693615601,-0.07705196693615601,-3.205362,Amsterdam|2026-04-18|high|C,2,15°C|16°C,Amsterdam,-3.128310033063844,-3.128310033063844,True,counterfactual assumes all target shares could be filled at observed weighted average prices,15°C,-3.128310033063844,counterfactual ignores that original fills occurred at different times and market states,,-3.128310033063844,,3.128310033063844,C,2026-04-18,high,
85.92454547747975,-55.93570791104665,-28.826450133993802,163.53234,Buenos Aires|2026-04-18|high|C,2,28°C|29°C,Buenos Aires,77.60779452252025,193.18359456584142,True,counterfactual assumes all target shares could be filled at observed weighted average prices,28°C,219.46804791104665,counterfactual ignores that original fills occurred at different times and market states,,192.3587901339938,,64.25245886600617,C,2026-04-18,high,28°C
-203.47212384762673,-450.10766469527636,-243.12158299997705,8.322577,London|2026-04-18|high|C,2,16°C|17°C,London,211.79470084762673,106.47689149550519,True,counterfactual assumes all target shares could be filled at observed weighted average prices,16°C,458.4302416952764,counterfactual ignores that original fills occurred at different times and market states,,251.44415999997705,,34.84084000002292,C,2026-04-18,high,16°C
4.208157235294124,-49.90455452941175,2.3838690000000042,39.922547,Madrid|2026-04-18|high|C,2,28°C|29°C,Madrid,35.71438976470588,69.21273514285713,True,counterfactual assumes all target shares could be filled at observed weighted average prices,28°C,89.82710152941175,counterfactual ignores that original fills occurred at different times and market states,,37.538678,,18.398322,C,2026-04-18,high,28°C
-0.017882719999999352,-0.017882719999999352,-0.017882719999999352,-8.447716,Milan|2026-04-18|high|C,2,26°C|27°C,Milan,-8.42983328,-8.42983328,True,counterfactual assumes all target shares could be filled at observed weighted average prices,26°C,-8.42983328,counterfactual ignores that original fills occurred at different times and market states,,-8.42983328,,8.42983328,C,2026-04-18,high,
,,,,Munich|2026-04-18|high|C,2,,Munich,,,False,,,,,requires at least two settled adjacent non-overlapping exact/range YES buckets,,2,,C,2026-04-18,high,
42.94976345065826,42.94976345065826,42.94976345065826,-61.585321,New York City|2026-04-18|high|F,5,between 62-63°F|between 64-65°F|between 66-67°F|between 68-69°F|between 70-71°F,New York City,-104.53508445065826,-104.53508445065826,True,counterfactual assumes all target shares could be filled at observed weighted average prices,between 62-63°F,-104.53508445065826,counterfactual ignores that original fills occurred at different times and market states,,-104.53508445065826,,104.53508445065826,F,2026-04-18,high,
89.4533880620505,-35.44640523453572,-5.726715289656397,123.96391599999998,Sao Paulo|2026-04-18|high|C,3,30°C|31°C|32°C,Sao Paulo,34.5105279379495,143.33171253893715,True,counterfactual assumes all target shares could be filled at observed weighted average prices,30°C,159.4103212345357,counterfactual ignores that original fills occurred at different times and market states,,129.69063128965638,,27.939368710343608,C,2026-04-18,high,30°C
31.868858,31.868858,31.868858,25.515857999999998,Toronto|2026-04-18|high|C,2,18°C|19°C,Toronto,-6.353000000000001,-6.353000000000001,True,counterfactual assumes all target shares could be filled at observed weighted average prices,18°C,-6.353000000000001,counterfactual ignores that original fills occurred at different times and market states,,-6.353000000000001,,6.353000000000001,C,2026-04-18,high,
,,,,Wuhan|2026-04-18|high|C,2,,Wuhan,,,False,,,,,requires at least two settled adjacent non-overlapping exact/range YES buckets,,2,,C,2026-04-18,high,
26.986669362479745,-121.46299814661623,1.0033368715757263,99.809706,Buenos Aires|2026-04-19|high|C,2,26°C|27°C,Buenos Aires,72.82303663752026,118.2613010365952,True,counterfactual assumes all target shares could be filled at observed weighted average prices,26°C,221.27270414661623,counterfactual ignores that original fills occurred at different times and market states,,98.80636912842428,,75.62663087157571,C,2026-04-19,high,26°C
,,,,Busan|2026-04-19|high|C,2,,Busan,,,False,,,,,requires at least two settled adjacent non-overlapping exact/range YES buckets,,2,,C,2026-04-19,high,
,,,,Chongqing|2026-04-19|high|C,2,,Chongqing,,,False,,,,,requires at least two settled adjacent non-overlapping exact/range YES buckets,,2,,C,2026-04-19,high,
,,,,Dallas|2026-04-19|high|F,2,,Dallas,,,False,,,,,requires at least two settled adjacent non-overlapping exact/range YES buckets,,2,,F,2026-04-19,high,
-60.18441499234031,82.81153499914892,-17.18846500085108,68.51194,Moscow|2026-04-19|high|C,2,4°C|5°C,Moscow,128.6963549923403,77.82099629974829,True,counterfactual assumes all target shares could be filled at observed weighted average prices,5°C,-14.299594999148924,counterfactual ignores that original fills occurred at different times and market states,,85.70040500085108,,14.299594999148924,C,2026-04-19,high,4°C
6.713139766262136,38.48403985493413,-0.3543801450658659,12.815579000000001,Munich|2026-04-19|high|C,3,17°C|18°C|19°C,Munich,6.102439233737865,37.040170004031005,True,counterfactual assumes all target shares could be filled at observed weighted average prices,18°C,-25.668460854934132,counterfactual ignores that original fills occurred at different times and market states,,13.169959145065867,,25.668460854934132,C,2026-04-19,high,17°C
-25.883089497934133,-117.06355199586827,-73.99622700000002,30.362628000000004,Paris|2026-04-19|high|C,2,18°C|19°C,Paris,56.24571749793414,73.70358207464749,True,counterfactual assumes all target shares could be filled at observed weighted average prices,18°C,147.42617999586827,counterfactual ignores that original fills occurred at different times and market states,,104.35885500000002,,34.93474499999998,C,2026-04-19,high,18°C
-0.4534579495577944,-0.4534579495577944,-0.4534579495577944,-16.716575999999996,Sao Paulo|2026-04-19|high|C,2,29°C|30°C,Sao Paulo,-16.263118050442202,-16.263118050442202,True,counterfactual assumes all target shares could be filled at observed weighted average prices,29°C,-16.263118050442202,counterfactual ignores that original fills occurred at different times and market states,,-16.263118050442202,,16.263118050442202,C,2026-04-19,high,
-1.011471499999999,-1.011471499999999,-1.011471499999999,-51.895522,Seoul|2026-04-19|high|C,5,19°C|20°C|21°C|22°C|23°C,Seoul,-50.8840505,-50.8840505,True,counterfactual assumes all target shares could be filled at observed weighted average prices,22°C,-50.8840505,counterfactual ignores that original fills occurred at different times and market states,,-50.8840505,,50.8840505,C,2026-04-19,high,
-0.7961089847619056,17.063065920000003,0.24770592000000358,2.061359,Beijing|2026-04-20|high|C,3,24°C|25°C|26°C,Beijing,2.8574679847619056,35.70407814307828,True,counterfactual assumes all target shares could be filled at observed weighted average prices,25°C,-15.001706920000002,counterfactual ignores that original fills occurred at different times and market states,,1.8136530799999964,,15.001706920000002,C,2026-04-20,high,24°C
,,,,Buenos Aires|2026-04-20|high|C,4,,Buenos Aires,,,False,,,,,requires at least two settled adjacent non-overlapping exact/range YES buckets,,4,,C,2026-04-20,high,
9.730668694786798,9.730668694786798,9.730668694786798,-4.929137000000001,Dallas|2026-04-20|high|F,2,between 72-73°F|between 74-75°F,Dallas,-14.6598056947868,-14.6598056947868,True,counterfactual assumes all target shares could be filled at observed weighted average prices,between 72-73°F,-14.6598056947868,counterfactual ignores that original fills occurred at different times and market states,,-14.6598056947868,,14.6598056947868,F,2026-04-20,high,
,,,,Munich|2026-04-20|high|C,2,,Munich,,,False,,,,,requires at least two settled adjacent non-overlapping exact/range YES buckets,,2,,C,2026-04-20,high,
,,,,Sao Paulo|2026-04-20|high|C,2,,Sao Paulo,,,False,,,,,requires at least two settled adjacent non-overlapping exact/range YES buckets,,2,,C,2026-04-20,high,
-0.2329633620968039,-0.2329633620968039,-0.2329633620968039,-20.914892,Seoul|2026-04-20|high|C,2,12°C|13°C,Seoul,-20.681928637903194,-20.681928637903194,True,counterfactual assumes all target shares could be filled at observed weighted average prices,13°C,-20.681928637903194,counterfactual ignores that original fills occurred at different times and market states,,-20.681928637903194,,20.681928637903194,C,2026-04-20,high,
,,,,Warsaw|2026-04-20|high|C,2,,Warsaw,,,False,,,,,requires at least two settled adjacent non-overlapping exact/range YES buckets,,2,,C,2026-04-20,high,
13.455756199999998,13.455756199999998,13.455756199999998,-8.198078,Ankara|2026-04-21|high|C,2,18°C|19°C,Ankara,-21.6538342,-21.6538342,True,counterfactual assumes all target shares could be filled at observed weighted average prices,18°C,-21.6538342,counterfactual ignores that original fills occurred at different times and market states,,-21.6538342,,21.6538342,C,2026-04-21,high,
43.58355840119596,43.58355840119596,43.58355840119596,-4.247843999999998,Buenos Aires|2026-04-21|high|C,4,19°C|20°C|21°C|22°C,Buenos Aires,-47.83140240119596,-47.83140240119596,True,counterfactual assumes all target shares could be filled at observed weighted average prices,21°C,-47.83140240119596,counterfactual ignores that original fills occurred at different times and market states,,-47.83140240119596,,47.83140240119596,C,2026-04-21,high,
,,,,Busan|2026-04-21|high|C,2,,Busan,,,False,,,,,requires at least two settled adjacent non-overlapping exact/range YES buckets,,2,,C,2026-04-21,high,
2.8328387381625078,-41.67450677649332,-7.446695747181664,24.404235999999997,Chengdu|2026-04-21|high|C,2,21°C|22°C,Chengdu,21.57139726183749,58.02001889872815,True,counterfactual assumes all target shares could be filled at observed weighted average prices,21°C,66.07874277649331,counterfactual ignores that original fills occurred at different times and market states,,31.85093174718166,,22.935948252818335,C,2026-04-21,high,21°C
-0.05805773999999975,-0.05805773999999975,-0.05805773999999975,-3.549435,London|2026-04-21|high|C,2,11°C|12°C,London,-3.49137726,-3.49137726,True,counterfactual assumes all target shares could be filled at observed weighted average prices,12°C,-3.49137726,counterfactual ignores that original fills occurred at different times and market states,,-3.49137726,,3.49137726,C,2026-04-21,high,
2.2166938591317447,2.2166938591317447,2.2166938591317447,-59.424768,Madrid|2026-04-21|high|C,3,27°C|28°C|29°C,Madrid,-61.641461859131745,-61.641461859131745,True,counterfactual assumes all target shares could be filled at observed weighted average prices,28°C,-61.641461859131745,counterfactual ignores that original fills occurred at different times and market states,,-61.641461859131745,,61.641461859131745,C,2026-04-21,high,
3.4131,3.4131,3.4131,-9.19055,Moscow|2026-04-21|high|C,2,6°C|7°C,Moscow,-12.60365,-12.60365,True,counterfactual assumes all target shares could be filled at observed weighted average prices,7°C,-12.60365,counterfactual ignores that original fills occurred at different times and market states,,-12.60365,,12.60365,C,2026-04-21,high,
-0.4965895766793853,-0.4965895766793853,-0.4965895766793853,-13.022348000000001,Munich|2026-04-21|high|C,3,7°C|8°C|9°C,Munich,-12.525758423320616,-12.525758423320616,True,counterfactual assumes all target shares could be filled at observed weighted average prices,9°C,-12.525758423320616,counterfactual ignores that original fills occurred at different times and market states,,-12.525758423320616,,12.525758423320616,C,2026-04-21,high,
,,,,Seoul|2026-04-21|high|C,5,,Seoul,,,False,,,,,requires at least two settled adjacent non-overlapping exact/range YES buckets,,5,,C,2026-04-21,high,
-0.27943679999999915,-0.27943679999999915,-0.27943679999999915,-6.4546,Tel Aviv|2026-04-21|high|C,2,23°C|24°C,Tel Aviv,-6.175163200000001,-6.175163200000001,True,counterfactual assumes all target shares could be filled at observed weighted average prices,23°C,-6.175163200000001,counterfactual ignores that original fills occurred at different times and market states,,-6.175163200000001,,6.175163200000001,C,2026-04-21,high,
,,,,Warsaw|2026-04-21|high|C,2,,Warsaw,,,False,,,,,requires at least two settled adjacent non-overlapping exact/range YES buckets,,2,,C,2026-04-21,high,
12.230047911840852,12.230047911840852,12.230047911840852,-3.5326859999999995,Buenos Aires|2026-04-22|high|C,2,22°C|23°C,Buenos Aires,-15.762733911840852,-15.762733911840852,True,counterfactual assumes all target shares could be filled at observed weighted average prices,22°C,-15.762733911840852,counterfactual ignores that original fills occurred at different times and market states,,-15.762733911840852,,15.762733911840852,C,2026-04-22,high,
56.18627713871966,-110.89620280478088,-12.349942880113488,86.722649,Busan|2026-04-22|high|C,4,19°C|20°C|21°C|22°C,Busan,30.53637186128034,94.66736943974546,True,counterfactual assumes all target shares could be filled at observed weighted average prices,20°C,197.6188518047809,counterfactual ignores that original fills occurred at different times and market states,,99.07259188011349,,25.157788119886508,C,2026-04-22,high,20°C
-17.395769398993224,137.71690464354032,-5.411795356459692,6.616388000000001,Seoul|2026-04-22|high|C,5,14°C|15°C|16°C|17°C|18°C,Seoul,24.012157398993224,46.19377956135921,True,counterfactual assumes all target shares could be filled at observed weighted average prices,14°C,-131.10051664354032,counterfactual ignores that original fills occurred at different times and market states,,12.028183356459692,,131.10051664354032,C,2026-04-22,high,18°C
-112.32082589968897,174.10494956828975,-188.42205043171023,32.517829,Shenzhen|2026-04-22|high|C,3,29°C|30°C|31°C,Shenzhen,144.83865489968898,98.28447766397701,True,counterfactual assumes all target shares could be filled at observed weighted average prices,30°C,-141.58712056828975,counterfactual ignores that original fills occurred at different times and market states,,220.93987943171024,,141.58712056828975,C,2026-04-22,high,31°C
13.640614778732743,13.640614778732743,13.640614778732743,-8.325970000000002,Ankara|2026-04-23|high|C,3,5°C|6°C|7°C,Ankara,-21.966584778732745,-21.966584778732745,True,counterfactual assumes all target shares could be filled at observed weighted average prices,6°C,-21.966584778732745,counterfactual ignores that original fills occurred at different times and market states,,-21.966584778732745,,21.966584778732745,C,2026-04-23,high,
-0.35593637182766,-0.35593637182766,-0.35593637182766,-13.843284,Beijing|2026-04-23|high|C,2,23°C|24°C,Beijing,-13.48734762817234,-13.48734762817234,True,counterfactual assumes all target shares could be filled at observed weighted average prices,24°C,-13.48734762817234,counterfactual ignores that original fills occurred at different times and market states,,-13.48734762817234,,13.48734762817234,C,2026-04-23,high,
-104.30387897459516,-495.4921123997227,-148.60690554946765,208.091289,Buenos Aires|2026-04-23|high|C,2,24°C|25°C,Buenos Aires,312.39516797459515,169.86178358759608,True,counterfactual assumes all target shares could be filled at observed weighted average prices,25°C,703.5834013997227,counterfactual ignores that original fills occurred at different times and market states,,356.69819454946764,,78.79306545053237,C,2026-04-23,high,25°C
42.41466006346734,-34.11322516817552,25.748231371378054,24.361279000000003,Busan|2026-04-23|high|C,5,18°C|19°C|20°C|21°C|22°C,Busan,-18.053381063467338,29.49096443897239,True,counterfactual assumes all target shares could be filled at observed weighted average prices,18°C,58.47450416817552,counterfactual ignores that original fills occurred at different times and market states,,-1.386952371378051,,37.18535237137805,C,2026-04-23,high,18°C
-0.7093763999999965,-0.7093763999999965,-0.7093763999999965,-22.282525999999997,Moscow|2026-04-23|high|C,2,5°C|6°C,Moscow,-21.5731496,-21.5731496,True,counterfactual assumes all target shares could be filled at observed weighted average prices,6°C,-21.5731496,counterfactual ignores that original fills occurred at different times and market states,,-21.5731496,,21.5731496,C,2026-04-23,high,
13.490450069243169,13.490450069243169,13.490450069243169,-1.901239,Sao Paulo|2026-04-23|high|C,2,28°C|29°C,Sao Paulo,-15.391689069243169,-15.391689069243169,True,counterfactual assumes all target shares could be filled at observed weighted average prices,28°C,-15.391689069243169,counterfactual ignores that original fills occurred at different times and market states,,-15.391689069243169,,15.391689069243169,C,2026-04-23,high,
-0.3412323200000005,-0.3412323200000005,-0.3412323200000005,-6.623005,Wuhan|2026-04-23|high|C,2,18°C|19°C,Wuhan,-6.2817726799999996,-6.2817726799999996,True,counterfactual assumes all target shares could be filled at observed weighted average prices,18°C,-6.2817726799999996,counterfactual ignores that original fills occurred at different times and market states,,-6.2817726799999996,,6.2817726799999996,C,2026-04-23,high,
,,,,Buenos Aires|2026-04-24|high|C,2,,Buenos Aires,,,False,,,,,requires at least two settled adjacent non-overlapping exact/range YES buckets,,2,,C,2026-04-24,high,
,,,,Istanbul|2026-04-24|high|C,2,,Istanbul,,,False,,,,,requires at least two settled adjacent non-overlapping exact/range YES buckets,,2,,C,2026-04-24,high,
11.860514484416742,11.860514484416742,11.860514484416742,-4.867851,London|2026-04-24|high|C,2,19°C|20°C,London,-16.72836548441674,-16.72836548441674,True,counterfactual assumes all target shares could be filled at observed weighted average prices,19°C,-16.72836548441674,counterfactual ignores that original fills occurred at different times and market states,,-16.72836548441674,,16.72836548441674,C,2026-04-24,high,
,,,,Beijing|2026-04-25|high|C,2,,Beijing,,,False,,,,,requires at least two settled adjacent non-overlapping exact/range YES buckets,,2,,C,2026-04-25,high,
18.122423204406353,18.122423204406353,18.122423204406353,-15.050488000000001,Buenos Aires|2026-04-25|high|C,2,25°C|26°C,Buenos Aires,-33.172911204406354,-33.172911204406354,True,counterfactual assumes all target shares could be filled at observed weighted average prices,25°C,-33.172911204406354,counterfactual ignores that original fills occurred at different times and market states,,-33.172911204406354,,33.172911204406354,C,2026-04-25,high,
20.620041200240813,20.620041200240813,20.620041200240813,-11.198096,Istanbul|2026-04-25|high|C,2,20°C|21°C,Istanbul,-31.818137200240812,-31.818137200240812,True,counterfactual assumes all target shares could be filled at observed weighted average prices,21°C,-31.818137200240812,counterfactual ignores that original fills occurred at different times and market states,,-31.818137200240812,,31.818137200240812,C,2026-04-25,high,
-10.291329405999573,4.442140200061164,-0.1931527999388356,0.02209899999999987,Shenzhen|2026-04-25|high|C,2,27°C|28°C,Shenzhen,10.313428405999574,16.62777295586632,True,counterfactual assumes all target shares could be filled at observed weighted average prices,28°C,-4.420041200061164,counterfactual ignores that original fills occurred at different times and market states,,0.21525179993883548,,4.420041200061164,C,2026-04-25,high,27°C
3.712438503925746,3.712438503925746,3.712438503925746,-20.498269,Tokyo|2026-04-25|high|C,2,16°C|17°C,Tokyo,-24.210707503925747,-24.210707503925747,True,counterfactual assumes all target shares could be filled at observed weighted average prices,17°C,-24.210707503925747,counterfactual ignores that original fills occurred at different times and market states,,-24.210707503925747,,24.210707503925747,C,2026-04-25,high,
124.74464070771339,124.74464070771339,124.74464070771339,-7.218286000000001,Shenzhen|2026-04-26|high|C,2,30°C|31°C,Shenzhen,-131.9629267077134,-131.9629267077134,True,counterfactual assumes all target shares could be filled at observed weighted average prices,30°C,-131.9629267077134,counterfactual ignores that original fills occurred at different times and market states,,-131.9629267077134,,131.9629267077134,C,2026-04-26,high,
49.533616280000004,49.533616280000004,49.533616280000004,-16.669831,Warsaw|2026-04-26|high|C,2,9°C|10°C,Warsaw,-66.20344728,-66.20344728,True,counterfactual assumes all target shares could be filled at observed weighted average prices,9°C,-66.20344728,counterfactual ignores that original fills occurred at different times and market states,,-66.20344728,,66.20344728,C,2026-04-26,high,
35.758766232111185,259.16197073401366,79.11009073401365,247.297904,Beijing|2026-04-27|high|C,3,24°C|25°C|26°C,Beijing,211.5391377678888,97.11231801641584,True,counterfactual assumes all target shares could be filled at observed weighted average prices,24°C,-11.864066734013662,counterfactual ignores that original fills occurred at different times and market states,,168.18781326598634,,11.864066734013662,C,2026-04-27,high,25°C
,,,,Busan|2026-04-27|high|C,2,,Busan,,,False,,,,,requires at least two settled adjacent non-overlapping exact/range YES buckets,,2,,C,2026-04-27,high,
-0.9505961992536243,-0.9505961992536243,-0.9505961992536243,-43.2552,London|2026-04-27|high|C,2,19°C|20°C,London,-42.30460380074638,-42.30460380074638,True,counterfactual assumes all target shares could be filled at observed weighted average prices,20°C,-42.30460380074638,counterfactual ignores that original fills occurred at different times and market states,,-42.30460380074638,,42.30460380074638,C,2026-04-27,high,
-0.47375823604036427,-0.47375823604036427,-0.47375823604036427,-14.6677,Sao Paulo|2026-04-27|high|C,2,30°C|31°C,Sao Paulo,-14.193941763959636,-14.193941763959636,True,counterfactual assumes all target shares could be filled at observed weighted average prices,30°C,-14.193941763959636,counterfactual ignores that original fills occurred at different times and market states,,-14.193941763959636,,14.193941763959636,C,2026-04-27,high,
18.817089535609917,-53.80278691962996,-1.0198940091502138,40.394174,Shenzhen|2026-04-27|high|C,2,29°C|30°C,Shenzhen,21.577084464390083,47.39132883912447,True,counterfactual assumes all target shares could be filled at observed weighted average prices,29°C,94.19696091962996,counterfactual ignores that original fills occurred at different times and market states,,41.41406800915021,,51.04279199084979,C,2026-04-27,high,29°C
-30.736021341153943,-88.76803161260383,-72.70401106970405,-0.559376,Taipei|2026-04-27|high|C,2,32°C|33°C,Taipei,30.176645341153943,71.75325509760614,True,counterfactual assumes all target shares could be filled at observed weighted average prices,32°C,88.20865561260383,counterfactual ignores that original fills occurred at different times and market states,,72.14463506970405,,27.85536493029595,C,2026-04-27,high,32°C
,,,,Buenos Aires|2026-04-28|high|C,2,,Buenos Aires,,,False,,,,,requires at least two settled adjacent non-overlapping exact/range YES buckets,,2,,C,2026-04-28,high,
-0.2145056726662169,-0.2145056726662169,-0.2145056726662169,-21.6618,Busan|2026-04-28|high|C,2,25°C|26°C,Busan,-21.447294327333783,-21.447294327333783,True,counterfactual assumes all target shares could be filled at observed weighted average prices,25°C,-21.447294327333783,counterfactual ignores that original fills occurred at different times and market states,,-21.447294327333783,,21.447294327333783,C,2026-04-28,high,
-0.362813899999999,-0.362813899999999,-0.362813899999999,-8.6784,Munich|2026-04-28|high|C,2,18°C|19°C,Munich,-8.3155861,-8.3155861,True,counterfactual assumes all target shares could be filled at observed weighted average prices,19°C,-8.3155861,counterfactual ignores that original fills occurred at different times and market states,,-8.3155861,,8.3155861,C,2026-04-28,high,
93.77032893317478,-59.39110296161192,-35.19691511943188,132.95565599999998,Paris|2026-04-28|high|C,3,19°C|20°C|21°C,Paris,39.185327066825195,176.96404997844905,True,counterfactual assumes all target shares could be filled at observed weighted average prices,20°C,192.3467589616119,counterfactual ignores that original fills occurred at different times and market states,,168.15257111943185,,37.39538888056815,C,2026-04-28,high,20°C
-18.873709268210142,69.88608925027796,-5.07117074972205,22.770806,Sao Paulo|2026-04-28|high|C,3,27°C|28°C|29°C,Sao Paulo,41.64451526821014,62.64274419596438,True,counterfactual assumes all target shares could be filled at observed weighted average prices,28°C,-47.115283250277955,counterfactual ignores that original fills occurred at different times and market states,,27.84197674972205,,47.115283250277955,C,2026-04-28,high,27°C
37.984954769851186,-157.11799155561556,-55.37591206741543,72.638617,Seoul|2026-04-28|high|C,3,13°C|14°C|15°C,Seoul,34.65366223014881,139.6938000102474,True,counterfactual assumes all target shares could be filled at observed weighted average prices,15°C,229.75660855561557,counterfactual ignores that original fills occurred at different times and market states,,128.01452906741542,,62.89781093258459,C,2026-04-28,high,15°C
,,,,Seoul|2026-04-28|low|C,3,,Seoul,,,False,,,,,requires at least two settled adjacent non-overlapping exact/range YES buckets,,3,,C,2026-04-28,low,
-82.10816417439956,-222.81541209042314,-88.652876258376,1.4022910000000008,Buenos Aires|2026-04-29|high|C,2,23°C|24°C,Buenos Aires,83.51045517439957,114.79559288687923,True,counterfactual assumes all target shares could be filled at observed weighted average prices,23°C,224.21770309042313,counterfactual ignores that original fills occurred at different times and market states,,90.055167258376,,57.196792741623995,C,2026-04-29,high,23°C
,,,,Seoul|2026-04-29|high|C,2,,Seoul,,,False,,,,,requires at least two settled adjacent non-overlapping exact/range YES buckets,,2,,C,2026-04-29,high,
,,,,Buenos Aires|2026-04-30|high|C,3,,Buenos Aires,,,False,,,,,requires at least two settled adjacent non-overlapping exact/range YES buckets,,3,,C,2026-04-30,high,
0.0,0.0,0.0,-13.2,Busan|2026-04-30|high|C,2,20°C|21°C,Busan,-13.2,-13.2,True,counterfactual assumes all target shares could be filled at observed weighted average prices,20°C,-13.2,counterfactual ignores that original fills occurred at different times and market states,,-13.2,,13.2,C,2026-04-30,high,
36.5023619948,36.5023619948,36.5023619948,-22.062388,London|2026-04-30|high|C,2,20°C|21°C,London,-58.564749994799996,-58.564749994799996,True,counterfactual assumes all target shares could be filled at observed weighted average prices,20°C,-58.564749994799996,counterfactual ignores that original fills occurred at different times and market states,,-58.564749994799996,,58.564749994799996,C,2026-04-30,high,
,,,,Madrid|2026-04-30|high|C,2,,Madrid,,,False,,,,,requires at least two settled adjacent non-overlapping exact/range YES buckets,,2,,C,2026-04-30,high,
23.731890861369692,92.13240500130799,42.13240500130799,12.309004999999999,Miami|2026-04-30|high|F,3,between 86-87°F|between 88-89°F|between 90-91°F,Miami,-11.422885861369693,12.39171031224788,True,counterfactual assumes all target shares could be filled at observed weighted average prices,between 88-89°F,-79.82340000130799,counterfactual ignores that original fills occurred at different times and market states,,-29.823400001307988,,79.82340000130799,F,2026-04-30,high,between 86-87°F
,,,,Milan|2026-04-30|high|C,2,,Milan,,,False,,,,,requires at least two settled adjacent non-overlapping exact/range YES buckets,,2,,C,2026-04-30,high,
0.005833997664417723,0.005833997664417723,0.005833997664417723,-37.609899999999996,Shanghai|2026-04-30|high|C,2,20°C|21°C,Shanghai,-37.615733997664414,-37.615733997664414,True,counterfactual assumes all target shares could be filled at observed weighted average prices,20°C,-37.615733997664414,counterfactual ignores that original fills occurred at different times and market states,,-37.615733997664414,,37.615733997664414,C,2026-04-30,high,
,,,,Busan|2026-05-01|high|C,5,,Busan,,,False,,,,,requires at least two settled adjacent non-overlapping exact/range YES buckets,,5,,C,2026-05-01,high,
0.00020000000000042206,0.00020000000000042206,0.00020000000000042206,-5.568,Jakarta|2026-05-01|high|C,3,32°C|33°C|34°C,Jakarta,-5.5682,-5.5682,True,counterfactual assumes all target shares could be filled at observed weighted average prices,34°C,-5.5682,counterfactual ignores that original fills occurred at different times and market states,,-5.5682,,5.5682,C,2026-05-01,high,
-6.244893138319323,150.0135349993675,-26.816465000632487,-1.7065680000000008,London|2026-05-01|high|C,3,24°C|25°C|26°C,London,4.538325138319323,124.84882090714797,True,counterfactual assumes all target shares could be filled at observed weighted average prices,25°C,-151.7201029993675,counterfactual ignores that original fills occurred at different times and market states,,25.109897000632486,,151.7201029993675,C,2026-05-01,high,24°C
0.0003329972119985314,0.0003329972119985314,0.0003329972119985314,-19.1723,Moscow|2026-05-01|high|C,2,9°C|10°C,Moscow,-19.172632997212,-19.172632997212,True,counterfactual assumes all target shares could be filled at observed weighted average prices,9°C,-19.172632997212,counterfactual ignores that original fills occurred at different times and market states,,-19.172632997212,,19.172632997212,C,2026-05-01,high,
-26.554010074030252,187.12291999901063,70.86291999901064,-14.670735,Seoul|2026-05-01|high|C,2,18°C|19°C,Seoul,11.883275074030252,9.178482098184702,True,counterfactual assumes all target shares could be filled at observed weighted average prices,18°C,-201.79365499901064,counterfactual ignores that original fills occurred at different times and market states,,-85.53365499901065,,201.79365499901064,C,2026-05-01,high,19°C
,,,,Tokyo|2026-05-01|high|C,2,,Tokyo,,,False,,,,,requires at least two settled adjacent non-overlapping exact/range YES buckets,,2,,C,2026-05-01,high,
0.0,0.0,0.0,-9.3,Warsaw|2026-05-01|high|C,2,18°C|19°C,Warsaw,-9.3,-9.3,True,counterfactual assumes all target shares could be filled at observed weighted average prices,19°C,-9.3,counterfactual ignores that original fills occurred at different times and market states,,-9.3,,9.3,C,2026-05-01,high,
0.0002999983839995224,0.0002999983839995224,0.0002999983839995224,-7.544600000000001,Beijing|2026-05-02|high|C,2,25°C|26°C,Beijing,-7.544899998384,-7.544899998384,True,counterfactual assumes all target shares could be filled at observed weighted average prices,26°C,-7.544899998384,counterfactual ignores that original fills occurred at different times and market states,,-7.544899998384,,7.544899998384,C,2026-05-02,high,
16.7214799981,16.7214799981,16.7214799981,-15.634520000000002,London|2026-05-02|high|C,2,19°C|20°C,London,-32.3559999981,-32.3559999981,True,counterfactual assumes all target shares could be filled at observed weighted average prices,20°C,-32.3559999981,counterfactual ignores that original fills occurred at different times and market states,,-32.3559999981,,32.3559999981,C,2026-05-02,high,
-67.28298798930541,11.698089996324,-40.421910003676,-6.49241,Madrid|2026-05-02|high|C,2,21°C|22°C,Madrid,60.79057798930541,69.28129770408637,True,counterfactual assumes all target shares could be filled at observed weighted average prices,22°C,-18.190499996324,counterfactual ignores that original fills occurred at different times and market states,,33.929500003676,,18.190499996324,C,2026-05-02,high,21°C
64.0648646329197,-153.1894381098304,0.002016004294731033,118.60367699999999,Moscow|2026-05-02|high|C,3,15°C|16°C|17°C,Moscow,54.53881236708029,179.6789958968476,True,counterfactual assumes all target shares could be filled at observed weighted average prices,15°C,271.7931151098304,counterfactual ignores that original fills occurred at different times and market states,,118.60166099570526,,54.08833900429473,C,2026-05-02,high,15°C
9.40105,9.40105,9.40105,-1.5500999999999998,Seoul|2026-05-02|high|C,3,13°C|14°C|15°C,Seoul,-10.95115,-10.95115,True,counterfactual assumes all target shares could be filled at observed weighted average prices,15°C,-10.95115,counterfactual ignores that original fills occurred at different times and market states,,-10.95115,,10.95115,C,2026-05-02,high,
11.432161065955796,181.812204996714,15.502204996714,150.050275,Taipei|2026-05-02|high|C,2,32°C|33°C,Taipei,138.6181139340442,214.92821498819936,True,counterfactual assumes all target shares could be filled at observed weighted average prices,33°C,-31.761929996714002,counterfactual ignores that original fills occurred at different times and market states,,134.548070003286,,31.761929996714002,C,2026-05-02,high,32°C
55.03116982433426,-49.856351694151975,-0.7663230028369981,35.575436,Buenos Aires|2026-05-03|high|C,4,16°C|17°C|18°C|19°C,Buenos Aires,-19.45573382433426,50.66712673754308,True,counterfactual assumes all target shares could be filled at observed weighted average prices,17°C,85.43178769415198,counterfactual ignores that original fills occurred at different times and market states,,36.341759002837,,54.418240997163004,C,2026-05-03,high,17°C
10.920855992584467,10.920855992584467,10.920855992584467,-19.7596,Busan|2026-05-03|high|C,2,18°C|19°C,Busan,-30.680455992584466,-30.680455992584466,True,counterfactual assumes all target shares could be filled at observed weighted average prices,19°C,-30.680455992584466,counterfactual ignores that original fills occurred at different times and market states,,-30.680455992584466,,30.680455992584466,C,2026-05-03,high,
6.000831004064999,6.000831004064999,6.000831004064999,-30.552,Seoul|2026-05-03|high|C,2,16°C|17°C,Seoul,-36.552831004065,-36.552831004065,True,counterfactual assumes all target shares could be filled at observed weighted average prices,16°C,-36.552831004065,counterfactual ignores that original fills occurred at different times and market states,,-36.552831004065,,36.552831004065,C,2026-05-03,high,
8.195487293295145,-118.60641740834774,-15.002608005062001,124.34603200000001,Istanbul|2026-05-04|high|C,2,14°C|15°C,Istanbul,116.15054470670486,158.87295745445385,True,counterfactual assumes all target shares could be filled at observed weighted average prices,14°C,242.95244940834775,counterfactual ignores that original fills occurred at different times and market states,,139.348640005062,,10.651359994938002,C,2026-05-04,high,14°C
-523.076306448094,314.328658000611,-131.811341999389,252.16234799999998,London|2026-05-04|high|C,3,15°C|16°C|17°C,London,775.2386544480939,114.71909270616919,True,counterfactual assumes all target shares could be filled at observed weighted average prices,16°C,-62.166310000611,counterfactual ignores that original fills occurred at different times and market states,,383.97368999938897,,62.166310000611,C,2026-05-04,high,15°C
32.867363062434265,-20.46744587587547,-9.577827999256002,54.664472,Madrid|2026-05-04|high|C,2,21°C|22°C,Madrid,21.79710893756574,62.42020595681513,True,counterfactual assumes all target shares could be filled at observed weighted average prices,21°C,75.13191787587547,counterfactual ignores that original fills occurred at different times and market states,,64.242299999256,,31.537700000744003,C,2026-05-04,high,21°C
4.0018319924766175,4.0018319924766175,4.0018319924766175,-14.9128,Miami|2026-05-04|high|F,2,between 76-77°F|between 78-79°F,Miami,-18.914631992476618,-18.914631992476618,True,counterfactual assumes all target shares could be filled at observed weighted average prices,between 78-79°F,-18.914631992476618,counterfactual ignores that original fills occurred at different times and market states,,-18.914631992476618,,18.914631992476618,F,2026-05-04,high,
56.645736450049554,-19.342176098085133,-6.986516001815744,111.446079,Milan|2026-05-04|high|C,2,22°C|23°C,Milan,54.80034254995044,109.26645120549887,True,counterfactual assumes all target shares could be filled at observed weighted average prices,22°C,130.78825509808513,counterfactual ignores that original fills occurred at different times and market states,,118.43259500181574,,21.187569998184244,C,2026-05-04,high,22°C
11.955539996229998,11.955539996229998,11.955539996229998,-3.1103,Paris|2026-05-04|high|C,2,15°C|16°C,Paris,-15.065839996229998,-15.065839996229998,True,counterfactual assumes all target shares could be filled at observed weighted average prices,16°C,-15.065839996229998,counterfactual ignores that original fills occurred at different times and market states,,-15.065839996229998,,15.065839996229998,C,2026-05-04,high,
0.0006199985920005702,0.0006199985920005702,0.0006199985920005702,-27.294800000000002,Sao Paulo|2026-05-04|high|C,4,21°C|22°C|23°C|24°C,Sao Paulo,-27.295419998592003,-27.295419998592003,True,counterfactual assumes all target shares could be filled at observed weighted average prices,24°C,-27.295419998592003,counterfactual ignores that original fills occurred at different times and market states,,-27.295419998592003,,27.295419998592003,C,2026-05-04,high,
0.00019999999999953388,0.00019999999999953388,0.00019999999999953388,-22.9998,Seoul|2026-05-04|high|C,2,16°C|17°C,Seoul,-23.0,-23.0,True,counterfactual assumes all target shares could be filled at observed weighted average prices,16°C,-23.0,counterfactual ignores that original fills occurred at different times and market states,,-23.0,,23.0,C,2026-05-04,high,
6.486783026756999,6.486783026756999,6.486783026756999,4.3791329999999995,Seoul|2026-05-04|low|C,2,6°C|7°C,Seoul,-2.107650026757,-2.107650026757,True,counterfactual assumes all target shares could be filled at observed weighted average prices,7°C,-2.107650026757,counterfactual ignores that original fills occurred at different times and market states,,-2.107650026757,,2.107650026757,C,2026-05-04,low,
,,,,Shenzhen|2026-05-04|high|C,2,,Shenzhen,,,False,,,,,requires at least two settled adjacent non-overlapping exact/range YES buckets,,2,,C,2026-05-04,high,
9.663848998662273,9.663848998662273,9.663848998662273,1.4100540000000001,Ankara|2026-05-05|high|C,2,10°C|11°C,Ankara,-8.253794998662272,-8.253794998662272,True,counterfactual assumes all target shares could be filled at observed weighted average prices,10°C,-8.253794998662272,counterfactual ignores that original fills occurred at different times and market states,,-8.253794998662272,,8.253794998662272,C,2026-05-05,high,
17.87715714265714,58.918299999300004,32.838299999300006,1.4607000000000037,Beijing|2026-05-05|high|C,4,29°C|30°C|31°C|32°C,Beijing,-16.416457142657137,29.654409217319056,True,counterfactual assumes all target shares could be filled at observed weighted average prices,29°C,-57.4575999993,counterfactual ignores that original fills occurred at different times and market states,,-31.3775999993,,57.4575999993,C,2026-05-05,high,30°C
,,,,Buenos Aires|2026-05-05|high|C,4,,Buenos Aires,,,False,,,,,requires at least two settled adjacent non-overlapping exact/range YES buckets,,4,,C,2026-05-05,high,
-1373.4804408630803,53.00000899720572,8.997205718230816e-06,24.470399999999998,Hong Kong|2026-05-05|low|C,2,19°C|20°C,Hong Kong,1397.9508408630802,161.6677842084148,True,counterfactual assumes all target shares could be filled at observed weighted average prices,20°C,-28.52960899720572,counterfactual ignores that original fills occurred at different times and market states,,24.47039100279428,,28.52960899720572,C,2026-05-05,low,19°C
41.224076839303194,-118.73775131999363,1.2298049986000024,171.518295,Qingdao|2026-05-05|high|C,2,21°C|22°C,Qingdao,130.2942181606968,178.99787564841563,True,counterfactual assumes all target shares could be filled at observed weighted average prices,21°C,290.25604631999363,counterfactual ignores that original fills occurred at different times and market states,,170.2884900014,,29.6676099986,C,2026-05-05,high,21°C
2.1023169999999998,2.1023169999999998,2.1023169999999998,-0.277473,Beijing|2026-05-06|high|C,3,27°C|28°C|29°C,Beijing,-2.37979,-2.37979,True,counterfactual assumes all target shares could be filled at observed weighted average prices,27°C,-2.37979,counterfactual ignores that original fills occurred at different times and market states,,-2.37979,,2.37979,C,2026-05-06,high,
,,,,Buenos Aires|2026-05-06|high|C,5,,Buenos Aires,,,False,,,,,requires at least two settled adjacent non-overlapping exact/range YES buckets,,5,,C,2026-05-06,high,
20.951099840632125,-4.833883313882751,5.856082995146998,21.569233,Busan|2026-05-06|high|C,2,21°C|22°C,Busan,0.6181331593678756,22.499410507899437,True,counterfactual assumes all target shares could be filled at observed weighted average prices,22°C,26.40311631388275,counterfactual ignores that original fills occurred at different times and market states,,15.713150004853002,,25.166849995147,C,2026-05-06,high,22°C
-18.979914510826404,85.80212999576267,-1.6978700042373305,35.686375,Hong Kong|2026-05-06|high|C,2,24°C|25°C,Hong Kong,54.6662895108264,138.80029720564903,True,counterfactual assumes all target shares could be filled at observed weighted average prices,25°C,-50.11575499576267,counterfactual ignores that original fills occurred at different times and market states,,37.38424500423733,,50.11575499576267,C,2026-05-06,high,24°C
33.80804999993815,33.80804999993815,33.80804999993815,17.22655,London|2026-05-06|high|C,2,11°C|12°C,London,-16.58149999993815,-16.58149999993815,True,counterfactual assumes all target shares could be filled at observed weighted average prices,12°C,-16.58149999993815,counterfactual ignores that original fills occurred at different times and market states,,-16.58149999993815,,16.58149999993815,C,2026-05-06,high,
11.592889,11.592889,11.592889,-0.9991110000000001,Milan|2026-05-06|high|C,2,15°C|16°C,Milan,-12.592,-12.592,True,counterfactual assumes all target shares could be filled at observed weighted average prices,16°C,-12.592,counterfactual ignores that original fills occurred at different times and market states,,-12.592,,12.592,C,2026-05-06,high,
30.85606100001538,30.85606100001538,30.85606100001538,-7.254548000000001,Qingdao|2026-05-06|high|C,2,23°C|24°C,Qingdao,-38.11060900001538,-38.11060900001538,True,counterfactual assumes all target shares could be filled at observed weighted average prices,23°C,-38.11060900001538,counterfactual ignores that original fills occurred at different times and market states,,-38.11060900001538,,38.11060900001538,C,2026-05-06,high,
,,,,Seoul|2026-05-06|high|C,2,,Seoul,,,False,,,,,requires at least two settled adjacent non-overlapping exact/range YES buckets,,2,,C,2026-05-06,high,
57.22581542587884,124.30969899850001,53.7196989985,59.985834000000004,Shenzhen|2026-05-06|high|C,3,26°C|27°C|28°C,Shenzhen,2.760018574121162,67.59001112763522,True,counterfactual assumes all target shares could be filled at observed weighted average prices,27°C,-64.3238649985,counterfactual ignores that original fills occurred at different times and market states,,6.266135001500004,,64.3238649985,C,2026-05-06,high,26°C
0.00027500000000024727,0.00027500000000024727,0.00027500000000024727,-2.3677,Tokyo|2026-05-06|high|C,2,18°C|19°C,Tokyo,-2.3679750000000004,-2.3679750000000004,True,counterfactual assumes all target shares could be filled at observed weighted average prices,18°C,-2.3679750000000004,counterfactual ignores that original fills occurred at different times and market states,,-2.3679750000000004,,2.3679750000000004,C,2026-05-06,high,
-62.585657000000005,-129.59565700000002,-91.59565699999999,-2.276657,Amsterdam|2026-05-07|high|C,2,17°C|18°C,Amsterdam,60.309000000000005,90.41494202898551,True,counterfactual assumes all target shares could be filled at observed weighted average prices,17°C,127.31900000000002,counterfactual ignores that original fills occurred at different times and market states,,89.31899999999999,,6.7010000000000005,C,2026-05-07,high,17°C
1.4000164775040957e-05,1.4000164775040957e-05,1.4000164775040957e-05,-10.4057,Madrid|2026-05-07|high|C,3,18°C|19°C|20°C,Madrid,-10.405714000164775,-10.405714000164775,True,counterfactual assumes all target shares could be filled at observed weighted average prices,18°C,-10.405714000164775,counterfactual ignores that original fills occurred at different times and market states,,-10.405714000164775,,10.405714000164775,C,2026-05-07,high,
,,,,Moscow|2026-05-07|high|C,2,,Moscow,,,False,,,,,requires at least two settled adjacent non-overlapping exact/range YES buckets,,2,,C,2026-05-07,high,
,,,,Munich|2026-05-07|high|C,3,,Munich,,,False,,,,,requires at least two settled adjacent non-overlapping exact/range YES buckets,,3,,C,2026-05-07,high,
,,,,London|2026-05-08|high|C,4,,London,,,False,,,,,requires at least two settled adjacent non-overlapping exact/range YES buckets,,4,,C,2026-05-08,high,
25.01449250388888,-11.281074994834242,6.000261200256318e-05,39.30326,Qingdao|2026-05-08|high|C,2,24°C|25°C,Qingdao,14.28876749611112,37.22116224096534,True,counterfactual assumes all target shares could be filled at observed weighted average prices,25°C,50.584334994834244,counterfactual ignores that original fills occurred at different times and market states,,39.303199997388,,22.006800002612003,C,2026-05-08,high,25°C
22.485371478269016,89.3432079992005,36.1632079992005,13.456671999999996,Sao Paulo|2026-05-08|high|C,4,29°C|30°C|31°C|32°C,Sao Paulo,-9.028699478269019,84.27872409475336,True,counterfactual assumes all target shares could be filled at observed weighted average prices,30°C,-75.8865359992005,counterfactual ignores that original fills occurred at different times and market states,,-22.706535999200504,,75.8865359992005,C,2026-05-08,high,29°C
,,,,Seoul|2026-05-08|high|C,3,,Seoul,,,False,,,,,requires at least two settled adjacent non-overlapping exact/range YES buckets,,3,,C,2026-05-08,high,
-252.13855726228053,196.88401200018,-170.46598799982002,130.088302,Shanghai|2026-05-08|high|C,3,18°C|19°C|20°C,Shanghai,382.2268592622805,154.0309971426439,True,counterfactual assumes all target shares could be filled at observed weighted average prices,18°C,-66.79571000018001,counterfactual ignores that original fills occurred at different times and market states,,300.55428999982,,66.79571000018001,C,2026-05-08,high,19°C
,,,,Shenzhen|2026-05-08|high|C,2,,Shenzhen,,,False,,,,,requires at least two settled adjacent non-overlapping exact/range YES buckets,,2,,C,2026-05-08,high,
0.00023999899400051206,0.00023999899400051206,0.00023999899400051206,-2.6824999999999997,Buenos Aires|2026-05-09|high|C,3,9°C|10°C|11°C,Buenos Aires,-2.682739998994,-2.682739998994,True,counterfactual assumes all target shares could be filled at observed weighted average prices,10°C,-2.682739998994,counterfactual ignores that original fills occurred at different times and market states,,-2.682739998994,,2.682739998994,C,2026-05-09,high,
13.272312,13.272312,13.272312,-30.9071,Hong Kong|2026-05-09|low|C,3,20°C|21°C|22°C,Hong Kong,-44.179412,-44.179412,True,counterfactual assumes all target shares could be filled at observed weighted average prices,22°C,-44.179412,counterfactual ignores that original fills occurred at different times and market states,,-44.179412,,44.179412,C,2026-05-09,low,
-97.34764055240632,-222.0367541087126,-159.6585269961,3.270473,Istanbul|2026-05-09|high|C,2,24°C|25°C,Istanbul,100.61811355240631,118.31251373537816,True,counterfactual assumes all target shares could be filled at observed weighted average prices,24°C,225.30722710871262,counterfactual ignores that original fills occurred at different times and market states,,162.9289999961,,24.071000003899996,C,2026-05-09,high,24°C
40.84371601137029,40.84371601137029,40.84371601137029,6.971462999999998,Madrid|2026-05-09|high|C,2,15°C|16°C,Madrid,-33.87225301137029,-33.87225301137029,True,counterfactual assumes all target shares could be filled at observed weighted average prices,15°C,-33.87225301137029,counterfactual ignores that original fills occurred at different times and market states,,-33.87225301137029,,33.87225301137029,C,2026-05-09,high,
0.00015999475200345614,0.00015999475200345614,0.00015999475200345614,-36.0727,Qingdao|2026-05-09|high|C,3,23°C|24°C|25°C,Qingdao,-36.072859994752,-36.072859994752,True,counterfactual assumes all target shares could be filled at observed weighted average prices,25°C,-36.072859994752,counterfactual ignores that original fills occurred at different times and market states,,-36.072859994752,,36.072859994752,C,2026-05-09,high,
,,,,Seoul|2026-05-09|high|C,2,,Seoul,,,False,,,,,requires at least two settled adjacent non-overlapping exact/range YES buckets,,2,,C,2026-05-09,high,
,,,,Seoul|2026-05-09|low|C,2,,Seoul,,,False,,,,,requires at least two settled adjacent non-overlapping exact/range YES buckets,,2,,C,2026-05-09,low,
15.506235998,15.506235998,15.506235998,1.2537759999999998,Warsaw|2026-05-09|high|C,3,10°C|11°C|12°C,Warsaw,-14.252459997999999,-14.252459997999999,True,counterfactual assumes all target shares could be filled at observed weighted average prices,12°C,-14.252459997999999,counterfactual ignores that original fills occurred at different times and market states,,-14.252459997999999,,14.252459997999999,C,2026-05-09,high,
-8.939971260263032,76.63550699865,0.8255069986500025,17.588427,Hong Kong|2026-05-10|high|C,3,24°C|25°C|26°C,Hong Kong,26.52839826026303,44.79971585968684,True,counterfactual assumes all target shares could be filled at observed weighted average prices,24°C,-59.047079998650005,counterfactual ignores that original fills occurred at different times and market states,,16.762920001349997,,59.047079998650005,C,2026-05-10,high,26°C
39.39774853753983,-97.9905783866015,0.30004299961049696,80.478836,London|2026-05-10|high|C,3,12°C|13°C|14°C,London,41.08108746246017,76.31644368494571,True,counterfactual assumes all target shares could be filled at observed weighted average prices,13°C,178.4694143866015,counterfactual ignores that original fills occurred at different times and market states,,80.1787930003895,,27.613075999610494,C,2026-05-10,high,13°C
,,,,Qingdao|2026-05-10|high|C,5,,Qingdao,,,False,,,,,requires at least two settled adjacent non-overlapping exact/range YES buckets,,5,,C,2026-05-10,high,
208.41140244772976,-12.019779201718933,81.928462997546,78.867773,Sao Paulo|2026-05-10|high|C,4,19°C|20°C|21°C|22°C,Sao Paulo,-129.54362944772976,-40.423976005015334,True,counterfactual assumes all target shares could be filled at observed weighted average prices,20°C,90.88755220171893,counterfactual ignores that original fills occurred at different times and market states,,-3.0606899975460067,,203.020689997546,C,2026-05-10,high,20°C
21.6918880016,21.6918880016,21.6918880016,-2.4021120000000002,Shenzhen|2026-05-10|high|C,2,25°C|26°C,Shenzhen,-24.094000001599998,-24.094000001599998,True,counterfactual assumes all target shares could be filled at observed weighted average prices,26°C,-24.094000001599998,counterfactual ignores that original fills occurred at different times and market states,,-24.094000001599998,,24.094000001599998,C,2026-05-10,high,
67.746276028778,67.746276028778,67.746276028778,30.383876,Ankara|2026-05-11|high|C,3,18°C|19°C|20°C,Ankara,-37.362400028778,-37.362400028778,True,counterfactual assumes all target shares could be filled at observed weighted average prices,20°C,-37.362400028778,counterfactual ignores that original fills occurred at different times and market states,,-37.362400028778,,37.362400028778,C,2026-05-11,high,
,,,,Beijing|2026-05-11|high|C,2,,Beijing,,,False,,,,,requires at least two settled adjacent non-overlapping exact/range YES buckets,,2,,C,2026-05-11,high,
129.027178988734,129.027178988734,129.027178988734,38.132259,Buenos Aires|2026-05-11|high|C,3,18°C|19°C|20°C,Buenos Aires,-90.894919988734,-90.894919988734,True,counterfactual assumes all target shares could be filled at observed weighted average prices,19°C,-90.894919988734,counterfactual ignores that original fills occurred at different times and market states,,-90.894919988734,,90.894919988734,C,2026-05-11,high,
53.459975031848,53.459975031848,53.459975031848,31.906675,Busan|2026-05-11|high|C,2,19°C|20°C,Busan,-21.553300031848,-21.553300031848,True,counterfactual assumes all target shares could be filled at observed weighted average prices,19°C,-21.553300031848,counterfactual ignores that original fills occurred at different times and market states,,-21.553300031848,,21.553300031848,C,2026-05-11,high,
7.343089998940002,7.343089998940002,7.343089998940002,-11.6146,Paris|2026-05-11|high|C,2,12°C|13°C,Paris,-18.95768999894,-18.95768999894,True,counterfactual assumes all target shares could be filled at observed weighted average prices,13°C,-18.95768999894,counterfactual ignores that original fills occurred at different times and market states,,-18.95768999894,,18.95768999894,C,2026-05-11,high,
154.292930980264,154.292930980264,154.292930980264,116.078661,Qingdao|2026-05-11|high|C,4,18°C|19°C|20°C|21°C,Qingdao,-38.214269980264,-38.214269980264,True,counterfactual assumes all target shares could be filled at observed weighted average prices,20°C,-38.214269980264,counterfactual ignores that original fills occurred at different times and market states,,-38.214269980264,,38.214269980264,C,2026-05-11,high,
,,,,Sao Paulo|2026-05-11|high|C,4,,Sao Paulo,,,False,,,,,requires at least two settled adjacent non-overlapping exact/range YES buckets,,4,,C,2026-05-11,high,
10.523984012693994,10.523984012693994,10.523984012693994,-26.312016,Seoul|2026-05-11|high|C,3,16°C|17°C|18°C,Seoul,-36.836000012693994,-36.836000012693994,True,counterfactual assumes all target shares could be filled at observed weighted average prices,18°C,-36.836000012693994,counterfactual ignores that original fills occurred at different times and market states,,-36.836000012693994,,36.836000012693994,C,2026-05-11,high,
,,,,Shenzhen|2026-05-11|high|C,3,,Shenzhen,,,False,,,,,requires at least two settled adjacent non-overlapping exact/range YES buckets,,3,,C,2026-05-11,high,
,,,,Taipei|2026-05-11|high|C,2,,Taipei,,,False,,,,,requires at least two settled adjacent non-overlapping exact/range YES buckets,,2,,C,2026-05-11,high,
-228.14061830135955,133.400589989903,33.400589989903004,46.6307,Busan|2026-05-12|high|C,8,17°C|18°C|19°C|20°C|21°C|22°C|23°C|24°C,Busan,274.77131830135954,79.23731992075368,True,counterfactual assumes all target shares could be filled at observed weighted average prices,24°C,-86.769889989903,counterfactual ignores that original fills occurred at different times and market states,,13.230110010096993,,86.769889989903,C,2026-05-12,high,21°C
,,,,Moscow|2026-05-12|high|C,2,,Moscow,,,False,,,,,requires at least two settled adjacent non-overlapping exact/range YES buckets,,2,,C,2026-05-12,high,
0.000899999216001035,0.000899999216001035,0.000899999216001035,-14.8513,Seoul|2026-05-12|high|C,4,16°C|17°C|18°C|19°C,Seoul,-14.852199999216001,-14.852199999216001,True,counterfactual assumes all target shares could be filled at observed weighted average prices,19°C,-14.852199999216001,counterfactual ignores that original fills occurred at different times and market states,,-14.852199999216001,,14.852199999216001,C,2026-05-12,high,
104.856959015413,104.856959015413,104.856959015413,33.429639,Busan|2026-05-13|high|C,3,25°C|26°C|27°C,Busan,-71.427320015413,-71.427320015413,True,counterfactual assumes all target shares could be filled at observed weighted average prices,26°C,-71.427320015413,counterfactual ignores that original fills occurred at different times and market states,,-71.427320015413,,71.427320015413,C,2026-05-13,high,
,,,,Hong Kong|2026-05-13|high|C,2,,Hong Kong,,,False,,,,,requires at least two settled adjacent non-overlapping exact/range YES buckets,,2,,C,2026-05-13,high,
26.180059997154004,26.180059997154004,26.180059997154004,-21.1562,London|2026-05-13|high|C,2,11°C|12°C,London,-47.336259997154,-47.336259997154,True,counterfactual assumes all target shares could be filled at observed weighted average prices,12°C,-47.336259997154,counterfactual ignores that original fills occurred at different times and market states,,-47.336259997154,,47.336259997154,C,2026-05-13,high,
,,,,Moscow|2026-05-13|high|C,2,,Moscow,,,False,,,,,requires at least two settled adjacent non-overlapping exact/range YES buckets,,2,,C,2026-05-13,high,
,,,,Qingdao|2026-05-13|high|C,2,,Qingdao,,,False,,,,,requires at least two settled adjacent non-overlapping exact/range YES buckets,,2,,C,2026-05-13,high,
0.00023000999999922556,0.00023000999999922556,0.00023000999999922556,-5.8941,Seoul|2026-05-13|high|C,2,17°C|18°C,Seoul,-5.894330009999999,-5.894330009999999,True,counterfactual assumes all target shares could be filled at observed weighted average prices,18°C,-5.894330009999999,counterfactual ignores that original fills occurred at different times and market states,,-5.894330009999999,,5.894330009999999,C,2026-05-13,high,
,,,,Shenzhen|2026-05-13|high|C,2,,Shenzhen,,,False,,,,,requires at least two settled adjacent non-overlapping exact/range YES buckets,,2,,C,2026-05-13,high,
19.639759984445,19.639759984445,19.639759984445,9.0716,Tel Aviv|2026-05-13|high|C,2,24°C|25°C,Tel Aviv,-10.568159984444998,-10.568159984444998,True,counterfactual assumes all target shares could be filled at observed weighted average prices,25°C,-10.568159984444998,counterfactual ignores that original fills occurred at different times and market states,,-10.568159984444998,,10.568159984444998,C,2026-05-13,high,
,,,,Beijing|2026-05-14|high|C,2,,Beijing,,,False,,,,,requires at least two settled adjacent non-overlapping exact/range YES buckets,,2,,C,2026-05-14,high,
,,,,Busan|2026-05-14|high|C,2,,Busan,,,False,,,,,requires at least two settled adjacent non-overlapping exact/range YES buckets,,2,,C,2026-05-14,high,
14.576399991942004,14.576399991942004,14.576399991942004,-18.4664,Istanbul|2026-05-14|high|C,2,13°C|14°C,Istanbul,-33.042799991942005,-33.042799991942005,True,counterfactual assumes all target shares could be filled at observed weighted average prices,14°C,-33.042799991942005,counterfactual ignores that original fills occurred at different times and market states,,-33.042799991942005,,33.042799991942005,C,2026-05-14,high,
0.0003399992049999412,0.0003399992049999412,0.0003399992049999412,-17.3394,London|2026-05-14|high|C,3,9°C|10°C|11°C,London,-17.339739999205,-17.339739999205,True,counterfactual assumes all target shares could be filled at observed weighted average prices,10°C,-17.339739999205,counterfactual ignores that original fills occurred at different times and market states,,-17.339739999205,,17.339739999205,C,2026-05-14,high,
-284.54361074330893,-648.8641494644547,-434.31307202216306,18.292088,Miami|2026-05-14|high|F,2,between 94-95°F|between 96-97°F,Miami,302.8356987433089,372.337826526176,True,counterfactual assumes all target shares could be filled at observed weighted average prices,between 94-95°F,667.1562374644548,counterfactual ignores that original fills occurred at different times and market states,,452.60516002216303,,61.484839977837,F,2026-05-14,high,between 94-95°F
12.155522683585826,82.816651002217,60.626651002216995,30.116950999999997,Seoul|2026-05-14|high|C,3,24°C|25°C|26°C,Seoul,17.96142831641417,55.41085399004737,True,counterfactual assumes all target shares could be filled at observed weighted average prices,25°C,-52.699700002217,counterfactual ignores that original fills occurred at different times and market states,,-30.509700002217,,52.699700002217,C,2026-05-14,high,26°C
,,,,Shanghai|2026-05-14|high|C,2,,Shanghai,,,False,,,,,requires at least two settled adjacent non-overlapping exact/range YES buckets,,2,,C,2026-05-14,high,
5.428079999358001,5.428079999358001,5.428079999358001,-14.169,Tokyo|2026-05-14|high|C,2,22°C|23°C,Tokyo,-19.597079999358,-19.597079999358,True,counterfactual assumes all target shares could be filled at observed weighted average prices,23°C,-19.597079999358,counterfactual ignores that original fills occurred at different times and market states,,-19.597079999358,,19.597079999358,C,2026-05-14,high,
45.38771888893166,-33.33730333313501,0.00022999996498640485,67.0371,Moscow|2026-05-15|high|C,3,23°C|24°C|25°C,Moscow,21.649381111068337,73.62563453701054,True,counterfactual assumes all target shares could be filled at observed weighted average prices,23°C,100.374403333135,counterfactual ignores that original fills occurred at different times and market states,,67.03687000003501,,17.713129999965,C,2026-05-15,high,23°C
,,,,Shenzhen|2026-05-15|high|C,2,,Shenzhen,,,False,,,,,requires at least two settled adjacent non-overlapping exact/range YES buckets,,2,,C,2026-05-15,high,
,,,,Ankara|2026-05-16|high|C,4,,Ankara,,,False,,,,,requires at least two settled adjacent non-overlapping exact/range YES buckets,,4,,C,2026-05-16,high,
,,,,Buenos Aires|2026-05-16|high|C,2,,Buenos Aires,,,False,,,,,requires at least two settled adjacent non-overlapping exact/range YES buckets,,2,,C,2026-05-16,high,
,,,,Los Angeles|2026-05-16|high|F,2,,Los Angeles,,,False,,,,,requires at least two settled adjacent non-overlapping exact/range YES buckets,,2,,F,2026-05-16,high,
9.709305002164,9.709305002164,9.709305002164,-0.7942949999999998,Moscow|2026-05-16|high|C,2,21°C|22°C,Moscow,-10.503600002164,-10.503600002164,True,counterfactual assumes all target shares could be filled at observed weighted average prices,21°C,-10.503600002164,counterfactual ignores that original fills occurred at different times and market states,,-10.503600002164,,10.503600002164,C,2026-05-16,high,
199.39999999999998,-200.60000000000002,-0.6000000000000227,595.4,Qingdao|2026-05-16|high|C,2,21°C|22°C,Qingdao,396.0,34.095238095238095,True,counterfactual assumes all target shares could be filled at observed weighted average prices,21°C,796.0,counterfactual ignores that original fills occurred at different times and market states,,596.0,,4.0,C,2026-05-16,high,21°C
0.0002199985920015024,0.0002199985920015024,0.0002199985920015024,-17.3947,Sao Paulo|2026-05-16|high|C,2,23°C|24°C,Sao Paulo,-17.394919998592,-17.394919998592,True,counterfactual assumes all target shares could be filled at observed weighted average prices,24°C,-17.394919998592,counterfactual ignores that original fills occurred at different times and market states,,-17.394919998592,,17.394919998592,C,2026-05-16,high,
-84.77947739407503,99.00815600313,-61.891843996869994,66.157116,Seoul|2026-05-16|high|C,2,24°C|25°C,Seoul,150.93659339407503,92.1097705722607,True,counterfactual assumes all target shares could be filled at observed weighted average prices,25°C,-32.851040003129995,counterfactual ignores that original fills occurred at different times and market states,,128.04895999687,,32.851040003129995,C,2026-05-16,high,24°C
110.9483434574071,-91.23211561423273,-35.37142700677305,140.598413,Shenzhen|2026-05-16|high|C,3,24°C|25°C|26°C,Shenzhen,29.650069542592888,176.30318621525885,True,counterfactual assumes all target shares could be filled at observed weighted average prices,26°C,231.83052861423272,counterfactual ignores that original fills occurred at different times and market states,,175.96984000677304,,71.440159993227,C,2026-05-16,high,26°C
,,,,Tokyo|2026-05-16|high|C,2,,Tokyo,,,False,,,,,requires at least two settled adjacent non-overlapping exact/range YES buckets,,2,,C,2026-05-16,high,
,,,,Toronto|2026-05-16|high|C,2,,Toronto,,,False,,,,,requires at least two settled adjacent non-overlapping exact/range YES buckets,,2,,C,2026-05-16,high,
15.986382090638159,-88.2518718054737,13.724635986750002,80.727636,London|2026-05-17|high|C,2,18°C|19°C,London,64.74125390936184,138.7370943169522,True,counterfactual assumes all target shares could be filled at observed weighted average prices,18°C,168.9795078054737,counterfactual ignores that original fills occurred at different times and market states,,67.00300001325,,39.49699998675,C,2026-05-17,high,18°C
57.327652990921,57.327652990921,57.327652990921,-47.347737,Miami|2026-05-17|high|F,5,between 80-81°F|between 82-83°F|between 84-85°F|between 86-87°F|between 88-89°F,Miami,-104.675389990921,-104.675389990921,True,counterfactual assumes all target shares could be filled at observed weighted average prices,between 84-85°F,-104.675389990921,counterfactual ignores that original fills occurred at different times and market states,,-104.675389990921,,104.675389990921,F,2026-05-17,high,
,,,,Moscow|2026-05-17|high|C,2,,Moscow,,,False,,,,,requires at least two settled adjacent non-overlapping exact/range YES buckets,,2,,C,2026-05-17,high,
14.477301971649002,14.477301971649002,14.477301971649002,1.039409,Paris|2026-05-17|high|C,2,17°C|18°C,Paris,-13.437892971649001,-13.437892971649001,True,counterfactual assumes all target shares could be filled at observed weighted average prices,18°C,-13.437892971649001,counterfactual ignores that original fills occurred at different times and market states,,-13.437892971649001,,13.437892971649001,C,2026-05-17,high,
,,,,Sao Paulo|2026-05-17|high|C,2,,Sao Paulo,,,False,,,,,requires at least two settled adjacent non-overlapping exact/range YES buckets,,2,,C,2026-05-17,high,
1.0399659997249984,1.0399659997249984,1.0399659997249984,-14.650584,Shenzhen|2026-05-17|high|C,3,24°C|25°C|26°C,Shenzhen,-15.690549999724999,-15.690549999724999,True,counterfactual assumes all target shares could be filled at observed weighted average prices,26°C,-15.690549999724999,counterfactual ignores that original fills occurred at different times and market states,,-15.690549999724999,,15.690549999724999,C,2026-05-17,high,
42.44003000587,42.44003000587,42.44003000587,1.3244999999999991,Jeddah|2026-05-18|high|C,3,42°C|43°C|44°C,Jeddah,-41.11553000587,-41.11553000587,True,counterfactual assumes all target shares could be filled at observed weighted average prices,44°C,-41.11553000587,counterfactual ignores that original fills occurred at different times and market states,,-41.11553000587,,41.11553000587,C,2026-05-18,high,
0.00027999779800325086,0.00027999779800325086,0.00027999779800325086,-27.4528,Sao Paulo|2026-05-18|high|C,3,18°C|19°C|20°C,Sao Paulo,-27.453079997798003,-27.453079997798003,True,counterfactual assumes all target shares could be filled at observed weighted average prices,20°C,-27.453079997798003,counterfactual ignores that original fills occurred at different times and market states,,-27.453079997798003,,27.453079997798003,C,2026-05-18,high,
,,,,Taipei|2026-05-18|high|C,2,,Taipei,,,False,,,,,requires at least two settled adjacent non-overlapping exact/range YES buckets,,2,,C,2026-05-18,high,
-3.7326010000000003,-12.544201000000001,-4.9210009999999995,0.673199,Shanghai|2026-05-20|high|C,2,27°C|28°C,Shanghai,4.4058,7.188410526315789,True,counterfactual assumes all target shares could be filled at observed weighted average prices,27°C,13.217400000000001,counterfactual ignores that original fills occurred at different times and market states,,5.5942,,4.4058,C,2026-05-20,high,27°C
29.979300001899993,29.979300001899993,29.979300001899993,-28.6,Shenzhen|2026-05-20|high|C,2,29°C|30°C,Shenzhen,-58.579300001899995,-58.579300001899995,True,counterfactual assumes all target shares could be filled at observed weighted average prices,30°C,-58.579300001899995,counterfactual ignores that original fills occurred at different times and market states,,-58.579300001899995,,58.579300001899995,C,2026-05-20,high,
,,,,Taipei|2026-05-20|high|C,2,,Taipei,,,False,,,,,requires at least two settled adjacent non-overlapping exact/range YES buckets,,2,,C,2026-05-20,high,
,,,,Beijing|2026-05-21|high|C,2,,Beijing,,,False,,,,,requires at least two settled adjacent non-overlapping exact/range YES buckets,,2,,C,2026-05-21,high,
-338.09575257986853,337.49765596540203,-88.752344034598,226.741546,Busan|2026-05-21|high|C,6,17°C|18°C|19°C|20°C|21°C|22°C,Busan,564.8372985798685,284.6940648954835,True,counterfactual assumes all target shares could be filled at observed weighted average prices,19°C,-110.756109965402,counterfactual ignores that original fills occurred at different times and market states,,315.493890034598,,110.756109965402,C,2026-05-21,high,21°C
86.55493460306162,-162.2094481570551,-90.56287401687999,118.63192599999999,London|2026-05-21|high|C,3,24°C|25°C|26°C,London,32.07699139693837,206.19014062265302,True,counterfactual assumes all target shares could be filled at observed weighted average prices,24°C,280.8413741570551,counterfactual ignores that original fills occurred at different times and market states,,209.19480001687998,,92.30519998312,C,2026-05-21,high,24°C
,,,,Panama City|2026-05-21|high|C,2,,Panama City,,,False,,,,,requires at least two settled adjacent non-overlapping exact/range YES buckets,,2,,C,2026-05-21,high,
,,,,Seoul|2026-05-21|high|C,4,,Seoul,,,False,,,,,requires at least two settled adjacent non-overlapping exact/range YES buckets,,4,,C,2026-05-21,high,
,,,,Shenzhen|2026-05-21|high|C,6,,Shenzhen,,,False,,,,,requires at least two settled adjacent non-overlapping exact/range YES buckets,,6,,C,2026-05-21,high,
-35.095379998,13.654619999499998,7.654619999499998,3.90462,Taipei|2026-05-21|high|C,2,36°C|37°C,Taipei,38.999999998,19.907794676912847,True,counterfactual assumes all target shares could be filled at observed weighted average prices,37°C,-9.749999999499998,counterfactual ignores that original fills occurred at different times and market states,,-3.749999999499998,,9.749999999499998,C,2026-05-21,high,36°C
-46.29733205297738,-109.33316410760477,-83.26149999834999,-11.936499999999999,Warsaw|2026-05-21|high|C,2,24°C|25°C,Warsaw,34.360832052977386,55.02425766132957,True,counterfactual assumes all target shares could be filled at observed weighted average prices,24°C,97.39666410760478,counterfactual ignores that original fills occurred at different times and market states,,71.32499999835,,28.67500000165,C,2026-05-21,high,24°C
75.323321015186,75.323321015186,75.323321015186,23.496874,Buenos Aires|2026-05-22|high|C,4,9°C|10°C|11°C|12°C,Buenos Aires,-51.826447015186005,-51.826447015186005,True,counterfactual assumes all target shares could be filled at observed weighted average prices,12°C,-51.826447015186005,counterfactual ignores that original fills occurred at different times and market states,,-51.826447015186005,,51.826447015186005,C,2026-05-22,high,
,,,,Busan|2026-05-22|high|C,3,,Busan,,,False,,,,,requires at least two settled adjacent non-overlapping exact/range YES buckets,,3,,C,2026-05-22,high,
246.82904179485408,-383.1966086281242,5.994793006343116,348.43446900000004,London|2026-05-22|high|C,3,27°C|28°C|29°C,London,101.60542720514596,301.98305286813365,True,counterfactual assumes all target shares could be filled at observed weighted average prices,28°C,731.6310776281242,counterfactual ignores that original fills occurred at different times and market states,,342.4396759936569,,213.40739800634313,C,2026-05-22,high,28°C
22.04334300196,22.04334300196,22.04334300196,11.534153,Shenzhen|2026-05-22|high|C,2,27°C|28°C,Shenzhen,-10.50919000196,-10.50919000196,True,counterfactual assumes all target shares could be filled at observed weighted average prices,28°C,-10.50919000196,counterfactual ignores that original fills occurred at different times and market states,,-10.50919000196,,10.50919000196,C,2026-05-22,high,
,,,,Taipei|2026-05-22|high|C,2,,Taipei,,,False,,,,,requires at least two settled adjacent non-overlapping exact/range YES buckets,,2,,C,2026-05-22,high,
,,,,Hong Kong|2026-05-23|high|C,2,,Hong Kong,,,False,,,,,requires at least two settled adjacent non-overlapping exact/range YES buckets,,2,,C,2026-05-23,high,
,,,,London|2026-05-23|high|C,3,,London,,,False,,,,,requires at least two settled adjacent non-overlapping exact/range YES buckets,,3,,C,2026-05-23,high,
96.37277526965389,-215.13834989888718,-4.7397950074991115,171.209689,Sao Paulo|2026-05-23|high|C,4,16°C|17°C|18°C|19°C,Sao Paulo,74.83691373034611,217.6403430096087,True,counterfactual assumes all target shares could be filled at observed weighted average prices,18°C,386.3480388988872,counterfactual ignores that original fills occurred at different times and market states,,175.9494840074991,,29.000127992500904,C,2026-05-23,high,18°C
39.202723002355,39.202723002355,39.202723002355,-9.161576,Seoul|2026-05-23|high|C,2,19°C|20°C,Seoul,-48.364299002355004,-48.364299002355004,True,counterfactual assumes all target shares could be filled at observed weighted average prices,20°C,-48.364299002355004,counterfactual ignores that original fills occurred at different times and market states,,-48.364299002355004,,48.364299002355004,C,2026-05-23,high,
52.74772199920878,52.74772199920878,52.74772199920878,-83.37039999999999,Shenzhen|2026-05-23|high|C,2,32°C|33°C,Shenzhen,-136.11812199920877,-136.11812199920877,True,counterfactual assumes all target shares could be filled at observed weighted average prices,33°C,-136.11812199920877,counterfactual ignores that original fills occurred at different times and market states,,-136.11812199920877,,136.11812199920877,C,2026-05-23,high,
22.711090995732,22.711090995732,22.711090995732,-13.148229,Buenos Aires|2026-05-24|high|C,2,13°C|14°C,Buenos Aires,-35.859319995732,-35.859319995732,True,counterfactual assumes all target shares could be filled at observed weighted average prices,14°C,-35.859319995732,counterfactual ignores that original fills occurred at different times and market states,,-35.859319995732,,35.859319995732,C,2026-05-24,high,
,,,,London|2026-05-24|high|C,4,,London,,,False,,,,,requires at least two settled adjacent non-overlapping exact/range YES buckets,,4,,C,2026-05-24,high,
36.9307125512081,-155.75905989586602,-96.19951500171774,157.3976,Moscow|2026-05-24|high|C,2,21°C|22°C,Moscow,120.46688744879191,224.37384314697331,True,counterfactual assumes all target shares could be filled at observed weighted average prices,21°C,313.156659895866,counterfactual ignores that original fills occurred at different times and market states,,253.59711500171775,,72.22288499828224,C,2026-05-24,high,21°C
1.0404600000000013,1.0404600000000013,1.0404600000000013,-12.148,New York City|2026-05-24|high|F,2,between 52-53°F|between 54-55°F,New York City,-13.188460000000001,-13.188460000000001,True,counterfactual assumes all target shares could be filled at observed weighted average prices,between 54-55°F,-13.188460000000001,counterfactual ignores that original fills occurred at different times and market states,,-13.188460000000001,,13.188460000000001,F,2026-05-24,high,
0.0008419952831211219,0.0008419952831211219,0.0008419952831211219,-13.7278,Qingdao|2026-05-24|high|C,3,19°C|20°C|21°C,Qingdao,-13.728641995283121,-13.728641995283121,True,counterfactual assumes all target shares could be filled at observed weighted average prices,20°C,-13.728641995283121,counterfactual ignores that original fills occurred at different times and market states,,-13.728641995283121,,13.728641995283121,C,2026-05-24,high,
,,,,Sao Paulo|2026-05-24|high|C,2,,Sao Paulo,,,False,,,,,requires at least two settled adjacent non-overlapping exact/range YES buckets,,2,,C,2026-05-24,high,
,,,,Seattle|2026-05-24|high|F,2,,Seattle,,,False,,,,,requires at least two settled adjacent non-overlapping exact/range YES buckets,,2,,F,2026-05-24,high,
18.883486958611694,-13.263153084272602,0.0001270014959970922,47.951986999999995,Toronto|2026-05-24|high|C,2,13°C|14°C,Toronto,29.0685000413883,50.319356257223674,True,counterfactual assumes all target shares could be filled at observed weighted average prices,14°C,61.2151400842726,counterfactual ignores that original fills occurred at different times and market states,,47.951859998504,,3.078140001496,C,2026-05-24,high,14°C
9.35630604432616,9.35630604432616,9.35630604432616,-110.47109999999999,London|2026-05-25|high|C,4,32°C|33°C|34°C|35°C,London,-119.82740604432615,-119.82740604432615,True,counterfactual assumes all target shares could be filled at observed weighted average prices,34°C,-119.82740604432615,counterfactual ignores that original fills occurred at different times and market states,,-119.82740604432615,,119.82740604432615,C,2026-05-25,high,
0.0027199999999982793,0.0027199999999982793,0.0027199999999982793,-14.530100000000001,Madrid|2026-05-25|high|C,3,28°C|29°C|30°C,Madrid,-14.53282,-14.53282,True,counterfactual assumes all target shares could be filled at observed weighted average prices,30°C,-14.53282,counterfactual ignores that original fills occurred at different times and market states,,-14.53282,,14.53282,C,2026-05-25,high,
27.691881324363997,-29.366145355116004,-15.250091996156016,67.6325,Miami|2026-05-25|high|F,2,between 84-85°F|between 86-87°F,Miami,39.940618675635996,92.60313709808935,True,counterfactual assumes all target shares could be filled at observed weighted average prices,between 86-87°F,96.998645355116,counterfactual ignores that original fills occurred at different times and market states,,82.88259199615601,,17.117408003843998,F,2026-05-25,high,between 86-87°F
1.098529990982998,1.098529990982998,1.098529990982998,-11.79875,Sao Paulo|2026-05-25|high|C,3,23°C|24°C|25°C,Sao Paulo,-12.897279990982998,-12.897279990982998,True,counterfactual assumes all target shares could be filled at observed weighted average prices,24°C,-12.897279990982998,counterfactual ignores that original fills occurred at different times and market states,,-12.897279990982998,,12.897279990982998,C,2026-05-25,high,
12.196528315384114,-133.69829937133477,-100.19864399789704,66.633956,Shenzhen|2026-05-25|high|C,2,33°C|34°C,Shenzhen,54.43742768461588,129.75552454707156,True,counterfactual assumes all target shares could be filled at observed weighted average prices,33°C,200.33225537133478,counterfactual ignores that original fills occurred at different times and market states,,166.83259999789703,,91.457400002103,C,2026-05-25,high,33°C
0.0008389977155438544,0.0008389977155438544,0.0008389977155438544,-24.9308,Taipei|2026-05-25|high|C,2,38°C|39°C,Taipei,-24.931638997715545,-24.931638997715545,True,counterfactual assumes all target shares could be filled at observed weighted average prices,38°C,-24.931638997715545,counterfactual ignores that original fills occurred at different times and market states,,-24.931638997715545,,24.931638997715545,C,2026-05-25,high,
0.0003200275679979825,0.0003200275679979825,0.0003200275679979825,-28.2987,Warsaw|2026-05-25|high|C,2,23°C|24°C,Warsaw,-28.299020027567998,-28.299020027567998,True,counterfactual assumes all target shares could be filled at observed weighted average prices,24°C,-28.299020027567998,counterfactual ignores that original fills occurred at different times and market states,,-28.299020027567998,,28.299020027567998,C,2026-05-25,high,
,,,,Buenos Aires|2026-05-26|high|C,2,,Buenos Aires,,,False,,,,,requires at least two settled adjacent non-overlapping exact/range YES buckets,,2,,C,2026-05-26,high,
142.42648698691164,142.42648698691164,142.42648698691164,-31.9318,London|2026-05-26|high|C,2,35°C|36°C,London,-174.35828698691165,-174.35828698691165,True,counterfactual assumes all target shares could be filled at observed weighted average prices,35°C,-174.35828698691165,counterfactual ignores that original fills occurred at different times and market states,,-174.35828698691165,,174.35828698691165,C,2026-05-26,high,
42.54026201,42.54026201,42.54026201,7.4465,Seoul|2026-05-26|high|C,2,22°C|23°C,Seoul,-35.09376201,-35.09376201,True,counterfactual assumes all target shares could be filled at observed weighted average prices,22°C,-35.09376201,counterfactual ignores that original fills occurred at different times and market states,,-35.09376201,,35.09376201,C,2026-05-26,high,
,,,,Toronto|2026-05-26|high|C,2,,Toronto,,,False,,,,,requires at least two settled adjacent non-overlapping exact/range YES buckets,,2,,C,2026-05-26,high,
0.4876670004547279,0.4876670004547279,0.4876670004547279,-18.179683,Helsinki|2026-05-27|high|C,3,11°C|12°C|13°C,Helsinki,-18.66735000045473,-18.66735000045473,True,counterfactual assumes all target shares could be filled at observed weighted average prices,13°C,-18.66735000045473,counterfactual ignores that original fills occurred at different times and market states,,-18.66735000045473,,18.66735000045473,C,2026-05-27,high,
5.399996648236538e-05,5.399996648236538e-05,5.399996648236538e-05,-7.1999,Madrid|2026-05-27|high|C,2,31°C|32°C,Madrid,-7.199953999966483,-7.199953999966483,True,counterfactual assumes all target shares could be filled at observed weighted average prices,32°C,-7.199953999966483,counterfactual ignores that original fills occurred at different times and market states,,-7.199953999966483,,7.199953999966483,C,2026-05-27,high,
0.0003600000810002335,0.0003600000810002335,0.0003600000810002335,-3.6569,Sao Paulo|2026-05-27|high|C,2,20°C|21°C,Sao Paulo,-3.657260000081,-3.657260000081,True,counterfactual assumes all target shares could be filled at observed weighted average prices,21°C,-3.657260000081,counterfactual ignores that original fills occurred at different times and market states,,-3.657260000081,,3.657260000081,C,2026-05-27,high,
,,,,Seoul|2026-05-27|low|C,4,,Seoul,,,False,,,,,requires at least two settled adjacent non-overlapping exact/range YES buckets,,4,,C,2026-05-27,low,
,,,,Tokyo|2026-05-27|high|C,2,,Tokyo,,,False,,,,,requires at least two settled adjacent non-overlapping exact/range YES buckets,,2,,C,2026-05-27,high,
0.004371999818900463,0.004371999818900463,0.004371999818900463,-22.7022,Toronto|2026-05-27|high|C,3,21°C|22°C|23°C,Toronto,-22.7065719998189,-22.7065719998189,True,counterfactual assumes all target shares could be filled at observed weighted average prices,22°C,-22.7065719998189,counterfactual ignores that original fills occurred at different times and market states,,-22.7065719998189,,22.7065719998189,C,2026-05-27,high,
0.000660011619999068,0.000660011619999068,0.000660011619999068,-13.1552,Buenos Aires|2026-05-28|high|C,2,13°C|14°C,Buenos Aires,-13.15586001162,-13.15586001162,True,counterfactual assumes all target shares could be filled at observed weighted average prices,14°C,-13.15586001162,counterfactual ignores that original fills occurred at different times and market states,,-13.15586001162,,13.15586001162,C,2026-05-28,high,
0.002160008879002362,0.002160008879002362,0.002160008879002362,-36.1036,London|2026-05-28|high|C,5,25°C|26°C|27°C|28°C|29°C,London,-36.105760008879,-36.105760008879,True,counterfactual assumes all target shares could be filled at observed weighted average prices,29°C,-36.105760008879,counterfactual ignores that original fills occurred at different times and market states,,-36.105760008879,,36.105760008879,C,2026-05-28,high,
,,,,Qingdao|2026-05-28|high|C,2,,Qingdao,,,False,,,,,requires at least two settled adjacent non-overlapping exact/range YES buckets,,2,,C,2026-05-28,high,
93.15347773126503,239.18394300844488,91.78394300844487,80.03054999999999,Seoul|2026-05-28|high|C,5,20°C|21°C|22°C|23°C|24°C,Seoul,-13.122927731265037,67.13801314022089,True,counterfactual assumes all target shares could be filled at observed weighted average prices,22°C,-159.15339300844488,counterfactual ignores that original fills occurred at different times and market states,,-11.753393008444874,,159.15339300844488,C,2026-05-28,high,23°C
,,,,Shenzhen|2026-05-28|high|C,3,,Shenzhen,,,False,,,,,requires at least two settled adjacent non-overlapping exact/range YES buckets,,3,,C,2026-05-28,high,
96.97894801442226,96.97894801442226,96.97894801442226,61.211327,London|2026-05-29|high|C,3,23°C|24°C|25°C,London,-35.76762101442227,-35.76762101442227,True,counterfactual assumes all target shares could be filled at observed weighted average prices,25°C,-35.76762101442227,counterfactual ignores that original fills occurred at different times and market states,,-35.76762101442227,,35.76762101442227,C,2026-05-29,high,
,,,,London|2026-05-29|low|C,2,,London,,,False,,,,,requires at least two settled adjacent non-overlapping exact/range YES buckets,,2,,C,2026-05-29,low,
,,,,Seoul|2026-05-29|high|C,4,,Seoul,,,False,,,,,requires at least two settled adjacent non-overlapping exact/range YES buckets,,4,,C,2026-05-29,high,
32.685107996203996,32.685107996203996,32.685107996203996,-50.3608,Shenzhen|2026-05-29|high|C,2,35°C|36°C,Shenzhen,-83.045907996204,-83.045907996204,True,counterfactual assumes all target shares could be filled at observed weighted average prices,36°C,-83.045907996204,counterfactual ignores that original fills occurred at different times and market states,,-83.045907996204,,83.045907996204,C,2026-05-29,high,
16.982825997950997,16.982825997950997,16.982825997950997,-14.260604,Ankara|2026-05-30|high|C,2,15°C|16°C,Ankara,-31.243429997950997,-31.243429997950997,True,counterfactual assumes all target shares could be filled at observed weighted average prices,16°C,-31.243429997950997,counterfactual ignores that original fills occurred at different times and market states,,-31.243429997950997,,31.243429997950997,C,2026-05-30,high,
,,,,London|2026-05-30|high|C,3,,London,,,False,,,,,requires at least two settled adjacent non-overlapping exact/range YES buckets,,3,,C,2026-05-30,high,
,,,,Qingdao|2026-05-30|high|C,2,,Qingdao,,,False,,,,,requires at least two settled adjacent non-overlapping exact/range YES buckets,,2,,C,2026-05-30,high,
,,,,Seoul|2026-05-30|high|C,2,,Seoul,,,False,,,,,requires at least two settled adjacent non-overlapping exact/range YES buckets,,2,,C,2026-05-30,high,
,,,,Seoul|2026-05-30|low|C,2,,Seoul,,,False,,,,,requires at least two settled adjacent non-overlapping exact/range YES buckets,,2,,C,2026-05-30,low,
,,,,Istanbul|2026-05-31|high|C,3,,Istanbul,,,False,,,,,requires at least two settled adjacent non-overlapping exact/range YES buckets,,3,,C,2026-05-31,high,
78.59004829290426,-328.70748655842806,-53.320153994262654,104.046144,London|2026-05-31|high|C,5,22°C|23°C|24°C|25°C|26°C,London,25.45609570709574,113.343913252066,True,counterfactual assumes all target shares could be filled at observed weighted average prices,24°C,432.7536305584281,counterfactual ignores that original fills occurred at different times and market states,,157.36629799426265,,76.36828800573734,C,2026-05-31,high,24°C
10.800019104834206,-83.2460527886213,-0.10548400171026628,48.708591999999996,Munich|2026-05-31|high|C,2,29°C|30°C,Munich,37.90857289516579,76.94899975779366,True,counterfactual assumes all target shares could be filled at observed weighted average prices,29°C,131.9546447886213,counterfactual ignores that original fills occurred at different times and market states,,48.81407600171026,,56.13749899828973,C,2026-05-31,high,29°C
-652.2714773333333,14.831856000000002,-132.87814400000002,-1.1786240000000001,Shenzhen|2026-05-31|high|C,3,29°C|30°C|31°C,Shenzhen,651.0928533333333,79.28999619047619,True,counterfactual assumes all target shares could be filled at observed weighted average prices,31°C,-16.01048,counterfactual ignores that original fills occurred at different times and market states,,131.69952,,16.01048,C,2026-05-31,high,29°C
-21.729312868101694,-132.18774060317273,-62.50009900056619,-18.277487,Warsaw|2026-05-31|high|C,3,18°C|19°C|20°C,Warsaw,3.451825868101693,83.75193231680714,True,counterfactual assumes all target shares could be filled at observed weighted average prices,20°C,113.91025360317272,counterfactual ignores that original fills occurred at different times and market states,,44.22261200056619,,51.77738799943381,C,2026-05-31,high,20°C
,,,,Istanbul|2026-06-01|high|C,2,,Istanbul,,,False,,,,,requires at least two settled adjacent non-overlapping exact/range YES buckets,,2,,C,2026-06-01,high,
98.23938300533172,390.88786800859657,-7.982607991403427,225.689002,London|2026-06-01|high|C,3,23°C|24°C|25°C,London,127.44961899466827,328.16266227504525,True,counterfactual assumes all target shares could be filled at observed weighted average prices,24°C,-165.19886600859658,counterfactual ignores that original fills occurred at different times and market states,,233.67160999140341,,165.19886600859658,C,2026-06-01,high,23°C
42.400100000611104,-72.79989999716669,9.99994999943965e-05,74.0801,Miami|2026-06-01|high|F,3,between 90-91°F|between 92-93°F|between 94-95°F,Miami,31.679999999388897,56.18636442905429,True,counterfactual assumes all target shares could be filled at observed weighted average prices,between 92-93°F,146.8799999971667,counterfactual ignores that original fills occurred at different times and market states,,74.08000000050001,,25.9199999995,F,2026-06-01,high,between 92-93°F
0.0005339998691482606,0.0005339998691482606,0.0005339998691482606,-26.1466,Munich|2026-06-01|high|C,3,19°C|20°C|21°C,Munich,-26.147133999869148,-26.147133999869148,True,counterfactual assumes all target shares could be filled at observed weighted average prices,21°C,-26.147133999869148,counterfactual ignores that original fills occurred at different times and market states,,-26.147133999869148,,26.147133999869148,C,2026-06-01,high,
,,,,Sao Paulo|2026-06-01|high|C,2,,Sao Paulo,,,False,,,,,requires at least two settled adjacent non-overlapping exact/range YES buckets,,2,,C,2026-06-01,high,
,,,,Seoul|2026-06-01|low|C,2,,Seoul,,,False,,,,,requires at least two settled adjacent non-overlapping exact/range YES buckets,,2,,C,2026-06-01,low,
0.00011100018890530805,0.00011100018890530805,0.00011100018890530805,-21.9969,Busan|2026-06-02|high|C,2,25°C|26°C,Busan,-21.997011000188905,-21.997011000188905,True,counterfactual assumes all target shares could be filled at observed weighted average prices,25°C,-21.997011000188905,counterfactual ignores that original fills occurred at different times and market states,,-21.997011000188905,,21.997011000188905,C,2026-06-02,high,
21.75519584891969,86.241294994632,-1.7587050053680073,9.077814999999994,London|2026-06-02|high|C,5,17°C|18°C|19°C|20°C|21°C,London,-12.677380848919697,136.31628155357106,True,counterfactual assumes all target shares could be filled at observed weighted average prices,20°C,-77.163479994632,counterfactual ignores that original fills occurred at different times and market states,,10.836520005368001,,77.163479994632,C,2026-06-02,high,19°C
37.4846435099997,-7.905356979625593,21.74464399962499,3.726304,Miami|2026-06-02|high|F,2,between 92-93°F|between 94-95°F,Miami,-33.7583395099997,-19.306581406981955,True,counterfactual assumes all target shares could be filled at observed weighted average prices,between 92-93°F,11.631660979625593,counterfactual ignores that original fills occurred at different times and market states,,-18.01833999962499,,79.148339999625,F,2026-06-02,high,between 92-93°F
,,,,Milan|2026-06-02|high|C,6,,Milan,,,False,,,,,requires at least two settled adjacent non-overlapping exact/range YES buckets,,6,,C,2026-06-02,high,
2.1905199935170003,2.1905199935170003,2.1905199935170003,-30.7397,Qingdao|2026-06-02|high|C,3,24°C|25°C|26°C,Qingdao,-32.930219993517,-32.930219993517,True,counterfactual assumes all target shares could be filled at observed weighted average prices,26°C,-32.930219993517,counterfactual ignores that original fills occurred at different times and market states,,-32.930219993517,,32.930219993517,C,2026-06-02,high,
,,,,Seoul|2026-06-02|high|C,2,,Seoul,,,False,,,,,requires at least two settled adjacent non-overlapping exact/range YES buckets,,2,,C,2026-06-02,high,
,,,,Shenzhen|2026-06-02|high|C,2,,Shenzhen,,,False,,,,,requires at least two settled adjacent non-overlapping exact/range YES buckets,,2,,C,2026-06-02,high,
,,,,Buenos Aires|2026-06-03|high|C,2,,Buenos Aires,,,False,,,,,requires at least two settled adjacent non-overlapping exact/range YES buckets,,2,,C,2026-06-03,high,
16.983149001834647,16.983149001834647,16.983149001834647,-34.7965,London|2026-06-03|high|C,2,20°C|21°C,London,-51.77964900183465,-51.77964900183465,True,counterfactual assumes all target shares could be filled at observed weighted average prices,20°C,-51.77964900183465,counterfactual ignores that original fills occurred at different times and market states,,-51.77964900183465,,51.77964900183465,C,2026-06-03,high,
0.0005100335870018569,0.0005100335870018569,0.0005100335870018569,-26.8275,Madrid|2026-06-03|high|C,3,28°C|29°C|30°C,Madrid,-26.828010033587002,-26.828010033587002,True,counterfactual assumes all target shares could be filled at observed weighted average prices,30°C,-26.828010033587002,counterfactual ignores that original fills occurred at different times and market states,,-26.828010033587002,,26.828010033587002,C,2026-06-03,high,
35.103521065499045,-14.934288869634926,-3.548668999366967,67.375285,Moscow|2026-06-03|high|C,2,24°C|25°C,Moscow,32.27176393450096,75.97320798246457,True,counterfactual assumes all target shares could be filled at observed weighted average prices,24°C,82.30957386963493,counterfactual ignores that original fills occurred at different times and market states,,70.92395399936697,,17.76604600063302,C,2026-06-03,high,24°C
,,,,New York City|2026-06-03|high|F,2,,New York City,,,False,,,,,requires at least two settled adjacent non-overlapping exact/range YES buckets,,2,,F,2026-06-03,high,
8.00017092839056e-05,8.00017092839056e-05,8.00017092839056e-05,-5.4993,Shanghai|2026-06-03|high|C,2,28°C|29°C,Shanghai,-5.499380001709284,-5.499380001709284,True,counterfactual assumes all target shares could be filled at observed weighted average prices,28°C,-5.499380001709284,counterfactual ignores that original fills occurred at different times and market states,,-5.499380001709284,,5.499380001709284,C,2026-06-03,high,
,,,,Shenzhen|2026-06-03|high|C,2,,Shenzhen,,,False,,,,,requires at least two settled adjacent non-overlapping exact/range YES buckets,,2,,C,2026-06-03,high,
70.37031900004314,-337.7672040143025,-56.562744995174995,119.44534300000001,Tokyo|2026-06-03|high|C,4,18°C|19°C|20°C|21°C,Tokyo,49.07502399995687,312.7407407131474,True,counterfactual assumes all target shares could be filled at observed weighted average prices,21°C,457.21254701430246,counterfactual ignores that original fills occurred at different times and market states,,176.008087995175,,86.970817004825,C,2026-06-03,high,21°C
0.00013599999999946988,0.00013599999999946988,0.00013599999999946988,-10.8328,Tokyo|2026-06-03|low|C,4,15°C|16°C|17°C|18°C,Tokyo,-10.832936,-10.832936,True,counterfactual assumes all target shares could be filled at observed weighted average prices,17°C,-10.832936,counterfactual ignores that original fills occurred at different times and market states,,-10.832936,,10.832936,C,2026-06-03,low,
0.00017799952400210373,0.00017799952400210373,0.00017799952400210373,-16.5401,Buenos Aires|2026-06-04|high|C,3,19°C|20°C|21°C,Buenos Aires,-16.540277999524,-16.540277999524,True,counterfactual assumes all target shares could be filled at observed weighted average prices,19°C,-16.540277999524,counterfactual ignores that original fills occurred at different times and market states,,-16.540277999524,,16.540277999524,C,2026-06-04,high,
10.136569,10.136569,10.136569,0.7194999999999998,Miami|2026-06-04|high|F,2,between 76-77°F|between 78-79°F,Miami,-9.417069,-9.417069,True,counterfactual assumes all target shares could be filled at observed weighted average prices,between 78-79°F,-9.417069,counterfactual ignores that original fills occurred at different times and market states,,-9.417069,,9.417069,F,2026-06-04,high,
9.999450999842452e-05,9.999450999842452e-05,9.999450999842452e-05,-30.811500000000002,Tokyo|2026-06-04|high|C,2,21°C|22°C,Tokyo,-30.81159999451,-30.81159999451,True,counterfactual assumes all target shares could be filled at observed weighted average prices,22°C,-30.81159999451,counterfactual ignores that original fills occurred at different times and market states,,-30.81159999451,,30.81159999451,C,2026-06-04,high,
0.0001299983099976032,0.0001299983099976032,0.0001299983099976032,-16.2523,Warsaw|2026-06-04|high|C,2,21°C|22°C,Warsaw,-16.25242999831,-16.25242999831,True,counterfactual assumes all target shares could be filled at observed weighted average prices,21°C,-16.25242999831,counterfactual ignores that original fills occurred at different times and market states,,-16.25242999831,,16.25242999831,C,2026-06-04,high,
9.89997441092072e-05,9.89997441092072e-05,9.89997441092072e-05,-12.2331,Ankara|2026-06-05|high|C,3,23°C|24°C|25°C,Ankara,-12.23319899974411,-12.23319899974411,True,counterfactual assumes all target shares could be filled at observed weighted average prices,25°C,-12.23319899974411,counterfactual ignores that original fills occurred at different times and market states,,-12.23319899974411,,12.23319899974411,C,2026-06-05,high,
167.7799751972073,-362.6434811725562,-18.136300012871487,160.40012099999998,London|2026-06-05|high|C,4,19°C|20°C|21°C|22°C,London,-7.379854197207322,335.3131554117806,True,counterfactual assumes all target shares could be filled at observed weighted average prices,19°C,523.0436021725562,counterfactual ignores that original fills occurred at different times and market states,,178.53642101287147,,184.1876729871285,C,2026-06-05,high,19°C
0.0011779977344499315,0.0011779977344499315,0.0011779977344499315,-11.1481,Madrid|2026-06-05|high|C,4,24°C|25°C|26°C|27°C,Madrid,-11.14927799773445,-11.14927799773445,True,counterfactual assumes all target shares could be filled at observed weighted average prices,27°C,-11.14927799773445,counterfactual ignores that original fills occurred at different times and market states,,-11.14927799773445,,11.14927799773445,C,2026-06-05,high,
27.240511003936,27.240511003936,27.240511003936,-11.857739,Moscow|2026-06-05|high|C,3,25°C|26°C|27°C,Moscow,-39.098250003936,-39.098250003936,True,counterfactual assumes all target shares could be filled at observed weighted average prices,25°C,-39.098250003936,counterfactual ignores that original fills occurred at different times and market states,,-39.098250003936,,39.098250003936,C,2026-06-05,high,
71.89964651355072,220.39539899335884,64.39539899335884,-22.242853000000004,Seoul|2026-06-05|high|C,5,21°C|22°C|23°C|24°C|25°C,Seoul,-94.14249951355072,17.61527484384618,True,counterfactual assumes all target shares could be filled at observed weighted average prices,24°C,-242.63825199335884,counterfactual ignores that original fills occurred at different times and market states,,-86.63825199335884,,242.63825199335884,C,2026-06-05,high,23°C
0.0002999999999993008,0.0002999999999993008,0.0002999999999993008,-12.3997,Shenzhen|2026-06-05|high|C,2,32°C|33°C,Shenzhen,-12.399999999999999,-12.399999999999999,True,counterfactual assumes all target shares could be filled at observed weighted average prices,33°C,-12.399999999999999,counterfactual ignores that original fills occurred at different times and market states,,-12.399999999999999,,12.399999999999999,C,2026-06-05,high,
144.00303916586108,548.8225069968599,-35.597493003140016,473.37294699999995,Taipei|2026-06-05|high|C,4,27°C|28°C|29°C|30°C,Taipei,329.36990783413887,41.0098670538688,True,counterfactual assumes all target shares could be filled at observed weighted average prices,29°C,-75.44955999686,counterfactual ignores that original fills occurred at different times and market states,,508.97044000313997,,75.44955999686,C,2026-06-05,high,28°C
0.00011600046358140048,0.00011600046358140048,0.00011600046358140048,-25.568800000000003,Warsaw|2026-06-05|high|C,2,23°C|24°C,Warsaw,-25.568916000463584,-25.568916000463584,True,counterfactual assumes all target shares could be filled at observed weighted average prices,24°C,-25.568916000463584,counterfactual ignores that original fills occurred at different times and market states,,-25.568916000463584,,25.568916000463584,C,2026-06-05,high,
,,,,Ankara|2026-06-06|high|C,3,,Ankara,,,False,,,,,requires at least two settled adjacent non-overlapping exact/range YES buckets,,3,,C,2026-06-06,high,
49.674778533734745,-47.157746407128144,0.0010410041661828018,41.042576999999994,Buenos Aires|2026-06-06|high|C,3,15°C|16°C|17°C,Buenos Aires,-8.63220153373475,51.096661551894115,True,counterfactual assumes all target shares could be filled at observed weighted average prices,17°C,88.20032340712814,counterfactual ignores that original fills occurred at different times and market states,,41.04153599583381,,57.04846400416619,C,2026-06-06,high,17°C
,,,,Chicago|2026-06-06|high|F,2,,Chicago,,,False,,,,,requires at least two settled adjacent non-overlapping exact/range YES buckets,,2,,F,2026-06-06,high,
12.914511411059493,-268.3270091711979,-30.237107006683175,282.343888,Hong Kong|2026-06-06|high|C,2,29°C|30°C,Hong Kong,269.4293765889405,442.50108251575875,True,counterfactual assumes all target shares could be filled at observed weighted average prices,30°C,550.6708971711979,counterfactual ignores that original fills occurred at different times and market states,,312.58099500668317,,11.812143993316827,C,2026-06-06,high,30°C
82.6232457704567,220.04042800117247,-0.22203899882757128,163.47474400000002,Istanbul|2026-06-06|high|C,4,20°C|21°C|22°C|23°C,Istanbul,80.85149822954331,96.8499714535569,True,counterfactual assumes all target shares could be filled at observed weighted average prices,23°C,-56.56568400117244,counterfactual ignores that original fills occurred at different times and market states,,163.6967829988276,,56.56568400117244,C,2026-06-06,high,22°C
4.773052002966999,4.773052002966999,4.773052002966999,-34.999900000000004,New York City|2026-06-06|high|F,3,between 92-93°F|between 94-95°F|between 96-97°F,New York City,-39.772952002967,-39.772952002967,True,counterfactual assumes all target shares could be filled at observed weighted average prices,between 94-95°F,-39.772952002967,counterfactual ignores that original fills occurred at different times and market states,,-39.772952002967,,39.772952002967,F,2026-06-06,high,
0.0001000000000015433,0.0001000000000015433,0.0001000000000015433,-12.818399999999999,Qingdao|2026-06-06|high|C,2,21°C|22°C,Qingdao,-12.8185,-12.8185,True,counterfactual assumes all target shares could be filled at observed weighted average prices,22°C,-12.8185,counterfactual ignores that original fills occurred at different times and market states,,-12.8185,,12.8185,C,2026-06-06,high,
,,,,Sao Paulo|2026-06-06|high|C,2,,Sao Paulo,,,False,,,,,requires at least two settled adjacent non-overlapping exact/range YES buckets,,2,,C,2026-06-06,high,
0.000702000008196535,0.000702000008196535,0.000702000008196535,-28.1784,Shanghai|2026-06-06|high|C,3,23°C|24°C|25°C,Shanghai,-28.179102000008196,-28.179102000008196,True,counterfactual assumes all target shares could be filled at observed weighted average prices,24°C,-28.179102000008196,counterfactual ignores that original fills occurred at different times and market states,,-28.179102000008196,,28.179102000008196,C,2026-06-06,high,
,,,,Taipei|2026-06-06|high|C,2,,Taipei,,,False,,,,,requires at least two settled adjacent non-overlapping exact/range YES buckets,,2,,C,2026-06-06,high,
3.8970199887200003,3.8970199887200003,3.8970199887200003,-16.59,Hong Kong|2026-06-07|high|C,2,28°C|29°C,Hong Kong,-20.48701998872,-20.48701998872,True,counterfactual assumes all target shares could be filled at observed weighted average prices,29°C,-20.48701998872,counterfactual ignores that original fills occurred at different times and market states,,-20.48701998872,,20.48701998872,C,2026-06-07,high,
,,,,Hong Kong|2026-06-07|low|C,2,,Hong Kong,,,False,,,,,requires at least two settled adjacent non-overlapping exact/range YES buckets,,2,,C,2026-06-07,low,
88.74485999708,88.74485999708,88.74485999708,-39.416799999999995,London|2026-06-07|high|C,2,20°C|21°C,London,-128.16165999708,-128.16165999708,True,counterfactual assumes all target shares could be filled at observed weighted average prices,21°C,-128.16165999708,counterfactual ignores that original fills occurred at different times and market states,,-128.16165999708,,128.16165999708,C,2026-06-07,high,
,,,,Seoul|2026-06-07|high|C,2,,Seoul,,,False,,,,,requires at least two settled adjacent non-overlapping exact/range YES buckets,,2,,C,2026-06-07,high,
,,,,Seoul|2026-06-07|low|C,5,,Seoul,,,False,,,,,requires at least two settled adjacent non-overlapping exact/range YES buckets,,5,,C,2026-06-07,low,
0.002561989872482684,0.002561989872482684,0.002561989872482684,-49.7746,Shenzhen|2026-06-07|high|C,4,26°C|27°C|28°C|29°C,Shenzhen,-49.77716198987248,-49.77716198987248,True,counterfactual assumes all target shares could be filled at observed weighted average prices,29°C,-49.77716198987248,counterfactual ignores that original fills occurred at different times and market states,,-49.77716198987248,,49.77716198987248,C,2026-06-07,high,
2.42009,2.42009,2.42009,-0.7525999999999999,Busan|2026-06-08|high|C,2,23°C|24°C,Busan,-3.1726900000000002,-3.1726900000000002,True,counterfactual assumes all target shares could be filled at observed weighted average prices,23°C,-3.1726900000000002,counterfactual ignores that original fills occurred at different times and market states,,-3.1726900000000002,,3.1726900000000002,C,2026-06-08,high,
9.999806500005093e-05,9.999806500005093e-05,9.999806500005093e-05,-8.591999999999999,Seattle|2026-06-08|high|F,2,between 54-55°F|between 56-57°F,Seattle,-8.592099998064999,-8.592099998064999,True,counterfactual assumes all target shares could be filled at observed weighted average prices,between 56-57°F,-8.592099998064999,counterfactual ignores that original fills occurred at different times and market states,,-8.592099998064999,,8.592099998064999,F,2026-06-08,high,
2.1000000000270802e-05,2.1000000000270802e-05,2.1000000000270802e-05,-4.4999,Seoul|2026-06-08|low|C,2,15°C|16°C,Seoul,-4.4999210000000005,-4.4999210000000005,True,counterfactual assumes all target shares could be filled at observed weighted average prices,16°C,-4.4999210000000005,counterfactual ignores that original fills occurred at different times and market states,,-4.4999210000000005,,4.4999210000000005,C,2026-06-08,low,
23.014935001512335,-18.970189995579332,5.9998604001521016e-05,44.8472,Shanghai|2026-06-08|high|C,2,22°C|23°C,Shanghai,21.832264998487666,50.47959128427034,True,counterfactual assumes all target shares could be filled at observed weighted average prices,23°C,63.81738999557933,counterfactual ignores that original fills occurred at different times and market states,,44.847140001396,,20.152859998604,C,2026-06-08,high,23°C
11.893731317635286,-77.94538006104005,-1.758130993027045,35.2519,Shenzhen|2026-06-08|high|C,3,28°C|29°C|30°C,Shenzhen,23.358168682364713,86.66747972915812,True,counterfactual assumes all target shares could be filled at observed weighted average prices,29°C,113.19728006104006,counterfactual ignores that original fills occurred at different times and market states,,37.010030993027044,,21.561387006972957,C,2026-06-08,high,29°C
61.15580541633278,-120.8292723347949,-1.2425019999579945,76.44771800000001,Hong Kong|2026-06-09|high|C,4,27°C|28°C|29°C|30°C,Hong Kong,15.291912583667226,68.02208152733525,True,counterfactual assumes all target shares could be filled at observed weighted average prices,28°C,197.2769903347949,counterfactual ignores that original fills occurred at different times and market states,,77.690219999958,,45.369780000042,C,2026-06-09,high,28°C
-228.56566422976536,334.550937996738,13.310937996738005,181.47293800000003,London|2026-06-09|high|C,3,18°C|19°C|20°C,London,410.0386022297654,167.95288479664785,True,counterfactual assumes all target shares could be filled at observed weighted average prices,18°C,-153.077999996738,counterfactual ignores that original fills occurred at different times and market states,,168.16200000326202,,153.077999996738,C,2026-06-09,high,19°C
19.835742204147234,-10.328515591705532,-3.552713678800501e-15,30.181599999999996,Moscow|2026-06-09|high|C,2,28°C|29°C,Moscow,10.345857795852762,27.53648927332333,True,counterfactual assumes all target shares could be filled at observed weighted average prices,28°C,40.51011559170553,counterfactual ignores that original fills occurred at different times and market states,,30.1816,,19.8184,C,2026-06-09,high,28°C
,,,,Seoul|2026-06-09|high|C,6,,Seoul,,,False,,,,,requires at least two settled adjacent non-overlapping exact/range YES buckets,,6,,C,2026-06-09,high,
2.8000000000000247e-05,2.8000000000000247e-05,2.8000000000000247e-05,-0.0452,Seoul|2026-06-09|low|C,2,13°C|14°C,Seoul,-0.045228,-0.045228,True,counterfactual assumes all target shares could be filled at observed weighted average prices,13°C,-0.045228,counterfactual ignores that original fills occurred at different times and market states,,-0.045228,,0.045228,C,2026-06-09,low,
10.323941836180538,-28.03243032923893,-17.3196859984,18.948314,Shenzhen|2026-06-09|high|C,2,26°C|27°C,Shenzhen,8.624372163819462,46.78332402488272,True,counterfactual assumes all target shares could be filled at observed weighted average prices,27°C,46.98074432923893,counterfactual ignores that original fills occurred at different times and market states,,36.2679999984,,29.732000001600003,C,2026-06-09,high,27°C
0.00029999700600136237,0.00029999700600136237,0.00029999700600136237,-8.4306,Tokyo|2026-06-09|low|C,2,17°C|18°C,Tokyo,-8.430899997006001,-8.430899997006001,True,counterfactual assumes all target shares could be filled at observed weighted average prices,18°C,-8.430899997006001,counterfactual ignores that original fills occurred at different times and market states,,-8.430899997006001,,8.430899997006001,C,2026-06-09,low,
4.591310004632383,4.591310004632383,4.591310004632383,-47.176341,London|2026-06-10|high|C,3,18°C|19°C|20°C,London,-51.767651004632384,-51.767651004632384,True,counterfactual assumes all target shares could be filled at observed weighted average prices,19°C,-51.767651004632384,counterfactual ignores that original fills occurred at different times and market states,,-51.767651004632384,,51.767651004632384,C,2026-06-10,high,
18.85071857213871,-22.03925685854258,-3.149305997180001,37.113954,Moscow|2026-06-10|high|C,2,30°C|31°C,Moscow,18.26323542786129,50.834759175955924,True,counterfactual assumes all target shares could be filled at observed weighted average prices,30°C,59.15321085854258,counterfactual ignores that original fills occurred at different times and market states,,40.26325999718,,22.62674000282,C,2026-06-10,high,30°C
9.996734600115076e-05,9.996734600115076e-05,9.996734600115076e-05,-13.1197,San Francisco|2026-06-10|high|F,2,between 80-81°F|between 82-83°F,San Francisco,-13.119799967346001,-13.119799967346001,True,counterfactual assumes all target shares could be filled at observed weighted average prices,between 82-83°F,-13.119799967346001,counterfactual ignores that original fills occurred at different times and market states,,-13.119799967346001,,13.119799967346001,F,2026-06-10,high,
0.0001500015000002186,0.0001500015000002186,0.0001500015000002186,-2.9242,Seoul|2026-06-10|high|C,2,20°C|21°C,Seoul,-2.9243500015,-2.9243500015,True,counterfactual assumes all target shares could be filled at observed weighted average prices,21°C,-2.9243500015,counterfactual ignores that original fills occurred at different times and market states,,-2.9243500015,,2.9243500015,C,2026-06-10,high,
10.74072399341,10.74072399341,10.74072399341,-17.660033,Seoul|2026-06-10|low|C,2,15°C|16°C,Seoul,-28.40075699341,-28.40075699341,True,counterfactual assumes all target shares could be filled at observed weighted average prices,16°C,-28.40075699341,counterfactual ignores that original fills occurred at different times and market states,,-28.40075699341,,28.40075699341,C,2026-06-10,low,
3.552713678800501e-15,3.552713678800501e-15,3.552713678800501e-15,-15.306999999999999,Shanghai|2026-06-10|high|C,2,29°C|30°C,Shanghai,-15.307000000000002,-15.307000000000002,True,counterfactual assumes all target shares could be filled at observed weighted average prices,29°C,-15.307000000000002,counterfactual ignores that original fills occurred at different times and market states,,-15.307000000000002,,15.307000000000002,C,2026-06-10,high,
49.881670003264006,49.881670003264006,49.881670003264006,-10.297,Taipei|2026-06-10|high|C,2,23°C|24°C,Taipei,-60.178670003264,-60.178670003264,True,counterfactual assumes all target shares could be filled at observed weighted average prices,24°C,-60.178670003264,counterfactual ignores that original fills occurred at different times and market states,,-60.178670003264,,60.178670003264,C,2026-06-10,high,
,,,,Buenos Aires|2026-06-11|high|C,5,,Buenos Aires,,,False,,,,,requires at least two settled adjacent non-overlapping exact/range YES buckets,,5,,C,2026-06-11,high,
39.47539000775701,39.47539000775701,39.47539000775701,-12.0087,London|2026-06-11|high|C,2,14°C|15°C,London,-51.484090007757004,-51.484090007757004,True,counterfactual assumes all target shares could be filled at observed weighted average prices,15°C,-51.484090007757004,counterfactual ignores that original fills occurred at different times and market states,,-51.484090007757004,,51.484090007757004,C,2026-06-11,high,
142.1833134304821,-565.5448697971378,-7.522641955708025,418.59211400000004,Moscow|2026-06-11|high|C,3,31°C|32°C|33°C,Moscow,276.40880056951795,436.39271610165633,True,counterfactual assumes all target shares could be filled at observed weighted average prices,31°C,984.1369837971379,counterfactual ignores that original fills occurred at different times and market states,,426.11475595570806,,77.45529104429193,C,2026-06-11,high,31°C
,,,,Munich|2026-06-11|high|C,4,,Munich,,,False,,,,,requires at least two settled adjacent non-overlapping exact/range YES buckets,,4,,C,2026-06-11,high,
,,,,New York City|2026-06-11|high|F,5,,New York City,,,False,,,,,requires at least two settled adjacent non-overlapping exact/range YES buckets,,5,,F,2026-06-11,high,
86.51123600418029,86.51123600418029,86.51123600418029,52.24119999999999,Warsaw|2026-06-11|high|C,3,13°C|14°C|15°C,Warsaw,-34.2700360041803,-34.2700360041803,True,counterfactual assumes all target shares could be filled at observed weighted average prices,14°C,-34.2700360041803,counterfactual ignores that original fills occurred at different times and market states,,-34.2700360041803,,34.2700360041803,C,2026-06-11,high,
,,,,Ankara|2026-06-12|high|C,2,,Ankara,,,False,,,,,requires at least two settled adjacent non-overlapping exact/range YES buckets,,2,,C,2026-06-12,high,
78.59143890464586,-407.04522552111575,0.0006050110862645397,129.71349999999998,Beijing|2026-06-12|high|C,5,30°C|31°C|32°C|33°C|34°C,Beijing,51.12206109535413,143.41080864658932,True,counterfactual assumes all target shares could be filled at observed weighted average prices,32°C,536.7587255211157,counterfactual ignores that original fills occurred at different times and market states,,129.71289498891372,,70.28710501108627,C,2026-06-12,high,32°C
105.03366329104014,-69.11411241646428,58.69143899854453,200.243346,Buenos Aires|2026-06-12|high|C,2,17°C|18°C,Buenos Aires,95.20968270895986,187.89538254282425,True,counterfactual assumes all target shares could be filled at observed weighted average prices,17°C,269.3574584164643,counterfactual ignores that original fills occurred at different times and market states,,141.55190700145548,,78.93809299854453,C,2026-06-12,high,17°C
0.3804410026221916,0.3804410026221916,0.3804410026221916,-33.716468,Guangzhou|2026-06-12|high|C,3,33°C|34°C|35°C,Guangzhou,-34.09690900262219,-34.09690900262219,True,counterfactual assumes all target shares could be filled at observed weighted average prices,34°C,-34.09690900262219,counterfactual ignores that original fills occurred at different times and market states,,-34.09690900262219,,34.09690900262219,C,2026-06-12,high,
9.800000000126374e-05,9.800000000126374e-05,9.800000000126374e-05,-8.495899999999999,Istanbul|2026-06-12|high|C,2,25°C|26°C,Istanbul,-8.495998,-8.495998,True,counterfactual assumes all target shares could be filled at observed weighted average prices,25°C,-8.495998,counterfactual ignores that original fills occurred at different times and market states,,-8.495998,,8.495998,C,2026-06-12,high,
,,,,London|2026-06-12|high|C,5,,London,,,False,,,,,requires at least two settled adjacent non-overlapping exact/range YES buckets,,5,,C,2026-06-12,high,
-12.94288490166582,54.949705994165996,9.189705994166001,25.076966,Moscow|2026-06-12|high|C,2,31°C|32°C,Moscow,38.01985090166582,81.57646813342606,True,counterfactual assumes all target shares could be filled at observed weighted average prices,32°C,-29.872739994166,counterfactual ignores that original fills occurred at different times and market states,,15.887260005833998,,29.872739994166,C,2026-06-12,high,31°C
0.0015000006280061484,0.0015000006280061484,0.0015000006280061484,-43.7973,Munich|2026-06-12|high|C,2,13°C|14°C,Munich,-43.798800000628006,-43.798800000628006,True,counterfactual assumes all target shares could be filled at observed weighted average prices,14°C,-43.798800000628006,counterfactual ignores that original fills occurred at different times and market states,,-43.798800000628006,,43.798800000628006,C,2026-06-12,high,
86.1931833075683,-376.9093194582337,-10.641191000981209,114.45041900000001,New York City|2026-06-12|high|F,5,between 88-89°F|between 90-91°F|between 92-93°F|between 94-95°F|between 96-97°F,New York City,28.257235692431706,134.20919729002645,True,counterfactual assumes all target shares could be filled at observed weighted average prices,between 94-95°F,491.3597384582337,counterfactual ignores that original fills occurred at different times and market states,,125.09161000098122,,87.5183899990188,F,2026-06-12,high,between 94-95°F
29.73596099007,29.73596099007,29.73596099007,1.5869300000000002,New York City|2026-06-12|low|F,2,between 70-71°F|between 72-73°F,New York City,-28.149030990070003,-28.149030990070003,True,counterfactual assumes all target shares could be filled at observed weighted average prices,between 72-73°F,-28.149030990070003,counterfactual ignores that original fills occurred at different times and market states,,-28.149030990070003,,28.149030990070003,F,2026-06-12,low,
50.00090399218806,50.00090399218806,50.00090399218806,-20.7098,Panama City|2026-06-12|high|C,2,34°C|35°C,Panama City,-70.71070399218806,-70.71070399218806,True,counterfactual assumes all target shares could be filled at observed weighted average prices,34°C,-70.71070399218806,counterfactual ignores that original fills occurred at different times and market states,,-70.71070399218806,,70.71070399218806,C,2026-06-12,high,
0.00029998784800966405,0.00029998784800966405,0.00029998784800966405,-52.426199999999994,Qingdao|2026-06-12|high|C,2,29°C|30°C,Qingdao,-52.426499987848004,-52.426499987848004,True,counterfactual assumes all target shares could be filled at observed weighted average prices,30°C,-52.426499987848004,counterfactual ignores that original fills occurred at different times and market states,,-52.426499987848004,,52.426499987848004,C,2026-06-12,high,
0.0003499899800001316,0.0003499899800001316,0.0003499899800001316,-9.2522,San Francisco|2026-06-12|high|F,2,between 80-81°F|between 82-83°F,San Francisco,-9.25254998998,-9.25254998998,True,counterfactual assumes all target shares could be filled at observed weighted average prices,between 82-83°F,-9.25254998998,counterfactual ignores that original fills occurred at different times and market states,,-9.25254998998,,9.25254998998,F,2026-06-12,high,
0.0012999930009982563,0.0012999930009982563,0.0012999930009982563,-35.2539,Sao Paulo|2026-06-12|high|C,3,17°C|18°C|19°C,Sao Paulo,-35.255199993001,-35.255199993001,True,counterfactual assumes all target shares could be filled at observed weighted average prices,19°C,-35.255199993001,counterfactual ignores that original fills occurred at different times and market states,,-35.255199993001,,35.255199993001,C,2026-06-12,high,
114.54508284879033,262.984779982152,7.867099982152013,205.676286,Warsaw|2026-06-12|high|C,4,20°C|21°C|22°C|23°C,Warsaw,91.13120315120968,246.09436140424708,True,counterfactual assumes all target shares could be filled at observed weighted average prices,21°C,-57.308493982152,counterfactual ignores that original fills occurred at different times and market states,,197.809186017848,,57.308493982152,C,2026-06-12,high,20°C
,,,,London|2026-06-13|high|C,3,,London,,,False,,,,,requires at least two settled adjacent non-overlapping exact/range YES buckets,,3,,C,2026-06-13,high,
10.673478514447723,-45.51735697064477,6.79995402208533e-05,46.708242,Moscow|2026-06-13|high|C,2,29°C|30°C,Moscow,36.034763485552276,66.21954283043458,True,counterfactual assumes all target shares could be filled at observed weighted average prices,29°C,92.22559897064477,counterfactual ignores that original fills occurred at different times and market states,,46.70817400045978,,20.156071999540217,C,2026-06-13,high,29°C
23.45040998624,23.45040998624,23.45040998624,-3.851499999999999,Seoul|2026-06-13|high|C,2,28°C|29°C,Seoul,-27.30190998624,-27.30190998624,True,counterfactual assumes all target shares could be filled at observed weighted average prices,28°C,-27.30190998624,counterfactual ignores that original fills occurred at different times and market states,,-27.30190998624,,27.30190998624,C,2026-06-13,high,
1.7763568394002505e-15,1.7763568394002505e-15,1.7763568394002505e-15,-11.558499999999999,Shenzhen|2026-06-13|high|C,2,28°C|29°C,Shenzhen,-11.5585,-11.5585,True,counterfactual assumes all target shares could be filled at observed weighted average prices,29°C,-11.5585,counterfactual ignores that original fills occurred at different times and market states,,-11.5585,,11.5585,C,2026-06-13,high,
0.0005499865470000032,0.0005499865470000032,0.0005499865470000032,-40.8204,Tokyo|2026-06-13|high|C,3,28°C|29°C|30°C,Tokyo,-40.820949986547,-40.820949986547,True,counterfactual assumes all target shares could be filled at observed weighted average prices,28°C,-40.820949986547,counterfactual ignores that original fills occurred at different times and market states,,-40.820949986547,,40.820949986547,C,2026-06-13,high,
14.073646996811565,14.073646996811565,14.073646996811565,-18.3094,Warsaw|2026-06-13|high|C,2,18°C|19°C,Warsaw,-32.383046996811565,-32.383046996811565,True,counterfactual assumes all target shares could be filled at observed weighted average prices,19°C,-32.383046996811565,counterfactual ignores that original fills occurred at different times and market states,,-32.383046996811565,,32.383046996811565,C,2026-06-13,high,
,,,,Ankara|2026-06-14|high|C,3,,Ankara,,,False,,,,,requires at least two settled adjacent non-overlapping exact/range YES buckets,,3,,C,2026-06-14,high,
0.0004979999989700445,0.0004979999989700445,0.0004979999989700445,-66.5927,Hong Kong|2026-06-14|low|C,2,27°C|28°C,Hong Kong,-66.59319799999896,-66.59319799999896,True,counterfactual assumes all target shares could be filled at observed weighted average prices,27°C,-66.59319799999896,counterfactual ignores that original fills occurred at different times and market states,,-66.59319799999896,,66.59319799999896,C,2026-06-14,low,
126.79759852907178,-49.20725041694473,2.3002079984735246e-05,163.294023,Qingdao|2026-06-14|high|C,3,23°C|24°C|25°C,Qingdao,36.49642447092823,183.58126509013618,True,counterfactual assumes all target shares could be filled at observed weighted average prices,25°C,212.50127341694474,counterfactual ignores that original fills occurred at different times and market states,,163.29399999792003,,51.50600000208,C,2026-06-14,high,25°C
,,,,Seoul|2026-06-14|high|C,2,,Seoul,,,False,,,,,requires at least two settled adjacent non-overlapping exact/range YES buckets,,2,,C,2026-06-14,high,
-285.16778341535235,287.139549996745,-191.420450003255,180.214396,Shanghai|2026-06-14|high|C,2,22°C|23°C,Shanghai,465.3821794153523,624.4518635288076,True,counterfactual assumes all target shares could be filled at observed weighted average prices,23°C,-106.92515399674502,counterfactual ignores that original fills occurred at different times and market states,,371.634846003255,,106.92515399674502,C,2026-06-14,high,22°C
0.001521000018968266,0.001521000018968266,0.001521000018968266,-35.0798,Taipei|2026-06-14|high|C,3,25°C|26°C|27°C,Taipei,-35.08132100001897,-35.08132100001897,True,counterfactual assumes all target shares could be filled at observed weighted average prices,27°C,-35.08132100001897,counterfactual ignores that original fills occurred at different times and market states,,-35.08132100001897,,35.08132100001897,C,2026-06-14,high,
0.0010409857704587466,0.0010409857704587466,0.0010409857704587466,-50.438599999999994,Warsaw|2026-06-14|high|C,2,14°C|15°C,Warsaw,-50.43964098577045,-50.43964098577045,True,counterfactual assumes all target shares could be filled at observed weighted average prices,15°C,-50.43964098577045,counterfactual ignores that original fills occurred at different times and market states,,-50.43964098577045,,50.43964098577045,C,2026-06-14,high,
-35.80671730277838,95.95306299996169,-4.046937000038312,78.560772,Atlanta|2026-06-15|high|F,2,between 78-79°F|between 80-81°F,Atlanta,114.36748930277838,82.56340355153205,True,counterfactual assumes all target shares could be filled at observed weighted average prices,between 78-79°F,-17.39229099996169,counterfactual ignores that original fills occurred at different times and market states,,82.60770900003831,,17.39229099996169,F,2026-06-15,high,between 80-81°F
-137.78335328244611,126.09660398959501,-79.453396010405,78.695034,Beijing|2026-06-15|high|C,3,26°C|27°C|28°C,Beijing,216.4783872824461,133.7456094111939,True,counterfactual assumes all target shares could be filled at observed weighted average prices,28°C,-47.401569989595004,counterfactual ignores that original fills occurred at different times and market states,,158.148430010405,,47.401569989595004,C,2026-06-15,high,27°C
11.540100863704229,-86.27128338193954,-6.714207013473878,22.364017,Istanbul|2026-06-15|high|C,3,30°C|31°C|32°C,Istanbul,10.823916136295772,82.98850023893081,True,counterfactual assumes all target shares could be filled at observed weighted average prices,30°C,108.63530038193954,counterfactual ignores that original fills occurred at different times and market states,,29.07822401347388,,38.08177598652612,C,2026-06-15,high,30°C
,,,,London|2026-06-15|high|C,2,,London,,,False,,,,,requires at least two settled adjacent non-overlapping exact/range YES buckets,,2,,C,2026-06-15,high,
,,,,Paris|2026-06-15|high|C,3,,Paris,,,False,,,,,requires at least two settled adjacent non-overlapping exact/range YES buckets,,3,,C,2026-06-15,high,
0.00018799999997298755,0.00018799999997298755,0.00018799999997298755,-40.1637,Seoul|2026-06-15|high|C,2,30°C|31°C,Seoul,-40.16388799999997,-40.16388799999997,True,counterfactual assumes all target shares could be filled at observed weighted average prices,30°C,-40.16388799999997,counterfactual ignores that original fills occurred at different times and market states,,-40.16388799999997,,40.16388799999997,C,2026-06-15,high,
4.282349986125006,4.282349986125006,4.282349986125006,-35.846599999999995,Shenzhen|2026-06-15|high|C,2,27°C|28°C,Shenzhen,-40.128949986125,-40.128949986125,True,counterfactual assumes all target shares could be filled at observed weighted average prices,28°C,-40.128949986125,counterfactual ignores that original fills occurred at different times and market states,,-40.128949986125,,40.128949986125,C,2026-06-15,high,
5.899947904497438e-05,5.899947904497438e-05,5.899947904497438e-05,-2.5368000000000004,Ankara|2026-06-16|high|C,2,30°C|31°C,Ankara,-2.5368589994790454,-2.5368589994790454,True,counterfactual assumes all target shares could be filled at observed weighted average prices,30°C,-2.5368589994790454,counterfactual ignores that original fills occurred at different times and market states,,-2.5368589994790454,,2.5368589994790454,C,2026-06-16,high,
,,,,Buenos Aires|2026-06-16|high|C,2,,Buenos Aires,,,False,,,,,requires at least two settled adjacent non-overlapping exact/range YES buckets,,2,,C,2026-06-16,high,
5.890326943819986,-147.91882210124703,-107.89052401111304,95.878146,London|2026-06-16|high|C,2,27°C|28°C,London,89.98781905618002,201.76990758655194,True,counterfactual assumes all target shares could be filled at observed weighted average prices,27°C,243.79696810124705,counterfactual ignores that original fills occurred at different times and market states,,203.76867001111304,,63.821329988887,C,2026-06-16,high,27°C
0.002019006550000313,0.002019006550000313,0.002019006550000313,-8.6554,Moscow|2026-06-16|high|C,3,14°C|15°C|16°C,Moscow,-8.65741900655,-8.65741900655,True,counterfactual assumes all target shares could be filled at observed weighted average prices,14°C,-8.65741900655,counterfactual ignores that original fills occurred at different times and market states,,-8.65741900655,,8.65741900655,C,2026-06-16,high,
10.76102601058927,10.76102601058927,10.76102601058927,-48.4804,Munich|2026-06-16|high|C,4,23°C|24°C|25°C|26°C,Munich,-59.24142601058927,-59.24142601058927,True,counterfactual assumes all target shares could be filled at observed weighted average prices,23°C,-59.24142601058927,counterfactual ignores that original fills occurred at different times and market states,,-59.24142601058927,,59.24142601058927,C,2026-06-16,high,
,,,,Paris|2026-06-16|high|C,2,,Paris,,,False,,,,,requires at least two settled adjacent non-overlapping exact/range YES buckets,,2,,C,2026-06-16,high,
1.9999999999242846e-05,1.9999999999242846e-05,1.9999999999242846e-05,-12.960700000000001,Qingdao|2026-06-16|high|C,2,25°C|26°C,Qingdao,-12.96072,-12.96072,True,counterfactual assumes all target shares could be filled at observed weighted average prices,26°C,-12.96072,counterfactual ignores that original fills occurred at different times and market states,,-12.96072,,12.96072,C,2026-06-16,high,
17.233961855089802,206.45103599338637,0.001329993386377737,150.661573,Seattle|2026-06-16|high|F,6,between 72-73°F|between 74-75°F|between 76-77°F|between 78-79°F|between 80-81°F|between 82-83°F,Seattle,133.4276111449102,95.35308034537368,True,counterfactual assumes all target shares could be filled at observed weighted average prices,between 74-75°F,-55.789462993386365,counterfactual ignores that original fills occurred at different times and market states,,150.66024300661363,,55.789462993386365,F,2026-06-16,high,between 76-77°F
,,,,Seoul|2026-06-16|high|C,2,,Seoul,,,False,,,,,requires at least two settled adjacent non-overlapping exact/range YES buckets,,2,,C,2026-06-16,high,
,,,,Guangzhou|2026-06-17|high|C,2,,Guangzhou,,,False,,,,,requires at least two settled adjacent non-overlapping exact/range YES buckets,,2,,C,2026-06-17,high,
,,,,Helsinki|2026-06-17|high|C,2,,Helsinki,,,False,,,,,requires at least two settled adjacent non-overlapping exact/range YES buckets,,2,,C,2026-06-17,high,
-46.80656807051486,154.690495986992,-0.10950401300799228,85.79880600000001,London|2026-06-17|high|C,3,26°C|27°C|28°C,London,132.60537407051487,255.84452837605693,True,counterfactual assumes all target shares could be filled at observed weighted average prices,27°C,-68.891689986992,counterfactual ignores that original fills occurred at different times and market states,,85.908310013008,,68.891689986992,C,2026-06-17,high,26°C
76.59214921943914,-59.31580255609248,0.00010099497075088948,192.468612,Seoul|2026-06-17|high|C,2,29°C|30°C,Seoul,115.87646278056087,119.37127857896323,True,counterfactual assumes all target shares could be filled at observed weighted average prices,30°C,251.78441455609249,counterfactual ignores that original fills occurred at different times and market states,,192.46851100502926,,20.031488994970736,C,2026-06-17,high,30°C
43.57813891949489,-59.26633122238931,-4.999626009563002,65.6897,Shenzhen|2026-06-17|high|C,3,25°C|26°C|27°C,Shenzhen,22.11156108050511,81.19977119837468,True,counterfactual assumes all target shares could be filled at observed weighted average prices,27°C,124.95603122238931,counterfactual ignores that original fills occurred at different times and market states,,70.689326009563,,29.310673990437,C,2026-06-17,high,27°C
21.10029998895,21.10029998895,21.10029998895,-18.148400000000002,Ankara|2026-06-18|high|C,2,26°C|27°C,Ankara,-39.24869998895,-39.24869998895,True,counterfactual assumes all target shares could be filled at observed weighted average prices,27°C,-39.24869998895,counterfactual ignores that original fills occurred at different times and market states,,-39.24869998895,,39.24869998895,C,2026-06-18,high,
0.008575997538372349,0.008575997538372349,0.008575997538372349,-210.7236,London|2026-06-18|high|C,3,28°C|29°C|30°C,London,-210.73217599753838,-210.73217599753838,True,counterfactual assumes all target shares could be filled at observed weighted average prices,29°C,-210.73217599753838,counterfactual ignores that original fills occurred at different times and market states,,-210.73217599753838,,210.73217599753838,C,2026-06-18,high,
-289.5689655172414,145.0,-1.4210854715202004e-14,119.79499999999999,Shenzhen|2026-06-18|high|C,2,26°C|27°C,Shenzhen,409.36396551724135,84.8605021834061,True,counterfactual assumes all target shares could be filled at observed weighted average prices,27°C,-25.205,counterfactual ignores that original fills occurred at different times and market states,,119.795,,25.205,C,2026-06-18,high,26°C
0.0003159963436338842,0.0003159963436338842,0.0003159963436338842,-25.2454,Guangzhou|2026-06-19|high|C,2,33°C|34°C,Guangzhou,-25.245715996343634,-25.245715996343634,True,counterfactual assumes all target shares could be filled at observed weighted average prices,34°C,-25.245715996343634,counterfactual ignores that original fills occurred at different times and market states,,-25.245715996343634,,25.245715996343634,C,2026-06-19,high,
6.3134616199147615,370.4123560112531,124.94526201125308,-104.43460000000002,London|2026-06-19|high|C,3,30°C|31°C|32°C,London,-110.74806161991478,178.6788741700663,True,counterfactual assumes all target shares could be filled at observed weighted average prices,31°C,-474.8469560112531,counterfactual ignores that original fills occurred at different times and market states,,-229.3798620112531,,474.8469560112531,C,2026-06-19,high,30°C
0.00025000499199911985,0.00025000499199911985,0.00025000499199911985,-12.4633,Sao Paulo|2026-06-19|high|C,2,26°C|27°C,Sao Paulo,-12.463550004992,-12.463550004992,True,counterfactual assumes all target shares could be filled at observed weighted average prices,26°C,-12.463550004992,counterfactual ignores that original fills occurred at different times and market states,,-12.463550004992,,12.463550004992,C,2026-06-19,high,
35.54813872185574,-127.88346382146477,6.273939993516002,66.27328,Shanghai|2026-06-19|high|C,3,30°C|31°C|32°C,Shanghai,30.725141278144257,69.63765625209172,True,counterfactual assumes all target shares could be filled at observed weighted average prices,31°C,194.15674382146477,counterfactual ignores that original fills occurred at different times and market states,,59.999340006484,,50.990659993516,C,2026-06-19,high,31°C
0.0002729933999994216,0.0002729933999994216,0.0002729933999994216,-17.3686,Shenzhen|2026-06-19|high|C,3,27°C|28°C|29°C,Shenzhen,-17.3688729934,-17.3688729934,True,counterfactual assumes all target shares could be filled at observed weighted average prices,29°C,-17.3688729934,counterfactual ignores that original fills occurred at different times and market states,,-17.3688729934,,17.3688729934,C,2026-06-19,high,
11.392660009880998,11.392660009880998,11.392660009880998,-13.3645,Buenos Aires|2026-06-20|high|C,2,17°C|18°C,Buenos Aires,-24.757160009880998,-24.757160009880998,True,counterfactual assumes all target shares could be filled at observed weighted average prices,17°C,-24.757160009880998,counterfactual ignores that original fills occurred at different times and market states,,-24.757160009880998,,24.757160009880998,C,2026-06-20,high,
15.177979000000008,15.177979000000008,15.177979000000008,-35.1806,London|2026-06-20|high|C,2,27°C|28°C,London,-50.358579000000006,-50.358579000000006,True,counterfactual assumes all target shares could be filled at observed weighted average prices,28°C,-50.358579000000006,counterfactual ignores that original fills occurred at different times and market states,,-50.358579000000006,,50.358579000000006,C,2026-06-20,high,
23.53627799818515,23.53627799818515,23.53627799818515,-39.7923,Moscow|2026-06-20|high|C,2,22°C|23°C,Moscow,-63.328577998185146,-63.328577998185146,True,counterfactual assumes all target shares could be filled at observed weighted average prices,22°C,-63.328577998185146,counterfactual ignores that original fills occurred at different times and market states,,-63.328577998185146,,63.328577998185146,C,2026-06-20,high,
0.0009630000466742672,0.0009630000466742672,0.0009630000466742672,-42.5966,Seattle|2026-06-20|high|F,2,between 74-75°F|between 76-77°F,Seattle,-42.59756300004668,-42.59756300004668,True,counterfactual assumes all target shares could be filled at observed weighted average prices,between 74-75°F,-42.59756300004668,counterfactual ignores that original fills occurred at different times and market states,,-42.59756300004668,,42.59756300004668,F,2026-06-20,high,
112.42046947183076,-13.256641572431747,-0.3509750060380128,86.979675,Cape Town|2026-06-21|high|C,3,20°C|21°C|22°C,Cape Town,-25.44079447183075,56.200229927850046,True,counterfactual assumes all target shares could be filled at observed weighted average prices,22°C,100.23631657243175,counterfactual ignores that original fills occurred at different times and market states,,87.33065000603801,,88.279349993962,C,2026-06-21,high,22°C
59.09663699358801,59.09663699358801,59.09663699358801,-114.323313,London|2026-06-21|high|C,2,30°C|31°C,London,-173.419949993588,-173.419949993588,True,counterfactual assumes all target shares could be filled at observed weighted average prices,30°C,-173.419949993588,counterfactual ignores that original fills occurred at different times and market states,,-173.419949993588,,173.419949993588,C,2026-06-21,high,
-21.285288422685973,-131.67723285190894,-108.52334399346299,58.476200999999996,Sao Paulo|2026-06-21|high|C,2,23°C|24°C,Sao Paulo,79.76148942268597,162.33551403730277,True,counterfactual assumes all target shares could be filled at observed weighted average prices,23°C,190.15343385190894,counterfactual ignores that original fills occurred at different times and market states,,166.999544993463,,30.630455006537,C,2026-06-21,high,23°C
127.85951995243597,127.85951995243597,127.85951995243597,-108.23970000000001,Warsaw|2026-06-21|high|C,3,31°C|32°C|33°C,Warsaw,-236.099219952436,-236.099219952436,True,counterfactual assumes all target shares could be filled at observed weighted average prices,31°C,-236.099219952436,counterfactual ignores that original fills occurred at different times and market states,,-236.099219952436,,236.099219952436,C,2026-06-21,high,
0.00037000310999957264,0.00037000310999957264,0.00037000310999957264,-17.319200000000002,Hong Kong|2026-06-22|high|C,2,34°C|35°C,Hong Kong,-17.31957000311,-17.31957000311,True,counterfactual assumes all target shares could be filled at observed weighted average prices,34°C,-17.31957000311,counterfactual ignores that original fills occurred at different times and market states,,-17.31957000311,,17.31957000311,C,2026-06-22,high,
,,,,London|2026-06-22|high|C,3,,London,,,False,,,,,requires at least two settled adjacent non-overlapping exact/range YES buckets,,3,,C,2026-06-22,high,
25.169537442791565,102.893477999525,25.54347799952501,78.470978,Moscow|2026-06-22|high|C,2,23°C|24°C,Moscow,53.30144055720844,34.366504141548624,True,counterfactual assumes all target shares could be filled at observed weighted average prices,23°C,-24.422499999525,counterfactual ignores that original fills occurred at different times and market states,,52.92750000047499,,24.422499999525,C,2026-06-22,high,24°C
0.0,0.0,0.0,-31.8675,Seoul|2026-06-22|high|C,2,24°C|25°C,Seoul,-31.8675,-31.8675,True,counterfactual assumes all target shares could be filled at observed weighted average prices,25°C,-31.8675,counterfactual ignores that original fills occurred at different times and market states,,-31.8675,,31.8675,C,2026-06-22,high,
47.55397387970112,345.024641017135,-11.975358982864975,237.00362600000003,Shanghai|2026-06-22|high|C,4,24°C|25°C|26°C|27°C,Shanghai,189.4496521202989,326.4743185895562,True,counterfactual assumes all target shares could be filled at observed weighted average prices,25°C,-108.021015017135,counterfactual ignores that original fills occurred at different times and market states,,248.978984982865,,108.021015017135,C,2026-06-22,high,24°C
,,,,Shenzhen|2026-06-22|high|C,2,,Shenzhen,,,False,,,,,requires at least two settled adjacent non-overlapping exact/range YES buckets,,2,,C,2026-06-22,high,
8.30001000631242e-05,8.30001000631242e-05,8.30001000631242e-05,-5.011699999999999,Chongqing|2026-06-23|high|C,2,29°C|30°C,Chongqing,-5.0117830001000625,-5.0117830001000625,True,counterfactual assumes all target shares could be filled at observed weighted average prices,29°C,-5.0117830001000625,counterfactual ignores that original fills occurred at different times and market states,,-5.0117830001000625,,5.0117830001000625,C,2026-06-23,high,
0.005762002195112359,0.005762002195112359,0.005762002195112359,-37.7345,London|2026-06-23|high|C,2,34°C|35°C,London,-37.74026200219511,-37.74026200219511,True,counterfactual assumes all target shares could be filled at observed weighted average prices,35°C,-37.74026200219511,counterfactual ignores that original fills occurred at different times and market states,,-37.74026200219511,,37.74026200219511,C,2026-06-23,high,
0.00022999791500666333,0.00022999791500666333,0.00022999791500666333,-49.5764,Moscow|2026-06-23|high|C,2,24°C|25°C,Moscow,-49.576629997915006,-49.576629997915006,True,counterfactual assumes all target shares could be filled at observed weighted average prices,24°C,-49.576629997915006,counterfactual ignores that original fills occurred at different times and market states,,-49.576629997915006,,49.576629997915006,C,2026-06-23,high,
52.914410010823,52.914410010823,52.914410010823,-39.5281,New York City|2026-06-23|high|F,2,between 70-71°F|between 72-73°F,New York City,-92.442510010823,-92.442510010823,True,counterfactual assumes all target shares could be filled at observed weighted average prices,between 72-73°F,-92.442510010823,counterfactual ignores that original fills occurred at different times and market states,,-92.442510010823,,92.442510010823,F,2026-06-23,high,
,,,,Sao Paulo|2026-06-23|high|C,2,,Sao Paulo,,,False,,,,,requires at least two settled adjacent non-overlapping exact/range YES buckets,,2,,C,2026-06-23,high,
,,,,Shenzhen|2026-06-23|high|C,2,,Shenzhen,,,False,,,,,requires at least two settled adjacent non-overlapping exact/range YES buckets,,2,,C,2026-06-23,high,
62.79522762710553,-14.409744747788935,0.00020000199999969936,120.0372,Tokyo|2026-06-23|high|C,2,22°C|23°C,Tokyo,57.241972372894466,124.39753718763217,True,counterfactual assumes all target shares could be filled at observed weighted average prices,23°C,134.44694474778893,counterfactual ignores that original fills occurred at different times and market states,,120.036999998,,19.963000001999998,C,2026-06-23,high,23°C
0.0001500000000000945,0.0001500000000000945,0.0001500000000000945,-3.0613,Sao Paulo|2026-06-24|high|C,2,16°C|17°C,Sao Paulo,-3.0614500000000002,-3.0614500000000002,True,counterfactual assumes all target shares could be filled at observed weighted average prices,17°C,-3.0614500000000002,counterfactual ignores that original fills occurred at different times and market states,,-3.0614500000000002,,3.0614500000000002,C,2026-06-24,high,
0.0001800018760036437,0.0001800018760036437,0.0001800018760036437,-35.7217,Seoul|2026-06-24|high|C,2,30°C|31°C,Seoul,-35.721880001876,-35.721880001876,True,counterfactual assumes all target shares could be filled at observed weighted average prices,30°C,-35.721880001876,counterfactual ignores that original fills occurred at different times and market states,,-35.721880001876,,35.721880001876,C,2026-06-24,high,
9.000000000014552e-05,9.000000000014552e-05,9.000000000014552e-05,-27.2691,Istanbul|2026-06-25|high|C,2,28°C|29°C,Istanbul,-27.269190000000002,-27.269190000000002,True,counterfactual assumes all target shares could be filled at observed weighted average prices,28°C,-27.269190000000002,counterfactual ignores that original fills occurred at different times and market states,,-27.269190000000002,,27.269190000000002,C,2026-06-25,high,
33.08965797924111,-1465.999619984288,-26.96391603291579,180.390898,London|2026-06-25|high|C,4,27°C|28°C|29°C|30°C,London,147.30124002075888,287.28048086618617,True,counterfactual assumes all target shares could be filled at observed weighted average prices,29°C,1646.3905179842882,counterfactual ignores that original fills occurred at different times and market states,,207.35481403291578,,352.3951859670842,C,2026-06-25,high,29°C
12.200090000000001,12.200090000000001,12.200090000000001,-8.6363,Miami|2026-06-25|high|F,2,between 92-93°F|between 94-95°F,Miami,-20.83639,-20.83639,True,counterfactual assumes all target shares could be filled at observed weighted average prices,between 92-93°F,-20.83639,counterfactual ignores that original fills occurred at different times and market states,,-20.83639,,20.83639,F,2026-06-25,high,
0.5282290081082124,0.5282290081082124,0.5282290081082124,-106.7008,Seoul|2026-06-25|high|C,3,23°C|24°C|25°C,Seoul,-107.22902900810821,-107.22902900810821,True,counterfactual assumes all target shares could be filled at observed weighted average prices,24°C,-107.22902900810821,counterfactual ignores that original fills occurred at different times and market states,,-107.22902900810821,,107.22902900810821,C,2026-06-25,high,
6.000107834580604e-06,6.000107834580604e-06,6.000107834580604e-06,-9.4991,Amsterdam|2026-06-26|high|C,2,38°C|39°C,Amsterdam,-9.499106000107835,-9.499106000107835,True,counterfactual assumes all target shares could be filled at observed weighted average prices,38°C,-9.499106000107835,counterfactual ignores that original fills occurred at different times and market states,,-9.499106000107835,,9.499106000107835,C,2026-06-26,high,
-445.5560998883975,24.40200500703343,0.0020050070334320935,-33.872800000000005,London|2026-06-26|high|C,4,35°C|36°C|37°C|38°C,London,411.6832998883975,155.121866091122,True,counterfactual assumes all target shares could be filled at observed weighted average prices,37°C,-58.274805007033436,counterfactual ignores that original fills occurred at different times and market states,,-33.87480500703344,,58.274805007033436,C,2026-06-26,high,36°C
0.00016000000499971634,0.00016000000499971634,0.00016000000499971634,-6.1631,New York City|2026-06-26|high|F,2,between 76-77°F|between 78-79°F,New York City,-6.163260000005,-6.163260000005,True,counterfactual assumes all target shares could be filled at observed weighted average prices,between 78-79°F,-6.163260000005,counterfactual ignores that original fills occurred at different times and market states,,-6.163260000005,,6.163260000005,F,2026-06-26,high,
,,,,Sao Paulo|2026-06-26|high|C,8,,Sao Paulo,,,False,,,,,requires at least two settled adjacent non-overlapping exact/range YES buckets,,8,,C,2026-06-26,high,
0.00019699414432672313,0.00019699414432672313,0.00019699414432672313,-9.9996,Amsterdam|2026-06-27|high|C,2,33°C|34°C,Amsterdam,-9.999796994144326,-9.999796994144326,True,counterfactual assumes all target shares could be filled at observed weighted average prices,33°C,-9.999796994144326,counterfactual ignores that original fills occurred at different times and market states,,-9.999796994144326,,9.999796994144326,C,2026-06-27,high,
43.64118328194468,249.97269098881503,68.64269098881499,216.21559100000002,Buenos Aires|2026-06-27|high|C,3,17°C|18°C|19°C,Buenos Aires,172.57440771805534,101.86763797904733,True,counterfactual assumes all target shares could be filled at observed weighted average prices,17°C,-33.757099988815,counterfactual ignores that original fills occurred at different times and market states,,147.57290001118503,,33.757099988815,C,2026-06-27,high,19°C
38.1892165602042,293.16553301053557,-9.064466989464464,-6.424510000000012,London|2026-06-27|high|C,3,31°C|32°C|33°C,London,-44.61372656020421,164.07674031732597,True,counterfactual assumes all target shares could be filled at observed weighted average prices,32°C,-299.59004301053557,counterfactual ignores that original fills occurred at different times and market states,,2.6399569894644515,,299.59004301053557,C,2026-06-27,high,31°C
-38.281218953508535,75.0018870098366,0.0018870098366008392,-8.131599999999999,Milan|2026-06-27|high|C,2,36°C|37°C,Milan,30.149618953508536,88.44206955005437,True,counterfactual assumes all target shares could be filled at observed weighted average prices,37°C,-83.1334870098366,counterfactual ignores that original fills occurred at different times and market states,,-8.1334870098366,,83.1334870098366,C,2026-06-27,high,36°C
0.002602018609991319,0.002602018609991319,0.002602018609991319,-86.68650000000001,Munich|2026-06-27|high|C,3,37°C|38°C|39°C,Munich,-86.68910201861,-86.68910201861,True,counterfactual assumes all target shares could be filled at observed weighted average prices,37°C,-86.68910201861,counterfactual ignores that original fills occurred at different times and market states,,-86.68910201861,,86.68910201861,C,2026-06-27,high,
,,,,Seoul|2026-06-27|high|C,2,,Seoul,,,False,,,,,requires at least two settled adjacent non-overlapping exact/range YES buckets,,2,,C,2026-06-27,high,
,,,,Beijing|2026-06-28|high|C,3,,Beijing,,,False,,,,,requires at least two settled adjacent non-overlapping exact/range YES buckets,,3,,C,2026-06-28,high,
,,,,Mexico City|2026-06-28|high|C,2,,Mexico City,,,False,,,,,requires at least two settled adjacent non-overlapping exact/range YES buckets,,2,,C,2026-06-28,high,
0.008557000284003635,0.008557000284003635,0.008557000284003635,-16.1531,Milan|2026-06-28|high|C,2,38°C|39°C,Milan,-16.161657000284002,-16.161657000284002,True,counterfactual assumes all target shares could be filled at observed weighted average prices,38°C,-16.161657000284002,counterfactual ignores that original fills occurred at different times and market states,,-16.161657000284002,,16.161657000284002,C,2026-06-28,high,
,,,,Paris|2026-06-28|high|C,5,,Paris,,,False,,,,,requires at least two settled adjacent non-overlapping exact/range YES buckets,,5,,C,2026-06-28,high,
121.11229312472098,-59.389894625837115,-8.806612999999999,189.49197700000002,Qingdao|2026-06-28|high|C,3,28°C|29°C|30°C,Qingdao,68.37968387527904,188.87672263565787,True,counterfactual assumes all target shares could be filled at observed weighted average prices,29°C,248.88187162583714,counterfactual ignores that original fills occurred at different times and market states,,198.29859000000002,,21.87141,C,2026-06-28,high,29°C
,,,,Sao Paulo|2026-06-28|high|C,9,,Sao Paulo,,,False,,,,,requires at least two settled adjacent non-overlapping exact/range YES buckets,,9,,C,2026-06-28,high,
43.61782175857952,-12.764256487621694,0.0008640047807233486,81.28105000000001,Shanghai|2026-06-28|high|C,2,30°C|31°C,Shanghai,37.66322824142049,87.78046621541439,True,counterfactual assumes all target shares could be filled at observed weighted average prices,30°C,94.0453064876217,counterfactual ignores that original fills occurred at different times and market states,,81.28018599521928,,18.71885000478072,C,2026-06-28,high,30°C
,,,,Tokyo|2026-06-28|high|C,2,,Tokyo,,,False,,,,,requires at least two settled adjacent non-overlapping exact/range YES buckets,,2,,C,2026-06-28,high,
8.1290734742809,198.790314999443,0.00031499944297763705,127.666258,Beijing|2026-06-29|high|C,3,27°C|28°C|29°C,Beijing,119.5371845257191,130.24976501579033,True,counterfactual assumes all target shares could be filled at observed weighted average prices,28°C,-71.124056999443,counterfactual ignores that original fills occurred at different times and market states,,127.66594300055702,,71.124056999443,C,2026-06-29,high,27°C
0.0,0.0,0.0,-5.6774000000000004,Buenos Aires|2026-06-29|high|C,2,16°C|17°C,Buenos Aires,-5.6774000000000004,-5.6774000000000004,True,counterfactual assumes all target shares could be filled at observed weighted average prices,17°C,-5.6774000000000004,counterfactual ignores that original fills occurred at different times and market states,,-5.6774000000000004,,5.6774000000000004,C,2026-06-29,high,
0.00040000509999948974,0.00040000509999948974,0.00040000509999948974,-4.9062,Busan|2026-06-29|high|C,2,30°C|31°C,Busan,-4.9066000051,-4.9066000051,True,counterfactual assumes all target shares could be filled at observed weighted average prices,30°C,-4.9066000051,counterfactual ignores that original fills occurred at different times and market states,,-4.9066000051,,4.9066000051,C,2026-06-29,high,
-56.0370321311232,-122.28089426099639,-89.79317000125,-9.4358,Madrid|2026-06-29|high|C,2,33°C|34°C,Madrid,46.6012321311232,88.15892293233297,True,counterfactual assumes all target shares could be filled at observed weighted average prices,34°C,112.84509426099639,counterfactual ignores that original fills occurred at different times and market states,,80.35737000125,,19.64262999875,C,2026-06-29,high,34°C
0.0002099987060013575,0.0002099987060013575,0.0002099987060013575,-18.990099999999998,Munich|2026-06-29|high|C,2,27°C|28°C,Munich,-18.990309998706,-18.990309998706,True,counterfactual assumes all target shares could be filled at observed weighted average prices,28°C,-18.990309998706,counterfactual ignores that original fills occurred at different times and market states,,-18.990309998706,,18.990309998706,C,2026-06-29,high,
63.562688641115585,-144.75109343413453,0.0009579995322894774,99.685447,Qingdao|2026-06-29|high|C,4,24°C|25°C|26°C|27°C,Qingdao,36.12275835888441,170.99784216943306,True,counterfactual assumes all target shares could be filled at observed weighted average prices,27°C,244.43654043413454,counterfactual ignores that original fills occurred at different times and market states,,99.6844890004677,,33.315168999532304,C,2026-06-29,high,27°C
,,,,Sao Paulo|2026-06-29|high|C,6,,Sao Paulo,,,False,,,,,requires at least two settled adjacent non-overlapping exact/range YES buckets,,6,,C,2026-06-29,high,
9.599610083910193e-05,9.599610083910193e-05,9.599610083910193e-05,-16.044800000000002,Shenzhen|2026-06-29|high|C,2,29°C|30°C,Shenzhen,-16.04489599610084,-16.04489599610084,True,counterfactual assumes all target shares could be filled at observed weighted average prices,30°C,-16.04489599610084,counterfactual ignores that original fills occurred at different times and market states,,-16.04489599610084,,16.04489599610084,C,2026-06-29,high,
,,,,Tokyo|2026-06-29|high|C,2,,Tokyo,,,False,,,,,requires at least two settled adjacent non-overlapping exact/range YES buckets,,2,,C,2026-06-29,high,
0.00010000430999923537,0.00010000430999923537,0.00010000430999923537,-36.8769,Beijing|2026-06-30|high|C,2,25°C|26°C,Beijing,-36.87700000431,-36.87700000431,True,counterfactual assumes all target shares could be filled at observed weighted average prices,26°C,-36.87700000431,counterfactual ignores that original fills occurred at different times and market states,,-36.87700000431,,36.87700000431,C,2026-06-30,high,
0.0012860019970020176,0.0012860019970020176,0.0012860019970020176,-27.136899999999997,Buenos Aires|2026-06-30|high|C,2,16°C|17°C,Buenos Aires,-27.138186001997,-27.138186001997,True,counterfactual assumes all target shares could be filled at observed weighted average prices,16°C,-27.138186001997,counterfactual ignores that original fills occurred at different times and market states,,-27.138186001997,,27.138186001997,C,2026-06-30,high,
0.0002900099599969508,0.0002900099599969508,0.0002900099599969508,-37.6501,Mexico City|2026-06-30|high|C,3,19°C|20°C|21°C,Mexico City,-37.65039000996,-37.65039000996,True,counterfactual assumes all target shares could be filled at observed weighted average prices,21°C,-37.65039000996,counterfactual ignores that original fills occurred at different times and market states,,-37.65039000996,,37.65039000996,C,2026-06-30,high,
39.74420000100801,-37.51179999755199,0.00019999956801086682,93.8234,New York City|2026-06-30|high|F,2,between 90-91°F|between 92-93°F,New York City,54.079199998991996,101.96608215972135,True,counterfactual assumes all target shares could be filled at observed weighted average prices,between 90-91°F,131.335199997552,counterfactual ignores that original fills occurred at different times and market states,,93.823200000432,,23.176799999568,F,2026-06-30,high,between 90-91°F
9.490039132444522,-36.020292729712956,0.00037099460200096246,44.494435,New York City|2026-06-30|low|F,2,between 74-75°F|between 76-77°F,New York City,35.00439586755548,67.19955934101684,True,counterfactual assumes all target shares could be filled at observed weighted average prices,between 74-75°F,80.51472772971296,counterfactual ignores that original fills occurred at different times and market states,,44.494064005398,,10.505935994602,F,2026-06-30,low,between 74-75°F
230.8362311863038,-403.99468782203724,0.0024149879719743694,203.70840499999997,Qingdao|2026-06-30|high|C,6,24°C|25°C|26°C|27°C|28°C|29°C,Qingdao,-27.127826186303807,152.69407602391766,True,counterfactual assumes all target shares could be filled at observed weighted average prices,26°C,607.7030928220372,counterfactual ignores that original fills occurred at different times and market states,,203.705990012028,,154.09400998797202,C,2026-06-30,high,26°C
0.0005820002271121894,0.0005820002271121894,0.0005820002271121894,-30.7836,Sao Paulo|2026-06-30|high|C,2,28°C|29°C,Sao Paulo,-30.784182000227112,-30.784182000227112,True,counterfactual assumes all target shares could be filled at observed weighted average prices,28°C,-30.784182000227112,counterfactual ignores that original fills occurred at different times and market states,,-30.784182000227112,,30.784182000227112,C,2026-06-30,high,
,,,,Busan|2026-07-01|high|C,2,,Busan,,,False,,,,,requires at least two settled adjacent non-overlapping exact/range YES buckets,,2,,C,2026-07-01,high,
34.996708997905,34.996708997905,34.996708997905,-4.503839,Munich|2026-07-01|high|C,2,19°C|20°C,Munich,-39.500547997905,-39.500547997905,True,counterfactual assumes all target shares could be filled at observed weighted average prices,20°C,-39.500547997905,counterfactual ignores that original fills occurred at different times and market states,,-39.500547997905,,39.500547997905,C,2026-07-01,high,
0.00031000113699874987,0.00031000113699874987,0.00031000113699874987,-16.1032,Sao Paulo|2026-07-01|high|C,2,29°C|30°C,Sao Paulo,-16.103510001137,-16.103510001137,True,counterfactual assumes all target shares could be filled at observed weighted average prices,29°C,-16.103510001137,counterfactual ignores that original fills occurred at different times and market states,,-16.103510001137,,16.103510001137,C,2026-07-01,high,
-31.505458668377386,-222.59204201393015,-100.962166995601,-4.753337,Seoul|2026-07-01|high|C,3,30°C|31°C|32°C,Seoul,26.752121668377384,88.39578961785149,True,counterfactual assumes all target shares could be filled at observed weighted average prices,30°C,217.83870501393017,counterfactual ignores that original fills occurred at different times and market states,,96.208829995601,,68.791170004399,C,2026-07-01,high,30°C
19.635925194831728,145.42644099459866,25.21644099459867,74.40455700000001,London|2026-07-02|high|C,3,23°C|24°C|25°C,London,54.76863180516828,192.4371469820688,True,counterfactual assumes all target shares could be filled at observed weighted average prices,24°C,-71.02188399459865,counterfactual ignores that original fills occurred at different times and market states,,49.18811600540134,,71.02188399459865,C,2026-07-02,high,25°C
0.0026819998140013013,0.0026819998140013013,0.0026819998140013013,-68.1632,Moscow|2026-07-02|high|C,3,31°C|32°C|33°C,Moscow,-68.165881999814,-68.165881999814,True,counterfactual assumes all target shares could be filled at observed weighted average prices,31°C,-68.165881999814,counterfactual ignores that original fills occurred at different times and market states,,-68.165881999814,,68.165881999814,C,2026-07-02,high,
-40.45744956000027,5.002006005217691,0.0020060052176908982,-19.546100000000003,New York City|2026-07-02|high|F,3,between 102-103°F|between 104-105°F|between 106-107°F,New York City,20.911349560000264,79.59452320498713,True,counterfactual assumes all target shares could be filled at observed weighted average prices,between 104-105°F,-24.548106005217694,counterfactual ignores that original fills occurred at different times and market states,,-19.548106005217694,,24.548106005217694,F,2026-07-02,high,between 102-103°F
0.0008100156109946965,0.0008100156109946965,0.0008100156109946965,-46.555,Qingdao|2026-07-02|high|C,5,25°C|26°C|27°C|28°C|29°C,Qingdao,-46.555810015610994,-46.555810015610994,True,counterfactual assumes all target shares could be filled at observed weighted average prices,29°C,-46.555810015610994,counterfactual ignores that original fills occurred at different times and market states,,-46.555810015610994,,46.555810015610994,C,2026-07-02,high,
0.003081999304001215,0.003081999304001215,0.003081999304001215,-30.5905,Sao Paulo|2026-07-02|high|C,3,27°C|28°C|29°C,Sao Paulo,-30.593581999304,-30.593581999304,True,counterfactual assumes all target shares could be filled at observed weighted average prices,28°C,-30.593581999304,counterfactual ignores that original fills occurred at different times and market states,,-30.593581999304,,30.593581999304,C,2026-07-02,high,
0.0004000138739996828,0.0004000138739996828,0.0004000138739996828,-35.2278,Tokyo|2026-07-02|high|C,2,22°C|23°C,Tokyo,-35.228200013874,-35.228200013874,True,counterfactual assumes all target shares could be filled at observed weighted average prices,22°C,-35.228200013874,counterfactual ignores that original fills occurred at different times and market states,,-35.228200013874,,35.228200013874,C,2026-07-02,high,
0.0001000023000017336,0.0001000023000017336,0.0001000023000017336,-23.6419,Warsaw|2026-07-02|high|C,2,25°C|26°C,Warsaw,-23.6420000023,-23.6420000023,True,counterfactual assumes all target shares could be filled at observed weighted average prices,26°C,-23.6420000023,counterfactual ignores that original fills occurred at different times and market states,,-23.6420000023,,23.6420000023,C,2026-07-02,high,
,,,,Buenos Aires|2026-07-03|high|C,4,,Buenos Aires,,,False,,,,,requires at least two settled adjacent non-overlapping exact/range YES buckets,,4,,C,2026-07-03,high,
,,,,Cape Town|2026-07-03|high|C,2,,Cape Town,,,False,,,,,requires at least two settled adjacent non-overlapping exact/range YES buckets,,2,,C,2026-07-03,high,
-15.582942606772406,-146.48340421766054,-44.872480995884274,38.14565400000001,London|2026-07-03|high|C,2,27°C|28°C,London,53.72859660677241,153.24146203696682,True,counterfactual assumes all target shares could be filled at observed weighted average prices,27°C,184.62905821766054,counterfactual ignores that original fills occurred at different times and market states,,83.01813499588428,,77.17186500411572,C,2026-07-03,high,27°C
39.34225158387388,-25.692277841004227,-1.073218991247984,88.494541,Sao Paulo|2026-07-03|high|C,2,27°C|28°C,Sao Paulo,49.152289416126116,102.93804516924168,True,counterfactual assumes all target shares could be filled at observed weighted average prices,27°C,114.18681884100423,counterfactual ignores that original fills occurred at different times and market states,,89.56775999124798,,15.882240008752001,C,2026-07-03,high,27°C
8.410988977939997,8.410988977939997,8.410988977939997,-20.3128,Shenzhen|2026-07-03|high|C,3,27°C|28°C|29°C,Shenzhen,-28.723788977939996,-28.723788977939996,True,counterfactual assumes all target shares could be filled at observed weighted average prices,28°C,-28.723788977939996,counterfactual ignores that original fills occurred at different times and market states,,-28.723788977939996,,28.723788977939996,C,2026-07-03,high,
,,,,Beijing|2026-07-04|high|C,3,,Beijing,,,False,,,,,requires at least two settled adjacent non-overlapping exact/range YES buckets,,3,,C,2026-07-04,high,
63.17196301643403,63.17196301643403,63.17196301643403,-61.821000000000005,Busan|2026-07-04|high|C,3,23°C|24°C|25°C,Busan,-124.99296301643403,-124.99296301643403,True,counterfactual assumes all target shares could be filled at observed weighted average prices,25°C,-124.99296301643403,counterfactual ignores that original fills occurred at different times and market states,,-124.99296301643403,,124.99296301643403,C,2026-07-04,high,
,,,,London|2026-07-04|high|C,7,,London,,,False,,,,,requires at least two settled adjacent non-overlapping exact/range YES buckets,,7,,C,2026-07-04,high,
,,,,New York City|2026-07-04|high|F,3,,New York City,,,False,,,,,requires at least two settled adjacent non-overlapping exact/range YES buckets,,3,,F,2026-07-04,high,
0.00046700533999910476,0.00046700533999910476,0.00046700533999910476,-52.6019,Qingdao|2026-07-04|high|C,2,28°C|29°C,Qingdao,-52.60236700534,-52.60236700534,True,counterfactual assumes all target shares could be filled at observed weighted average prices,29°C,-52.60236700534,counterfactual ignores that original fills occurred at different times and market states,,-52.60236700534,,52.60236700534,C,2026-07-04,high,
93.11442291958782,-286.0122011636154,-21.488952997208948,-1.782953,Seoul|2026-07-04|low|C,2,22°C|23°C,Seoul,-94.89737591958783,-23.99143717734529,True,counterfactual assumes all target shares could be filled at observed weighted average prices,23°C,284.22924816361535,counterfactual ignores that original fills occurred at different times and market states,,19.70599999720895,,474.024000002791,C,2026-07-04,low,23°C
-359.7337982229526,466.513405998554,-194.51659400144604,357.03932,Warsaw|2026-07-04|high|C,2,20°C|21°C,Warsaw,716.7731182229526,329.9936607239544,True,counterfactual assumes all target shares could be filled at observed weighted average prices,21°C,-109.474085998554,counterfactual ignores that original fills occurred at different times and market states,,551.555914001446,,109.474085998554,C,2026-07-04,high,20°C
17.836563122986263,-164.27073063667524,0.0002100028170133328,94.394543,Austin|2026-07-05|high|F,3,between 94-95°F|between 96-97°F|between 98-99°F,Austin,76.55797987701374,86.82558797029773,True,counterfactual assumes all target shares could be filled at observed weighted average prices,between 94-95°F,258.66527363667524,counterfactual ignores that original fills occurred at different times and market states,,94.39433299718299,,14.49566700281701,F,2026-07-05,high,between 94-95°F
24.441398003356003,24.441398003356003,24.441398003356003,-21.948710000000002,Buenos Aires|2026-07-05|high|C,3,10°C|11°C|12°C,Buenos Aires,-46.390108003356005,-46.390108003356005,True,counterfactual assumes all target shares could be filled at observed weighted average prices,10°C,-46.390108003356005,counterfactual ignores that original fills occurred at different times and market states,,-46.390108003356005,,46.390108003356005,C,2026-07-05,high,
36.020697000051,36.020697000051,36.020697000051,1.0713570000000001,Dallas|2026-07-05|high|F,2,between 92-93°F|between 94-95°F,Dallas,-34.949340000051,-34.949340000051,True,counterfactual assumes all target shares could be filled at observed weighted average prices,between 94-95°F,-34.949340000051,counterfactual ignores that original fills occurred at different times and market states,,-34.949340000051,,34.949340000051,F,2026-07-05,high,
11.077402999488385,11.077402999488385,11.077402999488385,-13.0256,London|2026-07-05|high|C,2,26°C|27°C,London,-24.103002999488385,-24.103002999488385,True,counterfactual assumes all target shares could be filled at observed weighted average prices,27°C,-24.103002999488385,counterfactual ignores that original fills occurred at different times and market states,,-24.103002999488385,,24.103002999488385,C,2026-07-05,high,
8.099999999799934e-05,8.099999999799934e-05,8.099999999799934e-05,-26.9997,Moscow|2026-07-05|high|C,2,20°C|21°C,Moscow,-26.999781,-26.999781,True,counterfactual assumes all target shares could be filled at observed weighted average prices,21°C,-26.999781,counterfactual ignores that original fills occurred at different times and market states,,-26.999781,,26.999781,C,2026-07-05,high,
,,,,Munich|2026-07-05|high|C,2,,Munich,,,False,,,,,requires at least two settled adjacent non-overlapping exact/range YES buckets,,2,,C,2026-07-05,high,
23.374439731098605,191.13895499612698,0.0014319961270103931,122.120227,New York City|2026-07-05|high|F,5,between 76-77°F|between 78-79°F|between 80-81°F|between 82-83°F|between 84-85°F,New York City,98.7457872689014,145.88214300824575,True,counterfactual assumes all target shares could be filled at observed weighted average prices,between 76-77°F,-69.018727996127,counterfactual ignores that original fills occurred at different times and market states,,122.11879500387299,,69.018727996127,F,2026-07-05,high,between 78-79°F
0.00181004524299766,0.00181004524299766,0.00181004524299766,-24.7992,New York City|2026-07-05|low|F,4,between 62-63°F|between 64-65°F|between 66-67°F|between 68-69°F,New York City,-24.801010045242997,-24.801010045242997,True,counterfactual assumes all target shares could be filled at observed weighted average prices,between 68-69°F,-24.801010045242997,counterfactual ignores that original fills occurred at different times and market states,,-24.801010045242997,,24.801010045242997,F,2026-07-05,low,
15.905439995732037,15.905439995732037,15.905439995732037,-2.694683,Paris|2026-07-05|high|C,2,27°C|28°C,Paris,-18.600122995732036,-18.600122995732036,True,counterfactual assumes all target shares could be filled at observed weighted average prices,28°C,-18.600122995732036,counterfactual ignores that original fills occurred at different times and market states,,-18.600122995732036,,18.600122995732036,C,2026-07-05,high,
0.001244001511793158,0.001244001511793158,0.001244001511793158,-29.556600000000003,Sao Paulo|2026-07-05|high|C,2,17°C|18°C,Sao Paulo,-29.557844001511796,-29.557844001511796,True,counterfactual assumes all target shares could be filled at observed weighted average prices,18°C,-29.557844001511796,counterfactual ignores that original fills occurred at different times and market states,,-29.557844001511796,,29.557844001511796,C,2026-07-05,high,
,,,,Seoul|2026-07-05|high|C,3,,Seoul,,,False,,,,,requires at least two settled adjacent non-overlapping exact/range YES buckets,,3,,C,2026-07-05,high,
9.999550000117097e-05,9.999550000117097e-05,9.999550000117097e-05,-25.459899999999998,Tokyo|2026-07-05|high|C,2,24°C|25°C,Tokyo,-25.4599999955,-25.4599999955,True,counterfactual assumes all target shares could be filled at observed weighted average prices,25°C,-25.4599999955,counterfactual ignores that original fills occurred at different times and market states,,-25.4599999955,,25.4599999955,C,2026-07-05,high,
56.5636499908308,56.5636499908308,56.5636499908308,-3.8094,Warsaw|2026-07-05|high|C,2,18°C|19°C,Warsaw,-60.3730499908308,-60.3730499908308,True,counterfactual assumes all target shares could be filled at observed weighted average prices,19°C,-60.3730499908308,counterfactual ignores that original fills occurred at different times and market states,,-60.3730499908308,,60.3730499908308,C,2026-07-05,high,
0.00010000000000331966,0.00010000000000331966,0.00010000000000331966,-51.0881,Wuhan|2026-07-05|high|C,2,28°C|29°C,Wuhan,-51.0882,-51.0882,True,counterfactual assumes all target shares could be filled at observed weighted average prices,29°C,-51.0882,counterfactual ignores that original fills occurred at different times and market states,,-51.0882,,51.0882,C,2026-07-05,high,
0.0003399964280035306,0.0003399964280035306,0.0003399964280035306,-16.5706,Hong Kong|2026-07-06|high|C,2,29°C|30°C,Hong Kong,-16.570939996428002,-16.570939996428002,True,counterfactual assumes all target shares could be filled at observed weighted average prices,30°C,-16.570939996428002,counterfactual ignores that original fills occurred at different times and market states,,-16.570939996428002,,16.570939996428002,C,2026-07-06,high,
24.585361005349004,24.585361005349004,24.585361005349004,-10.072121,London|2026-07-06|high|C,2,33°C|34°C,London,-34.657482005349,-34.657482005349,True,counterfactual assumes all target shares could be filled at observed weighted average prices,33°C,-34.657482005349,counterfactual ignores that original fills occurred at different times and market states,,-34.657482005349,,34.657482005349,C,2026-07-06,high,
62.50278381432298,-111.98760275746808,-10.543753995079982,104.804807,New York City|2026-07-06|high|F,4,between 64-65°F|between 66-67°F|between 68-69°F|between 70-71°F,New York City,42.302023185677015,155.19478655742284,True,counterfactual assumes all target shares could be filled at observed weighted average prices,between 70-71°F,216.79240975746808,counterfactual ignores that original fills occurred at different times and market states,,115.34856099507998,,15.861439004920001,F,2026-07-06,high,between 70-71°F
0.0004080034653082265,0.0004080034653082265,0.0004080034653082265,-11.677900000000001,New York City|2026-07-06|low|F,3,between 60-61°F|between 62-63°F|between 64-65°F,New York City,-11.67830800346531,-11.67830800346531,True,counterfactual assumes all target shares could be filled at observed weighted average prices,between 64-65°F,-11.67830800346531,counterfactual ignores that original fills occurred at different times and market states,,-11.67830800346531,,11.67830800346531,F,2026-07-06,low,
15.710850991881998,15.710850991881998,15.710850991881998,-7.601109000000001,Sao Paulo|2026-07-06|high|C,4,19°C|20°C|21°C|22°C,Sao Paulo,-23.311959991882,-23.311959991882,True,counterfactual assumes all target shares could be filled at observed weighted average prices,22°C,-23.311959991882,counterfactual ignores that original fills occurred at different times and market states,,-23.311959991882,,23.311959991882,C,2026-07-06,high,
54.35952000479699,54.35952000479699,54.35952000479699,-26.127300000000005,Seoul|2026-07-06|high|C,3,24°C|25°C|26°C,Seoul,-80.486820004797,-80.486820004797,True,counterfactual assumes all target shares could be filled at observed weighted average prices,26°C,-80.486820004797,counterfactual ignores that original fills occurred at different times and market states,,-80.486820004797,,80.486820004797,C,2026-07-06,high,
0.0003699916519970259,0.0003699916519970259,0.0003699916519970259,-22.0651,Wellington|2026-07-06|high|C,2,11°C|12°C,Wellington,-22.065469991651998,-22.065469991651998,True,counterfactual assumes all target shares could be filled at observed weighted average prices,12°C,-22.065469991651998,counterfactual ignores that original fills occurred at different times and market states,,-22.065469991651998,,22.065469991651998,C,2026-07-06,high,
66.70964247738695,-28.45867803993744,0.0009109947113472572,134.482935,Buenos Aires|2026-07-07|high|C,2,18°C|19°C,Buenos Aires,67.77329252261305,137.53395345387122,True,counterfactual assumes all target shares could be filled at observed weighted average prices,18°C,162.94161303993744,counterfactual ignores that original fills occurred at different times and market states,,134.48202400528865,,27.395027994711334,C,2026-07-07,high,18°C
-250.5808874219431,761.7300709888268,-3.879929011173317,657.348291,Hong Kong|2026-07-07|high|C,3,28°C|29°C|30°C,Hong Kong,907.9291784219431,703.3788448465016,True,counterfactual assumes all target shares could be filled at observed weighted average prices,29°C,-104.38177998882674,counterfactual ignores that original fills occurred at different times and market states,,661.2282200111733,,104.38177998882674,C,2026-07-07,high,28°C
0.0018429951029794722,0.0018429951029794722,0.0018429951029794722,-21.2995,London|2026-07-07|high|C,2,28°C|29°C,London,-21.301342995102978,-21.301342995102978,True,counterfactual assumes all target shares could be filled at observed weighted average prices,29°C,-21.301342995102978,counterfactual ignores that original fills occurred at different times and market states,,-21.301342995102978,,21.301342995102978,C,2026-07-07,high,
9.895178084799511,-130.20973383040098,9.000000000014552e-05,91.25085,Qingdao|2026-07-07|high|C,2,23°C|24°C,Qingdao,81.35567191520049,66.33920666031884,True,counterfactual assumes all target shares could be filled at observed weighted average prices,23°C,221.460583830401,counterfactual ignores that original fills occurred at different times and market states,,91.25076,,58.74924,C,2026-07-07,high,23°C
21.82232001204,21.82232001204,21.82232001204,-3.2761,Seoul|2026-07-07|high|C,2,25°C|26°C,Seoul,-25.09842001204,-25.09842001204,True,counterfactual assumes all target shares could be filled at observed weighted average prices,26°C,-25.09842001204,counterfactual ignores that original fills occurred at different times and market states,,-25.09842001204,,25.09842001204,C,2026-07-07,high,
,,,,Seoul|2026-07-07|low|C,2,,Seoul,,,False,,,,,requires at least two settled adjacent non-overlapping exact/range YES buckets,,2,,C,2026-07-07,low,
0.0014430027682550417,0.0014430027682550417,0.0014430027682550417,-56.4657,Shanghai|2026-07-07|high|C,3,36°C|37°C|38°C,Shanghai,-56.46714300276825,-56.46714300276825,True,counterfactual assumes all target shares could be filled at observed weighted average prices,37°C,-56.46714300276825,counterfactual ignores that original fills occurred at different times and market states,,-56.46714300276825,,56.46714300276825,C,2026-07-07,high,
164.40378718857116,-527.0671161524913,-14.038486976163227,175.19651800000003,Shenzhen|2026-07-07|high|C,5,25°C|26°C|27°C|28°C|29°C,Shenzhen,10.792730811428868,370.3229709955417,True,counterfactual assumes all target shares could be filled at observed weighted average prices,28°C,702.2636341524912,counterfactual ignores that original fills occurred at different times and market states,,189.23500497616325,,162.07499502383675,C,2026-07-07,high,28°C
83.20278008220177,-90.90139376518471,36.21486700589501,40.995377,Buenos Aires|2026-07-08|high|C,3,18°C|19°C|20°C,Buenos Aires,-42.20740308220178,48.83582104095177,True,counterfactual assumes all target shares could be filled at observed weighted average prices,18°C,131.8967707651847,counterfactual ignores that original fills occurred at different times and market states,,4.780509994104989,,129.259490005895,C,2026-07-08,high,18°C
0.001080043905000494,0.001080043905000494,0.001080043905000494,-12.373,Istanbul|2026-07-08|high|C,2,31°C|32°C,Istanbul,-12.374080043905,-12.374080043905,True,counterfactual assumes all target shares could be filled at observed weighted average prices,31°C,-12.374080043905,counterfactual ignores that original fills occurred at different times and market states,,-12.374080043905,,12.374080043905,C,2026-07-08,high,
200.0558015513875,-164.86182532489238,0.004614989527453872,276.603005,Shanghai|2026-07-08|high|C,3,36°C|37°C|38°C,Shanghai,76.54720344861249,294.2569979455162,True,counterfactual assumes all target shares could be filled at observed weighted average prices,36°C,441.4648303248924,counterfactual ignores that original fills occurred at different times and market states,,276.59839001047254,,105.91160998952745,C,2026-07-08,high,36°C
0.0011810004999972534,0.0011810004999972534,0.0011810004999972534,-46.5302,Warsaw|2026-07-08|high|C,2,18°C|19°C,Warsaw,-46.5313810005,-46.5313810005,True,counterfactual assumes all target shares could be filled at observed weighted average prices,19°C,-46.5313810005,counterfactual ignores that original fills occurred at different times and market states,,-46.5313810005,,46.5313810005,C,2026-07-08,high,
,,,,New York City|2026-07-09|high|F,2,,New York City,,,False,,,,,requires at least two settled adjacent non-overlapping exact/range YES buckets,,2,,F,2026-07-09,high,
-39.5030599780132,603.865465995489,-6.11285400451095,512.931965,Qingdao|2026-07-09|high|C,5,26°C|27°C|28°C|29°C|30°C,Qingdao,552.4350249780132,672.2985268885859,True,counterfactual assumes all target shares could be filled at observed weighted average prices,30°C,-90.933500995489,counterfactual ignores that original fills occurred at different times and market states,,519.0448190045109,,90.933500995489,C,2026-07-09,high,28°C
-54.66595468923369,31.562627982591003,21.102627982590995,-48.104009,Sao Paulo|2026-07-09|high|C,5,18°C|19°C|20°C|21°C|22°C,Sao Paulo,6.561945689233696,147.3200470765134,True,counterfactual assumes all target shares could be filled at observed weighted average prices,21°C,-79.666636982591,counterfactual ignores that original fills occurred at different times and market states,,-69.206636982591,,79.666636982591,C,2026-07-09,high,22°C
-142.4773897921797,233.68073299456,0.0007329945599963139,143.651243,Shanghai|2026-07-09|high|C,3,29°C|30°C|31°C,Shanghai,286.1286327921797,137.50629807792438,True,counterfactual assumes all target shares could be filled at observed weighted average prices,31°C,-90.02948999456001,counterfactual ignores that original fills occurred at different times and market states,,143.65051000544,,90.02948999456001,C,2026-07-09,high,29°C
9.999999999621423e-05,9.999999999621423e-05,9.999999999621423e-05,-39.9919,Beijing|2026-07-10|high|C,2,28°C|29°C,Beijing,-39.992,-39.992,True,counterfactual assumes all target shares could be filled at observed weighted average prices,28°C,-39.992,counterfactual ignores that original fills occurred at different times and market states,,-39.992,,39.992,C,2026-07-10,high,
,,,,London|2026-07-10|high|C,2,,London,,,False,,,,,requires at least two settled adjacent non-overlapping exact/range YES buckets,,2,,C,2026-07-10,high,
0.004514991038661265,0.004514991038661265,0.004514991038661265,-80.7999,Moscow|2026-07-10|high|C,4,23°C|24°C|25°C|26°C,Moscow,-80.80441499103866,-80.80441499103866,True,counterfactual assumes all target shares could be filled at observed weighted average prices,25°C,-80.80441499103866,counterfactual ignores that original fills occurred at different times and market states,,-80.80441499103866,,80.80441499103866,C,2026-07-10,high,
0.0001599987360023647,0.0001599987360023647,0.0001599987360023647,-61.8274,Qingdao|2026-07-10|high|C,2,28°C|29°C,Qingdao,-61.827559998736,-61.827559998736,True,counterfactual assumes all target shares could be filled at observed weighted average prices,29°C,-61.827559998736,counterfactual ignores that original fills occurred at different times and market states,,-61.827559998736,,61.827559998736,C,2026-07-10,high,
0.001982029514593364,0.001982029514593364,0.001982029514593364,-29.239200000000004,Sao Paulo|2026-07-10|high|C,3,27°C|28°C|29°C,Sao Paulo,-29.241182029514597,-29.241182029514597,True,counterfactual assumes all target shares could be filled at observed weighted average prices,27°C,-29.241182029514597,counterfactual ignores that original fills occurred at different times and market states,,-29.241182029514597,,29.241182029514597,C,2026-07-10,high,
0.0009699880290057195,0.0009699880290057195,0.0009699880290057195,-53.1393,Tokyo|2026-07-10|high|C,3,32°C|33°C|34°C,Tokyo,-53.140269988029004,-53.140269988029004,True,counterfactual assumes all target shares could be filled at observed weighted average prices,32°C,-53.140269988029004,counterfactual ignores that original fills occurred at different times and market states,,-53.140269988029004,,53.140269988029004,C,2026-07-10,high,
0.0013200223200016126,0.0013200223200016126,0.0013200223200016126,-18.8768,Beijing|2026-07-11|high|C,2,30°C|31°C,Beijing,-18.87812002232,-18.87812002232,True,counterfactual assumes all target shares could be filled at observed weighted average prices,31°C,-18.87812002232,counterfactual ignores that original fills occurred at different times and market states,,-18.87812002232,,18.87812002232,C,2026-07-11,high,
0.00028399818814683897,0.00028399818814683897,0.00028399818814683897,-13.021700000000001,Helsinki|2026-07-11|high|C,3,25°C|26°C|27°C,Helsinki,-13.021983998188148,-13.021983998188148,True,counterfactual assumes all target shares could be filled at observed weighted average prices,26°C,-13.021983998188148,counterfactual ignores that original fills occurred at different times and market states,,-13.021983998188148,,13.021983998188148,C,2026-07-11,high,
0.00017000009599854593,0.00017000009599854593,0.00017000009599854593,-21.5058,Moscow|2026-07-11|high|C,2,26°C|27°C,Moscow,-21.505970000096,-21.505970000096,True,counterfactual assumes all target shares could be filled at observed weighted average prices,26°C,-21.505970000096,counterfactual ignores that original fills occurred at different times and market states,,-21.505970000096,,21.505970000096,C,2026-07-11,high,
,,,,Seoul|2026-07-11|high|C,2,,Seoul,,,False,,,,,requires at least two settled adjacent non-overlapping exact/range YES buckets,,2,,C,2026-07-11,high,
9.304960991116005,9.304960991116005,9.304960991116005,-23.1815,Shanghai|2026-07-11|high|C,2,28°C|29°C,Shanghai,-32.486460991116004,-32.486460991116004,True,counterfactual assumes all target shares could be filled at observed weighted average prices,29°C,-32.486460991116004,counterfactual ignores that original fills occurred at different times and market states,,-32.486460991116004,,32.486460991116004,C,2026-07-11,high,
0.003744008087153361,0.003744008087153361,0.003744008087153361,-66.8995,London|2026-07-12|high|C,3,25°C|26°C|27°C,London,-66.90324400808716,-66.90324400808716,True,counterfactual assumes all target shares could be filled at observed weighted average prices,27°C,-66.90324400808716,counterfactual ignores that original fills occurred at different times and market states,,-66.90324400808716,,66.90324400808716,C,2026-07-12,high,
0.0017400485710012958,0.0017400485710012958,0.0017400485710012958,-19.566699999999997,Los Angeles|2026-07-12|high|F,3,between 80-81°F|between 82-83°F|between 84-85°F,Los Angeles,-19.568440048571,-19.568440048571,True,counterfactual assumes all target shares could be filled at observed weighted average prices,between 82-83°F,-19.568440048571,counterfactual ignores that original fills occurred at different times and market states,,-19.568440048571,,19.568440048571,F,2026-07-12,high,
0.000180008729999237,0.000180008729999237,0.000180008729999237,-7.274500000000001,Mexico City|2026-07-12|high|C,2,26°C|27°C,Mexico City,-7.27468000873,-7.27468000873,True,counterfactual assumes all target shares could be filled at observed weighted average prices,27°C,-7.27468000873,counterfactual ignores that original fills occurred at different times and market states,,-7.27468000873,,7.27468000873,C,2026-07-12,high,
,,,,Moscow|2026-07-12|high|C,2,,Moscow,,,False,,,,,requires at least two settled adjacent non-overlapping exact/range YES buckets,,2,,C,2026-07-12,high,
0.0004850043452755415,0.0004850043452755415,0.0004850043452755415,-29.4575,New York City|2026-07-12|high|F,2,between 86-87°F|between 88-89°F,New York City,-29.457985004345275,-29.457985004345275,True,counterfactual assumes all target shares could be filled at observed weighted average prices,between 86-87°F,-29.457985004345275,counterfactual ignores that original fills occurred at different times and market states,,-29.457985004345275,,29.457985004345275,F,2026-07-12,high,
76.37142196140039,76.37142196140039,76.37142196140039,-228.4215,Shanghai|2026-07-12|high|C,3,27°C|28°C|29°C,Shanghai,-304.7929219614004,-304.7929219614004,True,counterfactual assumes all target shares could be filled at observed weighted average prices,28°C,-304.7929219614004,counterfactual ignores that original fills occurred at different times and market states,,-304.7929219614004,,304.7929219614004,C,2026-07-12,high,
14.555801183672532,-61.0394424635264,-20.606576992728012,20.645943,Warsaw|2026-07-12|high|C,3,19°C|20°C|21°C,Warsaw,6.090141816327467,65.92884889986931,True,counterfactual assumes all target shares could be filled at observed weighted average prices,19°C,81.6853854635264,counterfactual ignores that original fills occurred at different times and market states,,41.25251999272801,,31.707480007271997,C,2026-07-12,high,19°C
-1201.6436704622251,791.3245520126328,-0.7981619873671661,652.115167,Buenos Aires|2026-07-13|high|C,8,9°C|10°C|11°C|12°C|13°C|14°C|15°C|16°C,Buenos Aires,1853.7588374622253,386.04034969824954,True,counterfactual assumes all target shares could be filled at observed weighted average prices,11°C,-139.20938501263277,counterfactual ignores that original fills occurred at different times and market states,,652.9133289873672,,139.20938501263277,C,2026-07-13,high,9°C
,,,,Busan|2026-07-13|high|C,2,,Busan,,,False,,,,,requires at least two settled adjacent non-overlapping exact/range YES buckets,,2,,C,2026-07-13,high,
26.050336020515452,-83.13458194285244,0.00020000219939220187,42.973997999999995,London|2026-07-13|high|C,3,25°C|26°C|27°C,London,16.923661979484542,58.856078667483715,True,counterfactual assumes all target shares could be filled at observed weighted average prices,26°C,126.10857994285243,counterfactual ignores that original fills occurred at different times and market states,,42.9737979978006,,37.6687970021994,C,2026-07-13,high,26°C
-370.5897842331427,-1129.9667824602443,-413.83278600604103,352.928634,Tokyo|2026-07-13|high|C,2,28°C|29°C,Tokyo,723.5184182331427,250.47148496287855,True,counterfactual assumes all target shares could be filled at observed weighted average prices,28°C,1482.8954164602444,counterfactual ignores that original fills occurred at different times and market states,,766.761420006041,,35.858579993959,C,2026-07-13,high,28°C
,,,,Warsaw|2026-07-13|high|C,6,,Warsaw,,,False,,,,,requires at least two settled adjacent non-overlapping exact/range YES buckets,,6,,C,2026-07-13,high,
0.002195008113496044,0.002195008113496044,0.002195008113496044,-41.808,Buenos Aires|2026-07-14|high|C,3,17°C|18°C|19°C,Buenos Aires,-41.810195008113496,-41.810195008113496,True,counterfactual assumes all target shares could be filled at observed weighted average prices,17°C,-41.810195008113496,counterfactual ignores that original fills occurred at different times and market states,,-41.810195008113496,,41.810195008113496,C,2026-07-14,high,
,,,,Helsinki|2026-07-14|high|C,2,,Helsinki,,,False,,,,,requires at least two settled adjacent non-overlapping exact/range YES buckets,,2,,C,2026-07-14,high,
33.49563877820049,184.400798007513,0.0007980075129978559,132.101358,Hong Kong|2026-07-14|high|C,3,28°C|29°C|30°C,Hong Kong,98.60571922179952,140.4316853973086,True,counterfactual assumes all target shares could be filled at observed weighted average prices,29°C,-52.299440007513,counterfactual ignores that original fills occurred at different times and market states,,132.100559992487,,52.299440007513,C,2026-07-14,high,28°C
,,,,London|2026-07-14|high|C,6,,London,,,False,,,,,requires at least two settled adjacent non-overlapping exact/range YES buckets,,6,,C,2026-07-14,high,
1.6835266618500029,-88.79480668352498,-49.488139992775004,37.87486,Mexico City|2026-07-14|high|C,2,26°C|27°C,Mexico City,36.191333338149995,108.38748829654926,True,counterfactual assumes all target shares could be filled at observed weighted average prices,26°C,126.66966668352498,counterfactual ignores that original fills occurred at different times and market states,,87.362999992775,,54.287000007225,C,2026-07-14,high,26°C
0.0001460000831998709,0.0001460000831998709,0.0001460000831998709,-1.1113,San Francisco|2026-07-14|high|F,3,between 84-85°F|between 86-87°F|between 88-89°F,San Francisco,-1.1114460000831998,-1.1114460000831998,True,counterfactual assumes all target shares could be filled at observed weighted average prices,between 88-89°F,-1.1114460000831998,counterfactual ignores that original fills occurred at different times and market states,,-1.1114460000831998,,1.1114460000831998,F,2026-07-14,high,
0.021141002387537355,0.021141002387537355,0.021141002387537355,-142.2928,Shenzhen|2026-07-14|high|C,3,26°C|27°C|28°C,Shenzhen,-142.31394100238754,-142.31394100238754,True,counterfactual assumes all target shares could be filled at observed weighted average prices,28°C,-142.31394100238754,counterfactual ignores that original fills occurred at different times and market states,,-142.31394100238754,,142.31394100238754,C,2026-07-14,high,
19.102430023458002,19.102430023458002,19.102430023458002,-3.85603,Buenos Aires|2026-07-15|high|C,2,20°C|21°C,Buenos Aires,-22.958460023458002,-22.958460023458002,True,counterfactual assumes all target shares could be filled at observed weighted average prices,20°C,-22.958460023458002,counterfactual ignores that original fills occurred at different times and market states,,-22.958460023458002,,22.958460023458002,C,2026-07-15,high,
0.002255994823990193,0.002255994823990193,0.002255994823990193,-23.8402,Mexico City|2026-07-15|high|C,2,27°C|28°C,Mexico City,-23.84245599482399,-23.84245599482399,True,counterfactual assumes all target shares could be filled at observed weighted average prices,27°C,-23.84245599482399,counterfactual ignores that original fills occurred at different times and market states,,-23.84245599482399,,23.84245599482399,C,2026-07-15,high,
0.0005499878629997568,0.0005499878629997568,0.0005499878629997568,-13.9485,Seoul|2026-07-15|high|C,2,25°C|26°C,Seoul,-13.949049987862999,-13.949049987862999,True,counterfactual assumes all target shares could be filled at observed weighted average prices,26°C,-13.949049987862999,counterfactual ignores that original fills occurred at different times and market states,,-13.949049987862999,,13.949049987862999,C,2026-07-15,high,
0.0006000317499994523,0.0006000317499994523,0.0006000317499994523,-6.2035,Seoul|2026-07-15|low|C,2,21°C|22°C,Seoul,-6.2041000317499995,-6.2041000317499995,True,counterfactual assumes all target shares could be filled at observed weighted average prices,21°C,-6.2041000317499995,counterfactual ignores that original fills occurred at different times and market states,,-6.2041000317499995,,6.2041000317499995,C,2026-07-15,low,
0.0001000000000015433,0.0001000000000015433,0.0001000000000015433,-8.8584,Shenzhen|2026-07-15|high|C,2,26°C|27°C,Shenzhen,-8.858500000000001,-8.858500000000001,True,counterfactual assumes all target shares could be filled at observed weighted average prices,27°C,-8.858500000000001,counterfactual ignores that original fills occurred at different times and market states,,-8.858500000000001,,8.858500000000001,C,2026-07-15,high,
55.60247292079282,-59.94581815690182,0.0007639984874572292,128.954621,Buenos Aires|2026-07-16|high|C,2,24°C|25°C,Buenos Aires,73.35214807920718,146.5796451721738,True,counterfactual assumes all target shares could be filled at observed weighted average prices,24°C,188.90043915690183,counterfactual ignores that original fills occurred at different times and market states,,128.95385700151255,,42.19614299848745,C,2026-07-16,high,24°C
8.760179990808076,8.760179990808076,8.760179990808076,-37.129354,Hong Kong|2026-07-16|high|C,3,28°C|29°C|30°C,Hong Kong,-45.889533990808076,-45.889533990808076,True,counterfactual assumes all target shares could be filled at observed weighted average prices,29°C,-45.889533990808076,counterfactual ignores that original fills occurred at different times and market states,,-45.889533990808076,,45.889533990808076,C,2026-07-16,high,
,,,,Lucknow|2026-07-16|high|C,2,,Lucknow,,,False,,,,,requires at least two settled adjacent non-overlapping exact/range YES buckets,,2,,C,2026-07-16,high,
0.0047659940506008525,0.0047659940506008525,0.0047659940506008525,-75.686,New York City|2026-07-16|high|F,3,between 90-91°F|between 92-93°F|between 94-95°F,New York City,-75.69076599405061,-75.69076599405061,True,counterfactual assumes all target shares could be filled at observed weighted average prices,between 90-91°F,-75.69076599405061,counterfactual ignores that original fills occurred at different times and market states,,-75.69076599405061,,75.69076599405061,F,2026-07-16,high,
0.0011860175040183663,0.0011860175040183663,0.0011860175040183663,-34.0292,Sao Paulo|2026-07-16|high|C,2,27°C|28°C,Sao Paulo,-34.03038601750402,-34.03038601750402,True,counterfactual assumes all target shares could be filled at observed weighted average prices,27°C,-34.03038601750402,counterfactual ignores that original fills occurred at different times and market states,,-34.03038601750402,,34.03038601750402,C,2026-07-16,high,
,,,,Seattle|2026-07-16|high|F,4,,Seattle,,,False,,,,,requires at least two settled adjacent non-overlapping exact/range YES buckets,,4,,F,2026-07-16,high,
,,,,Buenos Aires|2026-07-17|high|C,2,,Buenos Aires,,,False,,,,,requires at least two settled adjacent non-overlapping exact/range YES buckets,,2,,C,2026-07-17,high,
83.1637543842692,-42.95765223079658,-11.014839000665006,169.801661,Hong Kong|2026-07-17|high|C,2,30°C|31°C,Hong Kong,86.6379066157308,178.02081472143072,True,counterfactual assumes all target shares could be filled at observed weighted average prices,30°C,212.75931323079658,counterfactual ignores that original fills occurred at different times and market states,,180.816500000665,,39.483499999335,C,2026-07-17,high,30°C
6.000000000128125e-05,6.000000000128125e-05,6.000000000128125e-05,-19.7998,New York City|2026-07-17|high|F,2,between 88-89°F|between 90-91°F,New York City,-19.799860000000002,-19.799860000000002,True,counterfactual assumes all target shares could be filled at observed weighted average prices,between 88-89°F,-19.799860000000002,counterfactual ignores that original fills occurred at different times and market states,,-19.799860000000002,,19.799860000000002,F,2026-07-17,high,
82.66772430580681,-481.340074186738,-8.147116995684215,94.632756,Shenzhen|2026-07-17|high|C,6,27°C|28°C|29°C|30°C|31°C|32°C,Shenzhen,11.965031694193186,196.47834368841262,True,counterfactual assumes all target shares could be filled at observed weighted average prices,29°C,575.972830186738,counterfactual ignores that original fills occurred at different times and market states,,102.77987299568422,,100.83652800431578,C,2026-07-17,high,29°C
,,,,Amsterdam|2026-07-18|high|C,2,,Amsterdam,,,False,,,,,requires at least two settled adjacent non-overlapping exact/range YES buckets,,2,,C,2026-07-18,high,
-138.30801511836034,86.280137000528,0.0001370005279994757,59.630207,Chongqing|2026-07-18|high|C,2,33°C|34°C,Chongqing,197.93822211836036,90.57987573522921,True,counterfactual assumes all target shares could be filled at observed weighted average prices,33°C,-26.649930000528,counterfactual ignores that original fills occurred at different times and market states,,59.630069999472,,26.649930000528,C,2026-07-18,high,34°C
-1170.0877732147796,411.7056359963233,0.0027359963232811424,359.95680500000003,London|2026-07-18|high|C,4,21°C|22°C|23°C|24°C,London,1530.0445782147797,173.4202347001537,True,counterfactual assumes all target shares could be filled at observed weighted average prices,23°C,-51.74883099632323,counterfactual ignores that original fills occurred at different times and market states,,359.95406900367675,,51.74883099632323,C,2026-07-18,high,21°C
0.00042400000000242244,0.00042400000000242244,0.00042400000000242244,-29.2363,Moscow|2026-07-18|high|C,2,25°C|26°C,Moscow,-29.236724000000002,-29.236724000000002,True,counterfactual assumes all target shares could be filled at observed weighted average prices,25°C,-29.236724000000002,counterfactual ignores that original fills occurred at different times and market states,,-29.236724000000002,,29.236724000000002,C,2026-07-18,high,
,,,,New York City|2026-07-18|high|F,2,,New York City,,,False,,,,,requires at least two settled adjacent non-overlapping exact/range YES buckets,,2,,F,2026-07-18,high,
37.461342858861,-30.077514278268993,0.00019999599099662646,57.723,Wellington|2026-07-18|high|C,2,15°C|16°C,Wellington,20.261657141138997,63.48787908721289,True,counterfactual assumes all target shares could be filled at observed weighted average prices,15°C,87.80051427826899,counterfactual ignores that original fills occurred at different times and market states,,57.722800004009,,47.277199995991,C,2026-07-18,high,15°C
24.197032432928367,-203.6436127138836,-5.754544993665647,76.107327,London|2026-07-19|high|C,3,20°C|21°C|22°C,London,51.91029456707163,108.4761156294801,True,counterfactual assumes all target shares could be filled at observed weighted average prices,21°C,279.7509397138836,counterfactual ignores that original fills occurred at different times and market states,,81.86187199366564,,62.01002800633434,C,2026-07-19,high,21°C
35.897218,35.897218,35.897218,20.183718,New York City|2026-07-19|high|F,2,between 76-77°F|between 78-79°F,New York City,-15.713500000000002,-15.713500000000002,True,counterfactual assumes all target shares could be filled at observed weighted average prices,between 78-79°F,-15.713500000000002,counterfactual ignores that original fills occurred at different times and market states,,-15.713500000000002,,15.713500000000002,F,2026-07-19,high,
,,,,Seoul|2026-07-19|low|C,2,,Seoul,,,False,,,,,requires at least two settled adjacent non-overlapping exact/range YES buckets,,2,,C,2026-07-19,low,
,,,,Beijing|2026-07-20|high|C,3,,Beijing,,,False,,,,,requires at least two settled adjacent non-overlapping exact/range YES buckets,,1,,C,2026-07-20,high,
,,,,Sao Paulo|2026-07-20|high|C,2,,Sao Paulo,,,False,,,,,requires at least two settled adjacent non-overlapping exact/range YES buckets,,0,,C,2026-07-20,high,
,,,,Seoul|2026-07-20|high|C,3,,Seoul,,,False,,,,,requires at least two settled adjacent non-overlapping exact/range YES buckets,,0,,C,2026-07-20,high,
,,,,Seoul|2026-07-20|low|C,3,,Seoul,,,False,,,,,requires at least two settled adjacent non-overlapping exact/range YES buckets,,0,,C,2026-07-20,low,
,,,,Wuhan|2026-07-20|high|C,2,,Wuhan,,,False,,,,,requires at least two settled adjacent non-overlapping exact/range YES buckets,,0,,C,2026-07-20,high,
,,,,Wuhan|2026-07-21|high|C,4,,Wuhan,,,False,,,,,requires at least two settled adjacent non-overlapping exact/range YES buckets,,0,,C,2026-07-21,high,
