event_key,weather_date,city,weather_metric,station_status,condition_id,event_slug,slug,asset,outcome,temperature_bucket,bucket_kind,bucket_low,bucket_high,unit,timestamp_epoch,public_trade_time_utc,public_trade_time_cst,relative_phase,half_hour_bin,side,price,shares,trade_usd,trade_usd_source,transaction_hash,source_repository_trade,source_repository_activity,source_current_public_api,source_row_number,activity_match_status,previous_same_bucket_buy_price,price_change_vs_previous_buy,price_add_class,pretrade_average_cost,price_change_vs_average_cost,average_cost_add_class,outcome_previous_buy_price,outcome_price_add_class,outcome_pretrade_average_cost,outcome_average_cost_add_class,price_decimal,price_cents,price_band
2026-03-21__beijing__high,2026-03-21,Beijing,high,BEIJING_STATION_UNCONFIRMED,0xe2066c20cc7062014fcf885457a55daf0c0218abb0b8162dfaf434246cc10320,highest-temperature-in-beijing-on-march-21-2026,highest-temperature-in-beijing-on-march-21-2026-16c,101327624597192588770627317317585395881919508317685485775984447062919691797366,Yes,16°C,exact,16.0,16.0,C,1774079873,2026-03-21T07:57:53+00:00,2026-03-21T15:57:53+08:00,D0_1500_1600,15:30—16:00,BUY,0.0108452683,205.0,2.22328,activity_usdcSize,0x21c60f57400a9ca2da847ad95e5f8892597e9752a101cd51db3d1401c69a77fd,True,True,True,weather_trades_normalized.csv:2978|api_trades:13274|activity.csv:3345|api_activity:3344,EXACT_SIZE_MATCH,,,,,,,,,,,0.0108452683,1.08452683,1—2美分
2026-03-21__beijing__high,2026-03-21,Beijing,high,BEIJING_STATION_UNCONFIRMED,0xe2066c20cc7062014fcf885457a55daf0c0218abb0b8162dfaf434246cc10320,highest-temperature-in-beijing-on-march-21-2026,highest-temperature-in-beijing-on-march-21-2026-16c,101327624597192588770627317317585395881919508317685485775984447062919691797366,Yes,16°C,exact,16.0,16.0,C,1774080555,2026-03-21T08:09:15+00:00,2026-03-21T16:09:15+08:00,D0_1600_1800,16:00—16:30,BUY,0.015,50.0,0.75,activity_usdcSize,0x413f332fd5b1f3e8b37a79dcdc74454ec20b8fa400d29750b7f2b7dacc93edff,True,True,True,weather_trades_normalized.csv:2982|api_trades:13272|activity.csv:3349|api_activity:3348,EXACT_SIZE_MATCH,0.0108452683,0.004154731699999999,PRICE_FLAT_ADD,0.010845268292682926,0.004154731707317073,NEAR_AVERAGE_COST_ADD,0.0108452683,PRICE_FLAT_ADD,0.010845268292682926,NEAR_AVERAGE_COST_ADD,0.015,1.5,1—2美分
2026-03-21__beijing__high,2026-03-21,Beijing,high,BEIJING_STATION_UNCONFIRMED,0xe2066c20cc7062014fcf885457a55daf0c0218abb0b8162dfaf434246cc10320,highest-temperature-in-beijing-on-march-21-2026,highest-temperature-in-beijing-on-march-21-2026-16c,101327624597192588770627317317585395881919508317685485775984447062919691797366,Yes,16°C,exact,16.0,16.0,C,1774080919,2026-03-21T08:15:19+00:00,2026-03-21T16:15:19+08:00,D0_1600_1800,16:00—16:30,BUY,0.0198859229,262.98,5.2296,activity_usdcSize,0x42ed89c6af0cdfbd129dbe305a6a7d5e5fb9675d94d24202c336828f5976a99d,True,True,True,weather_trades_normalized.csv:2983|api_trades:13271|activity.csv:3350|api_activity:3349,EXACT_SIZE_MATCH,0.015,0.004885922899999999,PRICE_FLAT_ADD,0.01165992156862745,0.008226001331372548,NEAR_AVERAGE_COST_ADD,0.015,PRICE_FLAT_ADD,0.01165992156862745,NEAR_AVERAGE_COST_ADD,0.0198859229,1.98859229,1—2美分
2026-03-22__beijing__high,2026-03-22,Beijing,high,BEIJING_STATION_UNCONFIRMED,0x9e585664df9833d31a8c89030fcae386c9715d09111accae5ff54691420f8222,highest-temperature-in-beijing-on-march-22-2026,highest-temperature-in-beijing-on-march-22-2026-23c,19912276949611129066774628734532505517558474841764524134012885712925491947816,Yes,23°C,exact,23.0,23.0,C,1774093399,2026-03-21T11:43:19+00:00,2026-03-21T19:43:19+08:00,D-1_1800_2400,19:30—20:00,BUY,0.14,100.0,14.0,activity_usdcSize,0xef27e59a585110db83e7a6813c27f23dbd81a35ed0372e3b301ffd9e36bf680d,True,True,True,weather_trades_normalized.csv:3000|api_trades:13258|activity.csv:3367|api_activity:3366,EXACT_SIZE_MATCH,,,,,,,,,,,0.14,14.000000000000002,10—15美分
2026-03-23__beijing__high,2026-03-23,Beijing,high,BEIJING_STATION_UNCONFIRMED,0x1aa4972fc4c2fc59b6e63625e3e49f53700aba001319f29ecc2fc5ea213c342c,highest-temperature-in-beijing-on-march-23-2026,highest-temperature-in-beijing-on-march-23-2026-20c,28425869616639387284964533514194193035308866588905593673931899342905060807831,Yes,20°C,exact,20.0,20.0,C,1774170869,2026-03-22T09:14:29+00:00,2026-03-22T17:14:29+08:00,D-1_1500_1800,17:00—17:30,BUY,0.1106884543,37.33,4.132,activity_usdcSize,0x69d5d7cde16f9b69b273ddff1e3c12459392388b3555d471865498045ac224de,True,True,True,weather_trades_normalized.csv:3051|api_trades:13224|activity.csv:3419|api_activity:3418,EXACT_SIZE_MATCH,,,,,,,,,,,0.1106884543,11.06884543,10—15美分
2026-03-23__beijing__high,2026-03-23,Beijing,high,BEIJING_STATION_UNCONFIRMED,0x1aa4972fc4c2fc59b6e63625e3e49f53700aba001319f29ecc2fc5ea213c342c,highest-temperature-in-beijing-on-march-23-2026,highest-temperature-in-beijing-on-march-23-2026-20c,28425869616639387284964533514194193035308866588905593673931899342905060807831,Yes,20°C,exact,20.0,20.0,C,1774190611,2026-03-22T14:43:31+00:00,2026-03-22T22:43:31+08:00,D-1_1800_2400,22:30—23:00,BUY,0.14,35.0,4.9,activity_usdcSize,0x164d64af4577ffe1d011caf2faf6f57e096af5962410392634ceb09f23532aa4,True,True,True,weather_trades_normalized.csv:3085|api_trades:13194|activity.csv:3453|api_activity:3452,EXACT_SIZE_MATCH,0.1106884543,0.02931154570000001,PRICE_UP_ADD,0.11068845432627913,0.02931154567372088,ABOVE_AVERAGE_COST_ADD,0.1106884543,PRICE_UP_ADD,0.11068845432627913,ABOVE_AVERAGE_COST_ADD,0.14,14.000000000000002,10—15美分
2026-03-23__beijing__high,2026-03-23,Beijing,high,BEIJING_STATION_UNCONFIRMED,0x1aa4972fc4c2fc59b6e63625e3e49f53700aba001319f29ecc2fc5ea213c342c,highest-temperature-in-beijing-on-march-23-2026,highest-temperature-in-beijing-on-march-23-2026-20c,28425869616639387284964533514194193035308866588905593673931899342905060807831,Yes,20°C,exact,20.0,20.0,C,1774209723,2026-03-22T20:02:03+00:00,2026-03-23T04:02:03+08:00,D0_0000_0800,04:00—04:30,BUY,0.15,5.0,0.75,activity_usdcSize,0xe4f63b07f2efc42b8d3ab4b4c387b2939614e504167250b003f341109f1bc48e,True,True,True,weather_trades_normalized.csv:3148|api_trades:13156|activity.csv:3516|api_activity:3515,EXACT_SIZE_MATCH,0.14,0.009999999999999981,PRICE_UP_ADD,0.12487211392230058,0.02512788607769942,ABOVE_AVERAGE_COST_ADD,0.14,PRICE_UP_ADD,0.12487211392230058,ABOVE_AVERAGE_COST_ADD,0.15,15.0,15—20美分
2026-03-23__beijing__high,2026-03-23,Beijing,high,BEIJING_STATION_UNCONFIRMED,0x1aa4972fc4c2fc59b6e63625e3e49f53700aba001319f29ecc2fc5ea213c342c,highest-temperature-in-beijing-on-march-23-2026,highest-temperature-in-beijing-on-march-23-2026-20c,28425869616639387284964533514194193035308866588905593673931899342905060807831,Yes,20°C,exact,20.0,20.0,C,1774216397,2026-03-22T21:53:17+00:00,2026-03-23T05:53:17+08:00,D0_0000_0800,05:30—06:00,BUY,0.15,5.6,0.84,activity_usdcSize,0xd89e9db3059d9170a7a57f3858e051d67d07e14c96f2ba59db9101c37a8bf42d,True,True,True,weather_trades_normalized.csv:3159|api_trades:13149|activity.csv:3527|api_activity:3526,EXACT_SIZE_MATCH,0.15,0.0,PRICE_FLAT_ADD,0.12649683175998966,0.023503168240010336,ABOVE_AVERAGE_COST_ADD,0.15,PRICE_FLAT_ADD,0.12649683175998966,ABOVE_AVERAGE_COST_ADD,0.15,15.0,15—20美分
2026-03-23__beijing__high,2026-03-23,Beijing,high,BEIJING_STATION_UNCONFIRMED,0x1aa4972fc4c2fc59b6e63625e3e49f53700aba001319f29ecc2fc5ea213c342c,highest-temperature-in-beijing-on-march-23-2026,highest-temperature-in-beijing-on-march-23-2026-20c,28425869616639387284964533514194193035308866588905593673931899342905060807831,Yes,20°C,exact,20.0,20.0,C,1774220497,2026-03-22T23:01:37+00:00,2026-03-23T07:01:37+08:00,D0_0000_0800,07:00—07:30,BUY,0.15,5.68,0.852,activity_usdcSize,0xfa2372136fed03830fd35fe3b3564b0e6c88f6ec62c0644fb5e5d6baee2e88b0,True,True,True,weather_trades_normalized.csv:3161|api_trades:13147|activity.csv:3529|api_activity:3528,EXACT_SIZE_MATCH,0.15,0.0,PRICE_FLAT_ADD,0.12808392620282166,0.02191607379717833,ABOVE_AVERAGE_COST_ADD,0.15,PRICE_FLAT_ADD,0.12808392620282166,ABOVE_AVERAGE_COST_ADD,0.15,15.0,15—20美分
2026-03-23__beijing__high,2026-03-23,Beijing,high,BEIJING_STATION_UNCONFIRMED,0x1aa4972fc4c2fc59b6e63625e3e49f53700aba001319f29ecc2fc5ea213c342c,highest-temperature-in-beijing-on-march-23-2026,highest-temperature-in-beijing-on-march-23-2026-20c,28425869616639387284964533514194193035308866588905593673931899342905060807831,Yes,20°C,exact,20.0,20.0,C,1774221185,2026-03-22T23:13:05+00:00,2026-03-23T07:13:05+08:00,D0_0000_0800,07:00—07:30,BUY,0.15,3.34,0.501,activity_usdcSize,0xabcbdaecd2567cb9ebd8116682d4e6ec6dc217619ea18c5cff1277d1dae772bf,True,True,True,weather_trades_normalized.csv:3162|api_trades:13145|activity.csv:3530|api_activity:3529,EXACT_SIZE_MATCH,0.15,0.0,PRICE_FLAT_ADD,0.12948877101907236,0.020511228980927637,ABOVE_AVERAGE_COST_ADD,0.15,PRICE_FLAT_ADD,0.12948877101907236,ABOVE_AVERAGE_COST_ADD,0.15,15.0,15—20美分
2026-03-23__beijing__high,2026-03-23,Beijing,high,BEIJING_STATION_UNCONFIRMED,0x1aa4972fc4c2fc59b6e63625e3e49f53700aba001319f29ecc2fc5ea213c342c,highest-temperature-in-beijing-on-march-23-2026,highest-temperature-in-beijing-on-march-23-2026-20c,28425869616639387284964533514194193035308866588905593673931899342905060807831,Yes,20°C,exact,20.0,20.0,C,1774221185,2026-03-22T23:13:05+00:00,2026-03-23T07:13:05+08:00,D0_0000_0800,07:00—07:30,BUY,0.15,5.0,0.75,activity_usdcSize,0xe1991684d469be920fba32c5602aae4967b46279526982b4c995833cac7d544f,True,True,True,weather_trades_normalized.csv:3163|api_trades:13146|activity.csv:3531|api_activity:3530,EXACT_SIZE_MATCH,0.15,0.0,PRICE_FLAT_ADD,0.13023382272974443,0.019766177270255564,ABOVE_AVERAGE_COST_ADD,0.15,PRICE_FLAT_ADD,0.13023382272974443,ABOVE_AVERAGE_COST_ADD,0.15,15.0,15—20美分
2026-03-23__beijing__high,2026-03-23,Beijing,high,BEIJING_STATION_UNCONFIRMED,0x1aa4972fc4c2fc59b6e63625e3e49f53700aba001319f29ecc2fc5ea213c342c,highest-temperature-in-beijing-on-march-23-2026,highest-temperature-in-beijing-on-march-23-2026-20c,28425869616639387284964533514194193035308866588905593673931899342905060807831,Yes,20°C,exact,20.0,20.0,C,1774221239,2026-03-22T23:13:59+00:00,2026-03-23T07:13:59+08:00,D0_0000_0800,07:00—07:30,BUY,0.15,3.34,0.501,activity_usdcSize,0x86e1dbc98372ecc8d5eec7a13c4aa2858edb4ec105eb87bd5cf46818d73dc814,True,True,True,weather_trades_normalized.csv:3164|api_trades:13144|activity.csv:3532|api_activity:3531,EXACT_SIZE_MATCH,0.15,0.0,PRICE_FLAT_ADD,0.13125322331098505,0.01874677668901495,ABOVE_AVERAGE_COST_ADD,0.15,PRICE_FLAT_ADD,0.13125322331098505,ABOVE_AVERAGE_COST_ADD,0.15,15.0,15—20美分
2026-03-23__beijing__high,2026-03-23,Beijing,high,BEIJING_STATION_UNCONFIRMED,0x1aa4972fc4c2fc59b6e63625e3e49f53700aba001319f29ecc2fc5ea213c342c,highest-temperature-in-beijing-on-march-23-2026,highest-temperature-in-beijing-on-march-23-2026-20c,28425869616639387284964533514194193035308866588905593673931899342905060807831,Yes,20°C,exact,20.0,20.0,C,1774222979,2026-03-22T23:42:59+00:00,2026-03-23T07:42:59+08:00,D0_0000_0800,07:30—08:00,BUY,0.15,0.04,0.006,activity_usdcSize,0xe5b289da027a21a24664f91ba22590b5306b844a172bc17648abdfa15e12e054,True,True,True,weather_trades_normalized.csv:3165|api_trades:13143|activity.csv:3533|api_activity:3532,EXACT_SIZE_MATCH,0.15,0.0,PRICE_FLAT_ADD,0.1318775550902383,0.018122444909761698,ABOVE_AVERAGE_COST_ADD,0.15,PRICE_FLAT_ADD,0.1318775550902383,ABOVE_AVERAGE_COST_ADD,0.15,15.0,15—20美分
2026-03-24__beijing__high,2026-03-24,Beijing,high,BEIJING_STATION_UNCONFIRMED,0xb838577b450b10c96bd50566f254387dc06a105ca00888d679b8e5d29e9e149e,highest-temperature-in-beijing-on-march-24-2026,highest-temperature-in-beijing-on-march-24-2026-22c,104460800836125738614876610922175549526108177937566285721121866641041197881596,Yes,22°C,exact,22.0,22.0,C,1774328489,2026-03-24T05:01:29+00:00,2026-03-24T13:01:29+08:00,D0_1300_1400,13:00—13:30,BUY,0.1,8.57,0.857,activity_usdcSize,0xb1694c0255caac7dc00f20ea955f9eb83744ed2bc32760756bcffda29122d219,True,True,True,weather_trades_normalized.csv:3291|api_trades:13027|activity.csv:3660|api_activity:3659,EXACT_SIZE_MATCH,,,,,,,,,,,0.1,10.0,10—15美分
2026-03-24__beijing__high,2026-03-24,Beijing,high,BEIJING_STATION_UNCONFIRMED,0xb838577b450b10c96bd50566f254387dc06a105ca00888d679b8e5d29e9e149e,highest-temperature-in-beijing-on-march-24-2026,highest-temperature-in-beijing-on-march-24-2026-22c,104460800836125738614876610922175549526108177937566285721121866641041197881596,Yes,22°C,exact,22.0,22.0,C,1774329127,2026-03-24T05:12:07+00:00,2026-03-24T13:12:07+08:00,D0_1300_1400,13:00—13:30,BUY,0.1,18.35,1.835,activity_usdcSize,0xea51a4ef78f0e313fe440f0099313ebf2e57a3ae3dc5033035b009761f6a6d2f,True,True,True,weather_trades_normalized.csv:3292|api_trades:13026|activity.csv:3661|api_activity:3660,EXACT_SIZE_MATCH,0.1,0.0,PRICE_FLAT_ADD,0.09999999999999999,1.3877787807814457e-17,NEAR_AVERAGE_COST_ADD,0.1,PRICE_FLAT_ADD,0.09999999999999999,NEAR_AVERAGE_COST_ADD,0.1,10.0,10—15美分
2026-03-24__beijing__high,2026-03-24,Beijing,high,BEIJING_STATION_UNCONFIRMED,0xb838577b450b10c96bd50566f254387dc06a105ca00888d679b8e5d29e9e149e,highest-temperature-in-beijing-on-march-24-2026,highest-temperature-in-beijing-on-march-24-2026-22c,104460800836125738614876610922175549526108177937566285721121866641041197881596,Yes,22°C,exact,22.0,22.0,C,1774329203,2026-03-24T05:13:23+00:00,2026-03-24T13:13:23+08:00,D0_1300_1400,13:00—13:30,BUY,0.1,33.33333,3.333333,activity_usdcSize,0x7fa5e20713eec41777a9e6ca4457bdeacb5e0700c174fa00de795f1795e830ab,True,True,True,weather_trades_normalized.csv:3293|api_trades:13025|activity.csv:3662|api_activity:3661,EXACT_SIZE_MATCH,0.1,0.0,PRICE_FLAT_ADD,0.1,0.0,NEAR_AVERAGE_COST_ADD,0.1,PRICE_FLAT_ADD,0.1,NEAR_AVERAGE_COST_ADD,0.1,10.0,10—15美分
2026-03-24__beijing__high,2026-03-24,Beijing,high,BEIJING_STATION_UNCONFIRMED,0xb838577b450b10c96bd50566f254387dc06a105ca00888d679b8e5d29e9e149e,highest-temperature-in-beijing-on-march-24-2026,highest-temperature-in-beijing-on-march-24-2026-22c,104460800836125738614876610922175549526108177937566285721121866641041197881596,Yes,22°C,exact,22.0,22.0,C,1774329381,2026-03-24T05:16:21+00:00,2026-03-24T13:16:21+08:00,D0_1300_1400,13:00—13:30,BUY,0.1,18.67,1.867,activity_usdcSize,0xe97f76f4b732f46624b88507555bf79487b61cc95073a1fdef5bc21586bc9e90,True,True,True,weather_trades_normalized.csv:3294|api_trades:13024|activity.csv:3663|api_activity:3662,EXACT_SIZE_MATCH,0.1,0.0,PRICE_FLAT_ADD,0.1,0.0,NEAR_AVERAGE_COST_ADD,0.1,PRICE_FLAT_ADD,0.1,NEAR_AVERAGE_COST_ADD,0.1,10.0,10—15美分
2026-03-24__beijing__high,2026-03-24,Beijing,high,BEIJING_STATION_UNCONFIRMED,0xb838577b450b10c96bd50566f254387dc06a105ca00888d679b8e5d29e9e149e,highest-temperature-in-beijing-on-march-24-2026,highest-temperature-in-beijing-on-march-24-2026-22c,104460800836125738614876610922175549526108177937566285721121866641041197881596,Yes,22°C,exact,22.0,22.0,C,1774330003,2026-03-24T05:26:43+00:00,2026-03-24T13:26:43+08:00,D0_1300_1400,13:00—13:30,BUY,0.1,5.0,0.5,activity_usdcSize,0x469434a2fdd36dcf5a33bfa4ae3db2ffd62b228934664a395b00b78b0df56741,True,True,True,weather_trades_normalized.csv:3296|api_trades:13022|activity.csv:3665|api_activity:3664,EXACT_SIZE_MATCH,0.1,0.0,PRICE_FLAT_ADD,0.1,0.0,NEAR_AVERAGE_COST_ADD,0.1,PRICE_FLAT_ADD,0.1,NEAR_AVERAGE_COST_ADD,0.1,10.0,10—15美分
2026-03-24__beijing__high,2026-03-24,Beijing,high,BEIJING_STATION_UNCONFIRMED,0xb838577b450b10c96bd50566f254387dc06a105ca00888d679b8e5d29e9e149e,highest-temperature-in-beijing-on-march-24-2026,highest-temperature-in-beijing-on-march-24-2026-22c,104460800836125738614876610922175549526108177937566285721121866641041197881596,Yes,22°C,exact,22.0,22.0,C,1774330647,2026-03-24T05:37:27+00:00,2026-03-24T13:37:27+08:00,D0_1300_1400,13:30—14:00,BUY,0.1,5.0,0.5,activity_usdcSize,0x166864403d6e7854b1ca3e8b26a7bafc8c74ab5ced803e3f95d5c3b5b7e90073,True,True,True,weather_trades_normalized.csv:3297|api_trades:13021|activity.csv:3666|api_activity:3665,EXACT_SIZE_MATCH,0.1,0.0,PRICE_FLAT_ADD,0.10000000000000002,-1.3877787807814457e-17,NEAR_AVERAGE_COST_ADD,0.1,PRICE_FLAT_ADD,0.10000000000000002,NEAR_AVERAGE_COST_ADD,0.1,10.0,10—15美分
2026-03-24__beijing__high,2026-03-24,Beijing,high,BEIJING_STATION_UNCONFIRMED,0xb838577b450b10c96bd50566f254387dc06a105ca00888d679b8e5d29e9e149e,highest-temperature-in-beijing-on-march-24-2026,highest-temperature-in-beijing-on-march-24-2026-22c,104460800836125738614876610922175549526108177937566285721121866641041197881596,Yes,22°C,exact,22.0,22.0,C,1774330675,2026-03-24T05:37:55+00:00,2026-03-24T13:37:55+08:00,D0_1300_1400,13:30—14:00,BUY,0.1,11.07,1.107,activity_usdcSize,0xc3422d7bfce0db7828a2f35f2eae72e76af8d85cc25a34367fb0f145123a9a90,True,True,True,weather_trades_normalized.csv:3298|api_trades:13020|activity.csv:3667|api_activity:3666,EXACT_SIZE_MATCH,0.1,0.0,PRICE_FLAT_ADD,0.10000000000000002,-1.3877787807814457e-17,NEAR_AVERAGE_COST_ADD,0.1,PRICE_FLAT_ADD,0.10000000000000002,NEAR_AVERAGE_COST_ADD,0.1,10.0,10—15美分
2026-03-24__beijing__high,2026-03-24,Beijing,high,BEIJING_STATION_UNCONFIRMED,0x19ff90babbeb82bd4c4ba02957adc531cdf2689862084ec6dfcd6ab6839bbd21,highest-temperature-in-beijing-on-march-24-2026,highest-temperature-in-beijing-on-march-24-2026-20c,108842583082174366514959372750606744882230733243117111800963050138612046813062,Yes,20°C,exact,20.0,20.0,C,1774340213,2026-03-24T08:16:53+00:00,2026-03-24T16:16:53+08:00,D0_1600_1800,16:00—16:30,BUY,0.33,1.19,0.3927,activity_usdcSize,0x0ba67e1f8bc63fc8cf74ec0e6a62b41a97330bef8808ae9a1c5cf0fc6cbe4519,True,True,True,weather_trades_normalized.csv:3312|api_trades:13005|activity.csv:3681|api_activity:3680,EXACT_SIZE_MATCH,,,,,,,,,,,0.33,33.0,30—40美分
2026-03-24__beijing__high,2026-03-24,Beijing,high,BEIJING_STATION_UNCONFIRMED,0x19ff90babbeb82bd4c4ba02957adc531cdf2689862084ec6dfcd6ab6839bbd21,highest-temperature-in-beijing-on-march-24-2026,highest-temperature-in-beijing-on-march-24-2026-20c,108842583082174366514959372750606744882230733243117111800963050138612046813062,Yes,20°C,exact,20.0,20.0,C,1774340213,2026-03-24T08:16:53+00:00,2026-03-24T16:16:53+08:00,D0_1600_1800,16:00—16:30,BUY,0.3300000059,38.805969,12.80597,activity_usdcSize,0x12766c96cbed874940f3fd529aed6c22bc5b36293df7059d2a8c754c7c0e0372,True,True,True,weather_trades_normalized.csv:3313|api_trades:13006|activity.csv:3682|api_activity:3681,EXACT_SIZE_MATCH,0.33,5.899999988567828e-09,PRICE_FLAT_ADD,0.33,5.899999988567828e-09,NEAR_AVERAGE_COST_ADD,0.33,PRICE_FLAT_ADD,0.33,NEAR_AVERAGE_COST_ADD,0.3300000059,33.00000059,30—40美分
2026-03-24__beijing__high,2026-03-24,Beijing,high,BEIJING_STATION_UNCONFIRMED,0x19ff90babbeb82bd4c4ba02957adc531cdf2689862084ec6dfcd6ab6839bbd21,highest-temperature-in-beijing-on-march-24-2026,highest-temperature-in-beijing-on-march-24-2026-20c,108842583082174366514959372750606744882230733243117111800963050138612046813062,Yes,20°C,exact,20.0,20.0,C,1774340279,2026-03-24T08:17:59+00:00,2026-03-24T16:17:59+08:00,D0_1600_1800,16:00—16:30,BUY,0.2100000296,1.012657,0.212658,activity_usdcSize,0x5d562dd6100aa8b5d949be9deff380882119e8e3c886b38f43ef7c274c503a64,True,True,True,weather_trades_normalized.csv:3314|api_trades:13004|activity.csv:3683|api_activity:3682,EXACT_SIZE_MATCH,0.3300000059,-0.1199999763,PRICE_DOWN_ADD,0.33000000575057953,-0.11999997615057953,BELOW_AVERAGE_COST_ADD,0.3300000059,PRICE_DOWN_ADD,0.33000000575057953,BELOW_AVERAGE_COST_ADD,0.2100000296,21.00000296,20—30美分
2026-03-24__beijing__high,2026-03-24,Beijing,high,BEIJING_STATION_UNCONFIRMED,0x19ff90babbeb82bd4c4ba02957adc531cdf2689862084ec6dfcd6ab6839bbd21,highest-temperature-in-beijing-on-march-24-2026,highest-temperature-in-beijing-on-march-24-2026-20c,108842583082174366514959372750606744882230733243117111800963050138612046813062,Yes,20°C,exact,20.0,20.0,C,1774341499,2026-03-24T08:38:19+00:00,2026-03-24T16:38:19+08:00,D0_1600_1800,16:30—17:00,BUY,0.05,35.36,1.768,activity_usdcSize,0x20011b28cb45873f0f28e3697992e45d5f04b1a744c19c94d9229473f3aa6966,True,True,True,weather_trades_normalized.csv:3315|api_trades:13003|activity.csv:3684|api_activity:3683,EXACT_SIZE_MATCH,0.2100000296,-0.16000002959999998,PRICE_DOWN_ADD,0.32703675563282714,-0.27703675563282715,BELOW_AVERAGE_COST_ADD,0.2100000296,PRICE_DOWN_ADD,0.32703675563282714,BELOW_AVERAGE_COST_ADD,0.05,5.0,5—10美分
2026-03-24__beijing__high,2026-03-24,Beijing,high,BEIJING_STATION_UNCONFIRMED,0x19ff90babbeb82bd4c4ba02957adc531cdf2689862084ec6dfcd6ab6839bbd21,highest-temperature-in-beijing-on-march-24-2026,highest-temperature-in-beijing-on-march-24-2026-20c,108842583082174366514959372750606744882230733243117111800963050138612046813062,Yes,20°C,exact,20.0,20.0,C,1774341869,2026-03-24T08:44:29+00:00,2026-03-24T16:44:29+08:00,D0_1600_1800,16:30—17:00,BUY,0.05,64.64,3.232,activity_usdcSize,0x79a0ebc14daef69f6ec8929a5df7598968d15680f8fe34a54f9fa2764e87e67d,True,True,True,weather_trades_normalized.csv:3316|api_trades:13002|activity.csv:3685|api_activity:3684,EXACT_SIZE_MATCH,0.05,0.0,PRICE_FLAT_ADD,0.1987639269560775,-0.14876392695607749,BELOW_AVERAGE_COST_ADD,0.05,PRICE_FLAT_ADD,0.1987639269560775,BELOW_AVERAGE_COST_ADD,0.05,5.0,5—10美分
2026-04-01__beijing__high,2026-04-01,Beijing,high,BEIJING_STATION_UNCONFIRMED,0xc3d26dddbeb0cbccfc90ff074483dbecd298704949de0a836bad13a63a8f6f91,highest-temperature-in-beijing-on-april-1-2026,highest-temperature-in-beijing-on-april-1-2026-19c,21788854130404119294373390333252024478123245249350360413174309416496903980578,Yes,19°C,exact,19.0,19.0,C,1774982185,2026-03-31T18:36:25+00:00,2026-04-01T02:36:25+08:00,D0_0000_0800,02:30—03:00,BUY,0.21,90.3022,21.0,activity_usdcSize,0xe9c08ad65adf659152ed7cb753259047546a406f4cb0d588fc2f5c30575a35c4,True,True,True,weather_trades_normalized.csv:4230|api_trades:12319|activity.csv:4646|api_activity:4645,NEAREST_SIZE_MATCH,,,,,,,,,,,0.21,21.0,20—30美分
2026-04-01__beijing__high,2026-04-01,Beijing,high,BEIJING_STATION_UNCONFIRMED,0x937d4b174cdfee1a24adfd48b142b71f3e1be7811b2853574a6bd5c01b02f96d,highest-temperature-in-beijing-on-april-1-2026,highest-temperature-in-beijing-on-april-1-2026-20c,79655901785225530162334722713224485130321212954811278069168302992325795269878,Yes,20°C,exact,20.0,20.0,C,1774982267,2026-03-31T18:37:47+00:00,2026-04-01T02:37:47+08:00,D0_0000_0800,02:30—03:00,BUY,0.0343063182,120.92,4.14832,activity_usdcSize,0x5f540326e7272e815e3087632cb191a49a0c2cb633196e9f38e751bee49dbf94,True,True,True,weather_trades_normalized.csv:4231|api_trades:12318|activity.csv:4647|api_activity:4646,EXACT_SIZE_MATCH,,,,,,,,,,,0.0343063182,3.43063182,2—5美分
2026-04-03__beijing__high,2026-04-03,Beijing,high,BEIJING_STATION_UNCONFIRMED,0x605a939815f1b92b76757a86256d0e06286c0c012e58a5da75b96222684fa2a7,highest-temperature-in-beijing-on-april-3-2026,highest-temperature-in-beijing-on-april-3-2026-22c,112068224048996709807152953016654034317643575767253208480522510231784911312865,Yes,22°C,exact,22.0,22.0,C,1775152411,2026-04-02T17:53:31+00:00,2026-04-03T01:53:31+08:00,D0_0000_0800,01:30—02:00,BUY,0.15,6.05082,0.907623,activity_usdcSize,0x6e14943000c8672e78ee7fa28b2d9923b0330c0f1206820a2791497277d5d4db,True,True,True,weather_trades_normalized.csv:4656|api_trades:11937|activity.csv:5108|api_activity:5107,EXACT_SIZE_MATCH,,,,,,,,,,,0.15,15.0,15—20美分
2026-04-03__beijing__high,2026-04-03,Beijing,high,BEIJING_STATION_UNCONFIRMED,0x605a939815f1b92b76757a86256d0e06286c0c012e58a5da75b96222684fa2a7,highest-temperature-in-beijing-on-april-3-2026,highest-temperature-in-beijing-on-april-3-2026-22c,112068224048996709807152953016654034317643575767253208480522510231784911312865,Yes,22°C,exact,22.0,22.0,C,1775152415,2026-04-02T17:53:35+00:00,2026-04-03T01:53:35+08:00,D0_0000_0800,01:30—02:00,BUY,0.15,15.50682,2.326023,activity_usdcSize,0x9c1d8163106e1f9cfb9783ba05bae70084287ca055175c26a364b52a58e72148,True,True,True,weather_trades_normalized.csv:4657|api_trades:11936|activity.csv:5109|api_activity:5108,EXACT_SIZE_MATCH,0.15,0.0,PRICE_FLAT_ADD,0.15,0.0,NEAR_AVERAGE_COST_ADD,0.15,PRICE_FLAT_ADD,0.15,NEAR_AVERAGE_COST_ADD,0.15,15.0,15—20美分
2026-04-03__beijing__high,2026-04-03,Beijing,high,BEIJING_STATION_UNCONFIRMED,0x605a939815f1b92b76757a86256d0e06286c0c012e58a5da75b96222684fa2a7,highest-temperature-in-beijing-on-april-3-2026,highest-temperature-in-beijing-on-april-3-2026-22c,112068224048996709807152953016654034317643575767253208480522510231784911312865,Yes,22°C,exact,22.0,22.0,C,1775156657,2026-04-02T19:04:17+00:00,2026-04-03T03:04:17+08:00,D0_0000_0800,03:00—03:30,BUY,0.15,1.19176,0.178764,activity_usdcSize,0xa32e1fead8c008797bbc2a66feca09b4354e4b9250a1ccc7d9557e9440b00127,True,True,True,weather_trades_normalized.csv:4668|api_trades:11926|activity.csv:5120|api_activity:5119,EXACT_SIZE_MATCH,0.15,0.0,PRICE_FLAT_ADD,0.15000000000000002,-2.7755575615628914e-17,NEAR_AVERAGE_COST_ADD,0.15,PRICE_FLAT_ADD,0.15000000000000002,NEAR_AVERAGE_COST_ADD,0.15,15.0,15—20美分
2026-04-03__beijing__high,2026-04-03,Beijing,high,BEIJING_STATION_UNCONFIRMED,0x605a939815f1b92b76757a86256d0e06286c0c012e58a5da75b96222684fa2a7,highest-temperature-in-beijing-on-april-3-2026,highest-temperature-in-beijing-on-april-3-2026-22c,112068224048996709807152953016654034317643575767253208480522510231784911312865,Yes,22°C,exact,22.0,22.0,C,1775156659,2026-04-02T19:04:19+00:00,2026-04-03T03:04:19+08:00,D0_0000_0800,03:00—03:30,BUY,0.1500000209,2.388233,0.358235,activity_usdcSize,0x8fd59144d44ea31c1af78f1e7da00b66e2d9c3e4807a7b2a3b8692f28181e300,True,True,True,weather_trades_normalized.csv:4669|api_trades:11925|activity.csv:5121|api_activity:5120,EXACT_SIZE_MATCH,0.15,2.0900000008428066e-08,PRICE_FLAT_ADD,0.15000000000000002,2.089999998067249e-08,NEAR_AVERAGE_COST_ADD,0.15,PRICE_FLAT_ADD,0.15000000000000002,NEAR_AVERAGE_COST_ADD,0.1500000209,15.00000209,15—20美分
2026-04-03__beijing__high,2026-04-03,Beijing,high,BEIJING_STATION_UNCONFIRMED,0x605a939815f1b92b76757a86256d0e06286c0c012e58a5da75b96222684fa2a7,highest-temperature-in-beijing-on-april-3-2026,highest-temperature-in-beijing-on-april-3-2026-22c,112068224048996709807152953016654034317643575767253208480522510231784911312865,Yes,22°C,exact,22.0,22.0,C,1775156665,2026-04-02T19:04:25+00:00,2026-04-03T03:04:25+08:00,D0_0000_0800,03:00—03:30,BUY,0.15,29.41176,4.411764,activity_usdcSize,0xad4bef5d564d8731982ab0f3205331be708848b44fc71565fb8a08e589ce1ad5,True,True,True,weather_trades_normalized.csv:4670|api_trades:11924|activity.csv:5122|api_activity:5121,EXACT_SIZE_MATCH,0.1500000209,-2.0900000008428066e-08,PRICE_FLAT_ADD,0.15000000198904967,-1.989049674966381e-09,NEAR_AVERAGE_COST_ADD,0.1500000209,PRICE_FLAT_ADD,0.15000000198904967,NEAR_AVERAGE_COST_ADD,0.15,15.0,15—20美分
2026-04-03__beijing__high,2026-04-03,Beijing,high,BEIJING_STATION_UNCONFIRMED,0x605a939815f1b92b76757a86256d0e06286c0c012e58a5da75b96222684fa2a7,highest-temperature-in-beijing-on-april-3-2026,highest-temperature-in-beijing-on-april-3-2026-22c,112068224048996709807152953016654034317643575767253208480522510231784911312865,Yes,22°C,exact,22.0,22.0,C,1775156671,2026-04-02T19:04:31+00:00,2026-04-03T03:04:31+08:00,D0_0000_0800,03:00—03:30,BUY,0.15,16.99,2.5485,activity_usdcSize,0x3db8884fe973670680461e2b607853457078ba98975b3fef899d9f8f42e27265,True,True,True,weather_trades_normalized.csv:4671|api_trades:11923|activity.csv:5123|api_activity:5122,EXACT_SIZE_MATCH,0.15,0.0,PRICE_FLAT_ADD,0.15000000091660048,-9.166004899530122e-10,NEAR_AVERAGE_COST_ADD,0.15,PRICE_FLAT_ADD,0.15000000091660048,NEAR_AVERAGE_COST_ADD,0.15,15.0,15—20美分
2026-04-03__beijing__high,2026-04-03,Beijing,high,BEIJING_STATION_UNCONFIRMED,0xfabbd7bd1687c4ec10ab889382cc013efc5781dd3c068f9c02827d937bbf6bb2,highest-temperature-in-beijing-on-april-3-2026,highest-temperature-in-beijing-on-april-3-2026-25c,26931255635868764004763764133078852808991634131985329606636531370023360540024,Yes,25°C,exact,25.0,25.0,C,1775190215,2026-04-03T04:23:35+00:00,2026-04-03T12:23:35+08:00,D0_1200_1300,12:00—12:30,BUY,0.083,0.92,0.07636,activity_usdcSize,0x04a1359848842a746f3f223c1dabef537b319ae936350c7687131baa0dda8be0,True,True,True,weather_trades_normalized.csv:4704|api_trades:11898|activity.csv:5158|api_activity:5157,EXACT_SIZE_MATCH,,,,,,,,,,,0.083,8.3,5—10美分
2026-04-03__beijing__high,2026-04-03,Beijing,high,BEIJING_STATION_UNCONFIRMED,0xfabbd7bd1687c4ec10ab889382cc013efc5781dd3c068f9c02827d937bbf6bb2,highest-temperature-in-beijing-on-april-3-2026,highest-temperature-in-beijing-on-april-3-2026-25c,26931255635868764004763764133078852808991634131985329606636531370023360540024,Yes,25°C,exact,25.0,25.0,C,1775190223,2026-04-03T04:23:43+00:00,2026-04-03T12:23:43+08:00,D0_1200_1300,12:00—12:30,BUY,0.05,14.12,0.706,activity_usdcSize,0x16921a808d9f200a3b858ab175e79239b3ba226f1985c756167b1af04fa44ab8,True,True,True,weather_trades_normalized.csv:4705|api_trades:11897|activity.csv:5159|api_activity:5158,EXACT_SIZE_MATCH,0.083,-0.033,PRICE_DOWN_ADD,0.08299999999999999,-0.03299999999999999,BELOW_AVERAGE_COST_ADD,0.083,PRICE_DOWN_ADD,0.08299999999999999,BELOW_AVERAGE_COST_ADD,0.05,5.0,5—10美分
2026-04-03__beijing__high,2026-04-03,Beijing,high,BEIJING_STATION_UNCONFIRMED,0xfabbd7bd1687c4ec10ab889382cc013efc5781dd3c068f9c02827d937bbf6bb2,highest-temperature-in-beijing-on-april-3-2026,highest-temperature-in-beijing-on-april-3-2026-25c,26931255635868764004763764133078852808991634131985329606636531370023360540024,Yes,25°C,exact,25.0,25.0,C,1775190227,2026-04-03T04:23:47+00:00,2026-04-03T12:23:47+08:00,D0_1200_1300,12:00—12:30,BUY,0.0817918516,45.02754,4.05524,activity_usdcSize,0x936f076af2cca24f594b4b996cdca4feb488301c507044b8ca0f7e5b8073847f,True,True,True,weather_trades_normalized.csv:4706|api_trades:11896|activity.csv:5160|api_activity:5159,NEAREST_SIZE_MATCH,0.05,0.031791851600000004,PRICE_UP_ADD,0.052018617021276595,0.029773234578723412,ABOVE_AVERAGE_COST_ADD,0.05,PRICE_UP_ADD,0.052018617021276595,ABOVE_AVERAGE_COST_ADD,0.0817918516,8.179185160000001,5—10美分
2026-04-04__beijing__high,2026-04-04,Beijing,high,BEIJING_STATION_UNCONFIRMED,0xe2266675ba51ff4a43845b925ec6aed17fe0292de17a095911923f899cdfdd3f,highest-temperature-in-beijing-on-april-4-2026,highest-temperature-in-beijing-on-april-4-2026-20c,37787514342501262867162808008454110142210702683340947780859932476919514234233,Yes,20°C,exact,20.0,20.0,C,1775243383,2026-04-03T19:09:43+00:00,2026-04-04T03:09:43+08:00,D0_0000_0800,03:00—03:30,BUY,0.13,80.33488,11.4387,activity_usdcSize,0x394f76ecdacc0919708cd864a30945bdba4348e019d8f03d47d3b090edaae044,True,True,True,weather_trades_normalized.csv:4764|api_trades:11856|activity.csv:5219|api_activity:5218,NEAREST_SIZE_MATCH,,,,,,,,,,,0.13,13.0,10—15美分
2026-04-05__beijing__high,2026-04-05,Beijing,high,BEIJING_STATION_UNCONFIRMED,0x9212de326b10c219be151825f0575e6997771f7aac21fd85948c36335da06def,highest-temperature-in-beijing-on-april-5-2026,highest-temperature-in-beijing-on-april-5-2026-20c,50154875018612476846202703575007039237316003107042368831080496113341083426516,Yes,20°C,exact,20.0,20.0,C,1775317409,2026-04-04T15:43:29+00:00,2026-04-04T23:43:29+08:00,D-1_1800_2400,23:30—24:00,BUY,0.2,28.1796,6.126,activity_usdcSize,0x832e996ccca42d14e942ff1b0f1d2b286df03c0a86fec38a11aed9515ff24d79,True,True,True,weather_trades_normalized.csv:4907|api_trades:11723|activity.csv:5366|api_activity:5365,NEAREST_SIZE_MATCH,,,,,,,,,,,0.2,20.0,20—30美分
2026-04-05__beijing__high,2026-04-05,Beijing,high,BEIJING_STATION_UNCONFIRMED,0x417d06bc127f719cf07548aaad09819cec3d7bea16720d7c8d9685285ca8d041,highest-temperature-in-beijing-on-april-5-2026,highest-temperature-in-beijing-on-april-5-2026-21c,46378176533936676838978591057272071916665451734666991591155679041626452737921,Yes,21°C,exact,21.0,21.0,C,1775367363,2026-04-05T05:36:03+00:00,2026-04-05T13:36:03+08:00,D0_1300_1400,13:30—14:00,BUY,0.1275087833,84.69416,11.83154,activity_usdcSize,0x2c8a57c37dd6873235083246af6dbaeaca059a5e57479e2f009ae6f7282bf4cb,True,True,True,weather_trades_normalized.csv:4957|api_trades:11675|activity.csv:5421|api_activity:5420,NEAREST_SIZE_MATCH,,,,,,,,,,,0.1275087833,12.75087833,10—15美分
2026-04-06__beijing__high,2026-04-06,Beijing,high,BEIJING_STATION_UNCONFIRMED,0xcc4f05c39bb8e30dbcbfc2667a5fe3b70d7415071ad598a614e7104af04d3490,highest-temperature-in-beijing-on-april-6-2026,highest-temperature-in-beijing-on-april-6-2026-19c,11280434350960582425632132554259266924006458184321290519244837516563739747778,Yes,19°C,exact,19.0,19.0,C,1775417689,2026-04-05T19:34:49+00:00,2026-04-06T03:34:49+08:00,D0_0000_0800,03:30—04:00,BUY,0.22,87.24886,20.8186,activity_usdcSize,0xb2ca91486d721fadc118af60467eb5f648414383a05ad3d7987443ba28a204bf,True,True,True,weather_trades_normalized.csv:5042|api_trades:11616|activity.csv:5507|api_activity:5506,NEAREST_SIZE_MATCH,,,,,,,,,,,0.22,22.0,20—30美分
2026-04-07__beijing__high,2026-04-07,Beijing,high,BEIJING_STATION_UNCONFIRMED,0xea601edeb7d913b6d6d80ecb0e0f2039f09633770aa2560df33e44f3743be3c1,highest-temperature-in-beijing-on-april-7-2026,highest-temperature-in-beijing-on-april-7-2026-18c,79999602433317350855831261890926022795980547251209496044400409650714977058101,Yes,18°C,exact,18.0,18.0,C,1775479135,2026-04-06T12:38:55+00:00,2026-04-06T20:38:55+08:00,D-1_1800_2400,20:30—21:00,BUY,0.075,19.965,1.65,activity_usdcSize,0x18d86b02ec32f427c136c4f4a0d31aa2860cc800e2a4000b45c10bdd49cda318,True,True,True,weather_trades_normalized.csv:5176|api_trades:11494|activity.csv:5643|api_activity:5642,NEAREST_SIZE_MATCH,,,,,,,,,,,0.075,7.5,5—10美分
2026-04-07__beijing__high,2026-04-07,Beijing,high,BEIJING_STATION_UNCONFIRMED,0xea601edeb7d913b6d6d80ecb0e0f2039f09633770aa2560df33e44f3743be3c1,highest-temperature-in-beijing-on-april-7-2026,highest-temperature-in-beijing-on-april-7-2026-18c,79999602433317350855831261890926022795980547251209496044400409650714977058101,Yes,18°C,exact,18.0,18.0,C,1775480613,2026-04-06T13:03:33+00:00,2026-04-06T21:03:33+08:00,D-1_1800_2400,21:00—21:30,BUY,0.07,9.0,0.63,activity_usdcSize,0xc322b6cc814568fae6af4d62f96fea6dc52803dc47b11065ae9e38b9ee1436ea,True,True,True,weather_trades_normalized.csv:5185|api_trades:11486|activity.csv:5652|api_activity:5651,EXACT_SIZE_MATCH,0.075,-0.0049999999999999906,PRICE_FLAT_ADD,0.08264462809917356,-0.01264462809917355,BELOW_AVERAGE_COST_ADD,0.075,PRICE_FLAT_ADD,0.08264462809917356,BELOW_AVERAGE_COST_ADD,0.07,7.000000000000001,5—10美分
2026-04-07__beijing__high,2026-04-07,Beijing,high,BEIJING_STATION_UNCONFIRMED,0xea601edeb7d913b6d6d80ecb0e0f2039f09633770aa2560df33e44f3743be3c1,highest-temperature-in-beijing-on-april-7-2026,highest-temperature-in-beijing-on-april-7-2026-18c,79999602433317350855831261890926022795980547251209496044400409650714977058101,Yes,18°C,exact,18.0,18.0,C,1775481209,2026-04-06T13:13:29+00:00,2026-04-06T21:13:29+08:00,D-1_1800_2400,21:00—21:30,BUY,0.07,1.06,0.0742,activity_usdcSize,0x6dbd4f5c09d6ef68ce88a85f3b389025fa59e72be7d0e5564d3e17d9897d7c26,True,True,True,weather_trades_normalized.csv:5186|api_trades:11485|activity.csv:5653|api_activity:5652,EXACT_SIZE_MATCH,0.07,0.0,PRICE_FLAT_ADD,0.07871569135163127,-0.008715691351631263,NEAR_AVERAGE_COST_ADD,0.07,PRICE_FLAT_ADD,0.07871569135163127,NEAR_AVERAGE_COST_ADD,0.07,7.000000000000001,5—10美分
2026-04-07__beijing__high,2026-04-07,Beijing,high,BEIJING_STATION_UNCONFIRMED,0xea601edeb7d913b6d6d80ecb0e0f2039f09633770aa2560df33e44f3743be3c1,highest-temperature-in-beijing-on-april-7-2026,highest-temperature-in-beijing-on-april-7-2026-18c,79999602433317350855831261890926022795980547251209496044400409650714977058101,Yes,18°C,exact,18.0,18.0,C,1775481211,2026-04-06T13:13:31+00:00,2026-04-06T21:13:31+08:00,D-1_1800_2400,21:00—21:30,BUY,0.07,8.75,0.6125,activity_usdcSize,0x7f587b23f4055baaa7a27570d22ad1a025f957fd3f3ac3f6d81112b484867180,True,True,True,weather_trades_normalized.csv:5187|api_trades:11484|activity.csv:5654|api_activity:5653,EXACT_SIZE_MATCH,0.07,0.0,PRICE_FLAT_ADD,0.07840799333888425,-0.008407993338884243,NEAR_AVERAGE_COST_ADD,0.07,PRICE_FLAT_ADD,0.07840799333888425,NEAR_AVERAGE_COST_ADD,0.07,7.000000000000001,5—10美分
2026-04-07__beijing__high,2026-04-07,Beijing,high,BEIJING_STATION_UNCONFIRMED,0xea601edeb7d913b6d6d80ecb0e0f2039f09633770aa2560df33e44f3743be3c1,highest-temperature-in-beijing-on-april-7-2026,highest-temperature-in-beijing-on-april-7-2026-18c,79999602433317350855831261890926022795980547251209496044400409650714977058101,Yes,18°C,exact,18.0,18.0,C,1775482235,2026-04-06T13:30:35+00:00,2026-04-06T21:30:35+08:00,D-1_1800_2400,21:30—22:00,BUY,0.07,32.19,2.2533,activity_usdcSize,0xf2b665270937fce4c68c9c78d55e4970980a062b91917f5c2e8afa2f3dcc82b8,True,True,True,weather_trades_normalized.csv:5191|api_trades:11481|activity.csv:5658|api_activity:5657,EXACT_SIZE_MATCH,0.07,0.0,PRICE_FLAT_ADD,0.07651063829787233,-0.006510638297872323,NEAR_AVERAGE_COST_ADD,0.07,PRICE_FLAT_ADD,0.07651063829787233,NEAR_AVERAGE_COST_ADD,0.07,7.000000000000001,5—10美分
2026-04-07__beijing__high,2026-04-07,Beijing,high,BEIJING_STATION_UNCONFIRMED,0xa3aa15452049d2c6e33866a955897c26642d51e047dd11f964f67d96384003ec,highest-temperature-in-beijing-on-april-7-2026,highest-temperature-in-beijing-on-april-7-2026-15c,93062708670233253111350818491065170924150528320677483561723472850586264602718,Yes,15°C,exact,15.0,15.0,C,1775501617,2026-04-06T18:53:37+00:00,2026-04-07T02:53:37+08:00,D0_0000_0800,02:30—03:00,BUY,0.2,49.5328,10.768,activity_usdcSize,0x54153a9b193305ebb88dd50048a278e00bbd4ede5ddee35dbae85fde75d957c5,True,True,True,weather_trades_normalized.csv:5267|api_trades:11430|activity.csv:5736|api_activity:5735,NEAREST_SIZE_MATCH,,,,,,,,,,,0.2,20.0,20—30美分
2026-04-07__beijing__high,2026-04-07,Beijing,high,BEIJING_STATION_UNCONFIRMED,0x90fca4ed697c0db72131def129fd92e605b5bed23b8540ee2ec8a2a5a42f0ee0,highest-temperature-in-beijing-on-april-7-2026,highest-temperature-in-beijing-on-april-7-2026-14c,52559858945223204285610082965251896120426680161575582384609878141717746069571,Yes,14°C,exact,14.0,14.0,C,1775538881,2026-04-07T05:14:41+00:00,2026-04-07T13:14:41+08:00,D0_1300_1400,13:00—13:30,BUY,0.0455832799,42.3062,2.13193,activity_usdcSize,0xea43dbce16530db5759fef4cac98d40efbf3a24589ab6213b92b3b1840e5df73,True,True,True,weather_trades_normalized.csv:5310|api_trades:11391|activity.csv:5780|api_activity:5779,NEAREST_SIZE_MATCH,,,,,,,,,,,0.0455832799,4.55832799,2—5美分
2026-04-07__beijing__high,2026-04-07,Beijing,high,BEIJING_STATION_UNCONFIRMED,0x90fca4ed697c0db72131def129fd92e605b5bed23b8540ee2ec8a2a5a42f0ee0,highest-temperature-in-beijing-on-april-7-2026,highest-temperature-in-beijing-on-april-7-2026-14c,52559858945223204285610082965251896120426680161575582384609878141717746069571,Yes,14°C,exact,14.0,14.0,C,1775539551,2026-04-07T05:25:51+00:00,2026-04-07T13:25:51+08:00,D0_1300_1400,13:00—13:30,BUY,0.02,28.0,0.56,activity_usdcSize,0xaed1ef1d1dcc9d68d1ed45ad38df753e4a488864de895e02205775690d55cda3,True,True,True,weather_trades_normalized.csv:5314|api_trades:11388|activity.csv:5784|api_activity:5783,EXACT_SIZE_MATCH,0.0455832799,-0.025583279900000002,PRICE_DOWN_ADD,0.05039285022053506,-0.030392850220535058,BELOW_AVERAGE_COST_ADD,0.0455832799,PRICE_DOWN_ADD,0.05039285022053506,BELOW_AVERAGE_COST_ADD,0.02,2.0,2—5美分
2026-04-07__beijing__high,2026-04-07,Beijing,high,BEIJING_STATION_UNCONFIRMED,0xd5b6f65f8b1a1bce87913bd7abd105ef6d548029c2e52ba615b5ed97f089334d,highest-temperature-in-beijing-on-april-7-2026,highest-temperature-in-beijing-on-april-7-2026-17c,71934444207950351021888368239253412740636607151350651195428632637998219265483,Yes,17°C,exact,17.0,17.0,C,1775545319,2026-04-07T07:01:59+00:00,2026-04-07T15:01:59+08:00,D0_1500_1600,15:00—15:30,BUY,0.028,90.28,2.8,activity_usdcSize,0x8d0d4af732371ad2b14efe852ddcd041e7d7ec368cffa0235b2fbe26b248f356,True,True,True,weather_trades_normalized.csv:5322|api_trades:11383|activity.csv:5792|api_activity:5791,NEAREST_SIZE_MATCH,,,,,,,,,,,0.028,2.8000000000000003,2—5美分
2026-04-08__beijing__high,2026-04-08,Beijing,high,BEIJING_STATION_UNCONFIRMED,0x6c8bb82890709e38c0efa705604187b389ffb60f7b9f057cfba40741a4f30a2c,highest-temperature-in-beijing-on-april-8-2026,highest-temperature-in-beijing-on-april-8-2026-21c,49136435099649610693387938084484909811192020661178104186090756957030010312050,Yes,21°C,exact,21.0,21.0,C,1775590505,2026-04-07T19:35:05+00:00,2026-04-08T03:35:05+08:00,D0_0000_0800,03:30—04:00,BUY,0.23,46.15,11.5,activity_usdcSize,0x1685ca407963893ee4bf4a0ac2aeca7aab2974f3a4706eb6a95dd36e8450101a,True,True,True,weather_trades_normalized.csv:5395|api_trades:11314|activity.csv:5876|api_activity:5875,NEAREST_SIZE_MATCH,,,,,,,,,,,0.23,23.0,20—30美分
2026-04-08__beijing__high,2026-04-08,Beijing,high,BEIJING_STATION_UNCONFIRMED,0x6d3d0c35782f4ec2c727def19e95edd8f048832f9331f32dbde926700c16c7e9,highest-temperature-in-beijing-on-april-8-2026,highest-temperature-in-beijing-on-april-8-2026-19c,68547951473763304109882389761203567487030040752343363060552513479230522078820,Yes,19°C,exact,19.0,19.0,C,1775626677,2026-04-08T05:37:57+00:00,2026-04-08T13:37:57+08:00,D0_1300_1400,13:30—14:00,BUY,0.035,4.5175,0.175,activity_usdcSize,0xebb95f3cfcb6877019d00ac78600fb36088d532a056df6ca8b12410b5a965d64,True,True,True,weather_trades_normalized.csv:5410|api_trades:11296|activity.csv:5902|api_activity:5901,NEAREST_SIZE_MATCH,,,,,,,,,,,0.035,3.5000000000000004,2—5美分
2026-04-08__beijing__high,2026-04-08,Beijing,high,BEIJING_STATION_UNCONFIRMED,0x4c1c6e92b39574b78e66785f5be5675f11b9e51cb7c8cc3f7c7c8649bc244059,highest-temperature-in-beijing-on-april-8-2026,highest-temperature-in-beijing-on-april-8-2026-18c,5666953703845550667969629495338409841707634833382633673759286536957005327153,Yes,18°C,exact,18.0,18.0,C,1775626721,2026-04-08T05:38:41+00:00,2026-04-08T13:38:41+08:00,D0_1300_1400,13:30—14:00,BUY,0.017,16.2306,0.306,activity_usdcSize,0xeb660187e6369d197843ab9db65a7f486a7c95f321dc27351452eab834c21050,True,True,True,weather_trades_normalized.csv:5411|api_trades:11295|activity.csv:5903|api_activity:5902,NEAREST_SIZE_MATCH,,,,,,,,,,,0.017,1.7000000000000002,1—2美分
2026-04-08__beijing__high,2026-04-08,Beijing,high,BEIJING_STATION_UNCONFIRMED,0x4c1c6e92b39574b78e66785f5be5675f11b9e51cb7c8cc3f7c7c8649bc244059,highest-temperature-in-beijing-on-april-8-2026,highest-temperature-in-beijing-on-april-8-2026-18c,5666953703845550667969629495338409841707634833382633673759286536957005327153,Yes,18°C,exact,18.0,18.0,C,1775626723,2026-04-08T05:38:43+00:00,2026-04-08T13:38:43+08:00,D0_1300_1400,13:30—14:00,BUY,0.017,18.0,0.306,activity_usdcSize,0x94cd75435e1e794fb5f5d27ed4050778c7a81704381075aa3b36292472117d36,True,True,True,weather_trades_normalized.csv:5412|api_trades:11294|activity.csv:5904|api_activity:5903,EXACT_SIZE_MATCH,0.017,0.0,PRICE_FLAT_ADD,0.018853277143174006,-0.0018532771431740043,NEAR_AVERAGE_COST_ADD,0.017,PRICE_FLAT_ADD,0.018853277143174006,NEAR_AVERAGE_COST_ADD,0.017,1.7000000000000002,1—2美分
2026-04-08__beijing__high,2026-04-08,Beijing,high,BEIJING_STATION_UNCONFIRMED,0x4c1c6e92b39574b78e66785f5be5675f11b9e51cb7c8cc3f7c7c8649bc244059,highest-temperature-in-beijing-on-april-8-2026,highest-temperature-in-beijing-on-april-8-2026-18c,5666953703845550667969629495338409841707634833382633673759286536957005327153,Yes,18°C,exact,18.0,18.0,C,1775626733,2026-04-08T05:38:53+00:00,2026-04-08T13:38:53+08:00,D0_1300_1400,13:30—14:00,BUY,0.0184992867,63.21968,1.2968,activity_usdcSize,0x525ba87ab31a97f16ad477617b41fb6d1a1347b3193544568f72359482b122f0,True,True,True,weather_trades_normalized.csv:5413|api_trades:11293|activity.csv:5905|api_activity:5904,NEAREST_SIZE_MATCH,0.017,0.001499286699999998,PRICE_FLAT_ADD,0.017878740074670035,0.0006205466253299645,NEAR_AVERAGE_COST_ADD,0.017,PRICE_FLAT_ADD,0.017878740074670035,NEAR_AVERAGE_COST_ADD,0.0184992867,1.84992867,1—2美分
2026-04-08__beijing__high,2026-04-08,Beijing,high,BEIJING_STATION_UNCONFIRMED,0x6d3d0c35782f4ec2c727def19e95edd8f048832f9331f32dbde926700c16c7e9,highest-temperature-in-beijing-on-april-8-2026,highest-temperature-in-beijing-on-april-8-2026-19c,68547951473763304109882389761203567487030040752343363060552513479230522078820,Yes,19°C,exact,19.0,19.0,C,1775626777,2026-04-08T05:39:37+00:00,2026-04-08T13:39:37+08:00,D0_1300_1400,13:30—14:00,BUY,0.0509219422,103.08096,5.7995,activity_usdcSize,0xb084c761ddad65fbab33de82b1c91956429329712da97ac504ff84c585a2ecbf,True,True,True,weather_trades_normalized.csv:5414|api_trades:11292|activity.csv:5906|api_activity:5905,NEAREST_SIZE_MATCH,0.035,0.015921942199999997,PRICE_UP_ADD,0.038738240177089094,0.012183702022910907,ABOVE_AVERAGE_COST_ADD,0.035,PRICE_UP_ADD,0.038738240177089094,ABOVE_AVERAGE_COST_ADD,0.0509219422,5.09219422,5—10美分
2026-04-08__beijing__high,2026-04-08,Beijing,high,BEIJING_STATION_UNCONFIRMED,0x6d3d0c35782f4ec2c727def19e95edd8f048832f9331f32dbde926700c16c7e9,highest-temperature-in-beijing-on-april-8-2026,highest-temperature-in-beijing-on-april-8-2026-19c,68547951473763304109882389761203567487030040752343363060552513479230522078820,Yes,19°C,exact,19.0,19.0,C,1775626829,2026-04-08T05:40:29+00:00,2026-04-08T13:40:29+08:00,D0_1300_1400,13:30—14:00,BUY,0.071,90.71,7.1,activity_usdcSize,0xb39c9abe0b75ff76b01dad9187c541b544be5d4f81c7ffb6c09bec444dc3f502,True,True,True,weather_trades_normalized.csv:5415|api_trades:11291|activity.csv:5907|api_activity:5906,NEAREST_SIZE_MATCH,0.0509219422,0.020078057799999993,PRICE_UP_ADD,0.0555258876381688,0.015474112361831195,ABOVE_AVERAGE_COST_ADD,0.0509219422,PRICE_UP_ADD,0.0555258876381688,ABOVE_AVERAGE_COST_ADD,0.071,7.1,5—10美分
2026-04-08__beijing__high,2026-04-08,Beijing,high,BEIJING_STATION_UNCONFIRMED,0x59e776c6698519c7000c2032d3a01e4001d90c6d42b5e6c3455af3893b0fcd44,highest-temperature-in-beijing-on-april-8-2026,highest-temperature-in-beijing-on-april-8-2026-22c,819482920444969831184146893868464324970057544355584208537683213176556419354,Yes,22°C,exact,22.0,22.0,C,1775630425,2026-04-08T06:40:25+00:00,2026-04-08T14:40:25+08:00,D0_1400_1500,14:30—15:00,BUY,0.031,9.04908,0.31062,activity_usdcSize,0x95f3b4fdfd6c17e4c6c53e3f5835bb15ff9f867421bb53dc4b90172185598e7d,True,True,True,weather_trades_normalized.csv:5431|api_trades:11289|activity.csv:5923|api_activity:5922,NEAREST_SIZE_MATCH,,,,,,,,,,,0.031,3.1,2—5美分
2026-04-08__beijing__high,2026-04-08,Beijing,high,BEIJING_STATION_UNCONFIRMED,0x59e776c6698519c7000c2032d3a01e4001d90c6d42b5e6c3455af3893b0fcd44,highest-temperature-in-beijing-on-april-8-2026,highest-temperature-in-beijing-on-april-8-2026-22c,819482920444969831184146893868464324970057544355584208537683213176556419354,Yes,22°C,exact,22.0,22.0,C,1775630509,2026-04-08T06:41:49+00:00,2026-04-08T14:41:49+08:00,D0_1400_1500,14:30—15:00,BUY,0.031,99.98,3.09938,activity_usdcSize,0xec7290b7bce5d987b6c9617255dcbd7bc56ae77b2cf11086bfb7a84ed9b1bdcf,True,True,True,weather_trades_normalized.csv:5432|api_trades:11288|activity.csv:5924|api_activity:5923,EXACT_SIZE_MATCH,0.031,0.0,PRICE_FLAT_ADD,0.034326141442002946,-0.003326141442002946,NEAR_AVERAGE_COST_ADD,0.031,PRICE_FLAT_ADD,0.034326141442002946,NEAR_AVERAGE_COST_ADD,0.031,3.1,2—5美分
2026-04-10__beijing__high,2026-04-10,Beijing,high,BEIJING_STATION_UNCONFIRMED,0x25c5d7820aaeede3f24923ffd64aea7c187417b2200b13e04aa81f3d7f43f22a,highest-temperature-in-beijing-on-april-10-2026,highest-temperature-in-beijing-on-april-10-2026-28c,7314915972641966087518601253963962888209003108027579895112387864197250308361,Yes,28°C,exact,28.0,28.0,C,1775758657,2026-04-09T18:17:37+00:00,2026-04-10T02:17:37+08:00,D0_0000_0800,02:00—02:30,BUY,0.0965712326,53.0603,5.633,activity_usdcSize,0x2e04e3e7498c9c9f8498a01620db810c53280daf0b446ead58e47d9096530c6b,True,True,True,weather_trades_normalized.csv:5602|api_trades:11127|activity.csv:6104|api_activity:6103,NEAREST_SIZE_MATCH,,,,,,,,,,,0.0965712326,9.65712326,5—10美分
2026-04-10__beijing__high,2026-04-10,Beijing,high,BEIJING_STATION_UNCONFIRMED,0x25c5d7820aaeede3f24923ffd64aea7c187417b2200b13e04aa81f3d7f43f22a,highest-temperature-in-beijing-on-april-10-2026,highest-temperature-in-beijing-on-april-10-2026-28c,7314915972641966087518601253963962888209003108027579895112387864197250308361,Yes,28°C,exact,28.0,28.0,C,1775758979,2026-04-09T18:22:59+00:00,2026-04-10T02:22:59+08:00,D0_0000_0800,02:00—02:30,BUY,0.1,4.04444,0.404444,activity_usdcSize,0x3cd95db9b036cc30dce26d2fc48406e478d31ae0b941144eebdbcc7f7148a195,True,True,True,weather_trades_normalized.csv:5604|api_trades:11125|activity.csv:6106|api_activity:6105,EXACT_SIZE_MATCH,0.0965712326,0.0034287674000000046,PRICE_FLAT_ADD,0.10616223428815895,-0.006162234288158944,NEAR_AVERAGE_COST_ADD,0.0965712326,PRICE_FLAT_ADD,0.10616223428815895,NEAR_AVERAGE_COST_ADD,0.1,10.0,10—15美分
2026-04-10__beijing__high,2026-04-10,Beijing,high,BEIJING_STATION_UNCONFIRMED,0x25c5d7820aaeede3f24923ffd64aea7c187417b2200b13e04aa81f3d7f43f22a,highest-temperature-in-beijing-on-april-10-2026,highest-temperature-in-beijing-on-april-10-2026-28c,7314915972641966087518601253963962888209003108027579895112387864197250308361,Yes,28°C,exact,28.0,28.0,C,1775759121,2026-04-09T18:25:21+00:00,2026-04-10T02:25:21+08:00,D0_0000_0800,02:00—02:30,BUY,0.1,5.0,0.5,activity_usdcSize,0x8e373ce8498c6739e4795d80101573b09bd70b2b6d34e7689ae5e4b1982d71c0,True,True,True,weather_trades_normalized.csv:5607|api_trades:11122|activity.csv:6109|api_activity:6108,EXACT_SIZE_MATCH,0.1,0.0,PRICE_FLAT_ADD,0.10572579439114861,-0.005725794391148606,NEAR_AVERAGE_COST_ADD,0.1,PRICE_FLAT_ADD,0.10572579439114861,NEAR_AVERAGE_COST_ADD,0.1,10.0,10—15美分
2026-04-10__beijing__high,2026-04-10,Beijing,high,BEIJING_STATION_UNCONFIRMED,0x25c5d7820aaeede3f24923ffd64aea7c187417b2200b13e04aa81f3d7f43f22a,highest-temperature-in-beijing-on-april-10-2026,highest-temperature-in-beijing-on-april-10-2026-28c,7314915972641966087518601253963962888209003108027579895112387864197250308361,Yes,28°C,exact,28.0,28.0,C,1775759255,2026-04-09T18:27:35+00:00,2026-04-10T02:27:35+08:00,D0_0000_0800,02:00—02:30,BUY,0.1,90.95,9.095,activity_usdcSize,0xbb314285d382f1e8ceb22edf6320c69e33c250110d06deff2e3ed85f69327497,True,True,True,weather_trades_normalized.csv:5609|api_trades:11120|activity.csv:6111|api_activity:6110,EXACT_SIZE_MATCH,0.1,0.0,PRICE_FLAT_ADD,0.105264815535819,-0.005264815535818992,NEAR_AVERAGE_COST_ADD,0.1,PRICE_FLAT_ADD,0.105264815535819,NEAR_AVERAGE_COST_ADD,0.1,10.0,10—15美分
2026-04-10__beijing__high,2026-04-10,Beijing,high,BEIJING_STATION_UNCONFIRMED,0x0c6c01255898b3c29554ffbb6c62c9b078c8a4f38ce103eeda88c2a8e71804cf,highest-temperature-in-beijing-on-april-10-2026,highest-temperature-in-beijing-on-april-10-2026-29c,72851948402381344429998061411888232089833527553420043400232683084922512966013,Yes,29°C,exact,29.0,29.0,C,1775762255,2026-04-09T19:17:35+00:00,2026-04-10T03:17:35+08:00,D0_0000_0800,03:00—03:30,BUY,0.02,100.0,2.0,activity_usdcSize,0x67f164ed362adedd3c0ca4c9ce82af1698995e0daa5b2f85b8bf7f0b148394ff,True,True,True,weather_trades_normalized.csv:5624|api_trades:11104|activity.csv:6130|api_activity:6129,EXACT_SIZE_MATCH,,,,,,,,,,,0.02,2.0,2—5美分
2026-04-11__beijing__high,2026-04-11,Beijing,high,BEIJING_STATION_UNCONFIRMED,0x525faaacc19073224422e23501f1bd86d379f0568ff4e8500fd78c99d7440b9d,highest-temperature-in-beijing-on-april-11-2026,highest-temperature-in-beijing-on-april-11-2026-25c,106813676764205184102490603176372152923012438873110232960674037772817925719348,Yes,25°C,exact,25.0,25.0,C,1775778433,2026-04-09T23:47:13+00:00,2026-04-10T07:47:13+08:00,D-1_0000_1200,07:30—08:00,BUY,0.2,30.27,6.054,activity_usdcSize,0xe282efed435b22fee353acc6a4efa88cd47a940936997930aedb2f1352497d9d,True,True,True,weather_trades_normalized.csv:5672|api_trades:11053|activity.csv:6183|api_activity:6182,EXACT_SIZE_MATCH,,,,,,,,,,,0.2,20.0,20—30美分
2026-04-11__beijing__high,2026-04-11,Beijing,high,BEIJING_STATION_UNCONFIRMED,0x525faaacc19073224422e23501f1bd86d379f0568ff4e8500fd78c99d7440b9d,highest-temperature-in-beijing-on-april-11-2026,highest-temperature-in-beijing-on-april-11-2026-25c,106813676764205184102490603176372152923012438873110232960674037772817925719348,Yes,25°C,exact,25.0,25.0,C,1775779309,2026-04-10T00:01:49+00:00,2026-04-10T08:01:49+08:00,D-1_0000_1200,08:00—08:30,BUY,0.2,5.0,1.0,activity_usdcSize,0xde3fdff3dab4b9ff94107d8eee8f4ad6277837dc3f9253fa511ef8ba80b84fc7,True,True,True,weather_trades_normalized.csv:5677|api_trades:11048|activity.csv:6189|api_activity:6188,EXACT_SIZE_MATCH,0.2,0.0,PRICE_FLAT_ADD,0.2,0.0,NEAR_AVERAGE_COST_ADD,0.2,PRICE_FLAT_ADD,0.2,NEAR_AVERAGE_COST_ADD,0.2,20.0,20—30美分
2026-04-11__beijing__high,2026-04-11,Beijing,high,BEIJING_STATION_UNCONFIRMED,0x525faaacc19073224422e23501f1bd86d379f0568ff4e8500fd78c99d7440b9d,highest-temperature-in-beijing-on-april-11-2026,highest-temperature-in-beijing-on-april-11-2026-25c,106813676764205184102490603176372152923012438873110232960674037772817925719348,Yes,25°C,exact,25.0,25.0,C,1775779521,2026-04-10T00:05:21+00:00,2026-04-10T08:05:21+08:00,D-1_0000_1200,08:00—08:30,BUY,0.2,3.42,0.684,activity_usdcSize,0x2367861eb17cff52c9f31f5303e6abbb62a85bf62a1125299fbd4af01ee71d3c,True,True,True,weather_trades_normalized.csv:5679|api_trades:11046|activity.csv:6191|api_activity:6190,EXACT_SIZE_MATCH,0.2,0.0,PRICE_FLAT_ADD,0.20000000000000004,-2.7755575615628914e-17,NEAR_AVERAGE_COST_ADD,0.2,PRICE_FLAT_ADD,0.20000000000000004,NEAR_AVERAGE_COST_ADD,0.2,20.0,20—30美分
2026-04-11__beijing__high,2026-04-11,Beijing,high,BEIJING_STATION_UNCONFIRMED,0x525faaacc19073224422e23501f1bd86d379f0568ff4e8500fd78c99d7440b9d,highest-temperature-in-beijing-on-april-11-2026,highest-temperature-in-beijing-on-april-11-2026-25c,106813676764205184102490603176372152923012438873110232960674037772817925719348,Yes,25°C,exact,25.0,25.0,C,1775779521,2026-04-10T00:05:21+00:00,2026-04-10T08:05:21+08:00,D-1_0000_1200,08:00—08:30,BUY,0.2,6.31,1.262,activity_usdcSize,0x2a894f9bd0a673072bc644d13bb327a0e336f85e4f6d6148632cf6a52e0e0519,True,True,True,weather_trades_normalized.csv:5680|api_trades:11044|activity.csv:6192|api_activity:6191,EXACT_SIZE_MATCH,0.2,0.0,PRICE_FLAT_ADD,0.2,0.0,NEAR_AVERAGE_COST_ADD,0.2,PRICE_FLAT_ADD,0.2,NEAR_AVERAGE_COST_ADD,0.2,20.0,20—30美分
2026-04-11__beijing__high,2026-04-11,Beijing,high,BEIJING_STATION_UNCONFIRMED,0x525faaacc19073224422e23501f1bd86d379f0568ff4e8500fd78c99d7440b9d,highest-temperature-in-beijing-on-april-11-2026,highest-temperature-in-beijing-on-april-11-2026-25c,106813676764205184102490603176372152923012438873110232960674037772817925719348,Yes,25°C,exact,25.0,25.0,C,1775779521,2026-04-10T00:05:21+00:00,2026-04-10T08:05:21+08:00,D-1_0000_1200,08:00—08:30,BUY,0.2,5.0,1.0,activity_usdcSize,0x2af72e306b19d04ee67e1c1aeb33a67e824f5c8c3f081aaa42753f0490ed0a2c,True,True,True,weather_trades_normalized.csv:5681|api_trades:11045|activity.csv:6193|api_activity:6192,EXACT_SIZE_MATCH,0.2,0.0,PRICE_FLAT_ADD,0.2,0.0,NEAR_AVERAGE_COST_ADD,0.2,PRICE_FLAT_ADD,0.2,NEAR_AVERAGE_COST_ADD,0.2,20.0,20—30美分
2026-04-10__beijing__high,2026-04-10,Beijing,high,BEIJING_STATION_UNCONFIRMED,0x2ed729fcd118fa4ac17a54a28f09a14ed45b9eade4823e65ebaa24c899af6b63,highest-temperature-in-beijing-on-april-10-2026,highest-temperature-in-beijing-on-april-10-2026-27c,5662461823834211128638062890763829339450710958343943212540617379823987546346,Yes,27°C,exact,27.0,27.0,C,1775802461,2026-04-10T06:27:41+00:00,2026-04-10T14:27:41+08:00,D0_1400_1500,14:00—14:30,BUY,0.0986956522,57.54926,6.2425,activity_usdcSize,0x623b87780fdd9bf347dff3670bbbbd577fc1ee9c90afd34ddd504a19bf883a25,True,True,True,weather_trades_normalized.csv:5689|api_trades:11037|activity.csv:6203|api_activity:6202,NEAREST_SIZE_MATCH,,,,,,,,,,,0.0986956522,9.86956522,5—10美分
2026-04-10__beijing__high,2026-04-10,Beijing,high,BEIJING_STATION_UNCONFIRMED,0x2ed729fcd118fa4ac17a54a28f09a14ed45b9eade4823e65ebaa24c899af6b63,highest-temperature-in-beijing-on-april-10-2026,highest-temperature-in-beijing-on-april-10-2026-27c,5662461823834211128638062890763829339450710958343943212540617379823987546346,Yes,27°C,exact,27.0,27.0,C,1775802465,2026-04-10T06:27:45+00:00,2026-04-10T14:27:45+08:00,D0_1400_1500,14:00—14:30,BUY,0.1,2.21111,0.221111,activity_usdcSize,0xa44a50689a7ba75c239c6c4a7a5fde266c185d7db868f7cfeeae85bd5f4d1dc9,True,True,True,weather_trades_normalized.csv:5690|api_trades:11036|activity.csv:6204|api_activity:6203,EXACT_SIZE_MATCH,0.0986956522,0.001304347800000008,PRICE_FLAT_ADD,0.1084722896523778,-0.008472289652377799,NEAR_AVERAGE_COST_ADD,0.0986956522,PRICE_FLAT_ADD,0.1084722896523778,NEAR_AVERAGE_COST_ADD,0.1,10.0,10—15美分
2026-04-10__beijing__high,2026-04-10,Beijing,high,BEIJING_STATION_UNCONFIRMED,0x2ed729fcd118fa4ac17a54a28f09a14ed45b9eade4823e65ebaa24c899af6b63,highest-temperature-in-beijing-on-april-10-2026,highest-temperature-in-beijing-on-april-10-2026-27c,5662461823834211128638062890763829339450710958343943212540617379823987546346,Yes,27°C,exact,27.0,27.0,C,1775802469,2026-04-10T06:27:49+00:00,2026-04-10T14:27:49+08:00,D0_1400_1500,14:00—14:30,BUY,0.1,34.53,3.453,activity_usdcSize,0xe0855a73db3c172c7642a0e030abe7131a3f56ca6dd30e18efadb2e52130e3b7,True,True,True,weather_trades_normalized.csv:5691|api_trades:11035|activity.csv:6205|api_activity:6204,EXACT_SIZE_MATCH,0.1,0.0,PRICE_FLAT_ADD,0.1081588182937957,-0.008158818293795694,NEAR_AVERAGE_COST_ADD,0.1,PRICE_FLAT_ADD,0.1081588182937957,NEAR_AVERAGE_COST_ADD,0.1,10.0,10—15美分
2026-04-10__beijing__high,2026-04-10,Beijing,high,BEIJING_STATION_UNCONFIRMED,0x6a072675fd1dc586318109386261e9281ae0ef5fdb2d75b6dc2e977410af3e77,highest-temperature-in-beijing-on-april-10-2026,highest-temperature-in-beijing-on-april-10-2026-30corhigher,7481930545377259399054838205991077985864977698649883349267284590212568910181,Yes,30°C or higher,above,30.0,,C,1775802515,2026-04-10T06:28:35+00:00,2026-04-10T14:28:35+08:00,D0_1400_1500,14:00—14:30,BUY,0.0650077651,37.3569,2.67897,activity_usdcSize,0x61578b4f1069a67ae7d6c3be28dfaae194a5961d4b1f5b7e9ff67e898bd6c90b,True,True,True,weather_trades_normalized.csv:5692|api_trades:11034|activity.csv:6206|api_activity:6205,NEAREST_SIZE_MATCH,,,,,,,,,,,0.0650077651,6.500776510000001,5—10美分
2026-04-10__beijing__high,2026-04-10,Beijing,high,BEIJING_STATION_UNCONFIRMED,0x6a072675fd1dc586318109386261e9281ae0ef5fdb2d75b6dc2e977410af3e77,highest-temperature-in-beijing-on-april-10-2026,highest-temperature-in-beijing-on-april-10-2026-30corhigher,7481930545377259399054838205991077985864977698649883349267284590212568910181,Yes,30°C or higher,above,30.0,,C,1775802591,2026-04-10T06:29:51+00:00,2026-04-10T14:29:51+08:00,D0_1400_1500,14:00—14:30,BUY,0.0707827176,28.97208,2.2608,activity_usdcSize,0xdb2b18ad22448a00fadb13a59eb836255938dd107ddee1eb84bb1113c588e8e3,True,True,True,weather_trades_normalized.csv:5693|api_trades:11033|activity.csv:6207|api_activity:6206,NEAREST_SIZE_MATCH,0.0650077651,0.0057749525,PRICE_FLAT_ADD,0.0717128562594862,-0.0009301386594861988,NEAR_AVERAGE_COST_ADD,0.0650077651,PRICE_FLAT_ADD,0.0717128562594862,NEAR_AVERAGE_COST_ADD,0.0707827176,7.078271760000001,5—10美分
2026-04-10__beijing__high,2026-04-10,Beijing,high,BEIJING_STATION_UNCONFIRMED,0x6a072675fd1dc586318109386261e9281ae0ef5fdb2d75b6dc2e977410af3e77,highest-temperature-in-beijing-on-april-10-2026,highest-temperature-in-beijing-on-april-10-2026-30corhigher,7481930545377259399054838205991077985864977698649883349267284590212568910181,Yes,30°C or higher,above,30.0,,C,1775804459,2026-04-10T07:00:59+00:00,2026-04-10T15:00:59+08:00,D0_1500_1600,15:00—15:30,BUY,0.224,19.62868,4.76672,activity_usdcSize,0x293bd7b5cfe302ea6dd05f6d72d2ab26ccfe4dd637c02b0844bd1ab8ceae43c8,True,True,True,weather_trades_normalized.csv:5700|api_trades:11027|activity.csv:6214|api_activity:6213,NEAREST_SIZE_MATCH,0.0707827176,0.1532172824,PRICE_UP_ADD,0.0744737820482088,0.14952621795179122,ABOVE_AVERAGE_COST_ADD,0.0707827176,PRICE_UP_ADD,0.0744737820482088,ABOVE_AVERAGE_COST_ADD,0.224,22.400000000000002,20—30美分
2026-04-12__beijing__high,2026-04-12,Beijing,high,BEIJING_STATION_UNCONFIRMED,0xb5c733dfe83d7d7e89846f3af5b4f243aa956807657f83c5f77b9dcf45981c2b,highest-temperature-in-beijing-on-april-12-2026,highest-temperature-in-beijing-on-april-12-2026-28c,12355713181172947592638013110236552574095728745534485211557343846492448080707,Yes,28°C,exact,28.0,28.0,C,1775970855,2026-04-12T05:14:15+00:00,2026-04-12T13:14:15+08:00,D0_1300_1400,13:00—13:30,BUY,0.035,100.0,3.5,activity_usdcSize,0xcc3f6ae647330547bd6acf3e4d92b6189c049b2fc8a5e76d850ba4c0a4fd2161,True,True,True,weather_trades_normalized.csv:5972|api_trades:10807|activity.csv:6492|api_activity:6491,EXACT_SIZE_MATCH,,,,,,,,,,,0.035,3.5000000000000004,2—5美分
2026-04-12__beijing__high,2026-04-12,Beijing,high,BEIJING_STATION_UNCONFIRMED,0xaba9c660b2ef3bc0d26bb1985d07d883f96422237a54dd9b07150598047d2b6f,highest-temperature-in-beijing-on-april-12-2026,highest-temperature-in-beijing-on-april-12-2026-25c,49477685169144210452458870402737327173031478570655958087296690009894183521127,Yes,25°C,exact,25.0,25.0,C,1775971071,2026-04-12T05:17:51+00:00,2026-04-12T13:17:51+08:00,D0_1300_1400,13:00—13:30,BUY,0.177,25.84244,4.98432,activity_usdcSize,0x9d14acd31bdbf6407ff2613ab1982c0e5352381f08655831f7471b8513bdf75a,True,True,True,weather_trades_normalized.csv:5976|api_trades:10806|activity.csv:6496|api_activity:6495,NEAREST_SIZE_MATCH,,,,,,,,,,,0.177,17.7,15—20美分
2026-04-12__beijing__high,2026-04-12,Beijing,high,BEIJING_STATION_UNCONFIRMED,0xc4bbbce4959f6760d3a7c600a0278549b124215e182bd6e0773e5538a154a53e,highest-temperature-in-beijing-on-april-12-2026,highest-temperature-in-beijing-on-april-12-2026-24c,101012057080355263453179390780222283811173366480159130386435335556779546171582,Yes,24°C,exact,24.0,24.0,C,1775971213,2026-04-12T05:20:13+00:00,2026-04-12T13:20:13+08:00,D0_1300_1400,13:00—13:30,BUY,0.0225416431,95.54872,2.38716,activity_usdcSize,0xe8a50ffb5e5e5fbf45b159206a31d22ad7e2022720e16225d3b33c4d93eef739,True,True,True,weather_trades_normalized.csv:5977|api_trades:10805|activity.csv:6497|api_activity:6496,NEAREST_SIZE_MATCH,,,,,,,,,,,0.0225416431,2.25416431,2—5美分
2026-04-12__beijing__high,2026-04-12,Beijing,high,BEIJING_STATION_UNCONFIRMED,0x5a649caa067bd1f29b09a2e0f1f7958facbbb8a72288c89c42b202d8f61fda7f,highest-temperature-in-beijing-on-april-12-2026,highest-temperature-in-beijing-on-april-12-2026-27c,10956926699793678265867923869474856358247559887613039244361011186361177855267,Yes,27°C,exact,27.0,27.0,C,1775980487,2026-04-12T07:54:47+00:00,2026-04-12T15:54:47+08:00,D0_1500_1600,15:30—16:00,BUY,0.1019878472,41.94196,4.6996,activity_usdcSize,0x155f5099fefaa3d45bc08c8e87327c817ed6835edf8270a5159ad5d7199725f7,True,True,True,weather_trades_normalized.csv:6011|api_trades:10785|activity.csv:6544|api_activity:6543,NEAREST_SIZE_MATCH,,,,,,,,,,,0.1019878472,10.198784719999999,10—15美分
2026-04-12__beijing__high,2026-04-12,Beijing,high,BEIJING_STATION_UNCONFIRMED,0xb5c733dfe83d7d7e89846f3af5b4f243aa956807657f83c5f77b9dcf45981c2b,highest-temperature-in-beijing-on-april-12-2026,highest-temperature-in-beijing-on-april-12-2026-28c,12355713181172947592638013110236552574095728745534485211557343846492448080707,Yes,28°C,exact,28.0,28.0,C,1775980567,2026-04-12T07:56:07+00:00,2026-04-12T15:56:07+08:00,D0_1500_1600,15:30—16:00,BUY,0.002,196.32462,0.43618,activity_usdcSize,0xa958ad08d7b28d50c1ba7b1727afe9e6e553f2b64d12e6839113f13ce141d10a,True,True,True,weather_trades_normalized.csv:6012|api_trades:10784|activity.csv:6545|api_activity:6544,NEAREST_SIZE_MATCH,0.035,-0.033,PRICE_DOWN_ADD,0.035,-0.033,BELOW_AVERAGE_COST_ADD,0.035,PRICE_DOWN_ADD,0.035,BELOW_AVERAGE_COST_ADD,0.002,0.2,0—1美分
2026-04-12__beijing__high,2026-04-12,Beijing,high,BEIJING_STATION_UNCONFIRMED,0xb5c733dfe83d7d7e89846f3af5b4f243aa956807657f83c5f77b9dcf45981c2b,highest-temperature-in-beijing-on-april-12-2026,highest-temperature-in-beijing-on-april-12-2026-28c,12355713181172947592638013110236552574095728745534485211557343846492448080707,Yes,28°C,exact,28.0,28.0,C,1775980573,2026-04-12T07:56:13+00:00,2026-04-12T15:56:13+08:00,D0_1500_1600,15:30—16:00,BUY,0.002,25.0,0.05,activity_usdcSize,0x9651f6892a076873bc0bcc8794f14669ba7d737233cad76a0ce25b8f79609e5b,True,True,True,weather_trades_normalized.csv:6013|api_trades:10783|activity.csv:6546|api_activity:6545,EXACT_SIZE_MATCH,0.002,0.0,PRICE_FLAT_ADD,0.013283337712539716,-0.011283337712539716,BELOW_AVERAGE_COST_ADD,0.002,PRICE_FLAT_ADD,0.013283337712539716,BELOW_AVERAGE_COST_ADD,0.002,0.2,0—1美分
2026-04-12__beijing__high,2026-04-12,Beijing,high,BEIJING_STATION_UNCONFIRMED,0xb5c733dfe83d7d7e89846f3af5b4f243aa956807657f83c5f77b9dcf45981c2b,highest-temperature-in-beijing-on-april-12-2026,highest-temperature-in-beijing-on-april-12-2026-28c,12355713181172947592638013110236552574095728745534485211557343846492448080707,Yes,28°C,exact,28.0,28.0,C,1775980577,2026-04-12T07:56:17+00:00,2026-04-12T15:56:17+08:00,D0_1500_1600,15:30—16:00,BUY,0.002,25.0,0.05,activity_usdcSize,0xaeedf07d74195c0254624abda9e420d68d53a7905d40c65491716b53932cb317,True,True,True,weather_trades_normalized.csv:6014|api_trades:10782|activity.csv:6547|api_activity:6546,EXACT_SIZE_MATCH,0.002,0.0,PRICE_FLAT_ADD,0.012405460870069652,-0.010405460870069652,BELOW_AVERAGE_COST_ADD,0.002,PRICE_FLAT_ADD,0.012405460870069652,BELOW_AVERAGE_COST_ADD,0.002,0.2,0—1美分
2026-04-12__beijing__high,2026-04-12,Beijing,high,BEIJING_STATION_UNCONFIRMED,0xb5c733dfe83d7d7e89846f3af5b4f243aa956807657f83c5f77b9dcf45981c2b,highest-temperature-in-beijing-on-april-12-2026,highest-temperature-in-beijing-on-april-12-2026-28c,12355713181172947592638013110236552574095728745534485211557343846492448080707,Yes,28°C,exact,28.0,28.0,C,1775980583,2026-04-12T07:56:23+00:00,2026-04-12T15:56:23+08:00,D0_1500_1600,15:30—16:00,BUY,0.002,25.0,0.05,activity_usdcSize,0xd7ec561d215ac44d5eb3cbe33d847f575620c4b0380843eb816fb1fbc8df3536,True,True,True,weather_trades_normalized.csv:6015|api_trades:10781|activity.csv:6548|api_activity:6547,EXACT_SIZE_MATCH,0.002,0.0,PRICE_FLAT_ADD,0.011654325932704409,-0.009654325932704409,NEAR_AVERAGE_COST_ADD,0.002,PRICE_FLAT_ADD,0.011654325932704409,NEAR_AVERAGE_COST_ADD,0.002,0.2,0—1美分
2026-04-12__beijing__high,2026-04-12,Beijing,high,BEIJING_STATION_UNCONFIRMED,0xb5c733dfe83d7d7e89846f3af5b4f243aa956807657f83c5f77b9dcf45981c2b,highest-temperature-in-beijing-on-april-12-2026,highest-temperature-in-beijing-on-april-12-2026-28c,12355713181172947592638013110236552574095728745534485211557343846492448080707,Yes,28°C,exact,28.0,28.0,C,1775980589,2026-04-12T07:56:29+00:00,2026-04-12T15:56:29+08:00,D0_1500_1600,15:30—16:00,BUY,0.002,25.0,0.05,activity_usdcSize,0x4a8d5526b6b1738d1749a62af1f25e35a5c6c6a94ce87c5cc67c0cfd2e49d49b,True,True,True,weather_trades_normalized.csv:6016|api_trades:10780|activity.csv:6549|api_activity:6548,EXACT_SIZE_MATCH,0.002,0.0,PRICE_FLAT_ADD,0.011004333620539354,-0.009004333620539354,NEAR_AVERAGE_COST_ADD,0.002,PRICE_FLAT_ADD,0.011004333620539354,NEAR_AVERAGE_COST_ADD,0.002,0.2,0—1美分
2026-04-12__beijing__high,2026-04-12,Beijing,high,BEIJING_STATION_UNCONFIRMED,0xb5c733dfe83d7d7e89846f3af5b4f243aa956807657f83c5f77b9dcf45981c2b,highest-temperature-in-beijing-on-april-12-2026,highest-temperature-in-beijing-on-april-12-2026-28c,12355713181172947592638013110236552574095728745534485211557343846492448080707,Yes,28°C,exact,28.0,28.0,C,1775980707,2026-04-12T07:58:27+00:00,2026-04-12T15:58:27+08:00,D0_1500_1600,15:30—16:00,BUY,0.002,20.0,0.04,activity_usdcSize,0xa9da3448419c7656a5be9b9c3084b0de42dfc8cd0272f88a89736df85deeea2a,True,True,True,weather_trades_normalized.csv:6017|api_trades:10779|activity.csv:6550|api_activity:6549,EXACT_SIZE_MATCH,0.002,0.0,PRICE_FLAT_ADD,0.010436343823404158,-0.008436343823404158,NEAR_AVERAGE_COST_ADD,0.002,PRICE_FLAT_ADD,0.010436343823404158,NEAR_AVERAGE_COST_ADD,0.002,0.2,0—1美分
2026-04-12__beijing__high,2026-04-12,Beijing,high,BEIJING_STATION_UNCONFIRMED,0xb5c733dfe83d7d7e89846f3af5b4f243aa956807657f83c5f77b9dcf45981c2b,highest-temperature-in-beijing-on-april-12-2026,highest-temperature-in-beijing-on-april-12-2026-28c,12355713181172947592638013110236552574095728745534485211557343846492448080707,Yes,28°C,exact,28.0,28.0,C,1775980783,2026-04-12T07:59:43+00:00,2026-04-12T15:59:43+08:00,D0_1500_1600,15:30—16:00,BUY,0.002,8.126,0.016252,activity_usdcSize,0x08136c8d02393018b9d5291f223dca7d294e950c17fbf8b3397e938ddc97cd9e,True,True,True,weather_trades_normalized.csv:6018|api_trades:10778|activity.csv:6551|api_activity:6550,EXACT_SIZE_MATCH,0.002,0.0,PRICE_FLAT_ADD,0.01003106662296359,-0.00803106662296359,NEAR_AVERAGE_COST_ADD,0.002,PRICE_FLAT_ADD,0.01003106662296359,NEAR_AVERAGE_COST_ADD,0.002,0.2,0—1美分
2026-04-12__beijing__high,2026-04-12,Beijing,high,BEIJING_STATION_UNCONFIRMED,0xb5c733dfe83d7d7e89846f3af5b4f243aa956807657f83c5f77b9dcf45981c2b,highest-temperature-in-beijing-on-april-12-2026,highest-temperature-in-beijing-on-april-12-2026-28c,12355713181172947592638013110236552574095728745534485211557343846492448080707,Yes,28°C,exact,28.0,28.0,C,1775980809,2026-04-12T08:00:09+00:00,2026-04-12T16:00:09+08:00,D0_1600_1800,16:00—16:30,BUY,0.002,150.16,0.30032,activity_usdcSize,0xd165a7d297957c91989c559c504ce35fe83359360d74bdee7640c2337a8a54c2,True,True,True,weather_trades_normalized.csv:6019|api_trades:10777|activity.csv:6552|api_activity:6551,EXACT_SIZE_MATCH,0.002,0.0,PRICE_FLAT_ADD,0.009877313879291777,-0.007877313879291777,NEAR_AVERAGE_COST_ADD,0.002,PRICE_FLAT_ADD,0.009877313879291777,NEAR_AVERAGE_COST_ADD,0.002,0.2,0—1美分
2026-04-12__beijing__high,2026-04-12,Beijing,high,BEIJING_STATION_UNCONFIRMED,0xb5c733dfe83d7d7e89846f3af5b4f243aa956807657f83c5f77b9dcf45981c2b,highest-temperature-in-beijing-on-april-12-2026,highest-temperature-in-beijing-on-april-12-2026-28c,12355713181172947592638013110236552574095728745534485211557343846492448080707,Yes,28°C,exact,28.0,28.0,C,1775980813,2026-04-12T08:00:13+00:00,2026-04-12T16:00:13+08:00,D0_1600_1800,16:00—16:30,BUY,0.002,3.006,0.006012,activity_usdcSize,0xd8b24996bec0c7988b0b99e23b64b34a387fd4a499cc0f34edece5d7e3c98438,True,True,True,weather_trades_normalized.csv:6020|api_trades:10776|activity.csv:6553|api_activity:6552,EXACT_SIZE_MATCH,0.002,0.0,PRICE_FLAT_ADD,0.00781877647858301,-0.0058187764785830095,NEAR_AVERAGE_COST_ADD,0.002,PRICE_FLAT_ADD,0.00781877647858301,NEAR_AVERAGE_COST_ADD,0.002,0.2,0—1美分
2026-04-12__beijing__high,2026-04-12,Beijing,high,BEIJING_STATION_UNCONFIRMED,0xb5c733dfe83d7d7e89846f3af5b4f243aa956807657f83c5f77b9dcf45981c2b,highest-temperature-in-beijing-on-april-12-2026,highest-temperature-in-beijing-on-april-12-2026-28c,12355713181172947592638013110236552574095728745534485211557343846492448080707,Yes,28°C,exact,28.0,28.0,C,1775980833,2026-04-12T08:00:33+00:00,2026-04-12T16:00:33+08:00,D0_1600_1800,16:00—16:30,BUY,0.002,18.61,0.03722,activity_usdcSize,0x75aa8d6bad16b4c74258736a720c7be172364e1e694442b9e5d7793af5f277a9,True,True,True,weather_trades_normalized.csv:6021|api_trades:10775|activity.csv:6554|api_activity:6553,EXACT_SIZE_MATCH,0.002,0.0,PRICE_FLAT_ADD,0.007788494728562347,-0.005788494728562347,NEAR_AVERAGE_COST_ADD,0.002,PRICE_FLAT_ADD,0.007788494728562347,NEAR_AVERAGE_COST_ADD,0.002,0.2,0—1美分
2026-04-17__beijing__high,2026-04-17,Beijing,high,BEIJING_STATION_UNCONFIRMED,0x252747260d064cd141ee367416d9299782d838bdc47bdc3c3b529b666d615f34,highest-temperature-in-beijing-on-april-17-2026,highest-temperature-in-beijing-on-april-17-2026-23c,27701208381100469664000365459050433484511931667472767504009623310903022070502,Yes,23°C,exact,23.0,23.0,C,1776409884,2026-04-17T07:11:24+00:00,2026-04-17T15:11:24+08:00,D0_1500_1600,15:00—15:30,BUY,0.3,4.7,1.41,activity_usdcSize,0x612f5123d3200bf908a0196405e9b348d75af5b863a6c4137143bbae555ec421,True,True,True,weather_trades_normalized.csv:6862|api_trades:10114|activity.csv:7433|api_activity:7432,EXACT_SIZE_MATCH,,,,,,,,,,,0.3,30.0,30—40美分
2026-04-17__beijing__high,2026-04-17,Beijing,high,BEIJING_STATION_UNCONFIRMED,0x252747260d064cd141ee367416d9299782d838bdc47bdc3c3b529b666d615f34,highest-temperature-in-beijing-on-april-17-2026,highest-temperature-in-beijing-on-april-17-2026-23c,27701208381100469664000365459050433484511931667472767504009623310903022070502,Yes,23°C,exact,23.0,23.0,C,1776409890,2026-04-17T07:11:30+00:00,2026-04-17T15:11:30+08:00,D0_1500_1600,15:00—15:30,BUY,0.3,3.79,1.137,activity_usdcSize,0x33556f94adad1ebe75784cb9bae228e5e70674441285d1d06805d8f289c3317b,True,True,True,weather_trades_normalized.csv:6863|api_trades:10113|activity.csv:7434|api_activity:7433,EXACT_SIZE_MATCH,0.3,0.0,PRICE_FLAT_ADD,0.3,0.0,NEAR_AVERAGE_COST_ADD,0.3,PRICE_FLAT_ADD,0.3,NEAR_AVERAGE_COST_ADD,0.3,30.0,30—40美分
2026-04-17__beijing__high,2026-04-17,Beijing,high,BEIJING_STATION_UNCONFIRMED,0x252747260d064cd141ee367416d9299782d838bdc47bdc3c3b529b666d615f34,highest-temperature-in-beijing-on-april-17-2026,highest-temperature-in-beijing-on-april-17-2026-23c,27701208381100469664000365459050433484511931667472767504009623310903022070502,Yes,23°C,exact,23.0,23.0,C,1776409890,2026-04-17T07:11:30+00:00,2026-04-17T15:11:30+08:00,D0_1500_1600,15:00—15:30,BUY,0.3,5.0,1.5,activity_usdcSize,0x3a82125a97e2208ec1961e2549997e60b59031abfa7d8ffdb3978048a7e07a42,True,True,True,weather_trades_normalized.csv:6864|api_trades:10112|activity.csv:7435|api_activity:7434,EXACT_SIZE_MATCH,0.3,0.0,PRICE_FLAT_ADD,0.29999999999999993,5.551115123125783e-17,NEAR_AVERAGE_COST_ADD,0.3,PRICE_FLAT_ADD,0.29999999999999993,NEAR_AVERAGE_COST_ADD,0.3,30.0,30—40美分
2026-04-17__beijing__high,2026-04-17,Beijing,high,BEIJING_STATION_UNCONFIRMED,0x252747260d064cd141ee367416d9299782d838bdc47bdc3c3b529b666d615f34,highest-temperature-in-beijing-on-april-17-2026,highest-temperature-in-beijing-on-april-17-2026-23c,27701208381100469664000365459050433484511931667472767504009623310903022070502,Yes,23°C,exact,23.0,23.0,C,1776409898,2026-04-17T07:11:38+00:00,2026-04-17T15:11:38+08:00,D0_1500_1600,15:00—15:30,BUY,0.3,5.0,1.5,activity_usdcSize,0x098b52f952f16a932da8ea6bddc6a0ce2731eaf543dbab6e9f2a808b138996e0,True,True,True,weather_trades_normalized.csv:6865|api_trades:10109|activity.csv:7436|api_activity:7435,EXACT_SIZE_MATCH,0.3,0.0,PRICE_FLAT_ADD,0.3,0.0,NEAR_AVERAGE_COST_ADD,0.3,PRICE_FLAT_ADD,0.3,NEAR_AVERAGE_COST_ADD,0.3,30.0,30—40美分
2026-04-17__beijing__high,2026-04-17,Beijing,high,BEIJING_STATION_UNCONFIRMED,0x252747260d064cd141ee367416d9299782d838bdc47bdc3c3b529b666d615f34,highest-temperature-in-beijing-on-april-17-2026,highest-temperature-in-beijing-on-april-17-2026-23c,27701208381100469664000365459050433484511931667472767504009623310903022070502,Yes,23°C,exact,23.0,23.0,C,1776409898,2026-04-17T07:11:38+00:00,2026-04-17T15:11:38+08:00,D0_1500_1600,15:00—15:30,BUY,0.3,5.0,1.5,activity_usdcSize,0x1e1d9d80f90d7b1f67c4d32285b24251c152b0209cb4be24b2711c63ef58a74e,True,True,True,weather_trades_normalized.csv:6866|api_trades:10110|activity.csv:7437|api_activity:7436,EXACT_SIZE_MATCH,0.3,0.0,PRICE_FLAT_ADD,0.29999999999999993,5.551115123125783e-17,NEAR_AVERAGE_COST_ADD,0.3,PRICE_FLAT_ADD,0.29999999999999993,NEAR_AVERAGE_COST_ADD,0.3,30.0,30—40美分
2026-04-17__beijing__high,2026-04-17,Beijing,high,BEIJING_STATION_UNCONFIRMED,0x252747260d064cd141ee367416d9299782d838bdc47bdc3c3b529b666d615f34,highest-temperature-in-beijing-on-april-17-2026,highest-temperature-in-beijing-on-april-17-2026-23c,27701208381100469664000365459050433484511931667472767504009623310903022070502,Yes,23°C,exact,23.0,23.0,C,1776409898,2026-04-17T07:11:38+00:00,2026-04-17T15:11:38+08:00,D0_1500_1600,15:00—15:30,BUY,0.3,4.7,1.41,activity_usdcSize,0x9d426f455e724b979432f0a4152990fe8dea7beb06081fea1d9357b9e6e1fe77,True,True,True,weather_trades_normalized.csv:6867|api_trades:10111|activity.csv:7438|api_activity:7437,EXACT_SIZE_MATCH,0.3,0.0,PRICE_FLAT_ADD,0.3,0.0,NEAR_AVERAGE_COST_ADD,0.3,PRICE_FLAT_ADD,0.3,NEAR_AVERAGE_COST_ADD,0.3,30.0,30—40美分
2026-04-17__beijing__high,2026-04-17,Beijing,high,BEIJING_STATION_UNCONFIRMED,0x252747260d064cd141ee367416d9299782d838bdc47bdc3c3b529b666d615f34,highest-temperature-in-beijing-on-april-17-2026,highest-temperature-in-beijing-on-april-17-2026-23c,27701208381100469664000365459050433484511931667472767504009623310903022070502,Yes,23°C,exact,23.0,23.0,C,1776409910,2026-04-17T07:11:50+00:00,2026-04-17T15:11:50+08:00,D0_1500_1600,15:00—15:30,BUY,0.3,5.0,1.5,activity_usdcSize,0x1c48a271ed8f7fe2dce30e0bca0685821186f4d12642f715f59f1b896c663f0c,True,True,True,weather_trades_normalized.csv:6868|api_trades:10108|activity.csv:7439|api_activity:7438,EXACT_SIZE_MATCH,0.3,0.0,PRICE_FLAT_ADD,0.29999999999999993,5.551115123125783e-17,NEAR_AVERAGE_COST_ADD,0.3,PRICE_FLAT_ADD,0.29999999999999993,NEAR_AVERAGE_COST_ADD,0.3,30.0,30—40美分
2026-04-17__beijing__high,2026-04-17,Beijing,high,BEIJING_STATION_UNCONFIRMED,0x252747260d064cd141ee367416d9299782d838bdc47bdc3c3b529b666d615f34,highest-temperature-in-beijing-on-april-17-2026,highest-temperature-in-beijing-on-april-17-2026-23c,27701208381100469664000365459050433484511931667472767504009623310903022070502,Yes,23°C,exact,23.0,23.0,C,1776409910,2026-04-17T07:11:50+00:00,2026-04-17T15:11:50+08:00,D0_1500_1600,15:00—15:30,BUY,0.3,2.03,0.609,activity_usdcSize,0x21d20d4f64529704d06a9e18a92860c0ba7baf5c5ddaf9072658e58c20c5e0c7,True,True,True,weather_trades_normalized.csv:6869|api_trades:10107|activity.csv:7440|api_activity:7439,EXACT_SIZE_MATCH,0.3,0.0,PRICE_FLAT_ADD,0.3,0.0,NEAR_AVERAGE_COST_ADD,0.3,PRICE_FLAT_ADD,0.3,NEAR_AVERAGE_COST_ADD,0.3,30.0,30—40美分
2026-04-17__beijing__high,2026-04-17,Beijing,high,BEIJING_STATION_UNCONFIRMED,0x252747260d064cd141ee367416d9299782d838bdc47bdc3c3b529b666d615f34,highest-temperature-in-beijing-on-april-17-2026,highest-temperature-in-beijing-on-april-17-2026-23c,27701208381100469664000365459050433484511931667472767504009623310903022070502,Yes,23°C,exact,23.0,23.0,C,1776409916,2026-04-17T07:11:56+00:00,2026-04-17T15:11:56+08:00,D0_1500_1600,15:00—15:30,BUY,0.3,5.0,1.5,activity_usdcSize,0x6b06bc987ffbb854113962a065015f2b05418d481b8becc4090cfaacb4e5cfaf,True,True,True,weather_trades_normalized.csv:6870|api_trades:10105|activity.csv:7441|api_activity:7440,EXACT_SIZE_MATCH,0.3,0.0,PRICE_FLAT_ADD,0.3,0.0,NEAR_AVERAGE_COST_ADD,0.3,PRICE_FLAT_ADD,0.3,NEAR_AVERAGE_COST_ADD,0.3,30.0,30—40美分
2026-04-17__beijing__high,2026-04-17,Beijing,high,BEIJING_STATION_UNCONFIRMED,0x252747260d064cd141ee367416d9299782d838bdc47bdc3c3b529b666d615f34,highest-temperature-in-beijing-on-april-17-2026,highest-temperature-in-beijing-on-april-17-2026-23c,27701208381100469664000365459050433484511931667472767504009623310903022070502,Yes,23°C,exact,23.0,23.0,C,1776409916,2026-04-17T07:11:56+00:00,2026-04-17T15:11:56+08:00,D0_1500_1600,15:00—15:30,BUY,0.3,4.7,1.41,activity_usdcSize,0xd8e84f40794c1dec9c22765a361623425fd0393c079d8afe1616d67de6b6ae4d,True,True,True,weather_trades_normalized.csv:6871|api_trades:10106|activity.csv:7442|api_activity:7441,EXACT_SIZE_MATCH,0.3,0.0,PRICE_FLAT_ADD,0.3,0.0,NEAR_AVERAGE_COST_ADD,0.3,PRICE_FLAT_ADD,0.3,NEAR_AVERAGE_COST_ADD,0.3,30.0,30—40美分
2026-04-17__beijing__high,2026-04-17,Beijing,high,BEIJING_STATION_UNCONFIRMED,0x252747260d064cd141ee367416d9299782d838bdc47bdc3c3b529b666d615f34,highest-temperature-in-beijing-on-april-17-2026,highest-temperature-in-beijing-on-april-17-2026-23c,27701208381100469664000365459050433484511931667472767504009623310903022070502,Yes,23°C,exact,23.0,23.0,C,1776409924,2026-04-17T07:12:04+00:00,2026-04-17T15:12:04+08:00,D0_1500_1600,15:00—15:30,BUY,0.3,6.0,1.8,activity_usdcSize,0x5aacc1db38817e5e32adf3c0280d3eb308110276100775d84206d51c25e3ab5f,True,True,True,weather_trades_normalized.csv:6872|api_trades:10104|activity.csv:7443|api_activity:7442,EXACT_SIZE_MATCH,0.3,0.0,PRICE_FLAT_ADD,0.3,0.0,NEAR_AVERAGE_COST_ADD,0.3,PRICE_FLAT_ADD,0.3,NEAR_AVERAGE_COST_ADD,0.3,30.0,30—40美分
2026-04-17__beijing__high,2026-04-17,Beijing,high,BEIJING_STATION_UNCONFIRMED,0x252747260d064cd141ee367416d9299782d838bdc47bdc3c3b529b666d615f34,highest-temperature-in-beijing-on-april-17-2026,highest-temperature-in-beijing-on-april-17-2026-23c,27701208381100469664000365459050433484511931667472767504009623310903022070502,Yes,23°C,exact,23.0,23.0,C,1776409926,2026-04-17T07:12:06+00:00,2026-04-17T15:12:06+08:00,D0_1500_1600,15:00—15:30,BUY,0.3,8.76,2.628,activity_usdcSize,0x09daa86d612e41e0a828852d0b5ee4f58a36059b0616ad96ddb89cf0a3004447,True,True,True,weather_trades_normalized.csv:6873|api_trades:10103|activity.csv:7444|api_activity:7443,EXACT_SIZE_MATCH,0.3,0.0,PRICE_FLAT_ADD,0.3,0.0,NEAR_AVERAGE_COST_ADD,0.3,PRICE_FLAT_ADD,0.3,NEAR_AVERAGE_COST_ADD,0.3,30.0,30—40美分
2026-04-17__beijing__high,2026-04-17,Beijing,high,BEIJING_STATION_UNCONFIRMED,0x252747260d064cd141ee367416d9299782d838bdc47bdc3c3b529b666d615f34,highest-temperature-in-beijing-on-april-17-2026,highest-temperature-in-beijing-on-april-17-2026-23c,27701208381100469664000365459050433484511931667472767504009623310903022070502,Yes,23°C,exact,23.0,23.0,C,1776409932,2026-04-17T07:12:12+00:00,2026-04-17T15:12:12+08:00,D0_1500_1600,15:00—15:30,BUY,0.3,1.8,0.54,activity_usdcSize,0x288fc850f7ef616aa1d908bc799c191b0913a939e8826bfac4c1eb450cf6447b,True,True,True,weather_trades_normalized.csv:6874|api_trades:10102|activity.csv:7445|api_activity:7444,EXACT_SIZE_MATCH,0.3,0.0,PRICE_FLAT_ADD,0.3,0.0,NEAR_AVERAGE_COST_ADD,0.3,PRICE_FLAT_ADD,0.3,NEAR_AVERAGE_COST_ADD,0.3,30.0,30—40美分
2026-04-17__beijing__high,2026-04-17,Beijing,high,BEIJING_STATION_UNCONFIRMED,0x252747260d064cd141ee367416d9299782d838bdc47bdc3c3b529b666d615f34,highest-temperature-in-beijing-on-april-17-2026,highest-temperature-in-beijing-on-april-17-2026-23c,27701208381100469664000365459050433484511931667472767504009623310903022070502,Yes,23°C,exact,23.0,23.0,C,1776409938,2026-04-17T07:12:18+00:00,2026-04-17T15:12:18+08:00,D0_1500_1600,15:00—15:30,BUY,0.3,4.7,1.41,activity_usdcSize,0xce1c97a7ae95290f72ba21606a85e9182922f034a60e7c80fd18adea98456734,True,True,True,weather_trades_normalized.csv:6875|api_trades:10101|activity.csv:7446|api_activity:7445,EXACT_SIZE_MATCH,0.3,0.0,PRICE_FLAT_ADD,0.3,0.0,NEAR_AVERAGE_COST_ADD,0.3,PRICE_FLAT_ADD,0.3,NEAR_AVERAGE_COST_ADD,0.3,30.0,30—40美分
2026-04-17__beijing__high,2026-04-17,Beijing,high,BEIJING_STATION_UNCONFIRMED,0x252747260d064cd141ee367416d9299782d838bdc47bdc3c3b529b666d615f34,highest-temperature-in-beijing-on-april-17-2026,highest-temperature-in-beijing-on-april-17-2026-23c,27701208381100469664000365459050433484511931667472767504009623310903022070502,Yes,23°C,exact,23.0,23.0,C,1776409940,2026-04-17T07:12:20+00:00,2026-04-17T15:12:20+08:00,D0_1500_1600,15:00—15:30,BUY,0.3,5.0,1.5,activity_usdcSize,0x483a39fc46508f27f95c37c463bffecca18e2cbce6e5f642de2fdc0ac9ccde9d,True,True,True,weather_trades_normalized.csv:6876|api_trades:10100|activity.csv:7447|api_activity:7446,EXACT_SIZE_MATCH,0.3,0.0,PRICE_FLAT_ADD,0.30000000000000004,-5.551115123125783e-17,NEAR_AVERAGE_COST_ADD,0.3,PRICE_FLAT_ADD,0.30000000000000004,NEAR_AVERAGE_COST_ADD,0.3,30.0,30—40美分
2026-04-17__beijing__high,2026-04-17,Beijing,high,BEIJING_STATION_UNCONFIRMED,0x252747260d064cd141ee367416d9299782d838bdc47bdc3c3b529b666d615f34,highest-temperature-in-beijing-on-april-17-2026,highest-temperature-in-beijing-on-april-17-2026-23c,27701208381100469664000365459050433484511931667472767504009623310903022070502,Yes,23°C,exact,23.0,23.0,C,1776409944,2026-04-17T07:12:24+00:00,2026-04-17T15:12:24+08:00,D0_1500_1600,15:00—15:30,BUY,0.3,5.0,1.5,activity_usdcSize,0x5fe7350ad2efa7b80fe2746250b48200551dde2a9682fa34b9b51798b760d7cc,True,True,True,weather_trades_normalized.csv:6877|api_trades:10099|activity.csv:7448|api_activity:7447,EXACT_SIZE_MATCH,0.3,0.0,PRICE_FLAT_ADD,0.30000000000000004,-5.551115123125783e-17,NEAR_AVERAGE_COST_ADD,0.3,PRICE_FLAT_ADD,0.30000000000000004,NEAR_AVERAGE_COST_ADD,0.3,30.0,30—40美分
2026-04-17__beijing__high,2026-04-17,Beijing,high,BEIJING_STATION_UNCONFIRMED,0x252747260d064cd141ee367416d9299782d838bdc47bdc3c3b529b666d615f34,highest-temperature-in-beijing-on-april-17-2026,highest-temperature-in-beijing-on-april-17-2026-23c,27701208381100469664000365459050433484511931667472767504009623310903022070502,Yes,23°C,exact,23.0,23.0,C,1776410022,2026-04-17T07:13:42+00:00,2026-04-17T15:13:42+08:00,D0_1500_1600,15:00—15:30,BUY,0.3,22.0,6.6,activity_usdcSize,0x9a8acab5fb5814995869b9981f518a0a92d4c27d89501d362b0d5ecd149af1f0,True,True,True,weather_trades_normalized.csv:6878|api_trades:10098|activity.csv:7449|api_activity:7448,EXACT_SIZE_MATCH,0.3,0.0,PRICE_FLAT_ADD,0.30000000000000004,-5.551115123125783e-17,NEAR_AVERAGE_COST_ADD,0.3,PRICE_FLAT_ADD,0.30000000000000004,NEAR_AVERAGE_COST_ADD,0.3,30.0,30—40美分
2026-04-17__beijing__high,2026-04-17,Beijing,high,BEIJING_STATION_UNCONFIRMED,0x252747260d064cd141ee367416d9299782d838bdc47bdc3c3b529b666d615f34,highest-temperature-in-beijing-on-april-17-2026,highest-temperature-in-beijing-on-april-17-2026-23c,27701208381100469664000365459050433484511931667472767504009623310903022070502,Yes,23°C,exact,23.0,23.0,C,1776410042,2026-04-17T07:14:02+00:00,2026-04-17T15:14:02+08:00,D0_1500_1600,15:00—15:30,BUY,0.3,1.82,0.546,activity_usdcSize,0xa1517fc131876f6047454e1b80ea477205fbfd1250696cea5d6760e687683c14,True,True,True,weather_trades_normalized.csv:6879|api_trades:10097|activity.csv:7450|api_activity:7449,EXACT_SIZE_MATCH,0.3,0.0,PRICE_FLAT_ADD,0.30000000000000004,-5.551115123125783e-17,NEAR_AVERAGE_COST_ADD,0.3,PRICE_FLAT_ADD,0.30000000000000004,NEAR_AVERAGE_COST_ADD,0.3,30.0,30—40美分
2026-04-17__beijing__high,2026-04-17,Beijing,high,BEIJING_STATION_UNCONFIRMED,0x252747260d064cd141ee367416d9299782d838bdc47bdc3c3b529b666d615f34,highest-temperature-in-beijing-on-april-17-2026,highest-temperature-in-beijing-on-april-17-2026-23c,27701208381100469664000365459050433484511931667472767504009623310903022070502,Yes,23°C,exact,23.0,23.0,C,1776410700,2026-04-17T07:25:00+00:00,2026-04-17T15:25:00+08:00,D0_1500_1600,15:00—15:30,BUY,0.12,5.5,0.66,activity_usdcSize,0xc33fe1576e17696c4190f99b03ee9e1d617d802e255180c88cd634f8c2efb4e3,True,True,True,weather_trades_normalized.csv:6883|api_trades:10096|activity.csv:7454|api_activity:7453,EXACT_SIZE_MATCH,0.3,-0.18,PRICE_DOWN_ADD,0.30000000000000004,-0.18000000000000005,BELOW_AVERAGE_COST_ADD,0.3,PRICE_DOWN_ADD,0.30000000000000004,BELOW_AVERAGE_COST_ADD,0.12,12.0,10—15美分
2026-04-17__beijing__high,2026-04-17,Beijing,high,BEIJING_STATION_UNCONFIRMED,0x252747260d064cd141ee367416d9299782d838bdc47bdc3c3b529b666d615f34,highest-temperature-in-beijing-on-april-17-2026,highest-temperature-in-beijing-on-april-17-2026-23c,27701208381100469664000365459050433484511931667472767504009623310903022070502,Yes,23°C,exact,23.0,23.0,C,1776410730,2026-04-17T07:25:30+00:00,2026-04-17T15:25:30+08:00,D0_1500_1600,15:00—15:30,BUY,0.12,8.0,0.96,activity_usdcSize,0x9fe9081ad1249acbdd1866c4a5e6b653f0332936b86f55b3c66fe612fb9acdd1,True,True,True,weather_trades_normalized.csv:6884|api_trades:10095|activity.csv:7455|api_activity:7454,EXACT_SIZE_MATCH,0.12,0.0,PRICE_FLAT_ADD,0.29061611374407587,-0.17061611374407587,BELOW_AVERAGE_COST_ADD,0.12,PRICE_FLAT_ADD,0.29061611374407587,BELOW_AVERAGE_COST_ADD,0.12,12.0,10—15美分
2026-04-17__beijing__high,2026-04-17,Beijing,high,BEIJING_STATION_UNCONFIRMED,0x252747260d064cd141ee367416d9299782d838bdc47bdc3c3b529b666d615f34,highest-temperature-in-beijing-on-april-17-2026,highest-temperature-in-beijing-on-april-17-2026-23c,27701208381100469664000365459050433484511931667472767504009623310903022070502,Yes,23°C,exact,23.0,23.0,C,1776410766,2026-04-17T07:26:06+00:00,2026-04-17T15:26:06+08:00,D0_1500_1600,15:00—15:30,BUY,0.12,3.21,0.3852,activity_usdcSize,0x891c4203b0124da235daa756d8c1003714c6c5feb03a2e3524ab7a5a3f1be8a1,True,True,True,weather_trades_normalized.csv:6885|api_trades:10094|activity.csv:7456|api_activity:7455,EXACT_SIZE_MATCH,0.12,0.0,PRICE_FLAT_ADD,0.2785903083700441,-0.15859030837004412,BELOW_AVERAGE_COST_ADD,0.12,PRICE_FLAT_ADD,0.2785903083700441,BELOW_AVERAGE_COST_ADD,0.12,12.0,10—15美分
2026-04-17__beijing__high,2026-04-17,Beijing,high,BEIJING_STATION_UNCONFIRMED,0x252747260d064cd141ee367416d9299782d838bdc47bdc3c3b529b666d615f34,highest-temperature-in-beijing-on-april-17-2026,highest-temperature-in-beijing-on-april-17-2026-23c,27701208381100469664000365459050433484511931667472767504009623310903022070502,Yes,23°C,exact,23.0,23.0,C,1776410818,2026-04-17T07:26:58+00:00,2026-04-17T15:26:58+08:00,D0_1500_1600,15:00—15:30,BUY,0.12,52.05,6.246,activity_usdcSize,0x94887962f8059fecff5103a14f8223778b2beded3f88641a597a7c3789260d2b,True,True,True,weather_trades_normalized.csv:6886|api_trades:10093|activity.csv:7457|api_activity:7456,EXACT_SIZE_MATCH,0.12,0.0,PRICE_FLAT_ADD,0.2742284294404936,-0.1542284294404936,BELOW_AVERAGE_COST_ADD,0.12,PRICE_FLAT_ADD,0.2742284294404936,BELOW_AVERAGE_COST_ADD,0.12,12.0,10—15美分
2026-04-17__beijing__high,2026-04-17,Beijing,high,BEIJING_STATION_UNCONFIRMED,0x1a212b841d0c8487c61f19a42921e8cf17496ecd01ce1816c81a26c9a61223b9,highest-temperature-in-beijing-on-april-17-2026,highest-temperature-in-beijing-on-april-17-2026-24c,42156238997149464554701415866645010189156008782184891643471277650262676155936,Yes,24°C,exact,24.0,24.0,C,1776410896,2026-04-17T07:28:16+00:00,2026-04-17T15:28:16+08:00,D0_1500_1600,15:00—15:30,BUY,0.03,25.08,0.7524,activity_usdcSize,0xea49a3040e5d761b3b0d953ac3c67712b3a2a69dc1b7a7cc67f416043a018176,True,True,True,weather_trades_normalized.csv:6888|api_trades:10091|activity.csv:7459|api_activity:7458,EXACT_SIZE_MATCH,,,,,,,,,,,0.03,3.0,2—5美分
2026-04-17__beijing__high,2026-04-17,Beijing,high,BEIJING_STATION_UNCONFIRMED,0x1a212b841d0c8487c61f19a42921e8cf17496ecd01ce1816c81a26c9a61223b9,highest-temperature-in-beijing-on-april-17-2026,highest-temperature-in-beijing-on-april-17-2026-24c,42156238997149464554701415866645010189156008782184891643471277650262676155936,Yes,24°C,exact,24.0,24.0,C,1776410900,2026-04-17T07:28:20+00:00,2026-04-17T15:28:20+08:00,D0_1500_1600,15:00—15:30,BUY,0.03,7.79,0.2337,activity_usdcSize,0x2644a2daf373852a6a8280db9ebfe7d7ed6679f0e16ca02d13e59ef3be65ac2e,True,True,True,weather_trades_normalized.csv:6889|api_trades:10089|activity.csv:7460|api_activity:7459,EXACT_SIZE_MATCH,0.03,0.0,PRICE_FLAT_ADD,0.03,0.0,NEAR_AVERAGE_COST_ADD,0.03,PRICE_FLAT_ADD,0.03,NEAR_AVERAGE_COST_ADD,0.03,3.0,2—5美分
2026-04-17__beijing__high,2026-04-17,Beijing,high,BEIJING_STATION_UNCONFIRMED,0x1a212b841d0c8487c61f19a42921e8cf17496ecd01ce1816c81a26c9a61223b9,highest-temperature-in-beijing-on-april-17-2026,highest-temperature-in-beijing-on-april-17-2026-24c,42156238997149464554701415866645010189156008782184891643471277650262676155936,Yes,24°C,exact,24.0,24.0,C,1776410900,2026-04-17T07:28:20+00:00,2026-04-17T15:28:20+08:00,D0_1500_1600,15:00—15:30,BUY,0.03,3.0,0.09,activity_usdcSize,0xcfc094e980fc5453da677c42f845994af188d5f14ec7c9c4a2be85f51b6380a6,True,True,True,weather_trades_normalized.csv:6890|api_trades:10090|activity.csv:7461|api_activity:7460,EXACT_SIZE_MATCH,0.03,0.0,PRICE_FLAT_ADD,0.030000000000000002,-3.469446951953614e-18,NEAR_AVERAGE_COST_ADD,0.03,PRICE_FLAT_ADD,0.030000000000000002,NEAR_AVERAGE_COST_ADD,0.03,3.0,2—5美分
2026-04-17__beijing__high,2026-04-17,Beijing,high,BEIJING_STATION_UNCONFIRMED,0x252747260d064cd141ee367416d9299782d838bdc47bdc3c3b529b666d615f34,highest-temperature-in-beijing-on-april-17-2026,highest-temperature-in-beijing-on-april-17-2026-23c,27701208381100469664000365459050433484511931667472767504009623310903022070502,Yes,23°C,exact,23.0,23.0,C,1776410908,2026-04-17T07:28:28+00:00,2026-04-17T15:28:28+08:00,D0_1500_1600,15:00—15:30,BUY,0.12,3.0,0.36,activity_usdcSize,0x8557a2cbfc670ed75ea63757daf1173c7f8f41a7fac5bdc9ba105665a61db468,True,True,True,weather_trades_normalized.csv:6891|api_trades:10088|activity.csv:7462|api_activity:7461,EXACT_SIZE_MATCH,0.12,0.0,PRICE_FLAT_ADD,0.22666034605356725,-0.10666034605356725,BELOW_AVERAGE_COST_ADD,0.12,PRICE_FLAT_ADD,0.22666034605356725,BELOW_AVERAGE_COST_ADD,0.12,12.0,10—15美分
2026-04-17__beijing__high,2026-04-17,Beijing,high,BEIJING_STATION_UNCONFIRMED,0x1a212b841d0c8487c61f19a42921e8cf17496ecd01ce1816c81a26c9a61223b9,highest-temperature-in-beijing-on-april-17-2026,highest-temperature-in-beijing-on-april-17-2026-24c,42156238997149464554701415866645010189156008782184891643471277650262676155936,Yes,24°C,exact,24.0,24.0,C,1776410912,2026-04-17T07:28:32+00:00,2026-04-17T15:28:32+08:00,D0_1500_1600,15:00—15:30,BUY,0.03,20.0,0.6,activity_usdcSize,0x0035036d67e159c64e42bfcf76987efe965cac44d17e88180adb3f8939962815,True,True,True,weather_trades_normalized.csv:6892|api_trades:10087|activity.csv:7463|api_activity:7462,EXACT_SIZE_MATCH,0.03,0.0,PRICE_FLAT_ADD,0.030000000000000002,-3.469446951953614e-18,NEAR_AVERAGE_COST_ADD,0.03,PRICE_FLAT_ADD,0.030000000000000002,NEAR_AVERAGE_COST_ADD,0.03,3.0,2—5美分
2026-04-17__beijing__high,2026-04-17,Beijing,high,BEIJING_STATION_UNCONFIRMED,0x1a212b841d0c8487c61f19a42921e8cf17496ecd01ce1816c81a26c9a61223b9,highest-temperature-in-beijing-on-april-17-2026,highest-temperature-in-beijing-on-april-17-2026-24c,42156238997149464554701415866645010189156008782184891643471277650262676155936,Yes,24°C,exact,24.0,24.0,C,1776410914,2026-04-17T07:28:34+00:00,2026-04-17T15:28:34+08:00,D0_1500_1600,15:00—15:30,BUY,0.03,44.13,1.3239,activity_usdcSize,0x67d6e38b074487a290f4d82fe04eb625cb8622139a3675a6cd930471675e85c9,True,True,True,weather_trades_normalized.csv:6893|api_trades:10086|activity.csv:7464|api_activity:7463,EXACT_SIZE_MATCH,0.03,0.0,PRICE_FLAT_ADD,0.03,0.0,NEAR_AVERAGE_COST_ADD,0.03,PRICE_FLAT_ADD,0.03,NEAR_AVERAGE_COST_ADD,0.03,3.0,2—5美分
2026-04-17__beijing__high,2026-04-17,Beijing,high,BEIJING_STATION_UNCONFIRMED,0x252747260d064cd141ee367416d9299782d838bdc47bdc3c3b529b666d615f34,highest-temperature-in-beijing-on-april-17-2026,highest-temperature-in-beijing-on-april-17-2026-23c,27701208381100469664000365459050433484511931667472767504009623310903022070502,Yes,23°C,exact,23.0,23.0,C,1776411198,2026-04-17T07:33:18+00:00,2026-04-17T15:33:18+08:00,D0_1500_1600,15:30—16:00,BUY,0.1,65.56,6.556,activity_usdcSize,0xaa2bc64f5c2ab7895599a8c21f1da2c1192ec29f9d69ba5a444b7257b1e3e97a,True,True,True,weather_trades_normalized.csv:6895|api_trades:10084|activity.csv:7466|api_activity:7465,EXACT_SIZE_MATCH,0.12,-0.01999999999999999,PRICE_DOWN_ADD,0.22479739170936194,-0.12479739170936194,BELOW_AVERAGE_COST_ADD,0.12,PRICE_DOWN_ADD,0.22479739170936194,BELOW_AVERAGE_COST_ADD,0.1,10.0,10—15美分
2026-04-17__beijing__high,2026-04-17,Beijing,high,BEIJING_STATION_UNCONFIRMED,0x252747260d064cd141ee367416d9299782d838bdc47bdc3c3b529b666d615f34,highest-temperature-in-beijing-on-april-17-2026,highest-temperature-in-beijing-on-april-17-2026-23c,27701208381100469664000365459050433484511931667472767504009623310903022070502,Yes,23°C,exact,23.0,23.0,C,1776411368,2026-04-17T07:36:08+00:00,2026-04-17T15:36:08+08:00,D0_1500_1600,15:30—16:00,BUY,0.1,8.88888,0.888888,activity_usdcSize,0xdd21bd6db564b411ce98538aa0bffd796881218112fc12ee480056850b6785f1,True,True,True,weather_trades_normalized.csv:6897|api_trades:10082|activity.csv:7468|api_activity:7467,EXACT_SIZE_MATCH,0.1,0.0,PRICE_FLAT_ADD,0.1903219281982134,-0.09032192819821339,BELOW_AVERAGE_COST_ADD,0.1,PRICE_FLAT_ADD,0.1903219281982134,BELOW_AVERAGE_COST_ADD,0.1,10.0,10—15美分
2026-04-17__beijing__high,2026-04-17,Beijing,high,BEIJING_STATION_UNCONFIRMED,0x252747260d064cd141ee367416d9299782d838bdc47bdc3c3b529b666d615f34,highest-temperature-in-beijing-on-april-17-2026,highest-temperature-in-beijing-on-april-17-2026-23c,27701208381100469664000365459050433484511931667472767504009623310903022070502,Yes,23°C,exact,23.0,23.0,C,1776411392,2026-04-17T07:36:32+00:00,2026-04-17T15:36:32+08:00,D0_1500_1600,15:30—16:00,BUY,0.1,20.0,2.0,activity_usdcSize,0x07e98c5911daf5b8f36e1fd31f96e884fe2152525d0bffcb4e795df0a245605e,True,True,True,weather_trades_normalized.csv:6900|api_trades:10079|activity.csv:7471|api_activity:7470,EXACT_SIZE_MATCH,0.1,0.0,PRICE_FLAT_ADD,0.18706103532902632,-0.08706103532902632,BELOW_AVERAGE_COST_ADD,0.1,PRICE_FLAT_ADD,0.18706103532902632,BELOW_AVERAGE_COST_ADD,0.1,10.0,10—15美分
2026-04-17__beijing__high,2026-04-17,Beijing,high,BEIJING_STATION_UNCONFIRMED,0x1a212b841d0c8487c61f19a42921e8cf17496ecd01ce1816c81a26c9a61223b9,highest-temperature-in-beijing-on-april-17-2026,highest-temperature-in-beijing-on-april-17-2026-24c,42156238997149464554701415866645010189156008782184891643471277650262676155936,Yes,24°C,exact,24.0,24.0,C,1776413680,2026-04-17T08:14:40+00:00,2026-04-17T16:14:40+08:00,D0_1600_1800,16:00—16:30,BUY,0.002,36.34,0.07268,activity_usdcSize,0xdd17c3c4c9bb1dcbcf91a14b302f868f5ce0db77cb21c2fba39773caa8dfbce8,True,True,True,weather_trades_normalized.csv:6915|api_trades:10073|activity.csv:7486|api_activity:7485,EXACT_SIZE_MATCH,0.03,-0.027999999999999997,PRICE_DOWN_ADD,0.03,-0.027999999999999997,BELOW_AVERAGE_COST_ADD,0.03,PRICE_DOWN_ADD,0.03,BELOW_AVERAGE_COST_ADD,0.002,0.2,0—1美分
2026-04-17__beijing__high,2026-04-17,Beijing,high,BEIJING_STATION_UNCONFIRMED,0x1a212b841d0c8487c61f19a42921e8cf17496ecd01ce1816c81a26c9a61223b9,highest-temperature-in-beijing-on-april-17-2026,highest-temperature-in-beijing-on-april-17-2026-24c,42156238997149464554701415866645010189156008782184891643471277650262676155936,Yes,24°C,exact,24.0,24.0,C,1776413740,2026-04-17T08:15:40+00:00,2026-04-17T16:15:40+08:00,D0_1600_1800,16:00—16:30,BUY,0.002,463.66,0.92732,activity_usdcSize,0x41979fd6defe901a233e1d823c716870350f4d414a4cf43d1c1a880647f2b180,True,True,True,weather_trades_normalized.csv:6916|api_trades:10072|activity.csv:7487|api_activity:7486,EXACT_SIZE_MATCH,0.002,0.0,PRICE_FLAT_ADD,0.022536893061463985,-0.020536893061463987,BELOW_AVERAGE_COST_ADD,0.002,PRICE_FLAT_ADD,0.022536893061463985,BELOW_AVERAGE_COST_ADD,0.002,0.2,0—1美分
2026-04-18__beijing__high,2026-04-18,Beijing,high,BEIJING_STATION_UNCONFIRMED,0xede3ef79b675262b8c3901973a8d2d3c20a3c932fb02a11d57e95e1133c7ac86,highest-temperature-in-beijing-on-april-18-2026,highest-temperature-in-beijing-on-april-18-2026-25corbelow,63984797225204302646729115324105971428196823120237307126112516021915355241102,Yes,25°C or below,below,,25.0,C,1776491328,2026-04-18T05:48:48+00:00,2026-04-18T13:48:48+08:00,D0_1300_1400,13:30—14:00,BUY,0.1,50.0,5.0,activity_usdcSize,0x31e7ba9d1137315e85c432be75477adfa29b02c695c280f725cbbb1c27a4d659,True,True,True,weather_trades_normalized.csv:6994|api_trades:10010|activity.csv:7568|api_activity:7567,EXACT_SIZE_MATCH,,,,,,,,,,,0.1,10.0,10—15美分
2026-04-18__beijing__high,2026-04-18,Beijing,high,BEIJING_STATION_UNCONFIRMED,0xede3ef79b675262b8c3901973a8d2d3c20a3c932fb02a11d57e95e1133c7ac86,highest-temperature-in-beijing-on-april-18-2026,highest-temperature-in-beijing-on-april-18-2026-25corbelow,63984797225204302646729115324105971428196823120237307126112516021915355241102,Yes,25°C or below,below,,25.0,C,1776491510,2026-04-18T05:51:50+00:00,2026-04-18T13:51:50+08:00,D0_1300_1400,13:30—14:00,BUY,0.1,50.0,5.0,activity_usdcSize,0xbac223c48aa177c6a57c29caab23286075b87c517ca31ea5b53ea3ec23119c2c,True,True,True,weather_trades_normalized.csv:6998|api_trades:10006|activity.csv:7572|api_activity:7571,EXACT_SIZE_MATCH,0.1,0.0,PRICE_FLAT_ADD,0.1,0.0,NEAR_AVERAGE_COST_ADD,0.1,PRICE_FLAT_ADD,0.1,NEAR_AVERAGE_COST_ADD,0.1,10.0,10—15美分
2026-04-18__beijing__high,2026-04-18,Beijing,high,BEIJING_STATION_UNCONFIRMED,0xede3ef79b675262b8c3901973a8d2d3c20a3c932fb02a11d57e95e1133c7ac86,highest-temperature-in-beijing-on-april-18-2026,highest-temperature-in-beijing-on-april-18-2026-25corbelow,63984797225204302646729115324105971428196823120237307126112516021915355241102,Yes,25°C or below,below,,25.0,C,1776494856,2026-04-18T06:47:36+00:00,2026-04-18T14:47:36+08:00,D0_1400_1500,14:30—15:00,BUY,0.0300000016,12.752566,0.382577,activity_usdcSize,0xca1635d09a518974c679ad2b495619b641ae292545c2398e108cd7857d48f70e,True,True,True,weather_trades_normalized.csv:7003|api_trades:10001|activity.csv:7577|api_activity:7576,EXACT_SIZE_MATCH,0.1,-0.06999999840000001,PRICE_DOWN_ADD,0.1,-0.06999999840000001,BELOW_AVERAGE_COST_ADD,0.1,PRICE_DOWN_ADD,0.1,BELOW_AVERAGE_COST_ADD,0.0300000016,3.00000016,2—5美分
2026-04-18__beijing__high,2026-04-18,Beijing,high,BEIJING_STATION_UNCONFIRMED,0xede3ef79b675262b8c3901973a8d2d3c20a3c932fb02a11d57e95e1133c7ac86,highest-temperature-in-beijing-on-april-18-2026,highest-temperature-in-beijing-on-april-18-2026-25corbelow,63984797225204302646729115324105971428196823120237307126112516021915355241102,Yes,25°C or below,below,,25.0,C,1776494866,2026-04-18T06:47:46+00:00,2026-04-18T14:47:46+08:00,D0_1400_1500,14:30—15:00,BUY,0.03,13.14,0.3942,activity_usdcSize,0x4e9efbd9e0ab41e7a527be79387906af5b82de54926a0a5e8b2fece35d767863,True,True,True,weather_trades_normalized.csv:7004|api_trades:10000|activity.csv:7578|api_activity:7577,EXACT_SIZE_MATCH,0.0300000016,-1.6000000005456094e-09,PRICE_FLAT_ADD,0.09208284448267012,-0.062082844482670124,BELOW_AVERAGE_COST_ADD,0.0300000016,PRICE_FLAT_ADD,0.09208284448267012,BELOW_AVERAGE_COST_ADD,0.03,3.0,2—5美分
2026-04-18__beijing__high,2026-04-18,Beijing,high,BEIJING_STATION_UNCONFIRMED,0xede3ef79b675262b8c3901973a8d2d3c20a3c932fb02a11d57e95e1133c7ac86,highest-temperature-in-beijing-on-april-18-2026,highest-temperature-in-beijing-on-april-18-2026-25corbelow,63984797225204302646729115324105971428196823120237307126112516021915355241102,Yes,25°C or below,below,,25.0,C,1776494868,2026-04-18T06:47:48+00:00,2026-04-18T14:47:48+08:00,D0_1400_1500,14:30—15:00,BUY,0.03,46.5,1.395,activity_usdcSize,0x304329045d2417db4b508675b4a0261ab76dfd42678a9a738549f325ff7b5e52,True,True,True,weather_trades_normalized.csv:7005|api_trades:9999|activity.csv:7579|api_activity:7578,EXACT_SIZE_MATCH,0.03,0.0,PRICE_FLAT_ADD,0.08560296562705695,-0.05560296562705695,BELOW_AVERAGE_COST_ADD,0.03,PRICE_FLAT_ADD,0.08560296562705695,BELOW_AVERAGE_COST_ADD,0.03,3.0,2—5美分
2026-04-18__beijing__high,2026-04-18,Beijing,high,BEIJING_STATION_UNCONFIRMED,0xede3ef79b675262b8c3901973a8d2d3c20a3c932fb02a11d57e95e1133c7ac86,highest-temperature-in-beijing-on-april-18-2026,highest-temperature-in-beijing-on-april-18-2026-25corbelow,63984797225204302646729115324105971428196823120237307126112516021915355241102,Yes,25°C or below,below,,25.0,C,1776494870,2026-04-18T06:47:50+00:00,2026-04-18T14:47:50+08:00,D0_1400_1500,14:30—15:00,BUY,0.03,16.94,0.5082,activity_usdcSize,0x485d91f95b99f31158abba12ee4a326aef23d70fe07752aa0d3cb0fa25402538,True,True,True,weather_trades_normalized.csv:7006|api_trades:9998|activity.csv:7580|api_activity:7579,EXACT_SIZE_MATCH,0.03,0.0,PRICE_FLAT_ADD,0.07060499928981856,-0.04060499928981856,BELOW_AVERAGE_COST_ADD,0.03,PRICE_FLAT_ADD,0.07060499928981856,BELOW_AVERAGE_COST_ADD,0.03,3.0,2—5美分
2026-04-18__beijing__high,2026-04-18,Beijing,high,BEIJING_STATION_UNCONFIRMED,0xede3ef79b675262b8c3901973a8d2d3c20a3c932fb02a11d57e95e1133c7ac86,highest-temperature-in-beijing-on-april-18-2026,highest-temperature-in-beijing-on-april-18-2026-25corbelow,63984797225204302646729115324105971428196823120237307126112516021915355241102,Yes,25°C or below,below,,25.0,C,1776494912,2026-04-18T06:48:32+00:00,2026-04-18T14:48:32+08:00,D0_1400_1500,14:30—15:00,BUY,0.03,10.37,0.3111,activity_usdcSize,0x002d8bbc0c1b343ec9146503d2e49901fa6438ca85d9a586d951af6b4fd9ffb3,True,True,True,weather_trades_normalized.csv:7007|api_trades:9997|activity.csv:7581|api_activity:7580,EXACT_SIZE_MATCH,0.03,0.0,PRICE_FLAT_ADD,0.0669719809322185,-0.0369719809322185,BELOW_AVERAGE_COST_ADD,0.03,PRICE_FLAT_ADD,0.0669719809322185,BELOW_AVERAGE_COST_ADD,0.03,3.0,2—5美分
2026-04-19__beijing__high,2026-04-19,Beijing,high,BEIJING_STATION_UNCONFIRMED,0x0426bd5b183684037cb734a166266427026e2d92485a9d4042a24121cdb5ce2d,highest-temperature-in-beijing-on-april-19-2026,highest-temperature-in-beijing-on-april-19-2026-24c,84618465590683122700449603270358188561202438500052331666981963108677058834611,Yes,24°C,exact,24.0,24.0,C,1776578392,2026-04-19T05:59:52+00:00,2026-04-19T13:59:52+08:00,D0_1300_1400,13:30—14:00,BUY,0.005,78.28048,0.43465,activity_usdcSize,0x0fadbf93282de36721da431e3ab9720b08225bed3e6ba92576ad5b5fdb3788e8,True,True,True,weather_trades_normalized.csv:7269|api_trades:9780|activity.csv:7850|api_activity:7849,NEAREST_SIZE_MATCH,,,,,,,,,,,0.005,0.5,0—1美分
2026-04-20__beijing__high,2026-04-20,Beijing,high,BEIJING_STATION_UNCONFIRMED,0x5705631ef395af41f5c9af55f41545c359ccc6ea6d4efd559e452b8aaaa8a348,highest-temperature-in-beijing-on-april-20-2026,highest-temperature-in-beijing-on-april-20-2026-25c,34766905986732250775997663386127745415746373063658738522815120483776193653136,Yes,25°C,exact,25.0,25.0,C,1776665290,2026-04-20T06:08:10+00:00,2026-04-20T14:08:10+08:00,D0_1400_1500,14:00—14:30,BUY,0.049,30.4499,1.64885,activity_usdcSize,0xda18135edbf3cbfd67611f56425220d475c5b749655d8f76a73f908792281186,True,True,True,weather_trades_normalized.csv:7459|api_trades:9618|activity.csv:8041|api_activity:8040,NEAREST_SIZE_MATCH,,,,,,,,,,,0.049,4.9,2—5美分
2026-04-20__beijing__high,2026-04-20,Beijing,high,BEIJING_STATION_UNCONFIRMED,0x5705631ef395af41f5c9af55f41545c359ccc6ea6d4efd559e452b8aaaa8a348,highest-temperature-in-beijing-on-april-20-2026,highest-temperature-in-beijing-on-april-20-2026-25c,34766905986732250775997663386127745415746373063658738522815120483776193653136,Yes,25°C,exact,25.0,25.0,C,1776665292,2026-04-20T06:08:12+00:00,2026-04-20T14:08:12+08:00,D0_1400_1500,14:00—14:30,BUY,0.049,52.4,2.5676,activity_usdcSize,0x6d96730e106c7f56619f13307793905486585b8ab5232e4c179f69a932ab12a4,True,True,True,weather_trades_normalized.csv:7460|api_trades:9617|activity.csv:8042|api_activity:8041,EXACT_SIZE_MATCH,0.049,0.0,PRICE_FLAT_ADD,0.054149603118565245,-0.0051496031185652436,NEAR_AVERAGE_COST_ADD,0.049,PRICE_FLAT_ADD,0.054149603118565245,NEAR_AVERAGE_COST_ADD,0.049,4.9,2—5美分
2026-04-20__beijing__high,2026-04-20,Beijing,high,BEIJING_STATION_UNCONFIRMED,0x5705631ef395af41f5c9af55f41545c359ccc6ea6d4efd559e452b8aaaa8a348,highest-temperature-in-beijing-on-april-20-2026,highest-temperature-in-beijing-on-april-20-2026-25c,34766905986732250775997663386127745415746373063658738522815120483776193653136,Yes,25°C,exact,25.0,25.0,C,1776665302,2026-04-20T06:08:22+00:00,2026-04-20T14:08:22+08:00,D0_1400_1500,14:00—14:30,BUY,0.049,46.95,2.30055,activity_usdcSize,0xb9d0786bd2a4b52143d14a5eb8ae090675b0e91ff91d132272e4b7d838dbbc82,True,True,True,weather_trades_normalized.csv:7461|api_trades:9616|activity.csv:8043|api_activity:8042,EXACT_SIZE_MATCH,0.049,0.0,PRICE_FLAT_ADD,0.05089263837373371,-0.0018926383737337057,NEAR_AVERAGE_COST_ADD,0.049,PRICE_FLAT_ADD,0.05089263837373371,NEAR_AVERAGE_COST_ADD,0.049,4.9,2—5美分
2026-04-20__beijing__high,2026-04-20,Beijing,high,BEIJING_STATION_UNCONFIRMED,0x5f96c081a7f7a6351028eaed06c17b2c0ffcfe5c292bf741ce26c4e90f363870,highest-temperature-in-beijing-on-april-20-2026,highest-temperature-in-beijing-on-april-20-2026-26c,79270413354699908459082809248820915209211854253413428648539451034554953111700,Yes,26°C,exact,26.0,26.0,C,1776665380,2026-04-20T06:09:40+00:00,2026-04-20T14:09:40+08:00,D0_1400_1500,14:00—14:30,BUY,0.005,5.0,0.025,activity_usdcSize,0xa0f100b348c6d5b82262424bc9ee9a3ed630cd421469714b0ec422c092ea177e,True,True,True,weather_trades_normalized.csv:7462|api_trades:9615|activity.csv:8044|api_activity:8043,EXACT_SIZE_MATCH,,,,,,,,,,,0.005,0.5,0—1美分
2026-04-20__beijing__high,2026-04-20,Beijing,high,BEIJING_STATION_UNCONFIRMED,0x5f96c081a7f7a6351028eaed06c17b2c0ffcfe5c292bf741ce26c4e90f363870,highest-temperature-in-beijing-on-april-20-2026,highest-temperature-in-beijing-on-april-20-2026-26c,79270413354699908459082809248820915209211854253413428648539451034554953111700,Yes,26°C,exact,26.0,26.0,C,1776665380,2026-04-20T06:09:40+00:00,2026-04-20T14:09:40+08:00,D0_1400_1500,14:00—14:30,BUY,0.005,5.0,0.025,activity_usdcSize,0xae4feddc09719a0549967dacc14a8de2fafb9ca100693ecd90812f1fa73afab5,True,True,True,weather_trades_normalized.csv:7463|api_trades:9613|activity.csv:8045|api_activity:8044,EXACT_SIZE_MATCH,0.005,0.0,PRICE_FLAT_ADD,0.005,0.0,NEAR_AVERAGE_COST_ADD,0.005,PRICE_FLAT_ADD,0.005,NEAR_AVERAGE_COST_ADD,0.005,0.5,0—1美分
2026-04-20__beijing__high,2026-04-20,Beijing,high,BEIJING_STATION_UNCONFIRMED,0x5f96c081a7f7a6351028eaed06c17b2c0ffcfe5c292bf741ce26c4e90f363870,highest-temperature-in-beijing-on-april-20-2026,highest-temperature-in-beijing-on-april-20-2026-26c,79270413354699908459082809248820915209211854253413428648539451034554953111700,Yes,26°C,exact,26.0,26.0,C,1776665380,2026-04-20T06:09:40+00:00,2026-04-20T14:09:40+08:00,D0_1400_1500,14:00—14:30,BUY,0.005,5.0,0.025,activity_usdcSize,0xc35c8cf21c80ee1781dd82ed001a808d10796fa4402b2e0cfba18ba120eee3a0,True,True,True,weather_trades_normalized.csv:7464|api_trades:9610|activity.csv:8046|api_activity:8045,EXACT_SIZE_MATCH,0.005,0.0,PRICE_FLAT_ADD,0.005,0.0,NEAR_AVERAGE_COST_ADD,0.005,PRICE_FLAT_ADD,0.005,NEAR_AVERAGE_COST_ADD,0.005,0.5,0—1美分
2026-04-20__beijing__high,2026-04-20,Beijing,high,BEIJING_STATION_UNCONFIRMED,0x5f96c081a7f7a6351028eaed06c17b2c0ffcfe5c292bf741ce26c4e90f363870,highest-temperature-in-beijing-on-april-20-2026,highest-temperature-in-beijing-on-april-20-2026-26c,79270413354699908459082809248820915209211854253413428648539451034554953111700,Yes,26°C,exact,26.0,26.0,C,1776665380,2026-04-20T06:09:40+00:00,2026-04-20T14:09:40+08:00,D0_1400_1500,14:00—14:30,BUY,0.005,5.0,0.025,activity_usdcSize,0xc7d97edc84b22280c124a52884e8795fbb76f0727ea63e8267fe7f9d3c14f5c7,True,True,True,weather_trades_normalized.csv:7465|api_trades:9614|activity.csv:8047|api_activity:8046,EXACT_SIZE_MATCH,0.005,0.0,PRICE_FLAT_ADD,0.005000000000000001,-8.673617379884035e-19,NEAR_AVERAGE_COST_ADD,0.005,PRICE_FLAT_ADD,0.005000000000000001,NEAR_AVERAGE_COST_ADD,0.005,0.5,0—1美分
2026-04-20__beijing__high,2026-04-20,Beijing,high,BEIJING_STATION_UNCONFIRMED,0x5f96c081a7f7a6351028eaed06c17b2c0ffcfe5c292bf741ce26c4e90f363870,highest-temperature-in-beijing-on-april-20-2026,highest-temperature-in-beijing-on-april-20-2026-26c,79270413354699908459082809248820915209211854253413428648539451034554953111700,Yes,26°C,exact,26.0,26.0,C,1776665380,2026-04-20T06:09:40+00:00,2026-04-20T14:09:40+08:00,D0_1400_1500,14:00—14:30,BUY,0.005,5.0,0.025,activity_usdcSize,0xcb6f3d5fb680f65027073ac824a33319572b2414f3553f843794a55ad5003618,True,True,True,weather_trades_normalized.csv:7466|api_trades:9611|activity.csv:8048|api_activity:8047,EXACT_SIZE_MATCH,0.005,0.0,PRICE_FLAT_ADD,0.005,0.0,NEAR_AVERAGE_COST_ADD,0.005,PRICE_FLAT_ADD,0.005,NEAR_AVERAGE_COST_ADD,0.005,0.5,0—1美分
2026-04-20__beijing__high,2026-04-20,Beijing,high,BEIJING_STATION_UNCONFIRMED,0x5f96c081a7f7a6351028eaed06c17b2c0ffcfe5c292bf741ce26c4e90f363870,highest-temperature-in-beijing-on-april-20-2026,highest-temperature-in-beijing-on-april-20-2026-26c,79270413354699908459082809248820915209211854253413428648539451034554953111700,Yes,26°C,exact,26.0,26.0,C,1776665380,2026-04-20T06:09:40+00:00,2026-04-20T14:09:40+08:00,D0_1400_1500,14:00—14:30,BUY,0.005,5.0,0.025,activity_usdcSize,0xe4fc11ed8e3e46b4c798909c32f5c1872ff7b02f58474616bd441cc4b2213e79,True,True,True,weather_trades_normalized.csv:7467|api_trades:9612|activity.csv:8049|api_activity:8048,EXACT_SIZE_MATCH,0.005,0.0,PRICE_FLAT_ADD,0.005,0.0,NEAR_AVERAGE_COST_ADD,0.005,PRICE_FLAT_ADD,0.005,NEAR_AVERAGE_COST_ADD,0.005,0.5,0—1美分
2026-04-20__beijing__high,2026-04-20,Beijing,high,BEIJING_STATION_UNCONFIRMED,0x5f96c081a7f7a6351028eaed06c17b2c0ffcfe5c292bf741ce26c4e90f363870,highest-temperature-in-beijing-on-april-20-2026,highest-temperature-in-beijing-on-april-20-2026-26c,79270413354699908459082809248820915209211854253413428648539451034554953111700,Yes,26°C,exact,26.0,26.0,C,1776665516,2026-04-20T06:11:56+00:00,2026-04-20T14:11:56+08:00,D0_1400_1500,14:00—14:30,BUY,0.005,20.0,0.1,activity_usdcSize,0xf848b32deb845b409ae707e9d7a954673a9116901ff4e659c85f4f66847459eb,True,True,True,weather_trades_normalized.csv:7470|api_trades:9607|activity.csv:8052|api_activity:8051,EXACT_SIZE_MATCH,0.005,0.0,PRICE_FLAT_ADD,0.005,0.0,NEAR_AVERAGE_COST_ADD,0.005,PRICE_FLAT_ADD,0.005,NEAR_AVERAGE_COST_ADD,0.005,0.5,0—1美分
2026-04-20__beijing__high,2026-04-20,Beijing,high,BEIJING_STATION_UNCONFIRMED,0x5f96c081a7f7a6351028eaed06c17b2c0ffcfe5c292bf741ce26c4e90f363870,highest-temperature-in-beijing-on-april-20-2026,highest-temperature-in-beijing-on-april-20-2026-26c,79270413354699908459082809248820915209211854253413428648539451034554953111700,Yes,26°C,exact,26.0,26.0,C,1776665598,2026-04-20T06:13:18+00:00,2026-04-20T14:13:18+08:00,D0_1400_1500,14:00—14:30,BUY,0.005,28.7,0.1435,activity_usdcSize,0xbbc7ad549ace521fb0b0790f71bf940d61e67e1a5b2949ce73ec4b108d3562a8,True,True,True,weather_trades_normalized.csv:7471|api_trades:9606|activity.csv:8053|api_activity:8052,EXACT_SIZE_MATCH,0.005,0.0,PRICE_FLAT_ADD,0.005,0.0,NEAR_AVERAGE_COST_ADD,0.005,PRICE_FLAT_ADD,0.005,NEAR_AVERAGE_COST_ADD,0.005,0.5,0—1美分
2026-04-20__beijing__high,2026-04-20,Beijing,high,BEIJING_STATION_UNCONFIRMED,0x5f96c081a7f7a6351028eaed06c17b2c0ffcfe5c292bf741ce26c4e90f363870,highest-temperature-in-beijing-on-april-20-2026,highest-temperature-in-beijing-on-april-20-2026-26c,79270413354699908459082809248820915209211854253413428648539451034554953111700,Yes,26°C,exact,26.0,26.0,C,1776665608,2026-04-20T06:13:28+00:00,2026-04-20T14:13:28+08:00,D0_1400_1500,14:00—14:30,BUY,0.005,5.0,0.025,activity_usdcSize,0xcbf064519bfbb7ec146e83b9055df0510448fa0afa5cde8306e9377217c33b56,True,True,True,weather_trades_normalized.csv:7472|api_trades:9605|activity.csv:8054|api_activity:8053,EXACT_SIZE_MATCH,0.005,0.0,PRICE_FLAT_ADD,0.004999999999999999,8.673617379884035e-19,NEAR_AVERAGE_COST_ADD,0.005,PRICE_FLAT_ADD,0.004999999999999999,NEAR_AVERAGE_COST_ADD,0.005,0.5,0—1美分
2026-04-20__beijing__high,2026-04-20,Beijing,high,BEIJING_STATION_UNCONFIRMED,0x5f96c081a7f7a6351028eaed06c17b2c0ffcfe5c292bf741ce26c4e90f363870,highest-temperature-in-beijing-on-april-20-2026,highest-temperature-in-beijing-on-april-20-2026-26c,79270413354699908459082809248820915209211854253413428648539451034554953111700,Yes,26°C,exact,26.0,26.0,C,1776665644,2026-04-20T06:14:04+00:00,2026-04-20T14:14:04+08:00,D0_1400_1500,14:00—14:30,BUY,0.005,199.94,0.9997,activity_usdcSize,0x98bf4abaae877aec725af5a750c275653e6c24da5e57e99a8c3ad166e2eb84c8,True,True,True,weather_trades_normalized.csv:7473|api_trades:9604|activity.csv:8055|api_activity:8054,EXACT_SIZE_MATCH,0.005,0.0,PRICE_FLAT_ADD,0.004999999999999999,8.673617379884035e-19,NEAR_AVERAGE_COST_ADD,0.005,PRICE_FLAT_ADD,0.004999999999999999,NEAR_AVERAGE_COST_ADD,0.005,0.5,0—1美分
2026-04-20__beijing__high,2026-04-20,Beijing,high,BEIJING_STATION_UNCONFIRMED,0x0a06d3ef3de34d9deffd96e9690697a9074441bd84f456b4a94824220c587af9,highest-temperature-in-beijing-on-april-20-2026,highest-temperature-in-beijing-on-april-20-2026-24c,86977481214661899530641217151515216229266930262167926149165919447125010549209,Yes,24°C,exact,24.0,24.0,C,1776668890,2026-04-20T07:08:10+00:00,2026-04-20T15:08:10+08:00,D0_1500_1600,15:00—15:30,BUY,0.28,16.81536,5.0736,activity_usdcSize,0xa56e1524029a193aa92f8afeeb2c6efaaba7a2c4d975a901d7910f0225073982,True,True,True,weather_trades_normalized.csv:7476|api_trades:9602|activity.csv:8058|api_activity:8057,NEAREST_SIZE_MATCH,,,,,,,,,,,0.28,28.000000000000004,20—30美分
2026-04-20__beijing__high,2026-04-20,Beijing,high,BEIJING_STATION_UNCONFIRMED,0x5705631ef395af41f5c9af55f41545c359ccc6ea6d4efd559e452b8aaaa8a348,highest-temperature-in-beijing-on-april-20-2026,highest-temperature-in-beijing-on-april-20-2026-25c,34766905986732250775997663386127745415746373063658738522815120483776193653136,Yes,25°C,exact,25.0,25.0,C,1776676164,2026-04-20T09:09:24+00:00,2026-04-20T17:09:24+08:00,D0_1600_1800,17:00—17:30,BUY,0.003,59.38,0.17814,activity_usdcSize,0x3279a104af74b58c57e05c7b5f20667e53bb1a3ead755efa7383b1b32730c6f1,True,True,True,weather_trades_normalized.csv:7492|api_trades:9587|activity.csv:8074|api_activity:8073,EXACT_SIZE_MATCH,0.049,-0.046,PRICE_DOWN_ADD,0.05020805100774346,-0.04720805100774346,BELOW_AVERAGE_COST_ADD,0.049,PRICE_DOWN_ADD,0.05020805100774346,BELOW_AVERAGE_COST_ADD,0.003,0.3,0—1美分
2026-04-20__beijing__high,2026-04-20,Beijing,high,BEIJING_STATION_UNCONFIRMED,0x5705631ef395af41f5c9af55f41545c359ccc6ea6d4efd559e452b8aaaa8a348,highest-temperature-in-beijing-on-april-20-2026,highest-temperature-in-beijing-on-april-20-2026-25c,34766905986732250775997663386127745415746373063658738522815120483776193653136,Yes,25°C,exact,25.0,25.0,C,1776676224,2026-04-20T09:10:24+00:00,2026-04-20T17:10:24+08:00,D0_1600_1800,17:00—17:30,BUY,0.005,360.14598,1.9997,activity_usdcSize,0x3b4928bb40195f84c7e38077487b12b67f4a1dcddac479cdec212cb96cc67293,True,True,True,weather_trades_normalized.csv:7493|api_trades:9586|activity.csv:8075|api_activity:8074,NEAREST_SIZE_MATCH,0.003,0.002,PRICE_FLAT_ADD,0.03539033480829623,-0.03039033480829623,BELOW_AVERAGE_COST_ADD,0.003,PRICE_FLAT_ADD,0.03539033480829623,BELOW_AVERAGE_COST_ADD,0.005,0.5,0—1美分
2026-04-20__beijing__high,2026-04-20,Beijing,high,BEIJING_STATION_UNCONFIRMED,0x5705631ef395af41f5c9af55f41545c359ccc6ea6d4efd559e452b8aaaa8a348,highest-temperature-in-beijing-on-april-20-2026,highest-temperature-in-beijing-on-april-20-2026-25c,34766905986732250775997663386127745415746373063658738522815120483776193653136,Yes,25°C,exact,25.0,25.0,C,1776677774,2026-04-20T09:36:14+00:00,2026-04-20T17:36:14+08:00,D0_1600_1800,17:30—18:00,BUY,0.002,268.07056,0.59558,activity_usdcSize,0x78488aaaa35086749660f32f415aec3e8de4fcae5a0e1bc139fbb1dd5eca7a01,True,True,True,weather_trades_normalized.csv:7496|api_trades:9583|activity.csv:8078|api_activity:8077,NEAREST_SIZE_MATCH,0.005,-0.003,PRICE_FLAT_ADD,0.01582820019329874,-0.013828200193298739,BELOW_AVERAGE_COST_ADD,0.005,PRICE_FLAT_ADD,0.01582820019329874,BELOW_AVERAGE_COST_ADD,0.002,0.2,0—1美分
2026-04-23__beijing__high,2026-04-23,Beijing,high,BEIJING_STATION_UNCONFIRMED,0xfc340731150e5452090f7ddecf4b587e33123eefe0bc2e5207dba2ecce958fc5,highest-temperature-in-beijing-on-april-23-2026,highest-temperature-in-beijing-on-april-23-2026-23c,8431357715887922335909644548709407739447460978954925257664327098581538020739,Yes,23°C,exact,23.0,23.0,C,1776878122,2026-04-22T17:15:22+00:00,2026-04-23T01:15:22+08:00,D0_0000_0800,01:00—01:30,BUY,0.0199153775,225.65124,4.98223,activity_usdcSize,0xf8db598d750267915445774c161e5963edaed2a32cb7c870862b2f2ccdc5a1f5,True,True,True,weather_trades_normalized.csv:8027|api_trades:9121|activity.csv:8618|api_activity:8617,NEAREST_SIZE_MATCH,,,,,,,,,,,0.0199153775,1.9915377500000002,1—2美分
2026-04-23__beijing__high,2026-04-23,Beijing,high,BEIJING_STATION_UNCONFIRMED,0x0c4871a3e1c3042aea49400e7c91c225a87dde20495d2e33ae0fa630adab3ad9,highest-temperature-in-beijing-on-april-23-2026,highest-temperature-in-beijing-on-april-23-2026-24c,21566447027654051954463647479102067340566578824637319845242246500457092132358,Yes,24°C,exact,24.0,24.0,C,1776878610,2026-04-22T17:23:30+00:00,2026-04-23T01:23:30+08:00,D0_0000_0800,01:00—01:30,BUY,0.1400000172,3.488371,0.488372,activity_usdcSize,0x0f0bb5ab6bebc96b308337c0b75c48a5f08c4f0f64b54c63ca0136986dba9382,True,True,True,weather_trades_normalized.csv:8029|api_trades:9115|activity.csv:8620|api_activity:8619,EXACT_SIZE_MATCH,,,,,,,,,,,0.1400000172,14.00000172,10—15美分
2026-04-23__beijing__high,2026-04-23,Beijing,high,BEIJING_STATION_UNCONFIRMED,0x0c4871a3e1c3042aea49400e7c91c225a87dde20495d2e33ae0fa630adab3ad9,highest-temperature-in-beijing-on-april-23-2026,highest-temperature-in-beijing-on-april-23-2026-24c,21566447027654051954463647479102067340566578824637319845242246500457092132358,Yes,24°C,exact,24.0,24.0,C,1776878610,2026-04-22T17:23:30+00:00,2026-04-23T01:23:30+08:00,D0_0000_0800,01:00—01:30,BUY,0.1400000446,1.795578,0.251381,activity_usdcSize,0x16adf7fa906ff13d17002d70cf442ddb2a2e2b9800d43bd32666aa9215e02cf9,True,True,True,weather_trades_normalized.csv:8030|api_trades:9119|activity.csv:8621|api_activity:8620,EXACT_SIZE_MATCH,0.1400000172,2.740000001888454e-08,PRICE_FLAT_ADD,0.14000001720000538,2.739999463430287e-08,NEAR_AVERAGE_COST_ADD,0.1400000172,PRICE_FLAT_ADD,0.14000001720000538,NEAR_AVERAGE_COST_ADD,0.1400000446,14.000004460000001,10—15美分
2026-04-23__beijing__high,2026-04-23,Beijing,high,BEIJING_STATION_UNCONFIRMED,0x0c4871a3e1c3042aea49400e7c91c225a87dde20495d2e33ae0fa630adab3ad9,highest-temperature-in-beijing-on-april-23-2026,highest-temperature-in-beijing-on-april-23-2026-24c,21566447027654051954463647479102067340566578824637319845242246500457092132358,Yes,24°C,exact,24.0,24.0,C,1776878610,2026-04-22T17:23:30+00:00,2026-04-23T01:23:30+08:00,D0_0000_0800,01:00—01:30,BUY,0.1400000313,1.279064,0.179069,activity_usdcSize,0x1d0d3f3127eff1228315c7aadcf25f416c8b4262e9e1e9cb2d75ffe12290bc69,True,True,True,weather_trades_normalized.csv:8031|api_trades:9118|activity.csv:8622|api_activity:8621,EXACT_SIZE_MATCH,0.1400000446,-1.3300000017979485e-08,PRICE_FLAT_ADD,0.14000002649533522,4.8046647771471385e-09,NEAR_AVERAGE_COST_ADD,0.1400000446,PRICE_FLAT_ADD,0.14000002649533522,NEAR_AVERAGE_COST_ADD,0.1400000313,14.00000313,10—15美分
2026-04-23__beijing__high,2026-04-23,Beijing,high,BEIJING_STATION_UNCONFIRMED,0x0c4871a3e1c3042aea49400e7c91c225a87dde20495d2e33ae0fa630adab3ad9,highest-temperature-in-beijing-on-april-23-2026,highest-temperature-in-beijing-on-april-23-2026-24c,21566447027654051954463647479102067340566578824637319845242246500457092132358,Yes,24°C,exact,24.0,24.0,C,1776878610,2026-04-22T17:23:30+00:00,2026-04-23T01:23:30+08:00,D0_0000_0800,01:00—01:30,BUY,0.14,5.81395,0.813953,activity_usdcSize,0x64deef4b49faea68bf7268a9677e570d0a3977e401880029073f63e51d02831a,True,True,True,weather_trades_normalized.csv:8032|api_trades:9113|activity.csv:8623|api_activity:8622,EXACT_SIZE_MATCH,0.1400000313,-3.1299999980749504e-08,PRICE_FLAT_ADD,0.14000002742642748,-2.7426427462451386e-08,NEAR_AVERAGE_COST_ADD,0.1400000313,PRICE_FLAT_ADD,0.14000002742642748,NEAR_AVERAGE_COST_ADD,0.14,14.000000000000002,10—15美分
2026-04-23__beijing__high,2026-04-23,Beijing,high,BEIJING_STATION_UNCONFIRMED,0x0c4871a3e1c3042aea49400e7c91c225a87dde20495d2e33ae0fa630adab3ad9,highest-temperature-in-beijing-on-april-23-2026,highest-temperature-in-beijing-on-april-23-2026-24c,21566447027654051954463647479102067340566578824637319845242246500457092132358,Yes,24°C,exact,24.0,24.0,C,1776878610,2026-04-22T17:23:30+00:00,2026-04-23T01:23:30+08:00,D0_0000_0800,01:00—01:30,BUY,0.1400000313,1.279064,0.179069,activity_usdcSize,0x730a8e0e57bc7eab8991df2733d075d2739261eef7a10cad35de3d94e65bbe08,True,True,True,weather_trades_normalized.csv:8033|api_trades:9114|activity.csv:8624|api_activity:8623,EXACT_SIZE_MATCH,0.14,3.1299999980749504e-08,PRICE_FLAT_ADD,0.14000001454314764,1.675685235014157e-08,NEAR_AVERAGE_COST_ADD,0.14,PRICE_FLAT_ADD,0.14000001454314764,NEAR_AVERAGE_COST_ADD,0.1400000313,14.00000313,10—15美分
2026-04-23__beijing__high,2026-04-23,Beijing,high,BEIJING_STATION_UNCONFIRMED,0x0c4871a3e1c3042aea49400e7c91c225a87dde20495d2e33ae0fa630adab3ad9,highest-temperature-in-beijing-on-april-23-2026,highest-temperature-in-beijing-on-april-23-2026-24c,21566447027654051954463647479102067340566578824637319845242246500457092132358,Yes,24°C,exact,24.0,24.0,C,1776878610,2026-04-22T17:23:30+00:00,2026-04-23T01:23:30+08:00,D0_0000_0800,01:00—01:30,BUY,0.14,5.0,0.7,activity_usdcSize,0x9c448bfe2af843a287090956d5a2ef11a1e18e830622bc188302a9f7b82260b3,True,True,True,weather_trades_normalized.csv:8034|api_trades:9117|activity.csv:8625|api_activity:8624,EXACT_SIZE_MATCH,0.1400000313,-3.1299999980749504e-08,PRICE_FLAT_ADD,0.1400000161101029,-1.6110102890598554e-08,NEAR_AVERAGE_COST_ADD,0.1400000313,PRICE_FLAT_ADD,0.1400000161101029,NEAR_AVERAGE_COST_ADD,0.14,14.000000000000002,10—15美分
2026-04-23__beijing__high,2026-04-23,Beijing,high,BEIJING_STATION_UNCONFIRMED,0x0c4871a3e1c3042aea49400e7c91c225a87dde20495d2e33ae0fa630adab3ad9,highest-temperature-in-beijing-on-april-23-2026,highest-temperature-in-beijing-on-april-23-2026-24c,21566447027654051954463647479102067340566578824637319845242246500457092132358,Yes,24°C,exact,24.0,24.0,C,1776878610,2026-04-22T17:23:30+00:00,2026-04-23T01:23:30+08:00,D0_0000_0800,01:00—01:30,BUY,0.14,6.10465,0.854651,activity_usdcSize,0xa59647246fad5d4fe0c950dd57d0e32185a274108def53a3fb06ffccd35ace70,True,True,True,weather_trades_normalized.csv:8035|api_trades:9116|activity.csv:8626|api_activity:8625,EXACT_SIZE_MATCH,0.14,0.0,PRICE_FLAT_ADD,0.14000001179243576,-1.1792435750113128e-08,NEAR_AVERAGE_COST_ADD,0.14,PRICE_FLAT_ADD,0.14000001179243576,NEAR_AVERAGE_COST_ADD,0.14,14.000000000000002,10—15美分
2026-04-23__beijing__high,2026-04-23,Beijing,high,BEIJING_STATION_UNCONFIRMED,0x0c4871a3e1c3042aea49400e7c91c225a87dde20495d2e33ae0fa630adab3ad9,highest-temperature-in-beijing-on-april-23-2026,highest-temperature-in-beijing-on-april-23-2026-24c,21566447027654051954463647479102067340566578824637319845242246500457092132358,Yes,24°C,exact,24.0,24.0,C,1776878610,2026-04-22T17:23:30+00:00,2026-04-23T01:23:30+08:00,D0_0000_0800,01:00—01:30,BUY,0.1400000289,1.383714,0.19372,activity_usdcSize,0xf79da441656ad466ebe0746e02f6bd9d76645ad9a0c27e3202ec40e0031b4bb4,True,True,True,weather_trades_normalized.csv:8036|api_trades:9112|activity.csv:8627|api_activity:8626,EXACT_SIZE_MATCH,0.14,2.8899999976461643e-08,PRICE_FLAT_ADD,0.14000000888505593,2.0014944063229123e-08,NEAR_AVERAGE_COST_ADD,0.14,PRICE_FLAT_ADD,0.14000000888505593,NEAR_AVERAGE_COST_ADD,0.1400000289,14.00000289,10—15美分
2026-04-23__beijing__high,2026-04-23,Beijing,high,BEIJING_STATION_UNCONFIRMED,0x0c4871a3e1c3042aea49400e7c91c225a87dde20495d2e33ae0fa630adab3ad9,highest-temperature-in-beijing-on-april-23-2026,highest-temperature-in-beijing-on-april-23-2026-24c,21566447027654051954463647479102067340566578824637319845242246500457092132358,Yes,24°C,exact,24.0,24.0,C,1776878612,2026-04-22T17:23:32+00:00,2026-04-23T01:23:32+08:00,D0_0000_0800,01:00—01:30,BUY,0.1400000344,2.325578,0.325581,activity_usdcSize,0xbc1a0ec25f1a9a5f5c381468bc67e05be48e44439e56d80b2a719b522e29c6a3,True,True,True,weather_trades_normalized.csv:8037|api_trades:9111|activity.csv:8628|api_activity:8627,EXACT_SIZE_MATCH,0.1400000289,5.500000010982831e-09,PRICE_FLAT_ADD,0.1400000099447717,2.4455228314623767e-08,NEAR_AVERAGE_COST_ADD,0.1400000289,PRICE_FLAT_ADD,0.1400000099447717,NEAR_AVERAGE_COST_ADD,0.1400000344,14.00000344,10—15美分
2026-04-23__beijing__high,2026-04-23,Beijing,high,BEIJING_STATION_UNCONFIRMED,0x0c4871a3e1c3042aea49400e7c91c225a87dde20495d2e33ae0fa630adab3ad9,highest-temperature-in-beijing-on-april-23-2026,highest-temperature-in-beijing-on-april-23-2026-24c,21566447027654051954463647479102067340566578824637319845242246500457092132358,Yes,24°C,exact,24.0,24.0,C,1776878614,2026-04-22T17:23:34+00:00,2026-04-23T01:23:34+08:00,D0_0000_0800,01:00—01:30,BUY,0.140000086,1.162785,0.16279,activity_usdcSize,0x793e1d664bbc8a83149148baa026634aecf4ac0154d3098982a639c2c5db8ecb,True,True,True,weather_trades_normalized.csv:8038|api_trades:9110|activity.csv:8629|api_activity:8628,EXACT_SIZE_MATCH,0.1400000344,5.15999999950445e-08,PRICE_FLAT_ADD,0.1400000119424085,7.405759150369562e-08,NEAR_AVERAGE_COST_ADD,0.1400000344,PRICE_FLAT_ADD,0.1400000119424085,NEAR_AVERAGE_COST_ADD,0.140000086,14.0000086,10—15美分
2026-04-23__beijing__high,2026-04-23,Beijing,high,BEIJING_STATION_UNCONFIRMED,0x0c4871a3e1c3042aea49400e7c91c225a87dde20495d2e33ae0fa630adab3ad9,highest-temperature-in-beijing-on-april-23-2026,highest-temperature-in-beijing-on-april-23-2026-24c,21566447027654051954463647479102067340566578824637319845242246500457092132358,Yes,24°C,exact,24.0,24.0,C,1776878626,2026-04-22T17:23:46+00:00,2026-04-23T01:23:46+08:00,D0_0000_0800,01:00—01:30,BUY,0.14,5.81395,0.813953,activity_usdcSize,0x73aa36b0b9df01cfa63f509a83fdc095fc110442f8143338f94c0b31f08a25a9,True,True,True,weather_trades_normalized.csv:8039|api_trades:9109|activity.csv:8630|api_activity:8629,EXACT_SIZE_MATCH,0.140000086,-8.599999998248897e-08,PRICE_FLAT_ADD,0.14000001484843425,-1.4848434232161978e-08,NEAR_AVERAGE_COST_ADD,0.140000086,PRICE_FLAT_ADD,0.14000001484843425,NEAR_AVERAGE_COST_ADD,0.14,14.000000000000002,10—15美分
2026-04-23__beijing__high,2026-04-23,Beijing,high,BEIJING_STATION_UNCONFIRMED,0x0c4871a3e1c3042aea49400e7c91c225a87dde20495d2e33ae0fa630adab3ad9,highest-temperature-in-beijing-on-april-23-2026,highest-temperature-in-beijing-on-april-23-2026-24c,21566447027654051954463647479102067340566578824637319845242246500457092132358,Yes,24°C,exact,24.0,24.0,C,1776878626,2026-04-22T17:23:46+00:00,2026-04-23T01:23:46+08:00,D0_0000_0800,01:00—01:30,BUY,0.14,5.83,0.8162,activity_usdcSize,0x886215ebd82bfbd20b6053bff5ccc3543b8d9bd440aeab43ee2071b2e678407f,True,True,True,weather_trades_normalized.csv:8040|api_trades:9108|activity.csv:8631|api_activity:8630,EXACT_SIZE_MATCH,0.14,0.0,PRICE_FLAT_ADD,0.14000001241300175,-1.2413001737598961e-08,NEAR_AVERAGE_COST_ADD,0.14,PRICE_FLAT_ADD,0.14000001241300175,NEAR_AVERAGE_COST_ADD,0.14,14.000000000000002,10—15美分
2026-04-23__beijing__high,2026-04-23,Beijing,high,BEIJING_STATION_UNCONFIRMED,0x0c4871a3e1c3042aea49400e7c91c225a87dde20495d2e33ae0fa630adab3ad9,highest-temperature-in-beijing-on-april-23-2026,highest-temperature-in-beijing-on-april-23-2026-24c,21566447027654051954463647479102067340566578824637319845242246500457092132358,Yes,24°C,exact,24.0,24.0,C,1776878642,2026-04-22T17:24:02+00:00,2026-04-23T01:24:02+08:00,D0_0000_0800,01:00—01:30,BUY,0.14,2.0,0.28,activity_usdcSize,0x242cf7fe17d86f67a44993d0972c36d5cbfb6d7a95eb646b286115fdb28c54e1,True,True,True,weather_trades_normalized.csv:8041|api_trades:9107|activity.csv:8632|api_activity:8631,EXACT_SIZE_MATCH,0.14,0.0,PRICE_FLAT_ADD,0.14000001065976583,-1.0659765820042466e-08,NEAR_AVERAGE_COST_ADD,0.14,PRICE_FLAT_ADD,0.14000001065976583,NEAR_AVERAGE_COST_ADD,0.14,14.000000000000002,10—15美分
2026-04-23__beijing__high,2026-04-23,Beijing,high,BEIJING_STATION_UNCONFIRMED,0x0c4871a3e1c3042aea49400e7c91c225a87dde20495d2e33ae0fa630adab3ad9,highest-temperature-in-beijing-on-april-23-2026,highest-temperature-in-beijing-on-april-23-2026-24c,21566447027654051954463647479102067340566578824637319845242246500457092132358,Yes,24°C,exact,24.0,24.0,C,1776878656,2026-04-22T17:24:16+00:00,2026-04-23T01:24:16+08:00,D0_0000_0800,01:00—01:30,BUY,0.14,3.56,0.4984,activity_usdcSize,0x20110e25ef09ed833feb90e72eaeaa4a2192f30f666164bd180dca94ecd09987,True,True,True,weather_trades_normalized.csv:8042|api_trades:9105|activity.csv:8633|api_activity:8632,EXACT_SIZE_MATCH,0.14,0.0,PRICE_FLAT_ADD,0.14000001016713287,-1.016713285784121e-08,NEAR_AVERAGE_COST_ADD,0.14,PRICE_FLAT_ADD,0.14000001016713287,NEAR_AVERAGE_COST_ADD,0.14,14.000000000000002,10—15美分
2026-04-23__beijing__high,2026-04-23,Beijing,high,BEIJING_STATION_UNCONFIRMED,0x0c4871a3e1c3042aea49400e7c91c225a87dde20495d2e33ae0fa630adab3ad9,highest-temperature-in-beijing-on-april-23-2026,highest-temperature-in-beijing-on-april-23-2026-24c,21566447027654051954463647479102067340566578824637319845242246500457092132358,Yes,24°C,exact,24.0,24.0,C,1776878656,2026-04-22T17:24:16+00:00,2026-04-23T01:24:16+08:00,D0_0000_0800,01:00—01:30,BUY,0.1400000257,3.116278,0.436279,activity_usdcSize,0x6f742bf4b499db6d2a2f0673d87ffec7c23dcb0be88b1a8dacc7225de7e124fa,True,True,True,weather_trades_normalized.csv:8043|api_trades:9106|activity.csv:8634|api_activity:8633,EXACT_SIZE_MATCH,0.14,2.5699999989248212e-08,PRICE_FLAT_ADD,0.14000000939434165,1.6305658351312147e-08,NEAR_AVERAGE_COST_ADD,0.14,PRICE_FLAT_ADD,0.14000000939434165,NEAR_AVERAGE_COST_ADD,0.1400000257,14.00000257,10—15美分
2026-04-23__beijing__high,2026-04-23,Beijing,high,BEIJING_STATION_UNCONFIRMED,0xfc340731150e5452090f7ddecf4b587e33123eefe0bc2e5207dba2ecce958fc5,highest-temperature-in-beijing-on-april-23-2026,highest-temperature-in-beijing-on-april-23-2026-23c,8431357715887922335909644548709407739447460978954925257664327098581538020739,Yes,23°C,exact,23.0,23.0,C,1776925480,2026-04-23T06:24:40+00:00,2026-04-23T14:24:40+08:00,D0_1400_1500,14:00—14:30,BUY,0.005,270.0,1.35,activity_usdcSize,0x6d7f7346f0c18b8f859b134a001f28a4f16acc0711c318ac334a587374d6975c,True,True,True,weather_trades_normalized.csv:8128|api_trades:9029|activity.csv:8724|api_activity:8723,EXACT_SIZE_MATCH,0.0199153775,-0.0149153775,PRICE_DOWN_ADD,0.022079338008512608,-0.017079338008512607,BELOW_AVERAGE_COST_ADD,0.0199153775,PRICE_DOWN_ADD,0.022079338008512608,BELOW_AVERAGE_COST_ADD,0.005,0.5,0—1美分
2026-04-23__beijing__high,2026-04-23,Beijing,high,BEIJING_STATION_UNCONFIRMED,0xfc340731150e5452090f7ddecf4b587e33123eefe0bc2e5207dba2ecce958fc5,highest-temperature-in-beijing-on-april-23-2026,highest-temperature-in-beijing-on-april-23-2026-23c,8431357715887922335909644548709407739447460978954925257664327098581538020739,Yes,23°C,exact,23.0,23.0,C,1776925492,2026-04-23T06:24:52+00:00,2026-04-23T14:24:52+08:00,D0_1400_1500,14:00—14:30,BUY,0.005,130.0,0.65,activity_usdcSize,0x708ea57b090b0b50589b028091eea2a84084b59eea10e9aa528d17631a440c97,True,True,True,weather_trades_normalized.csv:8129|api_trades:9028|activity.csv:8725|api_activity:8724,EXACT_SIZE_MATCH,0.005,0.0,PRICE_FLAT_ADD,0.012775575826260417,-0.007775575826260417,NEAR_AVERAGE_COST_ADD,0.005,PRICE_FLAT_ADD,0.012775575826260417,NEAR_AVERAGE_COST_ADD,0.005,0.5,0—1美分
2026-04-25__beijing__high,2026-04-25,Beijing,high,BEIJING_STATION_UNCONFIRMED,0x8e8d9cde861bbeb5f1e93051aae9eef8f83455eab51aaee651bb0575ad828ce3,highest-temperature-in-beijing-on-april-25-2026,highest-temperature-in-beijing-on-april-25-2026-26c,62999602185924412671900857682709527767295119553660714924742823893821142722330,Yes,26°C,exact,26.0,26.0,C,1777060528,2026-04-24T19:55:28+00:00,2026-04-25T03:55:28+08:00,D0_0000_0800,03:30—04:00,BUY,0.07,45.35,3.5,activity_usdcSize,0xf12d594886a80d159e7457f5995e4c6f7422d02dda38798bc39ec9c919011f6d,True,True,True,weather_trades_normalized.csv:8251|api_trades:8940|activity.csv:9050|api_activity:9049,NEAREST_SIZE_MATCH,,,,,,,,,,,0.07,7.000000000000001,5—10美分
2026-04-25__beijing__high,2026-04-25,Beijing,high,BEIJING_STATION_UNCONFIRMED,0x15ae2a57f388563c5601d20f442275770104a21ecdf6f09125fef3cb3ceefb00,highest-temperature-in-beijing-on-april-25-2026,highest-temperature-in-beijing-on-april-25-2026-29c,94196277704027725263040487567652472589554202532984189923983272920988633086842,Yes,29°C,exact,29.0,29.0,C,1777098190,2026-04-25T06:23:10+00:00,2026-04-25T14:23:10+08:00,D0_1400_1500,14:00—14:30,BUY,0.1,182.0,20.0,activity_usdcSize,0xeb0dfd7dbc4d49c73f8d21b4c2ac1d7dae0ad3eef8eb2e01594bd981b64dc116,True,True,True,weather_trades_normalized.csv:8297|api_trades:8914|activity.csv:9097|api_activity:9096,NEAREST_SIZE_MATCH,,,,,,,,,,,0.1,10.0,10—15美分
2026-04-27__beijing__high,2026-04-27,Beijing,high,BEIJING_STATION_UNCONFIRMED,0x864846ad89a02764eb7ea9563978854e5cee6e4013987f26a5712c10080e29e5,highest-temperature-in-beijing-on-april-27-2026,highest-temperature-in-beijing-on-april-27-2026-24c,74775188654117731706375919392152640207142390515105180636776647163013329515447,Yes,24°C,exact,24.0,24.0,C,1777228768,2026-04-26T18:39:28+00:00,2026-04-27T02:39:28+08:00,D0_0000_0800,02:30—03:00,BUY,0.08,40.86,3.6,activity_usdcSize,0xec4f442bd8bccf57e054f0237544af05eb4b4fe0ed84aac7e8e3f683f5ff9961,True,True,True,weather_trades_normalized.csv:8475|api_trades:8774|activity.csv:9279|api_activity:9278,NEAREST_SIZE_MATCH,,,,,,,,,,,0.08,8.0,5—10美分
2026-04-27__beijing__high,2026-04-27,Beijing,high,BEIJING_STATION_UNCONFIRMED,0x864846ad89a02764eb7ea9563978854e5cee6e4013987f26a5712c10080e29e5,highest-temperature-in-beijing-on-april-27-2026,highest-temperature-in-beijing-on-april-27-2026-24c,74775188654117731706375919392152640207142390515105180636776647163013329515447,Yes,24°C,exact,24.0,24.0,C,1777233570,2026-04-26T19:59:30+00:00,2026-04-27T03:59:30+08:00,D0_0000_0800,03:30—04:00,BUY,0.08,50.0,4.0,activity_usdcSize,0x6b16c50fc169e67f93bc2e9ce6d7c3e75f6fc756e54dbf22da1c8bcc44fe1838,True,True,True,weather_trades_normalized.csv:8485|api_trades:8764|activity.csv:9289|api_activity:9288,EXACT_SIZE_MATCH,0.08,0.0,PRICE_FLAT_ADD,0.0881057268722467,-0.008105726872246699,NEAR_AVERAGE_COST_ADD,0.08,PRICE_FLAT_ADD,0.0881057268722467,NEAR_AVERAGE_COST_ADD,0.08,8.0,5—10美分
2026-04-27__beijing__high,2026-04-27,Beijing,high,BEIJING_STATION_UNCONFIRMED,0x6f5984649347b99444ae3388a7e306aa17ee8acf6b92ff9bb299db1c1cb8c5e9,highest-temperature-in-beijing-on-april-27-2026,highest-temperature-in-beijing-on-april-27-2026-25c,18759015204797689806424865263975358352874068218247776603309874732213675257358,Yes,25°C,exact,25.0,25.0,C,1777268818,2026-04-27T05:46:58+00:00,2026-04-27T13:46:58+08:00,D0_1300_1400,13:30—14:00,BUY,0.007,2.23,0.01561,activity_usdcSize,0xa14465b053155a3dca260fe15b75a1052f0f7f6f3c374f5175963df08ef781a6,True,True,True,weather_trades_normalized.csv:8539|api_trades:8715|activity.csv:9505|api_activity:9504,EXACT_SIZE_MATCH,,,,,,,,,,,0.007,0.7000000000000001,0—1美分
2026-04-27__beijing__high,2026-04-27,Beijing,high,BEIJING_STATION_UNCONFIRMED,0x6f5984649347b99444ae3388a7e306aa17ee8acf6b92ff9bb299db1c1cb8c5e9,highest-temperature-in-beijing-on-april-27-2026,highest-temperature-in-beijing-on-april-27-2026-25c,18759015204797689806424865263975358352874068218247776603309874732213675257358,Yes,25°C,exact,25.0,25.0,C,1777268820,2026-04-27T05:47:00+00:00,2026-04-27T13:47:00+08:00,D0_1300_1400,13:30—14:00,BUY,0.007,5.0,0.035,activity_usdcSize,0x37c64b03142befe556be15a545a9a4704d4ee9b97d4d7e6ad7fbcdb7dae42f0d,True,True,True,weather_trades_normalized.csv:8540|api_trades:8711|activity.csv:9506|api_activity:9505,EXACT_SIZE_MATCH,0.007,0.0,PRICE_FLAT_ADD,0.007,0.0,NEAR_AVERAGE_COST_ADD,0.007,PRICE_FLAT_ADD,0.007,NEAR_AVERAGE_COST_ADD,0.007,0.7000000000000001,0—1美分
2026-04-27__beijing__high,2026-04-27,Beijing,high,BEIJING_STATION_UNCONFIRMED,0x6f5984649347b99444ae3388a7e306aa17ee8acf6b92ff9bb299db1c1cb8c5e9,highest-temperature-in-beijing-on-april-27-2026,highest-temperature-in-beijing-on-april-27-2026-25c,18759015204797689806424865263975358352874068218247776603309874732213675257358,Yes,25°C,exact,25.0,25.0,C,1777268820,2026-04-27T05:47:00+00:00,2026-04-27T13:47:00+08:00,D0_1300_1400,13:30—14:00,BUY,0.007,5.0,0.035,activity_usdcSize,0x6dc73ef49eb835bf75bcc7cc6f2711e31ed8d794dcfd2bfa064bf7f4ca81a7ae,True,True,True,weather_trades_normalized.csv:8541|api_trades:8713|activity.csv:9507|api_activity:9506,EXACT_SIZE_MATCH,0.007,0.0,PRICE_FLAT_ADD,0.007,0.0,NEAR_AVERAGE_COST_ADD,0.007,PRICE_FLAT_ADD,0.007,NEAR_AVERAGE_COST_ADD,0.007,0.7000000000000001,0—1美分
2026-04-27__beijing__high,2026-04-27,Beijing,high,BEIJING_STATION_UNCONFIRMED,0x6f5984649347b99444ae3388a7e306aa17ee8acf6b92ff9bb299db1c1cb8c5e9,highest-temperature-in-beijing-on-april-27-2026,highest-temperature-in-beijing-on-april-27-2026-25c,18759015204797689806424865263975358352874068218247776603309874732213675257358,Yes,25°C,exact,25.0,25.0,C,1777268820,2026-04-27T05:47:00+00:00,2026-04-27T13:47:00+08:00,D0_1300_1400,13:30—14:00,BUY,0.007,2.77,0.01939,activity_usdcSize,0x822b58e18e6a817d59cf25574348d30aeb45357ffa3568e5c19a515b5a201065,True,True,True,weather_trades_normalized.csv:8542|api_trades:8710|activity.csv:9508|api_activity:9507,EXACT_SIZE_MATCH,0.007,0.0,PRICE_FLAT_ADD,0.007,0.0,NEAR_AVERAGE_COST_ADD,0.007,PRICE_FLAT_ADD,0.007,NEAR_AVERAGE_COST_ADD,0.007,0.7000000000000001,0—1美分
2026-04-27__beijing__high,2026-04-27,Beijing,high,BEIJING_STATION_UNCONFIRMED,0x6f5984649347b99444ae3388a7e306aa17ee8acf6b92ff9bb299db1c1cb8c5e9,highest-temperature-in-beijing-on-april-27-2026,highest-temperature-in-beijing-on-april-27-2026-25c,18759015204797689806424865263975358352874068218247776603309874732213675257358,Yes,25°C,exact,25.0,25.0,C,1777268820,2026-04-27T05:47:00+00:00,2026-04-27T13:47:00+08:00,D0_1300_1400,13:30—14:00,BUY,0.007,5.0,0.035,activity_usdcSize,0x8e01eed798e0ec110e2ebc83f4ee6b9b957956785eb02e5523d965bcfd4e1ba1,True,True,True,weather_trades_normalized.csv:8543|api_trades:8708|activity.csv:9509|api_activity:9508,EXACT_SIZE_MATCH,0.007,0.0,PRICE_FLAT_ADD,0.007000000000000001,-8.673617379884035e-19,NEAR_AVERAGE_COST_ADD,0.007,PRICE_FLAT_ADD,0.007000000000000001,NEAR_AVERAGE_COST_ADD,0.007,0.7000000000000001,0—1美分
2026-04-27__beijing__high,2026-04-27,Beijing,high,BEIJING_STATION_UNCONFIRMED,0x6f5984649347b99444ae3388a7e306aa17ee8acf6b92ff9bb299db1c1cb8c5e9,highest-temperature-in-beijing-on-april-27-2026,highest-temperature-in-beijing-on-april-27-2026-25c,18759015204797689806424865263975358352874068218247776603309874732213675257358,Yes,25°C,exact,25.0,25.0,C,1777268820,2026-04-27T05:47:00+00:00,2026-04-27T13:47:00+08:00,D0_1300_1400,13:30—14:00,BUY,0.007,2.23,0.01561,activity_usdcSize,0xb1ee1c03ee247d29972666a68e8bf40e979f2de9571aa513d05274096b829702,True,True,True,weather_trades_normalized.csv:8544|api_trades:8712|activity.csv:9510|api_activity:9509,EXACT_SIZE_MATCH,0.007,0.0,PRICE_FLAT_ADD,0.007000000000000001,-8.673617379884035e-19,NEAR_AVERAGE_COST_ADD,0.007,PRICE_FLAT_ADD,0.007000000000000001,NEAR_AVERAGE_COST_ADD,0.007,0.7000000000000001,0—1美分
2026-04-27__beijing__high,2026-04-27,Beijing,high,BEIJING_STATION_UNCONFIRMED,0x6f5984649347b99444ae3388a7e306aa17ee8acf6b92ff9bb299db1c1cb8c5e9,highest-temperature-in-beijing-on-april-27-2026,highest-temperature-in-beijing-on-april-27-2026-25c,18759015204797689806424865263975358352874068218247776603309874732213675257358,Yes,25°C,exact,25.0,25.0,C,1777268820,2026-04-27T05:47:00+00:00,2026-04-27T13:47:00+08:00,D0_1300_1400,13:30—14:00,BUY,0.007,5.0,0.035,activity_usdcSize,0xb9bad9f10ad14b10abbf419be4fd1a7b724df694cfd7291fadf988cc8efac296,True,True,True,weather_trades_normalized.csv:8545|api_trades:8709|activity.csv:9511|api_activity:9510,EXACT_SIZE_MATCH,0.007,0.0,PRICE_FLAT_ADD,0.007000000000000001,-8.673617379884035e-19,NEAR_AVERAGE_COST_ADD,0.007,PRICE_FLAT_ADD,0.007000000000000001,NEAR_AVERAGE_COST_ADD,0.007,0.7000000000000001,0—1美分
2026-04-27__beijing__high,2026-04-27,Beijing,high,BEIJING_STATION_UNCONFIRMED,0x6f5984649347b99444ae3388a7e306aa17ee8acf6b92ff9bb299db1c1cb8c5e9,highest-temperature-in-beijing-on-april-27-2026,highest-temperature-in-beijing-on-april-27-2026-25c,18759015204797689806424865263975358352874068218247776603309874732213675257358,Yes,25°C,exact,25.0,25.0,C,1777268820,2026-04-27T05:47:00+00:00,2026-04-27T13:47:00+08:00,D0_1300_1400,13:30—14:00,BUY,0.007,5.0,0.035,activity_usdcSize,0xc4ceb6d9cbe19d0c14dadb5179210f56e2a2105f3d55e29e0f4cf83ede361bcd,True,True,True,weather_trades_normalized.csv:8546|api_trades:8714|activity.csv:9512|api_activity:9511,EXACT_SIZE_MATCH,0.007,0.0,PRICE_FLAT_ADD,0.007000000000000001,-8.673617379884035e-19,NEAR_AVERAGE_COST_ADD,0.007,PRICE_FLAT_ADD,0.007000000000000001,NEAR_AVERAGE_COST_ADD,0.007,0.7000000000000001,0—1美分
2026-04-27__beijing__high,2026-04-27,Beijing,high,BEIJING_STATION_UNCONFIRMED,0x6f5984649347b99444ae3388a7e306aa17ee8acf6b92ff9bb299db1c1cb8c5e9,highest-temperature-in-beijing-on-april-27-2026,highest-temperature-in-beijing-on-april-27-2026-25c,18759015204797689806424865263975358352874068218247776603309874732213675257358,Yes,25°C,exact,25.0,25.0,C,1777268822,2026-04-27T05:47:02+00:00,2026-04-27T13:47:02+08:00,D0_1300_1400,13:30—14:00,BUY,0.007,5.0,0.035,activity_usdcSize,0xe07c86cf7e2eee13fe683928b4231073c15bbe0b064e1213ad656a594d768fd6,True,True,True,weather_trades_normalized.csv:8547|api_trades:8707|activity.csv:9513|api_activity:9512,EXACT_SIZE_MATCH,0.007,0.0,PRICE_FLAT_ADD,0.007,0.0,NEAR_AVERAGE_COST_ADD,0.007,PRICE_FLAT_ADD,0.007,NEAR_AVERAGE_COST_ADD,0.007,0.7000000000000001,0—1美分
2026-04-27__beijing__high,2026-04-27,Beijing,high,BEIJING_STATION_UNCONFIRMED,0x6f5984649347b99444ae3388a7e306aa17ee8acf6b92ff9bb299db1c1cb8c5e9,highest-temperature-in-beijing-on-april-27-2026,highest-temperature-in-beijing-on-april-27-2026-25c,18759015204797689806424865263975358352874068218247776603309874732213675257358,Yes,25°C,exact,25.0,25.0,C,1777268826,2026-04-27T05:47:06+00:00,2026-04-27T13:47:06+08:00,D0_1300_1400,13:30—14:00,BUY,0.007,5.0,0.035,activity_usdcSize,0x009f85de42679998f16703fd7f00c6300b762ea11b2d376ec79dd0883358c380,True,True,True,weather_trades_normalized.csv:8548|api_trades:8706|activity.csv:9514|api_activity:9513,EXACT_SIZE_MATCH,0.007,0.0,PRICE_FLAT_ADD,0.006999999999999999,8.673617379884035e-19,NEAR_AVERAGE_COST_ADD,0.007,PRICE_FLAT_ADD,0.006999999999999999,NEAR_AVERAGE_COST_ADD,0.007,0.7000000000000001,0—1美分
2026-04-27__beijing__high,2026-04-27,Beijing,high,BEIJING_STATION_UNCONFIRMED,0x6f5984649347b99444ae3388a7e306aa17ee8acf6b92ff9bb299db1c1cb8c5e9,highest-temperature-in-beijing-on-april-27-2026,highest-temperature-in-beijing-on-april-27-2026-25c,18759015204797689806424865263975358352874068218247776603309874732213675257358,Yes,25°C,exact,25.0,25.0,C,1777268826,2026-04-27T05:47:06+00:00,2026-04-27T13:47:06+08:00,D0_1300_1400,13:30—14:00,BUY,0.007,2.77,0.01939,activity_usdcSize,0xd4dbfd39b8c46f9956471ae80508f1e6fd9a2b91ed042ecea53d99624945a6aa,True,True,True,weather_trades_normalized.csv:8549|api_trades:8705|activity.csv:9515|api_activity:9514,EXACT_SIZE_MATCH,0.007,0.0,PRICE_FLAT_ADD,0.007,0.0,NEAR_AVERAGE_COST_ADD,0.007,PRICE_FLAT_ADD,0.007,NEAR_AVERAGE_COST_ADD,0.007,0.7000000000000001,0—1美分
2026-04-27__beijing__high,2026-04-27,Beijing,high,BEIJING_STATION_UNCONFIRMED,0x6f5984649347b99444ae3388a7e306aa17ee8acf6b92ff9bb299db1c1cb8c5e9,highest-temperature-in-beijing-on-april-27-2026,highest-temperature-in-beijing-on-april-27-2026-25c,18759015204797689806424865263975358352874068218247776603309874732213675257358,Yes,25°C,exact,25.0,25.0,C,1777268880,2026-04-27T05:48:00+00:00,2026-04-27T13:48:00+08:00,D0_1300_1400,13:30—14:00,BUY,0.007,10.0,0.07,activity_usdcSize,0xc87ac6fdfab6b2e24b8ed2ca90792dc43dd7f755a65662812fd81362257246f9,True,True,True,weather_trades_normalized.csv:8550|api_trades:8704|activity.csv:9516|api_activity:9515,EXACT_SIZE_MATCH,0.007,0.0,PRICE_FLAT_ADD,0.007,0.0,NEAR_AVERAGE_COST_ADD,0.007,PRICE_FLAT_ADD,0.007,NEAR_AVERAGE_COST_ADD,0.007,0.7000000000000001,0—1美分
2026-04-27__beijing__high,2026-04-27,Beijing,high,BEIJING_STATION_UNCONFIRMED,0x6f5984649347b99444ae3388a7e306aa17ee8acf6b92ff9bb299db1c1cb8c5e9,highest-temperature-in-beijing-on-april-27-2026,highest-temperature-in-beijing-on-april-27-2026-25c,18759015204797689806424865263975358352874068218247776603309874732213675257358,Yes,25°C,exact,25.0,25.0,C,1777268970,2026-04-27T05:49:30+00:00,2026-04-27T13:49:30+08:00,D0_1300_1400,13:30—14:00,BUY,0.044,25.05188,1.2188,activity_usdcSize,0x9f4582644fe3484005080ecf5fa7fc0c73ae3d888a6b284301ce5cfcda633ca0,True,True,True,weather_trades_normalized.csv:8551|api_trades:8703|activity.csv:9517|api_activity:9516,NEAREST_SIZE_MATCH,0.007,0.037,PRICE_UP_ADD,0.007,0.037,ABOVE_AVERAGE_COST_ADD,0.007,PRICE_UP_ADD,0.007,ABOVE_AVERAGE_COST_ADD,0.044,4.3999999999999995,2—5美分
2026-04-27__beijing__high,2026-04-27,Beijing,high,BEIJING_STATION_UNCONFIRMED,0x6f5984649347b99444ae3388a7e306aa17ee8acf6b92ff9bb299db1c1cb8c5e9,highest-temperature-in-beijing-on-april-27-2026,highest-temperature-in-beijing-on-april-27-2026-25c,18759015204797689806424865263975358352874068218247776603309874732213675257358,Yes,25°C,exact,25.0,25.0,C,1777269132,2026-04-27T05:52:12+00:00,2026-04-27T13:52:12+08:00,D0_1300_1400,13:30—14:00,BUY,0.017,12.6,0.2142,activity_usdcSize,0x4c1a0cfd2087d30ea7576e946a4b95ac6744c7f07ef38039fca3c02c89f574d0,True,True,True,weather_trades_normalized.csv:8552|api_trades:8701|activity.csv:9518|api_activity:9517,EXACT_SIZE_MATCH,0.044,-0.026999999999999996,PRICE_DOWN_ADD,0.020034507621807255,-0.0030345076218072538,NEAR_AVERAGE_COST_ADD,0.044,PRICE_DOWN_ADD,0.020034507621807255,NEAR_AVERAGE_COST_ADD,0.017,1.7000000000000002,1—2美分
2026-04-27__beijing__high,2026-04-27,Beijing,high,BEIJING_STATION_UNCONFIRMED,0x6f5984649347b99444ae3388a7e306aa17ee8acf6b92ff9bb299db1c1cb8c5e9,highest-temperature-in-beijing-on-april-27-2026,highest-temperature-in-beijing-on-april-27-2026-25c,18759015204797689806424865263975358352874068218247776603309874732213675257358,Yes,25°C,exact,25.0,25.0,C,1777269132,2026-04-27T05:52:12+00:00,2026-04-27T13:52:12+08:00,D0_1300_1400,13:30—14:00,BUY,0.017,5.0,0.085,activity_usdcSize,0x4fadb7172c8e70437a3efa76c6d9998bcadae1e6682184fa860d70f8fd6dc6c6,True,True,True,weather_trades_normalized.csv:8553|api_trades:8700|activity.csv:9519|api_activity:9518,EXACT_SIZE_MATCH,0.017,0.0,PRICE_FLAT_ADD,0.01962183605988351,-0.0026218360598835103,NEAR_AVERAGE_COST_ADD,0.017,PRICE_FLAT_ADD,0.01962183605988351,NEAR_AVERAGE_COST_ADD,0.017,1.7000000000000002,1—2美分
2026-04-27__beijing__high,2026-04-27,Beijing,high,BEIJING_STATION_UNCONFIRMED,0x6f5984649347b99444ae3388a7e306aa17ee8acf6b92ff9bb299db1c1cb8c5e9,highest-temperature-in-beijing-on-april-27-2026,highest-temperature-in-beijing-on-april-27-2026-25c,18759015204797689806424865263975358352874068218247776603309874732213675257358,Yes,25°C,exact,25.0,25.0,C,1777269132,2026-04-27T05:52:12+00:00,2026-04-27T13:52:12+08:00,D0_1300_1400,13:30—14:00,BUY,0.017,5.0,0.085,activity_usdcSize,0x61d662107fbaf7191d456ac93dac7fbb4082756889b330f629f3ce1733b4139a,True,True,True,weather_trades_normalized.csv:8554|api_trades:8702|activity.csv:9520|api_activity:9519,EXACT_SIZE_MATCH,0.017,0.0,PRICE_FLAT_ADD,0.019487592046358963,-0.002487592046358962,NEAR_AVERAGE_COST_ADD,0.017,PRICE_FLAT_ADD,0.019487592046358963,NEAR_AVERAGE_COST_ADD,0.017,1.7000000000000002,1—2美分
2026-04-27__beijing__high,2026-04-27,Beijing,high,BEIJING_STATION_UNCONFIRMED,0x6f5984649347b99444ae3388a7e306aa17ee8acf6b92ff9bb299db1c1cb8c5e9,highest-temperature-in-beijing-on-april-27-2026,highest-temperature-in-beijing-on-april-27-2026-25c,18759015204797689806424865263975358352874068218247776603309874732213675257358,Yes,25°C,exact,25.0,25.0,C,1777269192,2026-04-27T05:53:12+00:00,2026-04-27T13:53:12+08:00,D0_1300_1400,13:30—14:00,BUY,0.017,77.4,1.3158,activity_usdcSize,0x1a9749c5726983775a2a6f4252b60bfc93097da689b09ebbe49734968d74f269,True,True,True,weather_trades_normalized.csv:8555|api_trades:8699|activity.csv:9521|api_activity:9520,EXACT_SIZE_MATCH,0.017,0.0,PRICE_FLAT_ADD,0.019366425631951407,-0.0023664256319514063,NEAR_AVERAGE_COST_ADD,0.017,PRICE_FLAT_ADD,0.019366425631951407,NEAR_AVERAGE_COST_ADD,0.017,1.7000000000000002,1—2美分
2026-04-27__beijing__high,2026-04-27,Beijing,high,BEIJING_STATION_UNCONFIRMED,0x5b84de0aabb22b9c7fd505b693485e1ed8292f82ef240577a2191a889c2a6128,highest-temperature-in-beijing-on-april-27-2026,highest-temperature-in-beijing-on-april-27-2026-26c,41445565019217828765776585456366349309120936422786086330894323592050191092126,Yes,26°C,exact,26.0,26.0,C,1777269600,2026-04-27T06:00:00+00:00,2026-04-27T14:00:00+08:00,D0_1400_1500,14:00—14:30,BUY,0.01,34.54434,0.3834,activity_usdcSize,0x9fd5c00331ca6425d01c28b4ccd64b4ba5bf35bbb5bb57b7e3a36348752a693e,True,True,True,weather_trades_normalized.csv:8557|api_trades:8697|activity.csv:9523|api_activity:9522,NEAREST_SIZE_MATCH,,,,,,,,,,,0.01,1.0,1—2美分
2026-04-27__beijing__high,2026-04-27,Beijing,high,BEIJING_STATION_UNCONFIRMED,0x5b84de0aabb22b9c7fd505b693485e1ed8292f82ef240577a2191a889c2a6128,highest-temperature-in-beijing-on-april-27-2026,highest-temperature-in-beijing-on-april-27-2026-26c,41445565019217828765776585456366349309120936422786086330894323592050191092126,Yes,26°C,exact,26.0,26.0,C,1777269608,2026-04-27T06:00:08+00:00,2026-04-27T14:00:08+08:00,D0_1400_1500,14:00—14:30,BUY,0.0116062605,91.54892,1.17908,activity_usdcSize,0x0ec13fa5417fcc871a86902883ffff5de0f459499255da02aaa1c39282397e6c,True,True,True,weather_trades_normalized.csv:8558|api_trades:8696|activity.csv:9524|api_activity:9523,NEAREST_SIZE_MATCH,0.01,0.0016062604999999997,PRICE_FLAT_ADD,0.011098779134295229,0.0005074813657047709,NEAR_AVERAGE_COST_ADD,0.01,PRICE_FLAT_ADD,0.011098779134295229,NEAR_AVERAGE_COST_ADD,0.0116062605,1.16062605,1—2美分
2026-04-27__beijing__high,2026-04-27,Beijing,high,BEIJING_STATION_UNCONFIRMED,0x7ab2376c3e92c6006fc5b699fd0159186854d3a4a5e8d0202d59000d99cf8c47,highest-temperature-in-beijing-on-april-27-2026,highest-temperature-in-beijing-on-april-27-2026-27corhigher,27870013192276198246622626756571080848132517874120553202251810229028455297206,Yes,27°C or higher,above,27.0,,C,1777275150,2026-04-27T07:32:30+00:00,2026-04-27T15:32:30+08:00,D0_1500_1600,15:30—16:00,BUY,0.0048219178,328.67602,1.76,activity_usdcSize,0xc1ed74d3ca7e6840bae1b65720ec18148e01c870d1e60a0fdf1dd53b50ac3b30,True,True,True,weather_trades_normalized.csv:8578|api_trades:8694|activity.csv:9544|api_activity:9543,NEAREST_SIZE_MATCH,,,,,,,,,,,0.0048219178,0.48219177999999996,0—1美分
2026-04-28__beijing__high,2026-04-28,Beijing,high,BEIJING_STATION_UNCONFIRMED,0x0cac32fb1a54512c22ba7518e18c87873d7e82ab5f56c2cab8477762cd9229d5,highest-temperature-in-beijing-on-april-28-2026,highest-temperature-in-beijing-on-april-28-2026-22c,92646383532694565769819355080262033486579248795910356011037686835151732239903,Yes,22°C,exact,22.0,22.0,C,1777363792,2026-04-28T08:09:52+00:00,2026-04-28T16:09:52+08:00,D0_1600_1800,16:00—16:30,BUY,0.038,2.6391,0.11096,activity_usdcSize,0x1cfc2fc035f95af57afdb1ebc761f7bbbf2dc31194630ef2de88269e6b8e4a8c,True,True,True,weather_trades_normalized.csv:8667|api_trades:8621|activity.csv:9636|api_activity:9635,NEAREST_SIZE_MATCH,,,,,,,,,,,0.038,3.8,2—5美分
2026-04-28__beijing__high,2026-04-28,Beijing,high,BEIJING_STATION_UNCONFIRMED,0x0cac32fb1a54512c22ba7518e18c87873d7e82ab5f56c2cab8477762cd9229d5,highest-temperature-in-beijing-on-april-28-2026,highest-temperature-in-beijing-on-april-28-2026-22c,92646383532694565769819355080262033486579248795910356011037686835151732239903,Yes,22°C,exact,22.0,22.0,C,1777367166,2026-04-28T09:06:06+00:00,2026-04-28T17:06:06+08:00,D0_1600_1800,17:00—17:30,BUY,0.0080332585,108.33962,0.96616,activity_usdcSize,0xdc7abcc7d372150ef8c350e876cda3c22dd7fb1055263419f9c822344080f334,True,True,True,weather_trades_normalized.csv:8669|api_trades:8619|activity.csv:9638|api_activity:9637,NEAREST_SIZE_MATCH,0.038,-0.029966741499999998,PRICE_DOWN_ADD,0.04204463642908567,-0.03401137792908567,BELOW_AVERAGE_COST_ADD,0.038,PRICE_DOWN_ADD,0.04204463642908567,BELOW_AVERAGE_COST_ADD,0.0080332585,0.8033258499999999,0—1美分
2026-04-30__beijing__high,2026-04-30,Beijing,high,BEIJING_STATION_UNCONFIRMED,0xbec38cce9c48047ae2f6488aa3c91a08e816152da98a09a0bd93e5b06fd0d5af,highest-temperature-in-beijing-on-april-30-2026,highest-temperature-in-beijing-on-april-30-2026-29c,52679121537207722303972086748630856469766558571367389427781481300111303991398,Yes,29°C,exact,29.0,29.0,C,1777539144,2026-04-30T08:52:24+00:00,2026-04-30T16:52:24+08:00,D0_1600_1800,16:30—17:00,BUY,0.004,77.42,0.3251,activity_usdcSize,0x936b9dfd70e0556f6d22afc4853a429736b2ac3d60277bec88c05e75a577f6fe,True,True,True,weather_trades_normalized.csv:8794|api_trades:8505|activity.csv:9778|api_activity:9777,EXACT_SIZE_MATCH,,,,,,,,,,,0.004,0.4,0—1美分
2026-05-02__beijing__high,2026-05-02,Beijing,high,BEIJING_STATION_UNCONFIRMED,0xa86208e530aee548fb5e790c33a4f5e78b65f2e609219c72f6094cadb71d951e,highest-temperature-in-beijing-on-may-2-2026,highest-temperature-in-beijing-on-may-2-2026-26c,33301675211441607187539417759128642850791480671425557059188247493279455606759,Yes,26°C,exact,26.0,26.0,C,1777695202,2026-05-02T04:13:22+00:00,2026-05-02T12:13:22+08:00,D0_1200_1300,12:00—12:30,BUY,0.0456175583,125.98,6.02113,activity_usdcSize,0xafc978ee0011cd6ba89ba27a258f2f47129163f11c4db3c6eea47ad5014c9668,True,True,True,weather_trades_normalized.csv:9098|api_trades:8271|activity.csv:10094|api_activity:10093,EXACT_SIZE_MATCH,,,,,,,,,,,0.0456175583,4.56175583,2—5美分
2026-05-02__beijing__high,2026-05-02,Beijing,high,BEIJING_STATION_UNCONFIRMED,0x9519d4b167151f59a883213ad98a205621b19f6afdbc9d2720a4421aa961ecd4,highest-temperature-in-beijing-on-may-2-2026,highest-temperature-in-beijing-on-may-2-2026-25c,29863422689008728892940410795172328467337826368931772666076274433075638569610,Yes,25°C,exact,25.0,25.0,C,1777699462,2026-05-02T05:24:22+00:00,2026-05-02T13:24:22+08:00,D0_1300_1400,13:00—13:30,BUY,0.012873805,130.75,1.76632,activity_usdcSize,0x8aa79911bcff545f738614d9b6a21f8617ffa6b669df6c6d906d3001b613f263,True,True,True,weather_trades_normalized.csv:9157|api_trades:8261|activity.csv:10153|api_activity:10152,EXACT_SIZE_MATCH,,,,,,,,,,,0.012873805,1.2873805,1—2美分
2026-05-02__beijing__high,2026-05-02,Beijing,high,BEIJING_STATION_UNCONFIRMED,0x9519d4b167151f59a883213ad98a205621b19f6afdbc9d2720a4421aa961ecd4,highest-temperature-in-beijing-on-may-2-2026,highest-temperature-in-beijing-on-may-2-2026-25c,29863422689008728892940410795172328467337826368931772666076274433075638569610,Yes,25°C,exact,25.0,25.0,C,1777699502,2026-05-02T05:25:02+00:00,2026-05-02T13:25:02+08:00,D0_1300_1400,13:00—13:30,BUY,0.017,6.59,0.11203,activity_usdcSize,0x8e5f1dfc46f4490b1d0f7b3b9e4a6dc7487e84d996c66ac92d50968513a02170,True,True,True,weather_trades_normalized.csv:9158|api_trades:8260|activity.csv:10154|api_activity:10153,EXACT_SIZE_MATCH,0.012873805,0.004126195000000001,PRICE_FLAT_ADD,0.013509139579349903,0.0034908604206500982,NEAR_AVERAGE_COST_ADD,0.012873805,PRICE_FLAT_ADD,0.013509139579349903,NEAR_AVERAGE_COST_ADD,0.017,1.7000000000000002,1—2美分
2026-05-02__beijing__high,2026-05-02,Beijing,high,BEIJING_STATION_UNCONFIRMED,0x9519d4b167151f59a883213ad98a205621b19f6afdbc9d2720a4421aa961ecd4,highest-temperature-in-beijing-on-may-2-2026,highest-temperature-in-beijing-on-may-2-2026-25c,29863422689008728892940410795172328467337826368931772666076274433075638569610,Yes,25°C,exact,25.0,25.0,C,1777699528,2026-05-02T05:25:28+00:00,2026-05-02T13:25:28+08:00,D0_1300_1400,13:00—13:30,BUY,0.017,0.16,0.00272,activity_usdcSize,0x791e2d822dfae3a3245671c82b41f40013790056ef511eccba2f8b1e227a88bd,True,True,True,weather_trades_normalized.csv:9159|api_trades:8259|activity.csv:10155|api_activity:10154,EXACT_SIZE_MATCH,0.017,0.0,PRICE_FLAT_ADD,0.013676641910586864,0.003323358089413137,NEAR_AVERAGE_COST_ADD,0.017,PRICE_FLAT_ADD,0.013676641910586864,NEAR_AVERAGE_COST_ADD,0.017,1.7000000000000002,1—2美分
2026-05-04__beijing__high,2026-05-04,Beijing,high,BEIJING_STATION_UNCONFIRMED,0x7d4e65f24b5e57bb79b4f237700ccc75896a83167c435215e5afb6bafa4796bb,highest-temperature-in-beijing-on-may-4-2026,highest-temperature-in-beijing-on-may-4-2026-27c,106720166071460513228269870742966782758353621207551264392667487512549347745947,Yes,27°C,exact,27.0,27.0,C,1777880274,2026-05-04T07:37:54+00:00,2026-05-04T15:37:54+08:00,D0_1500_1600,15:30—16:00,BUY,0.0664333028,98.13,6.8234,activity_usdcSize,0x3609e9897217d01e8581c104c88f6cc5ea11a2c198d2f19ff094d845060321e6,True,True,True,weather_trades_normalized.csv:9408|api_trades:8030|activity.csv:10407|api_activity:10406,EXACT_SIZE_MATCH,,,,,,,,,,,0.0664333028,6.64333028,5—10美分
2026-05-04__beijing__high,2026-05-04,Beijing,high,BEIJING_STATION_UNCONFIRMED,0x7d4e65f24b5e57bb79b4f237700ccc75896a83167c435215e5afb6bafa4796bb,highest-temperature-in-beijing-on-may-4-2026,highest-temperature-in-beijing-on-may-4-2026-27c,106720166071460513228269870742966782758353621207551264392667487512549347745947,Yes,27°C,exact,27.0,27.0,C,1777880280,2026-05-04T07:38:00+00:00,2026-05-04T15:38:00+08:00,D0_1500_1600,15:30—16:00,BUY,0.07,11.73,0.8211,activity_usdcSize,0x92b8f5549a4ba4a1e0ea7f471bb7c2121bea8310336e4b9c95405780eac53013,True,True,True,weather_trades_normalized.csv:9409|api_trades:8029|activity.csv:10408|api_activity:10407,EXACT_SIZE_MATCH,0.0664333028,0.0035666972000000102,PRICE_FLAT_ADD,0.06953429124630593,0.0004657087536940746,NEAR_AVERAGE_COST_ADD,0.0664333028,PRICE_FLAT_ADD,0.06953429124630593,NEAR_AVERAGE_COST_ADD,0.07,7.000000000000001,5—10美分
2026-05-04__beijing__high,2026-05-04,Beijing,high,BEIJING_STATION_UNCONFIRMED,0x7d4e65f24b5e57bb79b4f237700ccc75896a83167c435215e5afb6bafa4796bb,highest-temperature-in-beijing-on-may-4-2026,highest-temperature-in-beijing-on-may-4-2026-27c,106720166071460513228269870742966782758353621207551264392667487512549347745947,Yes,27°C,exact,27.0,27.0,C,1777882174,2026-05-04T08:09:34+00:00,2026-05-04T16:09:34+08:00,D0_1600_1800,16:00—16:30,BUY,0.04,50.0,2.0,activity_usdcSize,0xa554b15e37edc42137b49db1b901f96678f194dbd50fe516eef389d4d03b7898,True,True,True,weather_trades_normalized.csv:9425|api_trades:8013|activity.csv:10424|api_activity:10423,EXACT_SIZE_MATCH,0.07,-0.030000000000000006,PRICE_DOWN_ADD,0.06958401602038959,-0.02958401602038959,BELOW_AVERAGE_COST_ADD,0.07,PRICE_DOWN_ADD,0.06958401602038959,BELOW_AVERAGE_COST_ADD,0.04,4.0,2—5美分
2026-05-04__beijing__high,2026-05-04,Beijing,high,BEIJING_STATION_UNCONFIRMED,0x7d4e65f24b5e57bb79b4f237700ccc75896a83167c435215e5afb6bafa4796bb,highest-temperature-in-beijing-on-may-4-2026,highest-temperature-in-beijing-on-may-4-2026-27c,106720166071460513228269870742966782758353621207551264392667487512549347745947,Yes,27°C,exact,27.0,27.0,C,1777882348,2026-05-04T08:12:28+00:00,2026-05-04T16:12:28+08:00,D0_1600_1800,16:00—16:30,BUY,0.04,15.769775,0.630791,activity_usdcSize,0xc89c3416e5f13664c18f61db14c4766afa94b43cf6a4839c37a2a9f211ad0f31,True,True,True,weather_trades_normalized.csv:9426|api_trades:8012|activity.csv:10425|api_activity:10424,EXACT_SIZE_MATCH,0.04,0.0,PRICE_FLAT_ADD,0.06033091455023145,-0.02033091455023145,BELOW_AVERAGE_COST_ADD,0.04,PRICE_FLAT_ADD,0.06033091455023145,BELOW_AVERAGE_COST_ADD,0.04,4.0,2—5美分
2026-05-04__beijing__high,2026-05-04,Beijing,high,BEIJING_STATION_UNCONFIRMED,0x7d4e65f24b5e57bb79b4f237700ccc75896a83167c435215e5afb6bafa4796bb,highest-temperature-in-beijing-on-may-4-2026,highest-temperature-in-beijing-on-may-4-2026-27c,106720166071460513228269870742966782758353621207551264392667487512549347745947,Yes,27°C,exact,27.0,27.0,C,1777882352,2026-05-04T08:12:32+00:00,2026-05-04T16:12:32+08:00,D0_1600_1800,16:00—16:30,BUY,0.04,16.66,0.6664,activity_usdcSize,0xb9af3b54b903b058b19b32e03642ca02e7465899bcc244ec89a32b72904559e9,True,True,True,weather_trades_normalized.csv:9427|api_trades:8011|activity.csv:10426|api_activity:10425,EXACT_SIZE_MATCH,0.04,0.0,PRICE_FLAT_ADD,0.05850540433704934,-0.018505404337049336,BELOW_AVERAGE_COST_ADD,0.04,PRICE_FLAT_ADD,0.05850540433704934,BELOW_AVERAGE_COST_ADD,0.04,4.0,2—5美分
2026-05-04__beijing__high,2026-05-04,Beijing,high,BEIJING_STATION_UNCONFIRMED,0x7d4e65f24b5e57bb79b4f237700ccc75896a83167c435215e5afb6bafa4796bb,highest-temperature-in-beijing-on-may-4-2026,highest-temperature-in-beijing-on-may-4-2026-27c,106720166071460513228269870742966782758353621207551264392667487512549347745947,Yes,27°C,exact,27.0,27.0,C,1777882358,2026-05-04T08:12:38+00:00,2026-05-04T16:12:38+08:00,D0_1600_1800,16:00—16:30,BUY,0.04,16.66,0.6664,activity_usdcSize,0x3b2b2fec5df180d28b3e4790bf4b64d825e7b795a18fb3afe89b2de51dd16526,True,True,True,weather_trades_normalized.csv:9428|api_trades:8010|activity.csv:10427|api_activity:10426,EXACT_SIZE_MATCH,0.04,0.0,PRICE_FLAT_ADD,0.05690209476816955,-0.016902094768169548,BELOW_AVERAGE_COST_ADD,0.04,PRICE_FLAT_ADD,0.05690209476816955,BELOW_AVERAGE_COST_ADD,0.04,4.0,2—5美分
2026-05-04__beijing__high,2026-05-04,Beijing,high,BEIJING_STATION_UNCONFIRMED,0x7d4e65f24b5e57bb79b4f237700ccc75896a83167c435215e5afb6bafa4796bb,highest-temperature-in-beijing-on-may-4-2026,highest-temperature-in-beijing-on-may-4-2026-27c,106720166071460513228269870742966782758353621207551264392667487512549347745947,Yes,27°C,exact,27.0,27.0,C,1777882362,2026-05-04T08:12:42+00:00,2026-05-04T16:12:42+08:00,D0_1600_1800,16:00—16:30,BUY,0.04,16.66,0.6664,activity_usdcSize,0x4072173b5c258fab34b879a0b0136375dabbbd1549e1293fb3ab6878898d899c,True,True,True,weather_trades_normalized.csv:9429|api_trades:8009|activity.csv:10428|api_activity:10427,EXACT_SIZE_MATCH,0.04,0.0,PRICE_FLAT_ADD,0.05555445561020585,-0.015554455610205846,BELOW_AVERAGE_COST_ADD,0.04,PRICE_FLAT_ADD,0.05555445561020585,BELOW_AVERAGE_COST_ADD,0.04,4.0,2—5美分
2026-05-04__beijing__high,2026-05-04,Beijing,high,BEIJING_STATION_UNCONFIRMED,0x7d4e65f24b5e57bb79b4f237700ccc75896a83167c435215e5afb6bafa4796bb,highest-temperature-in-beijing-on-may-4-2026,highest-temperature-in-beijing-on-may-4-2026-27c,106720166071460513228269870742966782758353621207551264392667487512549347745947,Yes,27°C,exact,27.0,27.0,C,1777882368,2026-05-04T08:12:48+00:00,2026-05-04T16:12:48+08:00,D0_1600_1800,16:00—16:30,BUY,0.04,16.66,0.6664,activity_usdcSize,0x949b60439665ca4d2414ad9a491f1849b7a33207caf534f1da92c72b7c5bbf08,True,True,True,weather_trades_normalized.csv:9430|api_trades:8008|activity.csv:10429|api_activity:10428,EXACT_SIZE_MATCH,0.04,0.0,PRICE_FLAT_ADD,0.054405847441672234,-0.014405847441672233,BELOW_AVERAGE_COST_ADD,0.04,PRICE_FLAT_ADD,0.054405847441672234,BELOW_AVERAGE_COST_ADD,0.04,4.0,2—5美分
2026-05-04__beijing__high,2026-05-04,Beijing,high,BEIJING_STATION_UNCONFIRMED,0x7d4e65f24b5e57bb79b4f237700ccc75896a83167c435215e5afb6bafa4796bb,highest-temperature-in-beijing-on-may-4-2026,highest-temperature-in-beijing-on-may-4-2026-27c,106720166071460513228269870742966782758353621207551264392667487512549347745947,Yes,27°C,exact,27.0,27.0,C,1777882372,2026-05-04T08:12:52+00:00,2026-05-04T16:12:52+08:00,D0_1600_1800,16:00—16:30,BUY,0.04,16.66,0.6664,activity_usdcSize,0x1b8544c5439bea09aba7e350ec75ea9d2032567003043dcb9453d94b782ec5c3,True,True,True,weather_trades_normalized.csv:9431|api_trades:8007|activity.csv:10430|api_activity:10429,EXACT_SIZE_MATCH,0.04,0.0,PRICE_FLAT_ADD,0.05341521037859551,-0.013415210378595506,BELOW_AVERAGE_COST_ADD,0.04,PRICE_FLAT_ADD,0.05341521037859551,BELOW_AVERAGE_COST_ADD,0.04,4.0,2—5美分
2026-05-04__beijing__high,2026-05-04,Beijing,high,BEIJING_STATION_UNCONFIRMED,0x7d4e65f24b5e57bb79b4f237700ccc75896a83167c435215e5afb6bafa4796bb,highest-temperature-in-beijing-on-may-4-2026,highest-temperature-in-beijing-on-may-4-2026-27c,106720166071460513228269870742966782758353621207551264392667487512549347745947,Yes,27°C,exact,27.0,27.0,C,1777882378,2026-05-04T08:12:58+00:00,2026-05-04T16:12:58+08:00,D0_1600_1800,16:00—16:30,BUY,0.04,16.66,0.6664,activity_usdcSize,0x7e0302462e1d6ccccd2b68dfb841da58c085f363ff066a05052b1e951eaf0e0d,True,True,True,weather_trades_normalized.csv:9432|api_trades:8006|activity.csv:10431|api_activity:10430,EXACT_SIZE_MATCH,0.04,0.0,PRICE_FLAT_ADD,0.05255205199942725,-0.01255205199942725,BELOW_AVERAGE_COST_ADD,0.04,PRICE_FLAT_ADD,0.05255205199942725,BELOW_AVERAGE_COST_ADD,0.04,4.0,2—5美分
2026-05-04__beijing__high,2026-05-04,Beijing,high,BEIJING_STATION_UNCONFIRMED,0x7d4e65f24b5e57bb79b4f237700ccc75896a83167c435215e5afb6bafa4796bb,highest-temperature-in-beijing-on-may-4-2026,highest-temperature-in-beijing-on-may-4-2026-27c,106720166071460513228269870742966782758353621207551264392667487512549347745947,Yes,27°C,exact,27.0,27.0,C,1777882384,2026-05-04T08:13:04+00:00,2026-05-04T16:13:04+08:00,D0_1600_1800,16:00—16:30,BUY,0.04,16.66,0.6664,activity_usdcSize,0x0ff933f2ac5d91054fe3111b80d42b3fd83478017903ca94592a8fc23f9a1292,True,True,True,weather_trades_normalized.csv:9433|api_trades:8005|activity.csv:10432|api_activity:10431,EXACT_SIZE_MATCH,0.04,0.0,PRICE_FLAT_ADD,0.05179325321485529,-0.01179325321485529,BELOW_AVERAGE_COST_ADD,0.04,PRICE_FLAT_ADD,0.05179325321485529,BELOW_AVERAGE_COST_ADD,0.04,4.0,2—5美分
2026-05-04__beijing__high,2026-05-04,Beijing,high,BEIJING_STATION_UNCONFIRMED,0x7d4e65f24b5e57bb79b4f237700ccc75896a83167c435215e5afb6bafa4796bb,highest-temperature-in-beijing-on-may-4-2026,highest-temperature-in-beijing-on-may-4-2026-27c,106720166071460513228269870742966782758353621207551264392667487512549347745947,Yes,27°C,exact,27.0,27.0,C,1777882388,2026-05-04T08:13:08+00:00,2026-05-04T16:13:08+08:00,D0_1600_1800,16:00—16:30,BUY,0.04,11.66,0.4664,activity_usdcSize,0xdd62fe856d936dacd64c2550afa18f3879e07d6feef043ff5d8a7e719b4fe48f,True,True,True,weather_trades_normalized.csv:9434|api_trades:8004|activity.csv:10433|api_activity:10432,EXACT_SIZE_MATCH,0.04,0.0,PRICE_FLAT_ADD,0.05112096664573991,-0.011120966645739909,BELOW_AVERAGE_COST_ADD,0.04,PRICE_FLAT_ADD,0.05112096664573991,BELOW_AVERAGE_COST_ADD,0.04,4.0,2—5美分
2026-05-04__beijing__high,2026-05-04,Beijing,high,BEIJING_STATION_UNCONFIRMED,0x7d4e65f24b5e57bb79b4f237700ccc75896a83167c435215e5afb6bafa4796bb,highest-temperature-in-beijing-on-may-4-2026,highest-temperature-in-beijing-on-may-4-2026-27c,106720166071460513228269870742966782758353621207551264392667487512549347745947,Yes,27°C,exact,27.0,27.0,C,1777882390,2026-05-04T08:13:10+00:00,2026-05-04T16:13:10+08:00,D0_1600_1800,16:00—16:30,BUY,0.04,3.9,0.156,activity_usdcSize,0x0e1c27286ff5ac74e9dd0d564f2cbbf67f56b1dbc1044f149030a24020544f48,True,True,True,weather_trades_normalized.csv:9435|api_trades:8003|activity.csv:10434|api_activity:10433,EXACT_SIZE_MATCH,0.04,0.0,PRICE_FLAT_ADD,0.05069429240964689,-0.010694292409646887,BELOW_AVERAGE_COST_ADD,0.04,PRICE_FLAT_ADD,0.05069429240964689,BELOW_AVERAGE_COST_ADD,0.04,4.0,2—5美分
2026-05-04__beijing__high,2026-05-04,Beijing,high,BEIJING_STATION_UNCONFIRMED,0x7d4e65f24b5e57bb79b4f237700ccc75896a83167c435215e5afb6bafa4796bb,highest-temperature-in-beijing-on-may-4-2026,highest-temperature-in-beijing-on-may-4-2026-27c,106720166071460513228269870742966782758353621207551264392667487512549347745947,Yes,27°C,exact,27.0,27.0,C,1777882392,2026-05-04T08:13:12+00:00,2026-05-04T16:13:12+08:00,D0_1600_1800,16:00—16:30,BUY,0.04,2.05,0.082,activity_usdcSize,0xb61a44a97cd41a128c291512da2aa7e12be0d3b99de350db750061f14b5737ea,True,True,True,weather_trades_normalized.csv:9436|api_trades:8002|activity.csv:10435|api_activity:10434,EXACT_SIZE_MATCH,0.04,0.0,PRICE_FLAT_ADD,0.05055879398241981,-0.010558793982419809,BELOW_AVERAGE_COST_ADD,0.04,PRICE_FLAT_ADD,0.05055879398241981,BELOW_AVERAGE_COST_ADD,0.04,4.0,2—5美分
2026-05-05__beijing__high,2026-05-05,Beijing,high,BEIJING_STATION_UNCONFIRMED,0x146c905ee851102a0d7fb24a1c7328a19eeb6ffac802a222998753c415a64ade,highest-temperature-in-beijing-on-may-5-2026,highest-temperature-in-beijing-on-may-5-2026-28corbelow,66190869002704856322962274194738014820370536615555082978251660593378232942211,Yes,28°C or below,below,,28.0,C,1777957886,2026-05-05T05:11:26+00:00,2026-05-05T13:11:26+08:00,D0_1300_1400,13:00—13:30,BUY,0.035,200.0,7.33775,activity_usdcSize,0x5d5015e90efa6bbc55b96fb6c28f2610116978f05fa730f151c7c4657fde5371,True,True,True,weather_trades_normalized.csv:9603|api_trades:7865|activity.csv:10606|api_activity:10605,EXACT_SIZE_MATCH,,,,,,,,,,,0.035,3.5000000000000004,2—5美分
2026-05-05__beijing__high,2026-05-05,Beijing,high,BEIJING_STATION_UNCONFIRMED,0x4840e8a8e38734cab3e9f10aade8c14e174560af97d584cd76f048c5e48de728,highest-temperature-in-beijing-on-may-5-2026,highest-temperature-in-beijing-on-may-5-2026-29c,114568909488348714429527508395395101957456873722149399672863820148055315746514,Yes,29°C,exact,29.0,29.0,C,1777957946,2026-05-05T05:12:26+00:00,2026-05-05T13:12:26+08:00,D0_1300_1400,13:00—13:30,BUY,0.2171102662,131.5,29.66757,activity_usdcSize,0xc7b0758dc24ac36d05cff47e34fe88e8fa3299231d4577e4f9dff21d7b73b4c0,True,True,True,weather_trades_normalized.csv:9604|api_trades:7864|activity.csv:10607|api_activity:10606,EXACT_SIZE_MATCH,,,,,,,,,,,0.2171102662,21.711026620000002,20—30美分
2026-05-05__beijing__high,2026-05-05,Beijing,high,BEIJING_STATION_UNCONFIRMED,0x2e81bb27ba254a3c4b0124bfdef89d71543994c9b5bece0ea18f2b92f3b2aeab,highest-temperature-in-beijing-on-may-5-2026,highest-temperature-in-beijing-on-may-5-2026-31c,97330453251716628920627675634974144566478742357841376116445358421286248581493,Yes,31°C,exact,31.0,31.0,C,1777959634,2026-05-05T05:40:34+00:00,2026-05-05T13:40:34+08:00,D0_1300_1400,13:30—14:00,BUY,0.04,5.0,0.2096,activity_usdcSize,0x3a1d5f84fe0fa5f6c2fd4c90bfa7398ce71398977833d7bf8cec9e8917da4707,True,True,True,weather_trades_normalized.csv:9605|api_trades:7863|activity.csv:10608|api_activity:10607,EXACT_SIZE_MATCH,,,,,,,,,,,0.04,4.0,2—5美分
2026-05-05__beijing__high,2026-05-05,Beijing,high,BEIJING_STATION_UNCONFIRMED,0x2e81bb27ba254a3c4b0124bfdef89d71543994c9b5bece0ea18f2b92f3b2aeab,highest-temperature-in-beijing-on-may-5-2026,highest-temperature-in-beijing-on-may-5-2026-31c,97330453251716628920627675634974144566478742357841376116445358421286248581493,Yes,31°C,exact,31.0,31.0,C,1777959644,2026-05-05T05:40:44+00:00,2026-05-05T13:40:44+08:00,D0_1300_1400,13:30—14:00,BUY,0.04,5.0,0.2,activity_usdcSize,0x161945dd3682414f2b9b446a0dc1601d3cdd942d6e4618a06dfd88d77edc7efe,True,True,True,weather_trades_normalized.csv:9606|api_trades:7858|activity.csv:10609|api_activity:10608,EXACT_SIZE_MATCH,0.04,0.0,PRICE_FLAT_ADD,0.04192,-0.001919999999999998,NEAR_AVERAGE_COST_ADD,0.04,PRICE_FLAT_ADD,0.04192,NEAR_AVERAGE_COST_ADD,0.04,4.0,2—5美分
2026-05-05__beijing__high,2026-05-05,Beijing,high,BEIJING_STATION_UNCONFIRMED,0x2e81bb27ba254a3c4b0124bfdef89d71543994c9b5bece0ea18f2b92f3b2aeab,highest-temperature-in-beijing-on-may-5-2026,highest-temperature-in-beijing-on-may-5-2026-31c,97330453251716628920627675634974144566478742357841376116445358421286248581493,Yes,31°C,exact,31.0,31.0,C,1777959644,2026-05-05T05:40:44+00:00,2026-05-05T13:40:44+08:00,D0_1300_1400,13:30—14:00,BUY,0.04,30.0,1.2,activity_usdcSize,0x57ca99faf4c2a7705634023a6fa90ff45ad757f37bab82698a24130bd03511a8,True,True,True,weather_trades_normalized.csv:9607|api_trades:7862|activity.csv:10610|api_activity:10609,EXACT_SIZE_MATCH,0.04,0.0,PRICE_FLAT_ADD,0.04096,-0.0009600000000000025,NEAR_AVERAGE_COST_ADD,0.04,PRICE_FLAT_ADD,0.04096,NEAR_AVERAGE_COST_ADD,0.04,4.0,2—5美分
2026-05-05__beijing__high,2026-05-05,Beijing,high,BEIJING_STATION_UNCONFIRMED,0x2e81bb27ba254a3c4b0124bfdef89d71543994c9b5bece0ea18f2b92f3b2aeab,highest-temperature-in-beijing-on-may-5-2026,highest-temperature-in-beijing-on-may-5-2026-31c,97330453251716628920627675634974144566478742357841376116445358421286248581493,Yes,31°C,exact,31.0,31.0,C,1777959644,2026-05-05T05:40:44+00:00,2026-05-05T13:40:44+08:00,D0_1300_1400,13:30—14:00,BUY,0.04,5.0,0.2,activity_usdcSize,0x815106e68dbc54a99cf79864592a9fc1b7e4e5dc7a9e11df36aa1bcea995040d,True,True,True,weather_trades_normalized.csv:9608|api_trades:7860|activity.csv:10611|api_activity:10610,EXACT_SIZE_MATCH,0.04,0.0,PRICE_FLAT_ADD,0.04024,-0.00023999999999999716,NEAR_AVERAGE_COST_ADD,0.04,PRICE_FLAT_ADD,0.04024,NEAR_AVERAGE_COST_ADD,0.04,4.0,2—5美分
2026-05-05__beijing__high,2026-05-05,Beijing,high,BEIJING_STATION_UNCONFIRMED,0x2e81bb27ba254a3c4b0124bfdef89d71543994c9b5bece0ea18f2b92f3b2aeab,highest-temperature-in-beijing-on-may-5-2026,highest-temperature-in-beijing-on-may-5-2026-31c,97330453251716628920627675634974144566478742357841376116445358421286248581493,Yes,31°C,exact,31.0,31.0,C,1777959644,2026-05-05T05:40:44+00:00,2026-05-05T13:40:44+08:00,D0_1300_1400,13:30—14:00,BUY,0.04,5.0,0.2,activity_usdcSize,0x972ac5673a9b01f6534b1199276c91ad07e3910ffee4467b42fb92aca0e5b200,True,True,True,weather_trades_normalized.csv:9609|api_trades:7859|activity.csv:10612|api_activity:10611,EXACT_SIZE_MATCH,0.04,0.0,PRICE_FLAT_ADD,0.04021333333333333,-0.00021333333333332927,NEAR_AVERAGE_COST_ADD,0.04,PRICE_FLAT_ADD,0.04021333333333333,NEAR_AVERAGE_COST_ADD,0.04,4.0,2—5美分
2026-05-05__beijing__high,2026-05-05,Beijing,high,BEIJING_STATION_UNCONFIRMED,0x2e81bb27ba254a3c4b0124bfdef89d71543994c9b5bece0ea18f2b92f3b2aeab,highest-temperature-in-beijing-on-may-5-2026,highest-temperature-in-beijing-on-may-5-2026-31c,97330453251716628920627675634974144566478742357841376116445358421286248581493,Yes,31°C,exact,31.0,31.0,C,1777959644,2026-05-05T05:40:44+00:00,2026-05-05T13:40:44+08:00,D0_1300_1400,13:30—14:00,BUY,0.04,5.0,0.2,activity_usdcSize,0x9764205115e638fadb5c4a3ee6c3de7c2f247b25b09814296477e324af3b2249,True,True,True,weather_trades_normalized.csv:9610|api_trades:7857|activity.csv:10613|api_activity:10612,EXACT_SIZE_MATCH,0.04,0.0,PRICE_FLAT_ADD,0.040192,-0.00019199999999999773,NEAR_AVERAGE_COST_ADD,0.04,PRICE_FLAT_ADD,0.040192,NEAR_AVERAGE_COST_ADD,0.04,4.0,2—5美分
2026-05-05__beijing__high,2026-05-05,Beijing,high,BEIJING_STATION_UNCONFIRMED,0x2e81bb27ba254a3c4b0124bfdef89d71543994c9b5bece0ea18f2b92f3b2aeab,highest-temperature-in-beijing-on-may-5-2026,highest-temperature-in-beijing-on-may-5-2026-31c,97330453251716628920627675634974144566478742357841376116445358421286248581493,Yes,31°C,exact,31.0,31.0,C,1777959644,2026-05-05T05:40:44+00:00,2026-05-05T13:40:44+08:00,D0_1300_1400,13:30—14:00,BUY,0.04,5.0,0.2,activity_usdcSize,0x9a5b11073a1b794569995cb99c337a9081b0bb750fe711557855573831036d97,True,True,True,weather_trades_normalized.csv:9611|api_trades:7861|activity.csv:10614|api_activity:10613,EXACT_SIZE_MATCH,0.04,0.0,PRICE_FLAT_ADD,0.040174545454545456,-0.000174545454545455,NEAR_AVERAGE_COST_ADD,0.04,PRICE_FLAT_ADD,0.040174545454545456,NEAR_AVERAGE_COST_ADD,0.04,4.0,2—5美分
2026-05-05__beijing__high,2026-05-05,Beijing,high,BEIJING_STATION_UNCONFIRMED,0x2e81bb27ba254a3c4b0124bfdef89d71543994c9b5bece0ea18f2b92f3b2aeab,highest-temperature-in-beijing-on-may-5-2026,highest-temperature-in-beijing-on-may-5-2026-31c,97330453251716628920627675634974144566478742357841376116445358421286248581493,Yes,31°C,exact,31.0,31.0,C,1777962572,2026-05-05T06:29:32+00:00,2026-05-05T14:29:32+08:00,D0_1400_1500,14:00—14:30,BUY,0.1,100.0,10.0,activity_usdcSize,0x918a3d808cb348244de607544cd4326367a1242d0c1a1a3a22952455562b549d,True,True,True,weather_trades_normalized.csv:9618|api_trades:7850|activity.csv:10621|api_activity:10620,EXACT_SIZE_MATCH,0.04,0.060000000000000005,PRICE_UP_ADD,0.04016,0.059840000000000004,ABOVE_AVERAGE_COST_ADD,0.04,PRICE_UP_ADD,0.04016,ABOVE_AVERAGE_COST_ADD,0.1,10.0,10—15美分
2026-05-05__beijing__high,2026-05-05,Beijing,high,BEIJING_STATION_UNCONFIRMED,0xa46ba50740fef7f262e1f51c51a9a0804e498b0d6bc40622e9e3a5b60369bec7,highest-temperature-in-beijing-on-may-5-2026,highest-temperature-in-beijing-on-may-5-2026-30c,109432169913985954432800249369363555360624717090138304021524096956655985463170,Yes,30°C,exact,30.0,30.0,C,1777962698,2026-05-05T06:31:38+00:00,2026-05-05T14:31:38+08:00,D0_1400_1500,14:30—15:00,BUY,0.35,1.11,0.3885,activity_usdcSize,0x90315328f54b85a8665896e7a9fa10c7ddd13f7347f784342f77be93eb3fe991,True,True,True,weather_trades_normalized.csv:9619|api_trades:7849|activity.csv:10622|api_activity:10621,EXACT_SIZE_MATCH,,,,,,,,,,,0.35,35.0,30—40美分
2026-05-05__beijing__high,2026-05-05,Beijing,high,BEIJING_STATION_UNCONFIRMED,0xa46ba50740fef7f262e1f51c51a9a0804e498b0d6bc40622e9e3a5b60369bec7,highest-temperature-in-beijing-on-may-5-2026,highest-temperature-in-beijing-on-may-5-2026-30c,109432169913985954432800249369363555360624717090138304021524096956655985463170,Yes,30°C,exact,30.0,30.0,C,1777962700,2026-05-05T06:31:40+00:00,2026-05-05T14:31:40+08:00,D0_1400_1500,14:30—15:00,BUY,0.35,2.42,0.847,activity_usdcSize,0x97589868364ef02926387ce8d11c2357db1a4ac63244a68188b1ef91351ee357,True,True,True,weather_trades_normalized.csv:9620|api_trades:7848|activity.csv:10623|api_activity:10622,EXACT_SIZE_MATCH,0.35,0.0,PRICE_FLAT_ADD,0.35,0.0,NEAR_AVERAGE_COST_ADD,0.35,PRICE_FLAT_ADD,0.35,NEAR_AVERAGE_COST_ADD,0.35,35.0,30—40美分
2026-05-05__beijing__high,2026-05-05,Beijing,high,BEIJING_STATION_UNCONFIRMED,0x2e4aebf044f1042298a1870ae411f158542e4317d4947519e880d6571edd337f,highest-temperature-in-beijing-on-may-5-2026,highest-temperature-in-beijing-on-may-5-2026-32c,84479913872251581844208708196549894663815216287929663537737185244740695967649,Yes,32°C,exact,32.0,32.0,C,1777962726,2026-05-05T06:32:06+00:00,2026-05-05T14:32:06+08:00,D0_1400_1500,14:30—15:00,BUY,0.0121673333,150.0,1.91524,activity_usdcSize,0x89a71c42ae57918b250bc174be107c37fac5e81de495d1e54c8baa62167527ca,True,True,True,weather_trades_normalized.csv:9621|api_trades:7847|activity.csv:10624|api_activity:10623,EXACT_SIZE_MATCH,,,,,,,,,,,0.0121673333,1.2167333299999998,1—2美分
2026-05-05__beijing__high,2026-05-05,Beijing,high,BEIJING_STATION_UNCONFIRMED,0xa46ba50740fef7f262e1f51c51a9a0804e498b0d6bc40622e9e3a5b60369bec7,highest-temperature-in-beijing-on-may-5-2026,highest-temperature-in-beijing-on-may-5-2026-30c,109432169913985954432800249369363555360624717090138304021524096956655985463170,Yes,30°C,exact,30.0,30.0,C,1777962770,2026-05-05T06:32:50+00:00,2026-05-05T14:32:50+08:00,D0_1400_1500,14:30—15:00,BUY,0.35,5.0,1.75,activity_usdcSize,0x9d5955084c6427f4f41f45010d0050795af5e8642ed321b5c82740353dc88373,True,True,True,weather_trades_normalized.csv:9622|api_trades:7846|activity.csv:10625|api_activity:10624,EXACT_SIZE_MATCH,0.35,0.0,PRICE_FLAT_ADD,0.35,0.0,NEAR_AVERAGE_COST_ADD,0.35,PRICE_FLAT_ADD,0.35,NEAR_AVERAGE_COST_ADD,0.35,35.0,30—40美分
2026-05-05__beijing__high,2026-05-05,Beijing,high,BEIJING_STATION_UNCONFIRMED,0xa46ba50740fef7f262e1f51c51a9a0804e498b0d6bc40622e9e3a5b60369bec7,highest-temperature-in-beijing-on-may-5-2026,highest-temperature-in-beijing-on-may-5-2026-30c,109432169913985954432800249369363555360624717090138304021524096956655985463170,Yes,30°C,exact,30.0,30.0,C,1777962790,2026-05-05T06:33:10+00:00,2026-05-05T14:33:10+08:00,D0_1400_1500,14:30—15:00,BUY,0.35,17.55,6.1425,activity_usdcSize,0x41f41571b5ec833822e875430e077c8def9805f68cdaf759b562aadba0e92ba1,True,True,True,weather_trades_normalized.csv:9623|api_trades:7845|activity.csv:10626|api_activity:10625,EXACT_SIZE_MATCH,0.35,0.0,PRICE_FLAT_ADD,0.35,0.0,NEAR_AVERAGE_COST_ADD,0.35,PRICE_FLAT_ADD,0.35,NEAR_AVERAGE_COST_ADD,0.35,35.0,30—40美分
2026-05-05__beijing__high,2026-05-05,Beijing,high,BEIJING_STATION_UNCONFIRMED,0x2e81bb27ba254a3c4b0124bfdef89d71543994c9b5bece0ea18f2b92f3b2aeab,highest-temperature-in-beijing-on-may-5-2026,highest-temperature-in-beijing-on-may-5-2026-31c,97330453251716628920627675634974144566478742357841376116445358421286248581493,Yes,31°C,exact,31.0,31.0,C,1777963372,2026-05-05T06:42:52+00:00,2026-05-05T14:42:52+08:00,D0_1400_1500,14:30—15:00,BUY,0.12,5.0,0.6,activity_usdcSize,0x802cd4508050e5906e05d2683652f8b7efd853b3d1d24946c8933e7e21c0c93a,True,True,True,weather_trades_normalized.csv:9625|api_trades:7841|activity.csv:10628|api_activity:10627,EXACT_SIZE_MATCH,0.1,0.01999999999999999,PRICE_UP_ADD,0.07756,0.04243999999999999,ABOVE_AVERAGE_COST_ADD,0.1,PRICE_UP_ADD,0.07756,ABOVE_AVERAGE_COST_ADD,0.12,12.0,10—15美分
2026-05-05__beijing__high,2026-05-05,Beijing,high,BEIJING_STATION_UNCONFIRMED,0x2e81bb27ba254a3c4b0124bfdef89d71543994c9b5bece0ea18f2b92f3b2aeab,highest-temperature-in-beijing-on-may-5-2026,highest-temperature-in-beijing-on-may-5-2026-31c,97330453251716628920627675634974144566478742357841376116445358421286248581493,Yes,31°C,exact,31.0,31.0,C,1777963372,2026-05-05T06:42:52+00:00,2026-05-05T14:42:52+08:00,D0_1400_1500,14:30—15:00,BUY,0.12,5.0,0.6,activity_usdcSize,0x99bbbc54f11ec9b09342eae0535b13aa86526763a5df68cffebfea91335927c0,True,True,True,weather_trades_normalized.csv:9626|api_trades:7842|activity.csv:10629|api_activity:10628,EXACT_SIZE_MATCH,0.12,0.0,PRICE_FLAT_ADD,0.07884606060606061,0.04115393939393938,ABOVE_AVERAGE_COST_ADD,0.12,PRICE_FLAT_ADD,0.07884606060606061,ABOVE_AVERAGE_COST_ADD,0.12,12.0,10—15美分
2026-05-05__beijing__high,2026-05-05,Beijing,high,BEIJING_STATION_UNCONFIRMED,0x2e81bb27ba254a3c4b0124bfdef89d71543994c9b5bece0ea18f2b92f3b2aeab,highest-temperature-in-beijing-on-may-5-2026,highest-temperature-in-beijing-on-may-5-2026-31c,97330453251716628920627675634974144566478742357841376116445358421286248581493,Yes,31°C,exact,31.0,31.0,C,1777963372,2026-05-05T06:42:52+00:00,2026-05-05T14:42:52+08:00,D0_1400_1500,14:30—15:00,BUY,0.12,5.0,0.6,activity_usdcSize,0xb26803635cd1d0aba6676204d735b2e24a2e9ccbe41d7d8c735ecb631122698c,True,True,True,weather_trades_normalized.csv:9627|api_trades:7839|activity.csv:10630|api_activity:10629,EXACT_SIZE_MATCH,0.12,0.0,PRICE_FLAT_ADD,0.0800564705882353,0.0399435294117647,ABOVE_AVERAGE_COST_ADD,0.12,PRICE_FLAT_ADD,0.0800564705882353,ABOVE_AVERAGE_COST_ADD,0.12,12.0,10—15美分
2026-05-05__beijing__high,2026-05-05,Beijing,high,BEIJING_STATION_UNCONFIRMED,0x2e81bb27ba254a3c4b0124bfdef89d71543994c9b5bece0ea18f2b92f3b2aeab,highest-temperature-in-beijing-on-may-5-2026,highest-temperature-in-beijing-on-may-5-2026-31c,97330453251716628920627675634974144566478742357841376116445358421286248581493,Yes,31°C,exact,31.0,31.0,C,1777963372,2026-05-05T06:42:52+00:00,2026-05-05T14:42:52+08:00,D0_1400_1500,14:30—15:00,BUY,0.12,5.0,0.6,activity_usdcSize,0xb62a4cdad4ddd30f853172b9ade74f1603f9345776f9415fc83a1c1f691bf611,True,True,True,weather_trades_normalized.csv:9628|api_trades:7838|activity.csv:10631|api_activity:10630,EXACT_SIZE_MATCH,0.12,0.0,PRICE_FLAT_ADD,0.08119771428571429,0.038802285714285706,ABOVE_AVERAGE_COST_ADD,0.12,PRICE_FLAT_ADD,0.08119771428571429,ABOVE_AVERAGE_COST_ADD,0.12,12.0,10—15美分
2026-05-05__beijing__high,2026-05-05,Beijing,high,BEIJING_STATION_UNCONFIRMED,0x2e81bb27ba254a3c4b0124bfdef89d71543994c9b5bece0ea18f2b92f3b2aeab,highest-temperature-in-beijing-on-may-5-2026,highest-temperature-in-beijing-on-may-5-2026-31c,97330453251716628920627675634974144566478742357841376116445358421286248581493,Yes,31°C,exact,31.0,31.0,C,1777963372,2026-05-05T06:42:52+00:00,2026-05-05T14:42:52+08:00,D0_1400_1500,14:30—15:00,BUY,0.12,5.0,0.6,activity_usdcSize,0xbd3fb232ef6540f57ac6aa12093efe5b374d842746ecaa4733d8b6c4228470c1,True,True,True,weather_trades_normalized.csv:9629|api_trades:7840|activity.csv:10632|api_activity:10631,EXACT_SIZE_MATCH,0.12,0.0,PRICE_FLAT_ADD,0.08227555555555556,0.037724444444444435,ABOVE_AVERAGE_COST_ADD,0.12,PRICE_FLAT_ADD,0.08227555555555556,ABOVE_AVERAGE_COST_ADD,0.12,12.0,10—15美分
2026-05-05__beijing__high,2026-05-05,Beijing,high,BEIJING_STATION_UNCONFIRMED,0x2e81bb27ba254a3c4b0124bfdef89d71543994c9b5bece0ea18f2b92f3b2aeab,highest-temperature-in-beijing-on-may-5-2026,highest-temperature-in-beijing-on-may-5-2026-31c,97330453251716628920627675634974144566478742357841376116445358421286248581493,Yes,31°C,exact,31.0,31.0,C,1777963372,2026-05-05T06:42:52+00:00,2026-05-05T14:42:52+08:00,D0_1400_1500,14:30—15:00,BUY,0.12,5.0,0.6,activity_usdcSize,0xce174fcac582924e9fa27c993ce65dcbbd7afba2625bb9b5afcf50b78aa2bee6,True,True,True,weather_trades_normalized.csv:9630|api_trades:7843|activity.csv:10633|api_activity:10632,EXACT_SIZE_MATCH,0.12,0.0,PRICE_FLAT_ADD,0.08329513513513513,0.036704864864864864,ABOVE_AVERAGE_COST_ADD,0.12,PRICE_FLAT_ADD,0.08329513513513513,ABOVE_AVERAGE_COST_ADD,0.12,12.0,10—15美分
2026-05-05__beijing__high,2026-05-05,Beijing,high,BEIJING_STATION_UNCONFIRMED,0x2e81bb27ba254a3c4b0124bfdef89d71543994c9b5bece0ea18f2b92f3b2aeab,highest-temperature-in-beijing-on-may-5-2026,highest-temperature-in-beijing-on-may-5-2026-31c,97330453251716628920627675634974144566478742357841376116445358421286248581493,Yes,31°C,exact,31.0,31.0,C,1777963372,2026-05-05T06:42:52+00:00,2026-05-05T14:42:52+08:00,D0_1400_1500,14:30—15:00,BUY,0.12,3.55,0.426,activity_usdcSize,0xe1e7d50c37f576e12091b980069517bda255bd46041d905f46a2142b03c22882,True,True,True,weather_trades_normalized.csv:9631|api_trades:7844|activity.csv:10634|api_activity:10633,EXACT_SIZE_MATCH,0.12,0.0,PRICE_FLAT_ADD,0.08426105263157894,0.03573894736842105,ABOVE_AVERAGE_COST_ADD,0.12,PRICE_FLAT_ADD,0.08426105263157894,ABOVE_AVERAGE_COST_ADD,0.12,12.0,10—15美分
2026-05-05__beijing__high,2026-05-05,Beijing,high,BEIJING_STATION_UNCONFIRMED,0x2e4aebf044f1042298a1870ae411f158542e4317d4947519e880d6571edd337f,highest-temperature-in-beijing-on-may-5-2026,highest-temperature-in-beijing-on-may-5-2026-32c,84479913872251581844208708196549894663815216287929663537737185244740695967649,Yes,32°C,exact,32.0,32.0,C,1777963758,2026-05-05T06:49:18+00:00,2026-05-05T14:49:18+08:00,D0_1400_1500,14:30—15:00,BUY,0.01,10.16,0.1016,activity_usdcSize,0x4b8e4a8b20a24520066e68261d7e68262a694ec6bd585e8fd6bf120031f352cf,True,True,True,weather_trades_normalized.csv:9632|api_trades:7837|activity.csv:10635|api_activity:10634,EXACT_SIZE_MATCH,0.0121673333,-0.0021673332999999993,PRICE_FLAT_ADD,0.012768266666666667,-0.0027682666666666664,NEAR_AVERAGE_COST_ADD,0.0121673333,PRICE_FLAT_ADD,0.012768266666666667,NEAR_AVERAGE_COST_ADD,0.01,1.0,1—2美分
2026-05-05__beijing__high,2026-05-05,Beijing,high,BEIJING_STATION_UNCONFIRMED,0x2e4aebf044f1042298a1870ae411f158542e4317d4947519e880d6571edd337f,highest-temperature-in-beijing-on-may-5-2026,highest-temperature-in-beijing-on-may-5-2026-32c,84479913872251581844208708196549894663815216287929663537737185244740695967649,Yes,32°C,exact,32.0,32.0,C,1777963824,2026-05-05T06:50:24+00:00,2026-05-05T14:50:24+08:00,D0_1400_1500,14:30—15:00,BUY,0.01,5.0,0.05,activity_usdcSize,0xdfa340d5df9fc5c764108c9f0f4919b516c87f30e701d16abebabe27ada991fb,True,True,True,weather_trades_normalized.csv:9633|api_trades:7836|activity.csv:10636|api_activity:10635,EXACT_SIZE_MATCH,0.01,0.0,PRICE_FLAT_ADD,0.012592657342657344,-0.0025926573426573434,NEAR_AVERAGE_COST_ADD,0.01,PRICE_FLAT_ADD,0.012592657342657344,NEAR_AVERAGE_COST_ADD,0.01,1.0,1—2美分
2026-05-05__beijing__high,2026-05-05,Beijing,high,BEIJING_STATION_UNCONFIRMED,0x2e4aebf044f1042298a1870ae411f158542e4317d4947519e880d6571edd337f,highest-temperature-in-beijing-on-may-5-2026,highest-temperature-in-beijing-on-may-5-2026-32c,84479913872251581844208708196549894663815216287929663537737185244740695967649,Yes,32°C,exact,32.0,32.0,C,1777964018,2026-05-05T06:53:38+00:00,2026-05-05T14:53:38+08:00,D0_1400_1500,14:30—15:00,BUY,0.01,9.61,0.0961,activity_usdcSize,0x7b11d96d1678f2a5bb78f92e9787db067322db6ab78a9b4fcb5a4bb243f47c97,True,True,True,weather_trades_normalized.csv:9634|api_trades:7835|activity.csv:10637|api_activity:10636,EXACT_SIZE_MATCH,0.01,0.0,PRICE_FLAT_ADD,0.01251416807943812,-0.00251416807943812,NEAR_AVERAGE_COST_ADD,0.01,PRICE_FLAT_ADD,0.01251416807943812,NEAR_AVERAGE_COST_ADD,0.01,1.0,1—2美分
2026-05-05__beijing__high,2026-05-05,Beijing,high,BEIJING_STATION_UNCONFIRMED,0x2e81bb27ba254a3c4b0124bfdef89d71543994c9b5bece0ea18f2b92f3b2aeab,highest-temperature-in-beijing-on-may-5-2026,highest-temperature-in-beijing-on-may-5-2026-31c,97330453251716628920627675634974144566478742357841376116445358421286248581493,Yes,31°C,exact,31.0,31.0,C,1777965070,2026-05-05T07:11:10+00:00,2026-05-05T15:11:10+08:00,D0_1500_1600,15:00—15:30,BUY,0.04,13.77,0.5508,activity_usdcSize,0x356b4f613ba5cf7b22b4876df6699ec4d169ae2bb101843f800e8e8f6c825ca4,True,True,True,weather_trades_normalized.csv:9635|api_trades:7834|activity.csv:10638|api_activity:10637,EXACT_SIZE_MATCH,0.12,-0.07999999999999999,PRICE_DOWN_ADD,0.08491655902867475,-0.044916559028674745,BELOW_AVERAGE_COST_ADD,0.12,PRICE_DOWN_ADD,0.08491655902867475,BELOW_AVERAGE_COST_ADD,0.04,4.0,2—5美分
2026-05-05__beijing__high,2026-05-05,Beijing,high,BEIJING_STATION_UNCONFIRMED,0x2e4aebf044f1042298a1870ae411f158542e4317d4947519e880d6571edd337f,highest-temperature-in-beijing-on-may-5-2026,highest-temperature-in-beijing-on-may-5-2026-32c,84479913872251581844208708196549894663815216287929663537737185244740695967649,Yes,32°C,exact,32.0,32.0,C,1777966290,2026-05-05T07:31:30+00:00,2026-05-05T15:31:30+08:00,D0_1500_1600,15:30—16:00,BUY,0.0081111111,90.0,0.7662,activity_usdcSize,0xcccff9bcd6e8ecc59b6f33ae4e449d42ef2db562a2e70542f499b933f061733e,True,True,True,weather_trades_normalized.csv:9636|api_trades:7833|activity.csv:10639|api_activity:10638,EXACT_SIZE_MATCH,0.01,-0.0018888889,PRICE_FLAT_ADD,0.012375922641185559,-0.0042648115411855585,NEAR_AVERAGE_COST_ADD,0.01,PRICE_FLAT_ADD,0.012375922641185559,NEAR_AVERAGE_COST_ADD,0.0081111111,0.81111111,0—1美分
2026-05-06__beijing__high,2026-05-06,Beijing,high,BEIJING_STATION_UNCONFIRMED,0xa1f711d819b3830877f0f63370a8fe964edc6e611f77621b73788d5a48f39ecc,highest-temperature-in-beijing-on-may-6-2026,highest-temperature-in-beijing-on-may-6-2026-27c,15881884661923309778325867962692490642504531046438171254533338562380273211355,Yes,27°C,exact,27.0,27.0,C,1778040640,2026-05-06T04:10:40+00:00,2026-05-06T12:10:40+08:00,D0_1200_1300,12:00—12:30,BUY,0.022,32.0,0.704,activity_usdcSize,0x5758a498e30b28be0103cc51dff292e0bdced9c39a0fca455c21a2778f6a59f8,True,True,True,weather_trades_normalized.csv:9744|api_trades:7745|activity.csv:10751|api_activity:10750,EXACT_SIZE_MATCH,,,,,,,,,,,0.022,2.1999999999999997,2—5美分
2026-05-06__beijing__high,2026-05-06,Beijing,high,BEIJING_STATION_UNCONFIRMED,0xa1f711d819b3830877f0f63370a8fe964edc6e611f77621b73788d5a48f39ecc,highest-temperature-in-beijing-on-may-6-2026,highest-temperature-in-beijing-on-may-6-2026-27c,15881884661923309778325867962692490642504531046438171254533338562380273211355,Yes,27°C,exact,27.0,27.0,C,1778040640,2026-05-06T04:10:40+00:00,2026-05-06T12:10:40+08:00,D0_1200_1300,12:00—12:30,BUY,0.022,30.0,0.66,activity_usdcSize,0x736142bb4863e5e95b5ebd880287e3ebdf0c5a094383abdb5a1cc891dc2e026c,True,True,True,weather_trades_normalized.csv:9745|api_trades:7742|activity.csv:10752|api_activity:10751,EXACT_SIZE_MATCH,0.022,0.0,PRICE_FLAT_ADD,0.022,0.0,NEAR_AVERAGE_COST_ADD,0.022,PRICE_FLAT_ADD,0.022,NEAR_AVERAGE_COST_ADD,0.022,2.1999999999999997,2—5美分
2026-05-06__beijing__high,2026-05-06,Beijing,high,BEIJING_STATION_UNCONFIRMED,0xd11d1c944605591f0e0fd4fb90402ae1a61b8e39406cac653e55515ab2407b38,highest-temperature-in-beijing-on-may-6-2026,highest-temperature-in-beijing-on-may-6-2026-29c,30877761833679887015916989793187360042617315518543129235609517713631073507045,Yes,29°C,exact,29.0,29.0,C,1778040640,2026-05-06T04:10:40+00:00,2026-05-06T12:10:40+08:00,D0_1200_1300,12:00—12:30,BUY,0.002,30.0,0.06,activity_usdcSize,0xa0ef1ec8a9f3b0b703d34b417a41a8392254a8a15e6d0249fcb8a8831cb4758d,True,True,True,weather_trades_normalized.csv:9746|api_trades:7744|activity.csv:10753|api_activity:10752,EXACT_SIZE_MATCH,,,,,,,,,,,0.002,0.2,0—1美分
2026-05-06__beijing__high,2026-05-06,Beijing,high,BEIJING_STATION_UNCONFIRMED,0x23130effe41ad7421c2fb68dcb04460a57721df6a24dcdbfabf66bfb0edbe58e,highest-temperature-in-beijing-on-may-6-2026,highest-temperature-in-beijing-on-may-6-2026-28c,89743558045631051337960640190908398319635851610178667873778748920131770938639,Yes,28°C,exact,28.0,28.0,C,1778040640,2026-05-06T04:10:40+00:00,2026-05-06T12:10:40+08:00,D0_1200_1300,12:00—12:30,BUY,0.005,10.0,0.05,activity_usdcSize,0xc7500921095f0ae0e32e53fa986ec882a0abf9c5dfb5102126c1a76f42c12e43,True,True,True,weather_trades_normalized.csv:9747|api_trades:7743|activity.csv:10754|api_activity:10753,EXACT_SIZE_MATCH,,,,,,,,,,,0.005,0.5,0—1美分
2026-05-06__beijing__high,2026-05-06,Beijing,high,BEIJING_STATION_UNCONFIRMED,0xd11d1c944605591f0e0fd4fb90402ae1a61b8e39406cac653e55515ab2407b38,highest-temperature-in-beijing-on-may-6-2026,highest-temperature-in-beijing-on-may-6-2026-29c,30877761833679887015916989793187360042617315518543129235609517713631073507045,Yes,29°C,exact,29.0,29.0,C,1778040648,2026-05-06T04:10:48+00:00,2026-05-06T12:10:48+08:00,D0_1200_1300,12:00—12:30,BUY,0.002,0.61,0.00122,activity_usdcSize,0xa345d68c3fcff8ec10e04e8863de485d2ff81fce89ddc0f76971e0e6c04aa5b4,True,True,True,weather_trades_normalized.csv:9748|api_trades:7741|activity.csv:10755|api_activity:10754,EXACT_SIZE_MATCH,0.002,0.0,PRICE_FLAT_ADD,0.002,0.0,NEAR_AVERAGE_COST_ADD,0.002,PRICE_FLAT_ADD,0.002,NEAR_AVERAGE_COST_ADD,0.002,0.2,0—1美分
2026-05-06__beijing__high,2026-05-06,Beijing,high,BEIJING_STATION_UNCONFIRMED,0x23130effe41ad7421c2fb68dcb04460a57721df6a24dcdbfabf66bfb0edbe58e,highest-temperature-in-beijing-on-may-6-2026,highest-temperature-in-beijing-on-may-6-2026-28c,89743558045631051337960640190908398319635851610178667873778748920131770938639,Yes,28°C,exact,28.0,28.0,C,1778040648,2026-05-06T04:10:48+00:00,2026-05-06T12:10:48+08:00,D0_1200_1300,12:00—12:30,BUY,0.005,0.61,0.00305,activity_usdcSize,0xb4297311b41130c850ad26a66a48be0933288c98a7ebaf71af417a4b9d2b9ad5,True,True,True,weather_trades_normalized.csv:9749|api_trades:7740|activity.csv:10756|api_activity:10755,EXACT_SIZE_MATCH,0.005,0.0,PRICE_FLAT_ADD,0.005,0.0,NEAR_AVERAGE_COST_ADD,0.005,PRICE_FLAT_ADD,0.005,NEAR_AVERAGE_COST_ADD,0.005,0.5,0—1美分
2026-05-06__beijing__high,2026-05-06,Beijing,high,BEIJING_STATION_UNCONFIRMED,0xd11d1c944605591f0e0fd4fb90402ae1a61b8e39406cac653e55515ab2407b38,highest-temperature-in-beijing-on-may-6-2026,highest-temperature-in-beijing-on-may-6-2026-29c,30877761833679887015916989793187360042617315518543129235609517713631073507045,Yes,29°C,exact,29.0,29.0,C,1778041392,2026-05-06T04:23:12+00:00,2026-05-06T12:23:12+08:00,D0_1200_1300,12:00—12:30,BUY,0.002,5.0,0.01,activity_usdcSize,0x52af2a50e6ac7a3c344b9d6132dc4c0b57ea3a66f5b2416547ab432ca473e2b0,True,True,True,weather_trades_normalized.csv:9751|api_trades:7738|activity.csv:10758|api_activity:10757,EXACT_SIZE_MATCH,0.002,0.0,PRICE_FLAT_ADD,0.002,0.0,NEAR_AVERAGE_COST_ADD,0.002,PRICE_FLAT_ADD,0.002,NEAR_AVERAGE_COST_ADD,0.002,0.2,0—1美分
2026-05-06__beijing__high,2026-05-06,Beijing,high,BEIJING_STATION_UNCONFIRMED,0xd11d1c944605591f0e0fd4fb90402ae1a61b8e39406cac653e55515ab2407b38,highest-temperature-in-beijing-on-may-6-2026,highest-temperature-in-beijing-on-may-6-2026-29c,30877761833679887015916989793187360042617315518543129235609517713631073507045,Yes,29°C,exact,29.0,29.0,C,1778041396,2026-05-06T04:23:16+00:00,2026-05-06T12:23:16+08:00,D0_1200_1300,12:00—12:30,BUY,0.002,4.06,0.00812,activity_usdcSize,0xf627d5e6c81a38b45c44a25597dc5d39485a09e0008df7bd71cca1b82e16a15b,True,True,True,weather_trades_normalized.csv:9752|api_trades:7737|activity.csv:10759|api_activity:10758,EXACT_SIZE_MATCH,0.002,0.0,PRICE_FLAT_ADD,0.0019999999999999996,4.336808689942018e-19,NEAR_AVERAGE_COST_ADD,0.002,PRICE_FLAT_ADD,0.0019999999999999996,NEAR_AVERAGE_COST_ADD,0.002,0.2,0—1美分
2026-05-06__beijing__high,2026-05-06,Beijing,high,BEIJING_STATION_UNCONFIRMED,0xd11d1c944605591f0e0fd4fb90402ae1a61b8e39406cac653e55515ab2407b38,highest-temperature-in-beijing-on-may-6-2026,highest-temperature-in-beijing-on-may-6-2026-29c,30877761833679887015916989793187360042617315518543129235609517713631073507045,Yes,29°C,exact,29.0,29.0,C,1778042730,2026-05-06T04:45:30+00:00,2026-05-06T12:45:30+08:00,D0_1200_1300,12:30—13:00,BUY,0.005,92.35,0.46175,activity_usdcSize,0xf4bca21e00c5e34947081bca2df53ae8d3f4e3c126daf1c51323da3f93ea2044,True,True,True,weather_trades_normalized.csv:9756|api_trades:7733|activity.csv:10763|api_activity:10762,EXACT_SIZE_MATCH,0.002,0.003,PRICE_FLAT_ADD,0.0019999999999999996,0.0030000000000000005,NEAR_AVERAGE_COST_ADD,0.002,PRICE_FLAT_ADD,0.0019999999999999996,NEAR_AVERAGE_COST_ADD,0.005,0.5,0—1美分
2026-05-06__beijing__high,2026-05-06,Beijing,high,BEIJING_STATION_UNCONFIRMED,0xd11d1c944605591f0e0fd4fb90402ae1a61b8e39406cac653e55515ab2407b38,highest-temperature-in-beijing-on-may-6-2026,highest-temperature-in-beijing-on-may-6-2026-29c,30877761833679887015916989793187360042617315518543129235609517713631073507045,Yes,29°C,exact,29.0,29.0,C,1778043034,2026-05-06T04:50:34+00:00,2026-05-06T12:50:34+08:00,D0_1200_1300,12:30—13:00,BUY,0.005,5.0,0.025,activity_usdcSize,0xab140cc96c9c6825a4905c4d23f9f3819d70422466afbe340302c26414510f3e,True,True,True,weather_trades_normalized.csv:9759|api_trades:7730|activity.csv:10766|api_activity:10765,EXACT_SIZE_MATCH,0.005,0.0,PRICE_FLAT_ADD,0.004098545674897743,0.0009014543251022571,NEAR_AVERAGE_COST_ADD,0.005,PRICE_FLAT_ADD,0.004098545674897743,NEAR_AVERAGE_COST_ADD,0.005,0.5,0—1美分
2026-05-06__beijing__high,2026-05-06,Beijing,high,BEIJING_STATION_UNCONFIRMED,0xd11d1c944605591f0e0fd4fb90402ae1a61b8e39406cac653e55515ab2407b38,highest-temperature-in-beijing-on-may-6-2026,highest-temperature-in-beijing-on-may-6-2026-29c,30877761833679887015916989793187360042617315518543129235609517713631073507045,Yes,29°C,exact,29.0,29.0,C,1778043414,2026-05-06T04:56:54+00:00,2026-05-06T12:56:54+08:00,D0_1200_1300,12:30—13:00,BUY,0.005,19.35,0.09675,activity_usdcSize,0x48facc46e57de13e75cea109131aa8bc8142816497bcbba75206a6edc543f016,True,True,True,weather_trades_normalized.csv:9760|api_trades:7729|activity.csv:10767|api_activity:10766,EXACT_SIZE_MATCH,0.005,0.0,PRICE_FLAT_ADD,0.004131440665596264,0.0008685593344037361,NEAR_AVERAGE_COST_ADD,0.005,PRICE_FLAT_ADD,0.004131440665596264,NEAR_AVERAGE_COST_ADD,0.005,0.5,0—1美分
2026-05-06__beijing__high,2026-05-06,Beijing,high,BEIJING_STATION_UNCONFIRMED,0x23130effe41ad7421c2fb68dcb04460a57721df6a24dcdbfabf66bfb0edbe58e,highest-temperature-in-beijing-on-may-6-2026,highest-temperature-in-beijing-on-may-6-2026-28c,89743558045631051337960640190908398319635851610178667873778748920131770938639,Yes,28°C,exact,28.0,28.0,C,1778044214,2026-05-06T05:10:14+00:00,2026-05-06T13:10:14+08:00,D0_1300_1400,13:00—13:30,BUY,0.005,59.98,0.2999,activity_usdcSize,0x6ed2a1208501c37174f08bafddbc0a072f9e63bc69ff3d3af84317686f2bc8da,True,True,True,weather_trades_normalized.csv:9764|api_trades:7725|activity.csv:10771|api_activity:10770,EXACT_SIZE_MATCH,0.005,0.0,PRICE_FLAT_ADD,0.005,0.0,NEAR_AVERAGE_COST_ADD,0.005,PRICE_FLAT_ADD,0.005,NEAR_AVERAGE_COST_ADD,0.005,0.5,0—1美分
2026-05-07__beijing__high,2026-05-07,Beijing,high,BEIJING_STATION_UNCONFIRMED,0x091648140262ee994b1c19beea2f41f0f6d99e348dbcebcdfefa76c5d51cefc4,highest-temperature-in-beijing-on-may-7-2026,highest-temperature-in-beijing-on-may-7-2026-26c,96505027144578019710140603733236914828512736487222733548145966443061406152092,Yes,26°C,exact,26.0,26.0,C,1778135447,2026-05-07T06:30:47+00:00,2026-05-07T14:30:47+08:00,D0_1400_1500,14:30—15:00,BUY,0.107,150.0,16.76663,activity_usdcSize,0xf0a5acdcb82bcb23a0c9324a172c80fe92ee8df455d2e9bdf264e5c12b80d1d0,True,True,True,weather_trades_normalized.csv:9893|api_trades:7639|activity.csv:10906|api_activity:10905,EXACT_SIZE_MATCH,,,,,,,,,,,0.107,10.7,10—15美分
2026-05-07__beijing__high,2026-05-07,Beijing,high,BEIJING_STATION_UNCONFIRMED,0x091648140262ee994b1c19beea2f41f0f6d99e348dbcebcdfefa76c5d51cefc4,highest-temperature-in-beijing-on-may-7-2026,highest-temperature-in-beijing-on-may-7-2026-26c,96505027144578019710140603733236914828512736487222733548145966443061406152092,Yes,26°C,exact,26.0,26.0,C,1778141236,2026-05-07T08:07:16+00:00,2026-05-07T16:07:16+08:00,D0_1600_1800,16:00—16:30,BUY,0.008,488.7,4.10351,activity_usdcSize,0x4f3345e0688fca2184416f04da886ea84d99d23bf03e81fe6914be46df332d2e,True,True,True,weather_trades_normalized.csv:9897|api_trades:7635|activity.csv:10910|api_activity:10909,EXACT_SIZE_MATCH,0.107,-0.099,PRICE_DOWN_ADD,0.11177753333333333,-0.10377753333333334,BELOW_AVERAGE_COST_ADD,0.107,PRICE_DOWN_ADD,0.11177753333333333,BELOW_AVERAGE_COST_ADD,0.008,0.8,0—1美分
2026-05-08__beijing__high,2026-05-08,Beijing,high,BEIJING_STATION_UNCONFIRMED,0xead70d000e6289b5a7923047f3befbef22541b5b0ba433d21202e9d54a66e59f,highest-temperature-in-beijing-on-may-8-2026,highest-temperature-in-beijing-on-may-8-2026-29c,86972560742895402236465453592391854603839511975748540536923372005111664136538,Yes,29°C,exact,29.0,29.0,C,1778228107,2026-05-08T08:15:07+00:00,2026-05-08T16:15:07+08:00,D0_1600_1800,16:00—16:30,BUY,0.0112680519,154.0,1.82106,activity_usdcSize,0x4aab14031e30175a7bedf2ebbcbdfed13b0f32c2b28253e0c420163b22767e9f,True,True,True,weather_trades_normalized.csv:9999|api_trades:7560|activity.csv:11018|api_activity:11017,EXACT_SIZE_MATCH,,,,,,,,,,,0.0112680519,1.12680519,1—2美分
2026-05-11__beijing__high,2026-05-11,Beijing,high,BEIJING_STATION_UNCONFIRMED,0x0efb15c655b793bd1ca4c6c9ceaede26282a61cfb9383c041c47334fd6940bb7,highest-temperature-in-beijing-on-may-11-2026,highest-temperature-in-beijing-on-may-11-2026-28corbelow,66596906115778308186189121381271004022455770845915060597724065910953529679651,Yes,28°C or below,below,,28.0,C,1778434642,2026-05-10T17:37:22+00:00,2026-05-11T01:37:22+08:00,D0_0000_0800,01:30—02:00,BUY,0.01,265.72,2.78873,activity_usdcSize,0x8861cacb9cae372e1e3fc79dbbd87c37173ee2795b0f9b832bf2de9142bb4269,True,True,True,weather_trades_normalized.csv:10266|api_trades:7395|activity.csv:11300|api_activity:11299,EXACT_SIZE_MATCH,,,,,,,,,,,0.01,1.0,1—2美分
2026-05-11__beijing__high,2026-05-11,Beijing,high,BEIJING_STATION_UNCONFIRMED,0xdb43adbd81ca0c7e0f4f17da883a918a2089afed82ed7e9bdba7f721f1c5d204,highest-temperature-in-beijing-on-may-11-2026,highest-temperature-in-beijing-on-may-11-2026-29c,6494649081080394954876871540260325884293802621818408548101243789221620800100,Yes,29°C,exact,29.0,29.0,C,1778434652,2026-05-10T17:37:32+00:00,2026-05-11T01:37:32+08:00,D0_0000_0800,01:30—02:00,BUY,0.0136863421,469.62,6.74435,activity_usdcSize,0x425ee3b92688d58871259db52250551283f13ca086ef5034cff0034f05ce6fef,True,True,True,weather_trades_normalized.csv:10267|api_trades:7394|activity.csv:11301|api_activity:11300,EXACT_SIZE_MATCH,,,,,,,,,,,0.0136863421,1.36863421,1—2美分
2026-05-11__beijing__high,2026-05-11,Beijing,high,BEIJING_STATION_UNCONFIRMED,0x0efb15c655b793bd1ca4c6c9ceaede26282a61cfb9383c041c47334fd6940bb7,highest-temperature-in-beijing-on-may-11-2026,highest-temperature-in-beijing-on-may-11-2026-28corbelow,66596906115778308186189121381271004022455770845915060597724065910953529679651,Yes,28°C or below,below,,28.0,C,1778434661,2026-05-10T17:37:41+00:00,2026-05-11T01:37:41+08:00,D0_0000_0800,01:30—02:00,BUY,0.0149493,100.0,1.56855,activity_usdcSize,0x919f07137298109905aa54bbda31eca4c30da4bcb18b7767036f7997f11a7023,True,True,True,weather_trades_normalized.csv:10268|api_trades:7393|activity.csv:11302|api_activity:11301,EXACT_SIZE_MATCH,0.01,0.0049493,PRICE_FLAT_ADD,0.0104949947312961,0.0044543052687039,NEAR_AVERAGE_COST_ADD,0.01,PRICE_FLAT_ADD,0.0104949947312961,NEAR_AVERAGE_COST_ADD,0.0149493,1.49493,1—2美分
2026-05-11__beijing__high,2026-05-11,Beijing,high,BEIJING_STATION_UNCONFIRMED,0x0efb15c655b793bd1ca4c6c9ceaede26282a61cfb9383c041c47334fd6940bb7,highest-temperature-in-beijing-on-may-11-2026,highest-temperature-in-beijing-on-may-11-2026-28corbelow,66596906115778308186189121381271004022455770845915060597724065910953529679651,Yes,28°C or below,below,,28.0,C,1778472825,2026-05-11T04:13:45+00:00,2026-05-11T12:13:45+08:00,D0_1200_1300,12:00—12:30,BUY,0.004,100.0,0.41992,activity_usdcSize,0xba1edde30740324c7efe43c3803efc9d1e6679896432d814884d9f2b46b8383e,True,True,True,weather_trades_normalized.csv:10292|api_trades:7380|activity.csv:11327|api_activity:11326,EXACT_SIZE_MATCH,0.0149493,-0.0109493,PRICE_DOWN_ADD,0.011914251339822815,-0.007914251339822815,NEAR_AVERAGE_COST_ADD,0.0149493,PRICE_DOWN_ADD,0.011914251339822815,NEAR_AVERAGE_COST_ADD,0.004,0.4,0—1美分
2026-05-12__beijing__high,2026-05-12,Beijing,high,BEIJING_STATION_UNCONFIRMED,0x7d5c1231f88485a564c8883a2bf1b6cd74c02159ed845eeb9cf1c5287251f31f,highest-temperature-in-beijing-on-may-12-2026,highest-temperature-in-beijing-on-may-12-2026-30c,44272547206583282616380499506540167465059633978435893754589518844301705943384,Yes,30°C,exact,30.0,30.0,C,1778554613,2026-05-12T02:56:53+00:00,2026-05-12T10:56:53+08:00,D0_1000_1100,10:30—11:00,BUY,0.012,148.73,1.87292,activity_usdcSize,0x69a8922ad1d6ccdfec89edd8e94650948756bc1f7b9f1d508bd45b384f4e750a,True,True,True,weather_trades_normalized.csv:10398|api_trades:7299|activity.csv:11439|api_activity:11438,EXACT_SIZE_MATCH,,,,,,,,,,,0.012,1.2,1—2美分
2026-05-14__beijing__high,2026-05-14,Beijing,high,BEIJING_STATION_UNCONFIRMED,0xcb855e159773d7a6a8ec2f41bbe40659107b32edc4c011d72f6fb88aaf9fbefe,highest-temperature-in-beijing-on-may-14-2026,highest-temperature-in-beijing-on-may-14-2026-33corbelow,86412359706582730431639524880708729853203052007971743000161103995990167821283,Yes,33°C or below,below,,33.0,C,1778659042,2026-05-13T07:57:22+00:00,2026-05-13T15:57:22+08:00,D-1_1500_1800,15:30—16:00,BUY,0.46,50.0,23.621,activity_usdcSize,0xf1af69ef391c743c01d2619169d25ad9a349261fea7fb40392fb2dd7fc4e8cc2,True,True,True,weather_trades_normalized.csv:10484|api_trades:7239|activity.csv:11532|api_activity:11531,EXACT_SIZE_MATCH,,,,,,,,,,,0.46,46.0,40—50美分
2026-05-14__beijing__high,2026-05-14,Beijing,high,BEIJING_STATION_UNCONFIRMED,0xe791ed3e2a939efb88dc0dfc24cf31c31bc2515a099822dc83ef47a50f2b5f10,highest-temperature-in-beijing-on-may-14-2026,highest-temperature-in-beijing-on-may-14-2026-35c,43650090924427097525912390328233260524805795481431339573222747234149372445154,Yes,35°C,exact,35.0,35.0,C,1778732605,2026-05-14T04:23:25+00:00,2026-05-14T12:23:25+08:00,D0_1200_1300,12:00—12:30,BUY,0.0331652138,313.17,10.88844,activity_usdcSize,0xddc9744d0cd1e06a36ecd1620f887a739da199a893cf5dec90f016159cc764ad,True,True,True,weather_trades_normalized.csv:10537|api_trades:7208|activity.csv:11589|api_activity:11588,EXACT_SIZE_MATCH,,,,,,,,,,,0.0331652138,3.31652138,2—5美分
2026-05-14__beijing__high,2026-05-14,Beijing,high,BEIJING_STATION_UNCONFIRMED,0xe791ed3e2a939efb88dc0dfc24cf31c31bc2515a099822dc83ef47a50f2b5f10,highest-temperature-in-beijing-on-may-14-2026,highest-temperature-in-beijing-on-may-14-2026-35c,43650090924427097525912390328233260524805795481431339573222747234149372445154,Yes,35°C,exact,35.0,35.0,C,1778732609,2026-05-14T04:23:29+00:00,2026-05-14T12:23:29+08:00,D0_1200_1300,12:00—12:30,BUY,0.099,20.0,1.98,activity_usdcSize,0x7a5b1f4baccfe53fb91b9c0097e05e1cdf10237accfbff482f35bf3b6ec11aef,True,True,True,weather_trades_normalized.csv:10538|api_trades:7207|activity.csv:11590|api_activity:11589,EXACT_SIZE_MATCH,0.0331652138,0.0658347862,PRICE_UP_ADD,0.034768464412300026,0.06423153558769998,ABOVE_AVERAGE_COST_ADD,0.0331652138,PRICE_UP_ADD,0.034768464412300026,ABOVE_AVERAGE_COST_ADD,0.099,9.9,5—10美分
2026-05-14__beijing__high,2026-05-14,Beijing,high,BEIJING_STATION_UNCONFIRMED,0xe791ed3e2a939efb88dc0dfc24cf31c31bc2515a099822dc83ef47a50f2b5f10,highest-temperature-in-beijing-on-may-14-2026,highest-temperature-in-beijing-on-may-14-2026-35c,43650090924427097525912390328233260524805795481431339573222747234149372445154,Yes,35°C,exact,35.0,35.0,C,1778732609,2026-05-14T04:23:29+00:00,2026-05-14T12:23:29+08:00,D0_1200_1300,12:00—12:30,BUY,0.099,10.0,0.99,activity_usdcSize,0x9aaacd80d2142afcdf15eedf0601e0ec65e251d5e1294c6e90ea0179d8dcf90e,True,True,True,weather_trades_normalized.csv:10539|api_trades:7206|activity.csv:11591|api_activity:11590,EXACT_SIZE_MATCH,0.099,0.0,PRICE_FLAT_ADD,0.03862424588048143,0.06037575411951857,ABOVE_AVERAGE_COST_ADD,0.099,PRICE_FLAT_ADD,0.03862424588048143,ABOVE_AVERAGE_COST_ADD,0.099,9.9,5—10美分
2026-05-21__beijing__high,2026-05-21,Beijing,high,BEIJING_STATION_UNCONFIRMED,0xa066d48fe2a876c55cfe8ca4294d2e2a5df72e94906232769786eddec79a3946,highest-temperature-in-beijing-on-may-21-2026,highest-temperature-in-beijing-on-may-21-2026-32corhigher,66564008654561876372333424927252991303956690326490923725166660510845617571571,Yes,32°C or higher,above,32.0,,C,1779303741,2026-05-20T19:02:21+00:00,2026-05-21T03:02:21+08:00,D0_0000_0800,03:00—03:30,BUY,0.0235963695,566.31,14.01523,activity_usdcSize,0xa89bed43926613fcc4ed4fd01bb58c2e076a6fea29056052514958b074584e07,True,True,True,weather_trades_normalized.csv:10948|api_trades:6929|activity.csv:12039|api_activity:12038,EXACT_SIZE_MATCH,,,,,,,,,,,0.0235963695,2.35963695,2—5美分
2026-05-21__beijing__high,2026-05-21,Beijing,high,BEIJING_STATION_UNCONFIRMED,0x6fe8680079a55fa1cdc20d40a2cc2c7bcf83861baff8fd6a7d821687be3b858e,highest-temperature-in-beijing-on-may-21-2026,highest-temperature-in-beijing-on-may-21-2026-31c,2788435560877984847489194551625763322333664688550816569622165414682957885118,Yes,31°C,exact,31.0,31.0,C,1779303783,2026-05-20T19:03:03+00:00,2026-05-21T03:03:03+08:00,D0_0000_0800,03:00—03:30,BUY,0.0424549937,480.71,21.38564,activity_usdcSize,0x47760dbb37272daf44d22bc6799b9578fe13372714a10fa6b47a6a80a297d676,True,True,True,weather_trades_normalized.csv:10950|api_trades:6928|activity.csv:12041|api_activity:12040,EXACT_SIZE_MATCH,,,,,,,,,,,0.0424549937,4.24549937,2—5美分
2026-05-21__beijing__high,2026-05-21,Beijing,high,BEIJING_STATION_UNCONFIRMED,0x6fe8680079a55fa1cdc20d40a2cc2c7bcf83861baff8fd6a7d821687be3b858e,highest-temperature-in-beijing-on-may-21-2026,highest-temperature-in-beijing-on-may-21-2026-31c,2788435560877984847489194551625763322333664688550816569622165414682957885118,Yes,31°C,exact,31.0,31.0,C,1779303784,2026-05-20T19:03:04+00:00,2026-05-21T03:03:04+08:00,D0_0000_0800,03:00—03:30,BUY,0.1120000055,10.100562,1.131263,activity_usdcSize,0x1b811873e2ee62c420f2dfe51d1080237444bf8ce2349198ef70e3708383d379,True,True,True,weather_trades_normalized.csv:10951|api_trades:6927|activity.csv:12042|api_activity:12041,EXACT_SIZE_MATCH,0.0424549937,0.0695450118,PRICE_UP_ADD,0.04448761207380749,0.0675123934261925,ABOVE_AVERAGE_COST_ADD,0.0424549937,PRICE_UP_ADD,0.04448761207380749,ABOVE_AVERAGE_COST_ADD,0.1120000055,11.20000055,10—15美分
2026-05-21__beijing__high,2026-05-21,Beijing,high,BEIJING_STATION_UNCONFIRMED,0x6fe8680079a55fa1cdc20d40a2cc2c7bcf83861baff8fd6a7d821687be3b858e,highest-temperature-in-beijing-on-may-21-2026,highest-temperature-in-beijing-on-may-21-2026-31c,2788435560877984847489194551625763322333664688550816569622165414682957885118,Yes,31°C,exact,31.0,31.0,C,1779303842,2026-05-20T19:04:02+00:00,2026-05-21T03:04:02+08:00,D0_0000_0800,03:00—03:30,BUY,0.215,12.5,2.6875,activity_usdcSize,0x6b5ba8c37dd8d7aa9d39ec5603897c7081c41d382bc4f67e6be030ddb8c52c49,True,True,True,weather_trades_normalized.csv:10952|api_trades:6925|activity.csv:12043|api_activity:12042,EXACT_SIZE_MATCH,0.1120000055,0.1029999945,PRICE_UP_ADD,0.04587697320172991,0.16912302679827007,ABOVE_AVERAGE_COST_ADD,0.1120000055,PRICE_UP_ADD,0.04587697320172991,ABOVE_AVERAGE_COST_ADD,0.215,21.5,20—30美分
2026-05-21__beijing__high,2026-05-21,Beijing,high,BEIJING_STATION_UNCONFIRMED,0x6fe8680079a55fa1cdc20d40a2cc2c7bcf83861baff8fd6a7d821687be3b858e,highest-temperature-in-beijing-on-may-21-2026,highest-temperature-in-beijing-on-may-21-2026-31c,2788435560877984847489194551625763322333664688550816569622165414682957885118,Yes,31°C,exact,31.0,31.0,C,1779303842,2026-05-20T19:04:02+00:00,2026-05-21T03:04:02+08:00,D0_0000_0800,03:00—03:30,BUY,0.2101296397,55.23,12.0638,activity_usdcSize,0xd4be7f03c35ac73385fe6eb0ece357c5f71cba56a41ea48cecaf76eb154fbb05,True,True,True,weather_trades_normalized.csv:10953|api_trades:6926|activity.csv:12044|api_activity:12043,EXACT_SIZE_MATCH,0.215,-0.004870360299999987,PRICE_FLAT_ADD,0.050077238395009084,0.16005240130499093,ABOVE_AVERAGE_COST_ADD,0.215,PRICE_FLAT_ADD,0.050077238395009084,ABOVE_AVERAGE_COST_ADD,0.2101296397,21.01296397,20—30美分
2026-05-21__beijing__high,2026-05-21,Beijing,high,BEIJING_STATION_UNCONFIRMED,0x6fe8680079a55fa1cdc20d40a2cc2c7bcf83861baff8fd6a7d821687be3b858e,highest-temperature-in-beijing-on-may-21-2026,highest-temperature-in-beijing-on-may-21-2026-31c,2788435560877984847489194551625763322333664688550816569622165414682957885118,Yes,31°C,exact,31.0,31.0,C,1779303879,2026-05-20T19:04:39+00:00,2026-05-21T03:04:39+08:00,D0_0000_0800,03:00—03:30,BUY,0.0256961658,103.28,2.78318,activity_usdcSize,0xaa1526b21a743844802a55bd79776c86a2c987ef771f2ed5c11dd62c522caf76,True,True,True,weather_trades_normalized.csv:10955|api_trades:6924|activity.csv:12046|api_activity:12045,EXACT_SIZE_MATCH,0.2101296397,-0.1844334739,PRICE_DOWN_ADD,0.06672425520279403,-0.041028089402794024,BELOW_AVERAGE_COST_ADD,0.2101296397,PRICE_DOWN_ADD,0.06672425520279403,BELOW_AVERAGE_COST_ADD,0.0256961658,2.56961658,2—5美分
2026-05-21__beijing__high,2026-05-21,Beijing,high,BEIJING_STATION_UNCONFIRMED,0x6fe8680079a55fa1cdc20d40a2cc2c7bcf83861baff8fd6a7d821687be3b858e,highest-temperature-in-beijing-on-may-21-2026,highest-temperature-in-beijing-on-may-21-2026-31c,2788435560877984847489194551625763322333664688550816569622165414682957885118,Yes,31°C,exact,31.0,31.0,C,1779303945,2026-05-20T19:05:45+00:00,2026-05-21T03:05:45+08:00,D0_0000_0800,03:00—03:30,BUY,0.01,10.35,0.10862,activity_usdcSize,0x8720d3123cb8c0fc1901a199af9beab719739e2877e911dc59a320b2c5e3456e,True,True,True,weather_trades_normalized.csv:10958|api_trades:6923|activity.csv:12049|api_activity:12048,EXACT_SIZE_MATCH,0.0256961658,-0.015696165800000002,PRICE_DOWN_ADD,0.06051698194290917,-0.05051698194290917,BELOW_AVERAGE_COST_ADD,0.0256961658,PRICE_DOWN_ADD,0.06051698194290917,BELOW_AVERAGE_COST_ADD,0.01,1.0,1—2美分
2026-05-21__beijing__high,2026-05-21,Beijing,high,BEIJING_STATION_UNCONFIRMED,0x6fe8680079a55fa1cdc20d40a2cc2c7bcf83861baff8fd6a7d821687be3b858e,highest-temperature-in-beijing-on-may-21-2026,highest-temperature-in-beijing-on-may-21-2026-31c,2788435560877984847489194551625763322333664688550816569622165414682957885118,Yes,31°C,exact,31.0,31.0,C,1779303956,2026-05-20T19:05:56+00:00,2026-05-21T03:05:56+08:00,D0_0000_0800,03:00—03:30,BUY,0.056,6.0,0.35185,activity_usdcSize,0xe0b8fc50a47877600fdae0debcc66d10b39dcd9793ae59048be9916698a67225,True,True,True,weather_trades_normalized.csv:10959|api_trades:6922|activity.csv:12050|api_activity:12049,EXACT_SIZE_MATCH,0.01,0.046,PRICE_UP_ADD,0.059746744755537214,-0.0037467447555372124,NEAR_AVERAGE_COST_ADD,0.01,PRICE_UP_ADD,0.059746744755537214,NEAR_AVERAGE_COST_ADD,0.056,5.6000000000000005,5—10美分
2026-05-21__beijing__high,2026-05-21,Beijing,high,BEIJING_STATION_UNCONFIRMED,0x6fe8680079a55fa1cdc20d40a2cc2c7bcf83861baff8fd6a7d821687be3b858e,highest-temperature-in-beijing-on-may-21-2026,highest-temperature-in-beijing-on-may-21-2026-31c,2788435560877984847489194551625763322333664688550816569622165414682957885118,Yes,31°C,exact,31.0,31.0,C,1779303966,2026-05-20T19:06:06+00:00,2026-05-21T03:06:06+08:00,D0_0000_0800,03:00—03:30,BUY,0.006,8.84,0.05304,activity_usdcSize,0x35a1b26c12897a97d9a6b8b23c050cfacf824d74d4feacaea1d8b163cd102903,True,True,True,weather_trades_normalized.csv:10961|api_trades:6921|activity.csv:12052|api_activity:12051,EXACT_SIZE_MATCH,0.056,-0.05,PRICE_DOWN_ADD,0.05973696776298586,-0.05373696776298586,BELOW_AVERAGE_COST_ADD,0.056,PRICE_DOWN_ADD,0.05973696776298586,BELOW_AVERAGE_COST_ADD,0.006,0.6,0—1美分
2026-05-21__beijing__high,2026-05-21,Beijing,high,BEIJING_STATION_UNCONFIRMED,0x6fe8680079a55fa1cdc20d40a2cc2c7bcf83861baff8fd6a7d821687be3b858e,highest-temperature-in-beijing-on-may-21-2026,highest-temperature-in-beijing-on-may-21-2026-31c,2788435560877984847489194551625763322333664688550816569622165414682957885118,Yes,31°C,exact,31.0,31.0,C,1779303982,2026-05-20T19:06:22+00:00,2026-05-21T03:06:22+08:00,D0_0000_0800,03:00—03:30,BUY,0.006,1.52,0.00912,activity_usdcSize,0x92a63a062382b88edeeb7d7a436d34b656931aaf8506f142dec1b20713433274,True,True,True,weather_trades_normalized.csv:10962|api_trades:6917|activity.csv:12053|api_activity:12052,EXACT_SIZE_MATCH,0.006,0.0,PRICE_FLAT_ADD,0.05904551580969726,-0.05304551580969726,BELOW_AVERAGE_COST_ADD,0.006,PRICE_FLAT_ADD,0.05904551580969726,BELOW_AVERAGE_COST_ADD,0.006,0.6,0—1美分
2026-05-21__beijing__high,2026-05-21,Beijing,high,BEIJING_STATION_UNCONFIRMED,0x6fe8680079a55fa1cdc20d40a2cc2c7bcf83861baff8fd6a7d821687be3b858e,highest-temperature-in-beijing-on-may-21-2026,highest-temperature-in-beijing-on-may-21-2026-31c,2788435560877984847489194551625763322333664688550816569622165414682957885118,Yes,31°C,exact,31.0,31.0,C,1779303982,2026-05-20T19:06:22+00:00,2026-05-21T03:06:22+08:00,D0_0000_0800,03:00—03:30,BUY,0.006,1.69,0.01014,activity_usdcSize,0xbd1b46c84afaad8108fe2d6076f7da89e7aef9252f0211dd5ac6d8cc2f22cd1d,True,True,True,weather_trades_normalized.csv:10964|api_trades:6919|activity.csv:12055|api_activity:12054,EXACT_SIZE_MATCH,0.006,0.0,PRICE_FLAT_ADD,0.05892841253428632,-0.052928412534286325,BELOW_AVERAGE_COST_ADD,0.006,PRICE_FLAT_ADD,0.05892841253428632,BELOW_AVERAGE_COST_ADD,0.006,0.6,0—1美分
2026-05-21__beijing__high,2026-05-21,Beijing,high,BEIJING_STATION_UNCONFIRMED,0x6fe8680079a55fa1cdc20d40a2cc2c7bcf83861baff8fd6a7d821687be3b858e,highest-temperature-in-beijing-on-may-21-2026,highest-temperature-in-beijing-on-may-21-2026-31c,2788435560877984847489194551625763322333664688550816569622165414682957885118,Yes,31°C,exact,31.0,31.0,C,1779303982,2026-05-20T19:06:22+00:00,2026-05-21T03:06:22+08:00,D0_0000_0800,03:00—03:30,BUY,0.006,56.09,0.33654,activity_usdcSize,0xed3d5ea7f7c24dcf816f9bf17d458f35063ae55a11ddc23f24752503d84fedde,True,True,True,weather_trades_normalized.csv:10965|api_trades:6920|activity.csv:12056|api_activity:12055,EXACT_SIZE_MATCH,0.006,0.0,PRICE_FLAT_ADD,0.05879881770314458,-0.05279881770314458,BELOW_AVERAGE_COST_ADD,0.006,PRICE_FLAT_ADD,0.05879881770314458,BELOW_AVERAGE_COST_ADD,0.006,0.6,0—1美分
2026-05-21__beijing__high,2026-05-21,Beijing,high,BEIJING_STATION_UNCONFIRMED,0x6fe8680079a55fa1cdc20d40a2cc2c7bcf83861baff8fd6a7d821687be3b858e,highest-temperature-in-beijing-on-may-21-2026,highest-temperature-in-beijing-on-may-21-2026-31c,2788435560877984847489194551625763322333664688550816569622165414682957885118,Yes,31°C,exact,31.0,31.0,C,1779303982,2026-05-20T19:06:22+00:00,2026-05-21T03:06:22+08:00,D0_0000_0800,03:00—03:30,BUY,0.006,7.02,0.04212,activity_usdcSize,0xfb8bafedbeeec16dcc45a47f0f189e9bb28b4e17ce229deecc88efbc36ca1db8,True,True,True,weather_trades_normalized.csv:10966|api_trades:6918|activity.csv:12057|api_activity:12056,EXACT_SIZE_MATCH,0.006,0.0,PRICE_FLAT_ADD,0.05483064971014037,-0.048830649710140374,BELOW_AVERAGE_COST_ADD,0.006,PRICE_FLAT_ADD,0.05483064971014037,BELOW_AVERAGE_COST_ADD,0.006,0.6,0—1美分
2026-05-21__beijing__high,2026-05-21,Beijing,high,BEIJING_STATION_UNCONFIRMED,0x6fe8680079a55fa1cdc20d40a2cc2c7bcf83861baff8fd6a7d821687be3b858e,highest-temperature-in-beijing-on-may-21-2026,highest-temperature-in-beijing-on-may-21-2026-31c,2788435560877984847489194551625763322333664688550816569622165414682957885118,Yes,31°C,exact,31.0,31.0,C,1779304012,2026-05-20T19:06:52+00:00,2026-05-21T03:06:52+08:00,D0_0000_0800,03:00—03:30,BUY,0.006,1.16,0.00696,activity_usdcSize,0x8d8a70f2e656eae2eecef5d4c77c6eadc5fa9c9b4b412b676797eb91731e7d44,True,True,True,weather_trades_normalized.csv:10968|api_trades:6915|activity.csv:12059|api_activity:12058,EXACT_SIZE_MATCH,0.006,0.0,PRICE_FLAT_ADD,0.05437561552162276,-0.04837561552162276,BELOW_AVERAGE_COST_ADD,0.006,PRICE_FLAT_ADD,0.05437561552162276,BELOW_AVERAGE_COST_ADD,0.006,0.6,0—1美分
2026-05-21__beijing__high,2026-05-21,Beijing,high,BEIJING_STATION_UNCONFIRMED,0x6fe8680079a55fa1cdc20d40a2cc2c7bcf83861baff8fd6a7d821687be3b858e,highest-temperature-in-beijing-on-may-21-2026,highest-temperature-in-beijing-on-may-21-2026-31c,2788435560877984847489194551625763322333664688550816569622165414682957885118,Yes,31°C,exact,31.0,31.0,C,1779304012,2026-05-20T19:06:52+00:00,2026-05-21T03:06:52+08:00,D0_0000_0800,03:00—03:30,BUY,0.006,12.33,0.07398,activity_usdcSize,0x9e6d0f86971bf024297df3b9f2e73e521998663c3f571ebbd5141ff26fb885b0,True,True,True,weather_trades_normalized.csv:10969|api_trades:6916|activity.csv:12060|api_activity:12059,EXACT_SIZE_MATCH,0.006,0.0,PRICE_FLAT_ADD,0.05430123988747788,-0.04830123988747788,BELOW_AVERAGE_COST_ADD,0.006,PRICE_FLAT_ADD,0.05430123988747788,BELOW_AVERAGE_COST_ADD,0.006,0.6,0—1美分
2026-05-21__beijing__high,2026-05-21,Beijing,high,BEIJING_STATION_UNCONFIRMED,0x6fe8680079a55fa1cdc20d40a2cc2c7bcf83861baff8fd6a7d821687be3b858e,highest-temperature-in-beijing-on-may-21-2026,highest-temperature-in-beijing-on-may-21-2026-31c,2788435560877984847489194551625763322333664688550816569622165414682957885118,Yes,31°C,exact,31.0,31.0,C,1779304012,2026-05-20T19:06:52+00:00,2026-05-21T03:06:52+08:00,D0_0000_0800,03:00—03:30,BUY,0.006,4.75,0.0285,activity_usdcSize,0xed70feb0b8b7b751a5e2f76e66c0608755596010d40d0852bb8693516d209dd5,True,True,True,weather_trades_normalized.csv:10970|api_trades:6914|activity.csv:12061|api_activity:12060,EXACT_SIZE_MATCH,0.006,0.0,PRICE_FLAT_ADD,0.05352458584698202,-0.04752458584698202,BELOW_AVERAGE_COST_ADD,0.006,PRICE_FLAT_ADD,0.05352458584698202,BELOW_AVERAGE_COST_ADD,0.006,0.6,0—1美分
2026-05-21__beijing__high,2026-05-21,Beijing,high,BEIJING_STATION_UNCONFIRMED,0x6fe8680079a55fa1cdc20d40a2cc2c7bcf83861baff8fd6a7d821687be3b858e,highest-temperature-in-beijing-on-may-21-2026,highest-temperature-in-beijing-on-may-21-2026-31c,2788435560877984847489194551625763322333664688550816569622165414682957885118,Yes,31°C,exact,31.0,31.0,C,1779304043,2026-05-20T19:07:23+00:00,2026-05-21T03:07:23+08:00,D0_0000_0800,03:00—03:30,BUY,0.006,91.94,0.55164,activity_usdcSize,0x631dd617c17712540c1ddf6012a5d598430f893a777e408a5b8df3d95a331762,True,True,True,weather_trades_normalized.csv:10971|api_trades:6913|activity.csv:12062|api_activity:12061,EXACT_SIZE_MATCH,0.006,0.0,PRICE_FLAT_ADD,0.053232011461836974,-0.047232011461836976,BELOW_AVERAGE_COST_ADD,0.006,PRICE_FLAT_ADD,0.053232011461836974,BELOW_AVERAGE_COST_ADD,0.006,0.6,0—1美分
2026-05-21__beijing__high,2026-05-21,Beijing,high,BEIJING_STATION_UNCONFIRMED,0x6fe8680079a55fa1cdc20d40a2cc2c7bcf83861baff8fd6a7d821687be3b858e,highest-temperature-in-beijing-on-may-21-2026,highest-temperature-in-beijing-on-may-21-2026-31c,2788435560877984847489194551625763322333664688550816569622165414682957885118,Yes,31°C,exact,31.0,31.0,C,1779304059,2026-05-20T19:07:39+00:00,2026-05-21T03:07:39+08:00,D0_0000_0800,03:00—03:30,BUY,0.006,8.69,0.05214,activity_usdcSize,0x5647647f0b3132423ded60019083daa0121b1acb0500bd973819493c0bb1ecd4,True,True,True,weather_trades_normalized.csv:10973|api_trades:6912|activity.csv:12064|api_activity:12063,EXACT_SIZE_MATCH,0.006,0.0,PRICE_FLAT_ADD,0.04820310813986314,-0.042203108139863145,BELOW_AVERAGE_COST_ADD,0.006,PRICE_FLAT_ADD,0.04820310813986314,BELOW_AVERAGE_COST_ADD,0.006,0.6,0—1美分
2026-05-21__beijing__high,2026-05-21,Beijing,high,BEIJING_STATION_UNCONFIRMED,0x6fe8680079a55fa1cdc20d40a2cc2c7bcf83861baff8fd6a7d821687be3b858e,highest-temperature-in-beijing-on-may-21-2026,highest-temperature-in-beijing-on-may-21-2026-31c,2788435560877984847489194551625763322333664688550816569622165414682957885118,Yes,31°C,exact,31.0,31.0,C,1779304059,2026-05-20T19:07:39+00:00,2026-05-21T03:07:39+08:00,D0_0000_0800,03:00—03:30,BUY,0.006,0.62,0.00372,activity_usdcSize,0x941a9fdd207a6839de558a9be4050716df7a836c44b9b3d6949852a5069933bf,True,True,True,weather_trades_normalized.csv:10975|api_trades:6911|activity.csv:12066|api_activity:12065,EXACT_SIZE_MATCH,0.006,0.0,PRICE_FLAT_ADD,0.04778262571218109,-0.04178262571218109,BELOW_AVERAGE_COST_ADD,0.006,PRICE_FLAT_ADD,0.04778262571218109,BELOW_AVERAGE_COST_ADD,0.006,0.6,0—1美分
2026-05-21__beijing__high,2026-05-21,Beijing,high,BEIJING_STATION_UNCONFIRMED,0x6fe8680079a55fa1cdc20d40a2cc2c7bcf83861baff8fd6a7d821687be3b858e,highest-temperature-in-beijing-on-may-21-2026,highest-temperature-in-beijing-on-may-21-2026-31c,2788435560877984847489194551625763322333664688550816569622165414682957885118,Yes,31°C,exact,31.0,31.0,C,1779304071,2026-05-20T19:07:51+00:00,2026-05-21T03:07:51+08:00,D0_0000_0800,03:00—03:30,BUY,0.006,21.49,0.12894,activity_usdcSize,0xe6f0874ea0cd6dd58e2300c4b99c984d82bdc8a8a3436b8831e5de06029c8d0b,True,True,True,weather_trades_normalized.csv:10977|api_trades:6910|activity.csv:12068|api_activity:12067,EXACT_SIZE_MATCH,0.006,0.0,PRICE_FLAT_ADD,0.04775294581110017,-0.04175294581110017,BELOW_AVERAGE_COST_ADD,0.006,PRICE_FLAT_ADD,0.04775294581110017,BELOW_AVERAGE_COST_ADD,0.006,0.6,0—1美分
2026-05-21__beijing__high,2026-05-21,Beijing,high,BEIJING_STATION_UNCONFIRMED,0x6fe8680079a55fa1cdc20d40a2cc2c7bcf83861baff8fd6a7d821687be3b858e,highest-temperature-in-beijing-on-may-21-2026,highest-temperature-in-beijing-on-may-21-2026-31c,2788435560877984847489194551625763322333664688550816569622165414682957885118,Yes,31°C,exact,31.0,31.0,C,1779304080,2026-05-20T19:08:00+00:00,2026-05-21T03:08:00+08:00,D0_0000_0800,03:00—03:30,BUY,0.006,31.79,0.19074,activity_usdcSize,0x9f4fa502831cf2519f8dc01ae0c80a10c1aef0a35338b86b0b0f078091259649,True,True,True,weather_trades_normalized.csv:10979|api_trades:6909|activity.csv:12070|api_activity:12069,EXACT_SIZE_MATCH,0.006,0.0,PRICE_FLAT_ADD,0.046749635726654866,-0.04074963572665487,BELOW_AVERAGE_COST_ADD,0.006,PRICE_FLAT_ADD,0.046749635726654866,BELOW_AVERAGE_COST_ADD,0.006,0.6,0—1美分
2026-05-22__beijing__high,2026-05-22,Beijing,high,BEIJING_STATION_UNCONFIRMED,0x2664033a9c228a73d16ca6950c71485e09cb8ee25f8e0a3069727d0f39372d9b,highest-temperature-in-beijing-on-may-22-2026,highest-temperature-in-beijing-on-may-22-2026-23c,45794868074707723755109782247162570624120212752596782140452860830341710620485,Yes,23°C,exact,23.0,23.0,C,1779443165,2026-05-22T09:46:05+00:00,2026-05-22T17:46:05+08:00,D0_1600_1800,17:30—18:00,BUY,0.0189693642,329.68,6.56057,activity_usdcSize,0x1f8cad8995f8988ba22479287a9276b95db1c6eff70f9c5cf8fd94666ee73f64,True,True,True,weather_trades_normalized.csv:11161|api_trades:6790|activity.csv:12263|api_activity:12262,EXACT_SIZE_MATCH,,,,,,,,,,,0.0189693642,1.89693642,1—2美分
2026-05-23__beijing__high,2026-05-23,Beijing,high,BEIJING_STATION_UNCONFIRMED,0x94c99b09cdc5f9f4b7a37e76f9ad800c28d4728ef55ccfef18082c94a86aa3ab,highest-temperature-in-beijing-on-may-23-2026,highest-temperature-in-beijing-on-may-23-2026-27c,85914656811408302998297804784940981832487080686274302935294838288095186882765,Yes,27°C,exact,27.0,27.0,C,1779522739,2026-05-23T07:52:19+00:00,2026-05-23T15:52:19+08:00,D0_1500_1600,15:30—16:00,BUY,0.05,69.6223,3.481115,activity_usdcSize,0x3ce2115799eb7727145dba7ba79e5646fd33884251c5d2b325877dbc0add91e7,True,True,True,weather_trades_normalized.csv:11462|api_trades:6581|activity.csv:12572|api_activity:12571,EXACT_SIZE_MATCH,,,,,,,,,,,0.05,5.0,5—10美分
2026-05-23__beijing__high,2026-05-23,Beijing,high,BEIJING_STATION_UNCONFIRMED,0x94c99b09cdc5f9f4b7a37e76f9ad800c28d4728ef55ccfef18082c94a86aa3ab,highest-temperature-in-beijing-on-may-23-2026,highest-temperature-in-beijing-on-may-23-2026-27c,85914656811408302998297804784940981832487080686274302935294838288095186882765,Yes,27°C,exact,27.0,27.0,C,1779523276,2026-05-23T08:01:16+00:00,2026-05-23T16:01:16+08:00,D0_1600_1800,16:00—16:30,BUY,0.05,100.0,5.0,activity_usdcSize,0x078f4dc55eeff4c461b938b6452e1d44f5f82feef3924709963431b5fda7dbf2,True,True,True,weather_trades_normalized.csv:11463|api_trades:6580|activity.csv:12573|api_activity:12572,EXACT_SIZE_MATCH,0.05,0.0,PRICE_FLAT_ADD,0.05,0.0,NEAR_AVERAGE_COST_ADD,0.05,PRICE_FLAT_ADD,0.05,NEAR_AVERAGE_COST_ADD,0.05,5.0,5—10美分
2026-05-23__beijing__high,2026-05-23,Beijing,high,BEIJING_STATION_UNCONFIRMED,0x94c99b09cdc5f9f4b7a37e76f9ad800c28d4728ef55ccfef18082c94a86aa3ab,highest-temperature-in-beijing-on-may-23-2026,highest-temperature-in-beijing-on-may-23-2026-27c,85914656811408302998297804784940981832487080686274302935294838288095186882765,Yes,27°C,exact,27.0,27.0,C,1779523322,2026-05-23T08:02:02+00:00,2026-05-23T16:02:02+08:00,D0_1600_1800,16:00—16:30,BUY,0.05,30.37,1.5185,activity_usdcSize,0x6db0589161b06d9be12058e1c7a5f0d0446e978dffdae5d0fbdd44302055f1c1,True,True,True,weather_trades_normalized.csv:11465|api_trades:6578|activity.csv:12575|api_activity:12574,EXACT_SIZE_MATCH,0.05,0.0,PRICE_FLAT_ADD,0.049999999999999996,6.938893903907228e-18,NEAR_AVERAGE_COST_ADD,0.05,PRICE_FLAT_ADD,0.049999999999999996,NEAR_AVERAGE_COST_ADD,0.05,5.0,5—10美分
2026-05-23__beijing__high,2026-05-23,Beijing,high,BEIJING_STATION_UNCONFIRMED,0x94c99b09cdc5f9f4b7a37e76f9ad800c28d4728ef55ccfef18082c94a86aa3ab,highest-temperature-in-beijing-on-may-23-2026,highest-temperature-in-beijing-on-may-23-2026-27c,85914656811408302998297804784940981832487080686274302935294838288095186882765,Yes,27°C,exact,27.0,27.0,C,1779524564,2026-05-23T08:22:44+00:00,2026-05-23T16:22:44+08:00,D0_1600_1800,16:00—16:30,BUY,0.01,284.96,2.99065,activity_usdcSize,0xb9d82d71cd633ad47729caa033607acafaa7a2447483ca6ccf106c38dd65d1b9,True,True,True,weather_trades_normalized.csv:11467|api_trades:6576|activity.csv:12577|api_activity:12576,EXACT_SIZE_MATCH,0.05,-0.04,PRICE_DOWN_ADD,0.049999999999999996,-0.039999999999999994,BELOW_AVERAGE_COST_ADD,0.05,PRICE_DOWN_ADD,0.049999999999999996,BELOW_AVERAGE_COST_ADD,0.01,1.0,1—2美分
2026-06-03__beijing__high,2026-06-03,Beijing,high,BEIJING_STATION_UNCONFIRMED,0xff0b78be54e27d551dc2442fa8ed45cc30b4274b1eaab6d7a331ecff7f37e623,highest-temperature-in-beijing-on-june-3-2026,highest-temperature-in-beijing-on-june-3-2026-31c,7314966783184038959036867506055255805255418793270707756744295652895611555411,Yes,31°C,exact,31.0,31.0,C,1780457987,2026-06-03T03:39:47+00:00,2026-06-03T11:39:47+08:00,D0_1100_1200,11:30—12:00,BUY,0.06,55.0,3.4551,activity_usdcSize,0x515cb49f88635782d536998384d9ace11bc5f22c0acbbca576263139b2db0c87,True,True,True,weather_trades_normalized.csv:12751|api_trades:5488|activity.csv:13928|api_activity:13927,EXACT_SIZE_MATCH,,,,,,,,,,,0.06,6.0,5—10美分
2026-06-12__beijing__high,2026-06-12,Beijing,high,BEIJING_STATION_UNCONFIRMED,0xf9af17a846a7586749a1fe6c40b966d61adb53f2d97c01a558643d25c78f1985,highest-temperature-in-beijing-on-june-12-2026,highest-temperature-in-beijing-on-june-12-2026-32c,1714118038661427518313316937268610404668479943787391065898808357663921924129,Yes,32°C,exact,32.0,32.0,C,1781203737,2026-06-11T18:48:57+00:00,2026-06-12T02:48:57+08:00,D0_0000_0800,02:30—03:00,BUY,0.1157855,200.0,24.18089,activity_usdcSize,0x324d0bb6f1d7cd9f6b979786b1af2f466454dfa41faa08da070ede474332992f,True,True,True,weather_trades_normalized.csv:13907|api_trades:4432|activity.csv:15130|api_activity:15129,EXACT_SIZE_MATCH,,,,,,,,,,,0.1157855,11.57855,10—15美分
2026-06-12__beijing__high,2026-06-12,Beijing,high,BEIJING_STATION_UNCONFIRMED,0x3a20c9304e014f9452d01dd99977c0755fd0087e3a9f46328c111fddfb2443cd,highest-temperature-in-beijing-on-june-12-2026,highest-temperature-in-beijing-on-june-12-2026-31c,101056054893076357303904934578593151855646782736238147041176169594318997287977,Yes,31°C,exact,31.0,31.0,C,1781203738,2026-06-11T18:48:58+00:00,2026-06-12T02:48:58+08:00,D0_0000_0800,02:30—03:00,BUY,0.015,5.0,0.075,activity_usdcSize,0xb85d37f8b23eb60b9e2cc801f871b422b5d9034cf87e01e184f2e410a1a0def4,True,True,True,weather_trades_normalized.csv:13908|api_trades:4431|activity.csv:15131|api_activity:15130,EXACT_SIZE_MATCH,,,,,,,,,,,0.015,1.5,1—2美分
2026-06-12__beijing__high,2026-06-12,Beijing,high,BEIJING_STATION_UNCONFIRMED,0x3a20c9304e014f9452d01dd99977c0755fd0087e3a9f46328c111fddfb2443cd,highest-temperature-in-beijing-on-june-12-2026,highest-temperature-in-beijing-on-june-12-2026-31c,101056054893076357303904934578593151855646782736238147041176169594318997287977,Yes,31°C,exact,31.0,31.0,C,1781205501,2026-06-11T19:18:21+00:00,2026-06-12T03:18:21+08:00,D0_0000_0800,03:00—03:30,BUY,0.015,50.0,0.75,activity_usdcSize,0x335f0152aa95ef5119376b38d8f29696a6db5bcabbfe7ce6d631a8e9a1ca80b8,True,True,True,weather_trades_normalized.csv:13913|api_trades:4426|activity.csv:15136|api_activity:15135,EXACT_SIZE_MATCH,0.015,0.0,PRICE_FLAT_ADD,0.015,0.0,NEAR_AVERAGE_COST_ADD,0.015,PRICE_FLAT_ADD,0.015,NEAR_AVERAGE_COST_ADD,0.015,1.5,1—2美分
2026-06-12__beijing__high,2026-06-12,Beijing,high,BEIJING_STATION_UNCONFIRMED,0x3a20c9304e014f9452d01dd99977c0755fd0087e3a9f46328c111fddfb2443cd,highest-temperature-in-beijing-on-june-12-2026,highest-temperature-in-beijing-on-june-12-2026-31c,101056054893076357303904934578593151855646782736238147041176169594318997287977,Yes,31°C,exact,31.0,31.0,C,1781205501,2026-06-11T19:18:21+00:00,2026-06-12T03:18:21+08:00,D0_0000_0800,03:00—03:30,BUY,0.015,75.0,1.125,activity_usdcSize,0x6ff71b9a3c19cecc36cc9626d69fcfc9e2ecce87994d695ff7cf06aeaae5ee6a,True,True,True,weather_trades_normalized.csv:13914|api_trades:4425|activity.csv:15137|api_activity:15136,EXACT_SIZE_MATCH,0.015,0.0,PRICE_FLAT_ADD,0.015,0.0,NEAR_AVERAGE_COST_ADD,0.015,PRICE_FLAT_ADD,0.015,NEAR_AVERAGE_COST_ADD,0.015,1.5,1—2美分
2026-06-12__beijing__high,2026-06-12,Beijing,high,BEIJING_STATION_UNCONFIRMED,0x3a20c9304e014f9452d01dd99977c0755fd0087e3a9f46328c111fddfb2443cd,highest-temperature-in-beijing-on-june-12-2026,highest-temperature-in-beijing-on-june-12-2026-31c,101056054893076357303904934578593151855646782736238147041176169594318997287977,Yes,31°C,exact,31.0,31.0,C,1781209101,2026-06-11T20:18:21+00:00,2026-06-12T04:18:21+08:00,D0_0000_0800,04:00—04:30,BUY,0.015,43.64,0.6546,activity_usdcSize,0xa29bf31b782e377813398d79486b246523f3e9196567ede84477ed6b352e55e2,True,True,True,weather_trades_normalized.csv:13916|api_trades:4423|activity.csv:15139|api_activity:15138,EXACT_SIZE_MATCH,0.015,0.0,PRICE_FLAT_ADD,0.015,0.0,NEAR_AVERAGE_COST_ADD,0.015,PRICE_FLAT_ADD,0.015,NEAR_AVERAGE_COST_ADD,0.015,1.5,1—2美分
2026-06-12__beijing__high,2026-06-12,Beijing,high,BEIJING_STATION_UNCONFIRMED,0x3a20c9304e014f9452d01dd99977c0755fd0087e3a9f46328c111fddfb2443cd,highest-temperature-in-beijing-on-june-12-2026,highest-temperature-in-beijing-on-june-12-2026-31c,101056054893076357303904934578593151855646782736238147041176169594318997287977,Yes,31°C,exact,31.0,31.0,C,1781212683,2026-06-11T21:18:03+00:00,2026-06-12T05:18:03+08:00,D0_0000_0800,05:00—05:30,BUY,0.015,10.94,0.1641,activity_usdcSize,0x7dfae3acec06be5f0ac4c09d8c217f4d4b7f36c9d9e1f53931f9430f040af865,True,True,True,weather_trades_normalized.csv:13920|api_trades:4420|activity.csv:15143|api_activity:15142,EXACT_SIZE_MATCH,0.015,0.0,PRICE_FLAT_ADD,0.015000000000000001,-1.734723475976807e-18,NEAR_AVERAGE_COST_ADD,0.015,PRICE_FLAT_ADD,0.015000000000000001,NEAR_AVERAGE_COST_ADD,0.015,1.5,1—2美分
2026-06-12__beijing__high,2026-06-12,Beijing,high,BEIJING_STATION_UNCONFIRMED,0x3a20c9304e014f9452d01dd99977c0755fd0087e3a9f46328c111fddfb2443cd,highest-temperature-in-beijing-on-june-12-2026,highest-temperature-in-beijing-on-june-12-2026-31c,101056054893076357303904934578593151855646782736238147041176169594318997287977,Yes,31°C,exact,31.0,31.0,C,1781212686,2026-06-11T21:18:06+00:00,2026-06-12T05:18:06+08:00,D0_0000_0800,05:00—05:30,BUY,0.015,73.06,1.0959,activity_usdcSize,0x53fe8dcbdfc18538b3768169ae8b042cd68ec4e965b75a6ba1eee91b1ee05583,True,True,True,weather_trades_normalized.csv:13921|api_trades:4419|activity.csv:15144|api_activity:15143,EXACT_SIZE_MATCH,0.015,0.0,PRICE_FLAT_ADD,0.015000000000000001,-1.734723475976807e-18,NEAR_AVERAGE_COST_ADD,0.015,PRICE_FLAT_ADD,0.015000000000000001,NEAR_AVERAGE_COST_ADD,0.015,1.5,1—2美分
2026-06-12__beijing__high,2026-06-12,Beijing,high,BEIJING_STATION_UNCONFIRMED,0x3a20c9304e014f9452d01dd99977c0755fd0087e3a9f46328c111fddfb2443cd,highest-temperature-in-beijing-on-june-12-2026,highest-temperature-in-beijing-on-june-12-2026-31c,101056054893076357303904934578593151855646782736238147041176169594318997287977,Yes,31°C,exact,31.0,31.0,C,1781213839,2026-06-11T21:37:19+00:00,2026-06-12T05:37:19+08:00,D0_0000_0800,05:30—06:00,BUY,0.015,8.0,0.12,activity_usdcSize,0xe9dcdaf27706757e13a54414d47fe0e19749cc3e47df292151e981c448a62602,True,True,True,weather_trades_normalized.csv:13925|api_trades:4415|activity.csv:15148|api_activity:15147,EXACT_SIZE_MATCH,0.015,0.0,PRICE_FLAT_ADD,0.015000000000000001,-1.734723475976807e-18,NEAR_AVERAGE_COST_ADD,0.015,PRICE_FLAT_ADD,0.015000000000000001,NEAR_AVERAGE_COST_ADD,0.015,1.5,1—2美分
2026-06-12__beijing__high,2026-06-12,Beijing,high,BEIJING_STATION_UNCONFIRMED,0x3a20c9304e014f9452d01dd99977c0755fd0087e3a9f46328c111fddfb2443cd,highest-temperature-in-beijing-on-june-12-2026,highest-temperature-in-beijing-on-june-12-2026-31c,101056054893076357303904934578593151855646782736238147041176169594318997287977,Yes,31°C,exact,31.0,31.0,C,1781213841,2026-06-11T21:37:21+00:00,2026-06-12T05:37:21+08:00,D0_0000_0800,05:30—06:00,BUY,0.015,13.0,0.195,activity_usdcSize,0x66a8476b2e683d4a52b45eb18c9fbb698702a056eb5f34c912e4c40c38428b58,True,True,True,weather_trades_normalized.csv:13926|api_trades:4413|activity.csv:15149|api_activity:15148,EXACT_SIZE_MATCH,0.015,0.0,PRICE_FLAT_ADD,0.015000000000000003,-3.469446951953614e-18,NEAR_AVERAGE_COST_ADD,0.015,PRICE_FLAT_ADD,0.015000000000000003,NEAR_AVERAGE_COST_ADD,0.015,1.5,1—2美分
2026-06-12__beijing__high,2026-06-12,Beijing,high,BEIJING_STATION_UNCONFIRMED,0x3a20c9304e014f9452d01dd99977c0755fd0087e3a9f46328c111fddfb2443cd,highest-temperature-in-beijing-on-june-12-2026,highest-temperature-in-beijing-on-june-12-2026-31c,101056054893076357303904934578593151855646782736238147041176169594318997287977,Yes,31°C,exact,31.0,31.0,C,1781213841,2026-06-11T21:37:21+00:00,2026-06-12T05:37:21+08:00,D0_0000_0800,05:30—06:00,BUY,0.015,15.0,0.225,activity_usdcSize,0xb7a21d34859142ada0ad4af46db8529c26bc0a9abcd864830e8d8de3d99b942e,True,True,True,weather_trades_normalized.csv:13927|api_trades:4414|activity.csv:15150|api_activity:15149,EXACT_SIZE_MATCH,0.015,0.0,PRICE_FLAT_ADD,0.015000000000000003,-3.469446951953614e-18,NEAR_AVERAGE_COST_ADD,0.015,PRICE_FLAT_ADD,0.015000000000000003,NEAR_AVERAGE_COST_ADD,0.015,1.5,1—2美分
2026-06-12__beijing__high,2026-06-12,Beijing,high,BEIJING_STATION_UNCONFIRMED,0x3a20c9304e014f9452d01dd99977c0755fd0087e3a9f46328c111fddfb2443cd,highest-temperature-in-beijing-on-june-12-2026,highest-temperature-in-beijing-on-june-12-2026-31c,101056054893076357303904934578593151855646782736238147041176169594318997287977,Yes,31°C,exact,31.0,31.0,C,1781216032,2026-06-11T22:13:52+00:00,2026-06-12T06:13:52+08:00,D0_0000_0800,06:00—06:30,BUY,0.015000001,10.152266,0.152284,activity_usdcSize,0x6dc515ce28fb42058d59194adab0e01261283afea503634fa2362c38e6faefbf,True,True,True,weather_trades_normalized.csv:13928|api_trades:4412|activity.csv:15152|api_activity:15151,EXACT_SIZE_MATCH,0.015,1.0000000012083676e-09,PRICE_FLAT_ADD,0.015000000000000001,9.999999994736442e-10,NEAR_AVERAGE_COST_ADD,0.015,PRICE_FLAT_ADD,0.015000000000000001,NEAR_AVERAGE_COST_ADD,0.015000001,1.5000001,1—2美分
2026-06-12__beijing__high,2026-06-12,Beijing,high,BEIJING_STATION_UNCONFIRMED,0x3a20c9304e014f9452d01dd99977c0755fd0087e3a9f46328c111fddfb2443cd,highest-temperature-in-beijing-on-june-12-2026,highest-temperature-in-beijing-on-june-12-2026-31c,101056054893076357303904934578593151855646782736238147041176169594318997287977,Yes,31°C,exact,31.0,31.0,C,1781216269,2026-06-11T22:17:49+00:00,2026-06-12T06:17:49+08:00,D0_0000_0800,06:00—06:30,BUY,0.015,1.87,0.02805,activity_usdcSize,0x5732cfe6b0cf6d530dd56e5e1fc3670b6795df86112deebc95b1e845cdc4964d,True,True,True,weather_trades_normalized.csv:13929|api_trades:4411|activity.csv:15153|api_activity:15152,EXACT_SIZE_MATCH,0.015000001,-1.0000000012083676e-09,PRICE_FLAT_ADD,0.015000000032917231,-3.2917231440610095e-11,NEAR_AVERAGE_COST_ADD,0.015000001,PRICE_FLAT_ADD,0.015000000032917231,NEAR_AVERAGE_COST_ADD,0.015,1.5,1—2美分
2026-06-12__beijing__high,2026-06-12,Beijing,high,BEIJING_STATION_UNCONFIRMED,0x1524062315611cf6ee8df3ed29082faa5270d911c12305200906a0501f05287d,highest-temperature-in-beijing-on-june-12-2026,highest-temperature-in-beijing-on-june-12-2026-33c,89098707078170219839073393347160119695289108317850482273104362145412265516737,Yes,33°C,exact,33.0,33.0,C,1781242960,2026-06-12T05:42:40+00:00,2026-06-12T13:42:40+08:00,D0_1300_1400,13:30—14:00,BUY,0.0735686364,220.0,16.93481,activity_usdcSize,0x101172cf71f9c05ac56373d3105f88428655a982c1c82aff490037fdcec16948,True,True,True,weather_trades_normalized.csv:13945|api_trades:4395|activity.csv:15174|api_activity:15173,EXACT_SIZE_MATCH,,,,,,,,,,,0.0735686364,7.35686364,5—10美分
2026-06-12__beijing__high,2026-06-12,Beijing,high,BEIJING_STATION_UNCONFIRMED,0x441c5267746e66c4514bab7ed9e08520e1351ec3165b1665d0263ed2b7bc5801,highest-temperature-in-beijing-on-june-12-2026,highest-temperature-in-beijing-on-june-12-2026-30c,8951594499615874553748685197765431559594838015834266080711310650141811792321,Yes,30°C,exact,30.0,30.0,C,1781242999,2026-06-12T05:43:19+00:00,2026-06-12T13:43:19+08:00,D0_1300_1400,13:30—14:00,BUY,0.0845545731,217.14,19.20056,activity_usdcSize,0x71c63f729b5eb33f836724e0d32b5f0313c875b099bafb6a2f7099bf24d191dd,True,True,True,weather_trades_normalized.csv:13946|api_trades:4394|activity.csv:15175|api_activity:15174,EXACT_SIZE_MATCH,,,,,,,,,,,0.0845545731,8.45545731,5—10美分
2026-06-12__beijing__high,2026-06-12,Beijing,high,BEIJING_STATION_UNCONFIRMED,0x9cb0618f127af630b00733c08668f8aa5e6e555c98a78cf190a6ad80c2494cdb,highest-temperature-in-beijing-on-june-12-2026,highest-temperature-in-beijing-on-june-12-2026-34c,35724377268088693225726919042925098838889556498629625171616930884099611978400,Yes,34°C,exact,34.0,34.0,C,1781247745,2026-06-12T07:02:25+00:00,2026-06-12T15:02:25+08:00,D0_1500_1600,15:00—15:30,BUY,0.04,9.21665,0.368666,activity_usdcSize,0xa276be01adfa4097ababeacf26bd1bde08b623f585934fd7d6a72bbd4ea49e09,True,True,True,weather_trades_normalized.csv:13954|api_trades:4386|activity.csv:15183|api_activity:15182,EXACT_SIZE_MATCH,,,,,,,,,,,0.04,4.0,2—5美分
2026-06-12__beijing__high,2026-06-12,Beijing,high,BEIJING_STATION_UNCONFIRMED,0x9cb0618f127af630b00733c08668f8aa5e6e555c98a78cf190a6ad80c2494cdb,highest-temperature-in-beijing-on-june-12-2026,highest-temperature-in-beijing-on-june-12-2026-34c,35724377268088693225726919042925098838889556498629625171616930884099611978400,Yes,34°C,exact,34.0,34.0,C,1781248023,2026-06-12T07:07:03+00:00,2026-06-12T15:07:03+08:00,D0_1500_1600,15:00—15:30,BUY,0.04,66.5,2.66,activity_usdcSize,0xe586e30de14426cdc00b43fce47f3290475d9a944bf5ccac58d25f6de7b104bd,True,True,True,weather_trades_normalized.csv:13955|api_trades:4385|activity.csv:15184|api_activity:15183,EXACT_SIZE_MATCH,0.04,0.0,PRICE_FLAT_ADD,0.04,0.0,NEAR_AVERAGE_COST_ADD,0.04,PRICE_FLAT_ADD,0.04,NEAR_AVERAGE_COST_ADD,0.04,4.0,2—5美分
2026-06-12__beijing__high,2026-06-12,Beijing,high,BEIJING_STATION_UNCONFIRMED,0x9cb0618f127af630b00733c08668f8aa5e6e555c98a78cf190a6ad80c2494cdb,highest-temperature-in-beijing-on-june-12-2026,highest-temperature-in-beijing-on-june-12-2026-34c,35724377268088693225726919042925098838889556498629625171616930884099611978400,Yes,34°C,exact,34.0,34.0,C,1781248093,2026-06-12T07:08:13+00:00,2026-06-12T15:08:13+08:00,D0_1500_1600,15:00—15:30,BUY,0.04,31.008125,1.240325,activity_usdcSize,0xec3d0f324aef0217dac4fe798e22d53ff74c6a83436574f2a1e38731ade3ba61,True,True,True,weather_trades_normalized.csv:13956|api_trades:4384|activity.csv:15185|api_activity:15184,EXACT_SIZE_MATCH,0.04,0.0,PRICE_FLAT_ADD,0.04,0.0,NEAR_AVERAGE_COST_ADD,0.04,PRICE_FLAT_ADD,0.04,NEAR_AVERAGE_COST_ADD,0.04,4.0,2—5美分
2026-06-12__beijing__high,2026-06-12,Beijing,high,BEIJING_STATION_UNCONFIRMED,0x9cb0618f127af630b00733c08668f8aa5e6e555c98a78cf190a6ad80c2494cdb,highest-temperature-in-beijing-on-june-12-2026,highest-temperature-in-beijing-on-june-12-2026-34c,35724377268088693225726919042925098838889556498629625171616930884099611978400,Yes,34°C,exact,34.0,34.0,C,1781248201,2026-06-12T07:10:01+00:00,2026-06-12T15:10:01+08:00,D0_1500_1600,15:00—15:30,BUY,0.04,93.27,3.7308,activity_usdcSize,0xad4bdadc4eb0e541f0f49ab1524f7a3ce92e644e8c8988a4c51a65873d16681c,True,True,True,weather_trades_normalized.csv:13957|api_trades:4383|activity.csv:15186|api_activity:15185,EXACT_SIZE_MATCH,0.04,0.0,PRICE_FLAT_ADD,0.04,0.0,NEAR_AVERAGE_COST_ADD,0.04,PRICE_FLAT_ADD,0.04,NEAR_AVERAGE_COST_ADD,0.04,4.0,2—5美分
2026-06-15__beijing__high,2026-06-15,Beijing,high,BEIJING_STATION_UNCONFIRMED,0xff912fd5c7a520f1a4358452df296133c74bcdddf7ac2a53d7a08afa384adec5,highest-temperature-in-beijing-on-june-15-2026,highest-temperature-in-beijing-on-june-15-2026-28c,6625950344667103356659434812943537638945594145223162234577774499886339943740,Yes,28°C,exact,28.0,28.0,C,1781465019,2026-06-14T19:23:39+00:00,2026-06-15T03:23:39+08:00,D0_0000_0800,03:00—03:30,BUY,0.1792608089,179.25,33.45112,activity_usdcSize,0xe9de26a11706b77870c41d35efadbf7ffe7f6cd69c47e269903452b98ec45801,True,True,True,weather_trades_normalized.csv:14354|api_trades:4041|activity.csv:15606|api_activity:15605,EXACT_SIZE_MATCH,,,,,,,,,,,0.1792608089,17.92608089,15—20美分
2026-06-15__beijing__high,2026-06-15,Beijing,high,BEIJING_STATION_UNCONFIRMED,0x76158baef60f05768016f26a783238779291714749a5e614d8e234ed4c3ffdb8,highest-temperature-in-beijing-on-june-15-2026,highest-temperature-in-beijing-on-june-15-2026-26c,70671096548077349837863924889083524316633252190932384849282874192399975717597,Yes,26°C,exact,26.0,26.0,C,1781466391,2026-06-14T19:46:31+00:00,2026-06-15T03:46:31+08:00,D0_0000_0800,03:30—04:00,BUY,0.006,5.0,0.03,activity_usdcSize,0x476901b01130befe62d9113c3f177d98370ac180208f490de13d8ed11507a951,True,True,True,weather_trades_normalized.csv:14366|api_trades:4032|activity.csv:15618|api_activity:15617,EXACT_SIZE_MATCH,,,,,,,,,,,0.006,0.6,0—1美分
2026-06-15__beijing__high,2026-06-15,Beijing,high,BEIJING_STATION_UNCONFIRMED,0x76158baef60f05768016f26a783238779291714749a5e614d8e234ed4c3ffdb8,highest-temperature-in-beijing-on-june-15-2026,highest-temperature-in-beijing-on-june-15-2026-26c,70671096548077349837863924889083524316633252190932384849282874192399975717597,Yes,26°C,exact,26.0,26.0,C,1781470416,2026-06-14T20:53:36+00:00,2026-06-15T04:53:36+08:00,D0_0000_0800,04:30—05:00,BUY,0.0231899525,126.4,3.07437,activity_usdcSize,0x69e73dc68c2aca7b932f6967b12048ad30f700bbc1c94739bb5cbbb2dc6c1e28,True,True,True,weather_trades_normalized.csv:14374|api_trades:4026|activity.csv:15626|api_activity:15625,EXACT_SIZE_MATCH,0.006,0.0171899525,PRICE_UP_ADD,0.006,0.0171899525,ABOVE_AVERAGE_COST_ADD,0.006,PRICE_UP_ADD,0.006,ABOVE_AVERAGE_COST_ADD,0.0231899525,2.31899525,2—5美分
2026-06-15__beijing__high,2026-06-15,Beijing,high,BEIJING_STATION_UNCONFIRMED,0x9d15bfd34818adbde3a91521193eeebdf38ba1e802476319514df888f5bcef19,highest-temperature-in-beijing-on-june-15-2026,highest-temperature-in-beijing-on-june-15-2026-27c,57079491115667866115697137550893969205882093455592713984158009390260732469616,Yes,27°C,exact,27.0,27.0,C,1781470428,2026-06-14T20:53:48+00:00,2026-06-15T04:53:48+08:00,D0_0000_0800,04:30—05:00,BUY,0.059373959,200.53,12.46622,activity_usdcSize,0x401b37711c5a2b723e4980a1bf7d8f94e7ac3517b94b57aebbd09e46bc61af9e,True,True,True,weather_trades_normalized.csv:14375|api_trades:4023|activity.csv:15627|api_activity:15626,EXACT_SIZE_MATCH,,,,,,,,,,,0.059373959,5.937395899999999,5—10美分
2026-06-15__beijing__high,2026-06-15,Beijing,high,BEIJING_STATION_UNCONFIRMED,0x9d15bfd34818adbde3a91521193eeebdf38ba1e802476319514df888f5bcef19,highest-temperature-in-beijing-on-june-15-2026,highest-temperature-in-beijing-on-june-15-2026-27c,57079491115667866115697137550893969205882093455592713984158009390260732469616,Yes,27°C,exact,27.0,27.0,C,1781470428,2026-06-14T20:53:48+00:00,2026-06-15T04:53:48+08:00,D0_0000_0800,04:30—05:00,BUY,0.08,5.0,0.4,activity_usdcSize,0x57abfaee3e3625be3e0b9f6aae797c7a93803ad7b716efa4e68b9f7f63ba66e8,True,True,True,weather_trades_normalized.csv:14376|api_trades:4025|activity.csv:15628|api_activity:15627,EXACT_SIZE_MATCH,0.059373959,0.020626041000000005,PRICE_UP_ADD,0.06216635914825712,0.017833640851742882,ABOVE_AVERAGE_COST_ADD,0.059373959,PRICE_UP_ADD,0.06216635914825712,ABOVE_AVERAGE_COST_ADD,0.08,8.0,5—10美分
2026-06-15__beijing__high,2026-06-15,Beijing,high,BEIJING_STATION_UNCONFIRMED,0x9d15bfd34818adbde3a91521193eeebdf38ba1e802476319514df888f5bcef19,highest-temperature-in-beijing-on-june-15-2026,highest-temperature-in-beijing-on-june-15-2026-27c,57079491115667866115697137550893969205882093455592713984158009390260732469616,Yes,27°C,exact,27.0,27.0,C,1781470428,2026-06-14T20:53:48+00:00,2026-06-15T04:53:48+08:00,D0_0000_0800,04:30—05:00,BUY,0.08,0.02,0.0016,activity_usdcSize,0x79bd7397def80a9d27ae1cacd0e72ff1905c7bbbed1f62d67277ffa4b9c07624,True,True,True,weather_trades_normalized.csv:14377|api_trades:4024|activity.csv:15629|api_activity:15628,EXACT_SIZE_MATCH,0.08,0.0,PRICE_FLAT_ADD,0.06260020434972997,0.017399795650270028,ABOVE_AVERAGE_COST_ADD,0.08,PRICE_FLAT_ADD,0.06260020434972997,ABOVE_AVERAGE_COST_ADD,0.08,8.0,5—10美分
2026-06-15__beijing__high,2026-06-15,Beijing,high,BEIJING_STATION_UNCONFIRMED,0x7690222d390389a9ed1a69f9b33594d93c42ca5d33f3da6d60423ccaa35014c0,highest-temperature-in-beijing-on-june-15-2026,highest-temperature-in-beijing-on-june-15-2026-25corbelow,87626864494023941074792277184142557841858420528961451158643328396165259628400,Yes,25°C or below,below,,25.0,C,1781501970,2026-06-15T05:39:30+00:00,2026-06-15T13:39:30+08:00,D0_1300_1400,13:30—14:00,BUY,0.157,150.0,23.55,activity_usdcSize,0xda1361927406564045ec400b3dc42df82880ba08440460f6d9a8ce566fc1950f,True,True,True,weather_trades_normalized.csv:14401|api_trades:4000|activity.csv:15658|api_activity:15657,EXACT_SIZE_MATCH,,,,,,,,,,,0.157,15.7,15—20美分
2026-06-16__beijing__high,2026-06-16,Beijing,high,BEIJING_STATION_UNCONFIRMED,0x11f3975cec7e6b249bafb789290f01c16bd7169ceb231c2cd0fb1f930e3fa1eb,highest-temperature-in-beijing-on-june-16-2026,highest-temperature-in-beijing-on-june-16-2026-23c,113552798546664220694258404115745182609391185268139830014334786812889121649836,Yes,23°C,exact,23.0,23.0,C,1781554045,2026-06-15T20:07:25+00:00,2026-06-16T04:07:25+08:00,D0_0000_0800,04:00—04:30,BUY,0.0104346206,297.8,3.26118,activity_usdcSize,0x0a1adda4c4cb4120a5c48058925464478edf13818732be68b8f2f7ab84edfa9b,True,True,True,weather_trades_normalized.csv:14458|api_trades:3947|activity.csv:15718|api_activity:15717,EXACT_SIZE_MATCH,,,,,,,,,,,0.0104346206,1.04346206,1—2美分
2026-06-24__beijing__high,2026-06-24,Beijing,high,BEIJING_STATION_UNCONFIRMED,0x39697ec2b5df78c1bb3cb7fbd66b5040af4a5eeea75c1a62ac98269405bac924,highest-temperature-in-beijing-on-june-24-2026,highest-temperature-in-beijing-on-june-24-2026-27corbelow,51550351078565047033820521302938845586982010183112226465482367956272557410425,Yes,27°C or below,below,,27.0,C,1782243281,2026-06-23T19:34:41+00:00,2026-06-24T03:34:41+08:00,D0_0000_0800,03:30—04:00,BUY,0.02,267.0,5.60166,activity_usdcSize,0x1a66d195c78f11d739a370642b79b74e107c1c2e9dae327058157ecd629d7646,True,True,True,weather_trades_normalized.csv:15205|api_trades:3250|activity.csv:16552|api_activity:16551,EXACT_SIZE_MATCH,,,,,,,,,,,0.02,2.0,2—5美分
2026-06-28__beijing__high,2026-06-28,Beijing,high,BEIJING_STATION_UNCONFIRMED,0x10e3b1b0e1e062e29b0eec16568d3c8b3f21f465c0f96e588ee280b35c35264f,highest-temperature-in-beijing-on-june-28-2026,highest-temperature-in-beijing-on-june-28-2026-27corbelow,43293199251797360437328165210268099210815959800091984684253133844021944914859,Yes,27°C or below,below,,27.0,C,1782588511,2026-06-27T19:28:31+00:00,2026-06-28T03:28:31+08:00,D0_0000_0800,03:00—03:30,BUY,0.006,5.0,0.03,activity_usdcSize,0x00a22a4a14281fd2a06e342f18cc28eeb324dc87d4a3a91b4f37827f24b9a4b0,True,True,True,weather_trades_normalized.csv:15576|api_trades:2907|activity.csv:16949|api_activity:16948,EXACT_SIZE_MATCH,,,,,,,,,,,0.006,0.6,0—1美分
2026-06-28__beijing__high,2026-06-28,Beijing,high,BEIJING_STATION_UNCONFIRMED,0xa289110c77ba2c374c97aba0be50e673ce6a9b8999b782d50eb4734fae9bff05,highest-temperature-in-beijing-on-june-28-2026,highest-temperature-in-beijing-on-june-28-2026-28c,31981304089168379291121302205733187643582935393994115799574360734055295603212,Yes,28°C,exact,28.0,28.0,C,1782588860,2026-06-27T19:34:20+00:00,2026-06-28T03:34:20+08:00,D0_0000_0800,03:30—04:00,BUY,0.023,30.0,0.69,activity_usdcSize,0x7af4413b54d33171dcdc6e60444e1c4ef20245c70634d10507df6418ef588f14,True,True,True,weather_trades_normalized.csv:15583|api_trades:2900|activity.csv:16956|api_activity:16955,EXACT_SIZE_MATCH,,,,,,,,,,,0.023,2.3,2—5美分
2026-06-28__beijing__high,2026-06-28,Beijing,high,BEIJING_STATION_UNCONFIRMED,0xa289110c77ba2c374c97aba0be50e673ce6a9b8999b782d50eb4734fae9bff05,highest-temperature-in-beijing-on-june-28-2026,highest-temperature-in-beijing-on-june-28-2026-28c,31981304089168379291121302205733187643582935393994115799574360734055295603212,Yes,28°C,exact,28.0,28.0,C,1782588862,2026-06-27T19:34:22+00:00,2026-06-28T03:34:22+08:00,D0_0000_0800,03:30—04:00,BUY,0.023,13.0,0.299,activity_usdcSize,0xe02b2a0270e062046d36e077bd249a834bf03efa7926842a8315709dedaa6a3c,True,True,True,weather_trades_normalized.csv:15584|api_trades:2899|activity.csv:16957|api_activity:16956,EXACT_SIZE_MATCH,0.023,0.0,PRICE_FLAT_ADD,0.023,0.0,NEAR_AVERAGE_COST_ADD,0.023,PRICE_FLAT_ADD,0.023,NEAR_AVERAGE_COST_ADD,0.023,2.3,2—5美分
2026-06-28__beijing__high,2026-06-28,Beijing,high,BEIJING_STATION_UNCONFIRMED,0xa289110c77ba2c374c97aba0be50e673ce6a9b8999b782d50eb4734fae9bff05,highest-temperature-in-beijing-on-june-28-2026,highest-temperature-in-beijing-on-june-28-2026-28c,31981304089168379291121302205733187643582935393994115799574360734055295603212,Yes,28°C,exact,28.0,28.0,C,1782588895,2026-06-27T19:34:55+00:00,2026-06-28T03:34:55+08:00,D0_0000_0800,03:30—04:00,BUY,0.023,157.0,3.611,activity_usdcSize,0xab1da3ea476c6285a4f0bc649210c6a766afaf8d5de6f21951d24d7bbf4f918d,True,True,True,weather_trades_normalized.csv:15585|api_trades:2898|activity.csv:16958|api_activity:16957,EXACT_SIZE_MATCH,0.023,0.0,PRICE_FLAT_ADD,0.022999999999999996,3.469446951953614e-18,NEAR_AVERAGE_COST_ADD,0.023,PRICE_FLAT_ADD,0.022999999999999996,NEAR_AVERAGE_COST_ADD,0.023,2.3,2—5美分
2026-06-28__beijing__high,2026-06-28,Beijing,high,BEIJING_STATION_UNCONFIRMED,0x10e3b1b0e1e062e29b0eec16568d3c8b3f21f465c0f96e588ee280b35c35264f,highest-temperature-in-beijing-on-june-28-2026,highest-temperature-in-beijing-on-june-28-2026-27corbelow,43293199251797360437328165210268099210815959800091984684253133844021944914859,Yes,27°C or below,below,,27.0,C,1782590821,2026-06-27T20:07:01+00:00,2026-06-28T04:07:01+08:00,D0_0000_0800,04:00—04:30,BUY,0.006,46.0,0.276,activity_usdcSize,0x44027dc86e312cb4864427706fd8ee761bf64a6e2e334691d6600ae95e355983,True,True,True,weather_trades_normalized.csv:15599|api_trades:2887|activity.csv:16972|api_activity:16971,EXACT_SIZE_MATCH,0.006,0.0,PRICE_FLAT_ADD,0.006,0.0,NEAR_AVERAGE_COST_ADD,0.006,PRICE_FLAT_ADD,0.006,NEAR_AVERAGE_COST_ADD,0.006,0.6,0—1美分
2026-06-28__beijing__high,2026-06-28,Beijing,high,BEIJING_STATION_UNCONFIRMED,0x10e3b1b0e1e062e29b0eec16568d3c8b3f21f465c0f96e588ee280b35c35264f,highest-temperature-in-beijing-on-june-28-2026,highest-temperature-in-beijing-on-june-28-2026-27corbelow,43293199251797360437328165210268099210815959800091984684253133844021944914859,Yes,27°C or below,below,,27.0,C,1782592306,2026-06-27T20:31:46+00:00,2026-06-28T04:31:46+08:00,D0_0000_0800,04:30—05:00,BUY,0.006,55.0,0.33,activity_usdcSize,0x66d16acedab6a03cd6833aafa46d4b1ca2fbd37dccab9283d017d689cd1862af,True,True,True,weather_trades_normalized.csv:15606|api_trades:2879|activity.csv:16980|api_activity:16979,EXACT_SIZE_MATCH,0.006,0.0,PRICE_FLAT_ADD,0.006000000000000001,-8.673617379884035e-19,NEAR_AVERAGE_COST_ADD,0.006,PRICE_FLAT_ADD,0.006000000000000001,NEAR_AVERAGE_COST_ADD,0.006,0.6,0—1美分
2026-06-28__beijing__high,2026-06-28,Beijing,high,BEIJING_STATION_UNCONFIRMED,0x10e3b1b0e1e062e29b0eec16568d3c8b3f21f465c0f96e588ee280b35c35264f,highest-temperature-in-beijing-on-june-28-2026,highest-temperature-in-beijing-on-june-28-2026-27corbelow,43293199251797360437328165210268099210815959800091984684253133844021944914859,Yes,27°C or below,below,,27.0,C,1782592415,2026-06-27T20:33:35+00:00,2026-06-28T04:33:35+08:00,D0_0000_0800,04:30—05:00,BUY,0.006,150.01,0.90006,activity_usdcSize,0x1751d8ee21904ef0e66b4ec187c3da627d2f362213cf7c426bb09e474467d9d6,True,True,True,weather_trades_normalized.csv:15607|api_trades:2878|activity.csv:16981|api_activity:16980,EXACT_SIZE_MATCH,0.006,0.0,PRICE_FLAT_ADD,0.006000000000000001,-8.673617379884035e-19,NEAR_AVERAGE_COST_ADD,0.006,PRICE_FLAT_ADD,0.006000000000000001,NEAR_AVERAGE_COST_ADD,0.006,0.6,0—1美分
2026-06-28__beijing__high,2026-06-28,Beijing,high,BEIJING_STATION_UNCONFIRMED,0x10e3b1b0e1e062e29b0eec16568d3c8b3f21f465c0f96e588ee280b35c35264f,highest-temperature-in-beijing-on-june-28-2026,highest-temperature-in-beijing-on-june-28-2026-27corbelow,43293199251797360437328165210268099210815959800091984684253133844021944914859,Yes,27°C or below,below,,27.0,C,1782593198,2026-06-27T20:46:38+00:00,2026-06-28T04:46:38+08:00,D0_0000_0800,04:30—05:00,BUY,0.006,66.0,0.396,activity_usdcSize,0xe64cfccab0124f95e187a18ccbc2e9a321e0c49c3345eec3ecdfcd0aec97fb4d,True,True,True,weather_trades_normalized.csv:15610|api_trades:2875|activity.csv:16984|api_activity:16983,EXACT_SIZE_MATCH,0.006,0.0,PRICE_FLAT_ADD,0.006,0.0,NEAR_AVERAGE_COST_ADD,0.006,PRICE_FLAT_ADD,0.006,NEAR_AVERAGE_COST_ADD,0.006,0.6,0—1美分
2026-06-28__beijing__high,2026-06-28,Beijing,high,BEIJING_STATION_UNCONFIRMED,0x10e3b1b0e1e062e29b0eec16568d3c8b3f21f465c0f96e588ee280b35c35264f,highest-temperature-in-beijing-on-june-28-2026,highest-temperature-in-beijing-on-june-28-2026-27corbelow,43293199251797360437328165210268099210815959800091984684253133844021944914859,Yes,27°C or below,below,,27.0,C,1782593680,2026-06-27T20:54:40+00:00,2026-06-28T04:54:40+08:00,D0_0000_0800,04:30—05:00,BUY,0.006,130.0,0.78,activity_usdcSize,0x91d8f6f47e5e54ec0af6d990f706a2f151f2df5513a9d7fa71a1ff8559c581ba,True,True,True,weather_trades_normalized.csv:15611|api_trades:2874|activity.csv:16985|api_activity:16984,EXACT_SIZE_MATCH,0.006,0.0,PRICE_FLAT_ADD,0.006,0.0,NEAR_AVERAGE_COST_ADD,0.006,PRICE_FLAT_ADD,0.006,NEAR_AVERAGE_COST_ADD,0.006,0.6,0—1美分
2026-06-28__beijing__high,2026-06-28,Beijing,high,BEIJING_STATION_UNCONFIRMED,0x10e3b1b0e1e062e29b0eec16568d3c8b3f21f465c0f96e588ee280b35c35264f,highest-temperature-in-beijing-on-june-28-2026,highest-temperature-in-beijing-on-june-28-2026-27corbelow,43293199251797360437328165210268099210815959800091984684253133844021944914859,Yes,27°C or below,below,,27.0,C,1782594151,2026-06-27T21:02:31+00:00,2026-06-28T05:02:31+08:00,D0_0000_0800,05:00—05:30,BUY,0.006,102.0,0.612,activity_usdcSize,0x666596847acff4c2e2764e3f1425a331526fe9b347d37dc20364b9b2a38d62a8,True,True,True,weather_trades_normalized.csv:15612|api_trades:2872|activity.csv:16987|api_activity:16986,EXACT_SIZE_MATCH,0.006,0.0,PRICE_FLAT_ADD,0.006,0.0,NEAR_AVERAGE_COST_ADD,0.006,PRICE_FLAT_ADD,0.006,NEAR_AVERAGE_COST_ADD,0.006,0.6,0—1美分
2026-06-28__beijing__high,2026-06-28,Beijing,high,BEIJING_STATION_UNCONFIRMED,0x10e3b1b0e1e062e29b0eec16568d3c8b3f21f465c0f96e588ee280b35c35264f,highest-temperature-in-beijing-on-june-28-2026,highest-temperature-in-beijing-on-june-28-2026-27corbelow,43293199251797360437328165210268099210815959800091984684253133844021944914859,Yes,27°C or below,below,,27.0,C,1782594446,2026-06-27T21:07:26+00:00,2026-06-28T05:07:26+08:00,D0_0000_0800,05:00—05:30,BUY,0.006,1.72,0.01032,activity_usdcSize,0x6d7b479ef9f1fdbda0e391f0ee2d0dcbd360f3e2f0598393b79539ed41036c47,True,True,True,weather_trades_normalized.csv:15613|api_trades:2871|activity.csv:16988|api_activity:16987,EXACT_SIZE_MATCH,0.006,0.0,PRICE_FLAT_ADD,0.006,0.0,NEAR_AVERAGE_COST_ADD,0.006,PRICE_FLAT_ADD,0.006,NEAR_AVERAGE_COST_ADD,0.006,0.6,0—1美分
2026-06-28__beijing__high,2026-06-28,Beijing,high,BEIJING_STATION_UNCONFIRMED,0x10e3b1b0e1e062e29b0eec16568d3c8b3f21f465c0f96e588ee280b35c35264f,highest-temperature-in-beijing-on-june-28-2026,highest-temperature-in-beijing-on-june-28-2026-27corbelow,43293199251797360437328165210268099210815959800091984684253133844021944914859,Yes,27°C or below,below,,27.0,C,1782595813,2026-06-27T21:30:13+00:00,2026-06-28T05:30:13+08:00,D0_0000_0800,05:30—06:00,BUY,0.006,5.0,0.03,activity_usdcSize,0xe3cbff5946bf58fe7279cf31e2fca519ea24442f18a4421ad909cab91ba36ec7,True,True,True,weather_trades_normalized.csv:15614|api_trades:2870|activity.csv:16989|api_activity:16988,EXACT_SIZE_MATCH,0.006,0.0,PRICE_FLAT_ADD,0.006,0.0,NEAR_AVERAGE_COST_ADD,0.006,PRICE_FLAT_ADD,0.006,NEAR_AVERAGE_COST_ADD,0.006,0.6,0—1美分
2026-06-28__beijing__high,2026-06-28,Beijing,high,BEIJING_STATION_UNCONFIRMED,0x10e3b1b0e1e062e29b0eec16568d3c8b3f21f465c0f96e588ee280b35c35264f,highest-temperature-in-beijing-on-june-28-2026,highest-temperature-in-beijing-on-june-28-2026-27corbelow,43293199251797360437328165210268099210815959800091984684253133844021944914859,Yes,27°C or below,below,,27.0,C,1782595880,2026-06-27T21:31:20+00:00,2026-06-28T05:31:20+08:00,D0_0000_0800,05:30—06:00,BUY,0.006,5.0,0.03,activity_usdcSize,0x5f68723a0546cb4620f42d7b21a5fd70be462be0574624b35cc31cb6b6f81d69,True,True,True,weather_trades_normalized.csv:15615|api_trades:2869|activity.csv:16990|api_activity:16989,EXACT_SIZE_MATCH,0.006,0.0,PRICE_FLAT_ADD,0.006,0.0,NEAR_AVERAGE_COST_ADD,0.006,PRICE_FLAT_ADD,0.006,NEAR_AVERAGE_COST_ADD,0.006,0.6,0—1美分
2026-06-28__beijing__high,2026-06-28,Beijing,high,BEIJING_STATION_UNCONFIRMED,0x10e3b1b0e1e062e29b0eec16568d3c8b3f21f465c0f96e588ee280b35c35264f,highest-temperature-in-beijing-on-june-28-2026,highest-temperature-in-beijing-on-june-28-2026-27corbelow,43293199251797360437328165210268099210815959800091984684253133844021944914859,Yes,27°C or below,below,,27.0,C,1782595886,2026-06-27T21:31:26+00:00,2026-06-28T05:31:26+08:00,D0_0000_0800,05:30—06:00,BUY,0.006,5.0,0.03,activity_usdcSize,0x912fabcf11f3ccae766316d2ded18b79852c50766b37365a3154307fe8679c01,True,True,True,weather_trades_normalized.csv:15616|api_trades:2868|activity.csv:16991|api_activity:16990,EXACT_SIZE_MATCH,0.006,0.0,PRICE_FLAT_ADD,0.006,0.0,NEAR_AVERAGE_COST_ADD,0.006,PRICE_FLAT_ADD,0.006,NEAR_AVERAGE_COST_ADD,0.006,0.6,0—1美分
2026-06-28__beijing__high,2026-06-28,Beijing,high,BEIJING_STATION_UNCONFIRMED,0x10e3b1b0e1e062e29b0eec16568d3c8b3f21f465c0f96e588ee280b35c35264f,highest-temperature-in-beijing-on-june-28-2026,highest-temperature-in-beijing-on-june-28-2026-27corbelow,43293199251797360437328165210268099210815959800091984684253133844021944914859,Yes,27°C or below,below,,27.0,C,1782595903,2026-06-27T21:31:43+00:00,2026-06-28T05:31:43+08:00,D0_0000_0800,05:30—06:00,BUY,0.006,5.0,0.03,activity_usdcSize,0x1356cd34da4dd618a0eec433bf274b3dc4505fe57f47b6f2725920117b9121ea,True,True,True,weather_trades_normalized.csv:15617|api_trades:2867|activity.csv:16992|api_activity:16991,EXACT_SIZE_MATCH,0.006,0.0,PRICE_FLAT_ADD,0.005999999999999999,8.673617379884035e-19,NEAR_AVERAGE_COST_ADD,0.006,PRICE_FLAT_ADD,0.005999999999999999,NEAR_AVERAGE_COST_ADD,0.006,0.6,0—1美分
2026-06-28__beijing__high,2026-06-28,Beijing,high,BEIJING_STATION_UNCONFIRMED,0x10e3b1b0e1e062e29b0eec16568d3c8b3f21f465c0f96e588ee280b35c35264f,highest-temperature-in-beijing-on-june-28-2026,highest-temperature-in-beijing-on-june-28-2026-27corbelow,43293199251797360437328165210268099210815959800091984684253133844021944914859,Yes,27°C or below,below,,27.0,C,1782596128,2026-06-27T21:35:28+00:00,2026-06-28T05:35:28+08:00,D0_0000_0800,05:30—06:00,BUY,0.006,14.0,0.084,activity_usdcSize,0xfff87804eb5a0bf13be0670f3ff85897f3fdc95df6a0958de67f47065f2ab23e,True,True,True,weather_trades_normalized.csv:15618|api_trades:2866|activity.csv:16993|api_activity:16992,EXACT_SIZE_MATCH,0.006,0.0,PRICE_FLAT_ADD,0.005999999999999999,8.673617379884035e-19,NEAR_AVERAGE_COST_ADD,0.006,PRICE_FLAT_ADD,0.005999999999999999,NEAR_AVERAGE_COST_ADD,0.006,0.6,0—1美分
2026-06-28__beijing__high,2026-06-28,Beijing,high,BEIJING_STATION_UNCONFIRMED,0x10e3b1b0e1e062e29b0eec16568d3c8b3f21f465c0f96e588ee280b35c35264f,highest-temperature-in-beijing-on-june-28-2026,highest-temperature-in-beijing-on-june-28-2026-27corbelow,43293199251797360437328165210268099210815959800091984684253133844021944914859,Yes,27°C or below,below,,27.0,C,1782596138,2026-06-27T21:35:38+00:00,2026-06-28T05:35:38+08:00,D0_0000_0800,05:30—06:00,BUY,0.006,1.1,0.0066,activity_usdcSize,0x041ff95a46b16f306ea9afe6fd0cdd10c41f8da15478f2421a78774b189f6c4c,True,True,True,weather_trades_normalized.csv:15619|api_trades:2865|activity.csv:16994|api_activity:16993,EXACT_SIZE_MATCH,0.006,0.0,PRICE_FLAT_ADD,0.005999999999999999,8.673617379884035e-19,NEAR_AVERAGE_COST_ADD,0.006,PRICE_FLAT_ADD,0.005999999999999999,NEAR_AVERAGE_COST_ADD,0.006,0.6,0—1美分
2026-06-28__beijing__high,2026-06-28,Beijing,high,BEIJING_STATION_UNCONFIRMED,0x10e3b1b0e1e062e29b0eec16568d3c8b3f21f465c0f96e588ee280b35c35264f,highest-temperature-in-beijing-on-june-28-2026,highest-temperature-in-beijing-on-june-28-2026-27corbelow,43293199251797360437328165210268099210815959800091984684253133844021944914859,Yes,27°C or below,below,,27.0,C,1782597682,2026-06-27T22:01:22+00:00,2026-06-28T06:01:22+08:00,D0_0000_0800,06:00—06:30,BUY,0.006,5.0,0.03,activity_usdcSize,0x93a9545b67e87faec30983441a2fae2d4be4abc24b7bac01c5c94a56c3f65935,True,True,True,weather_trades_normalized.csv:15621|api_trades:2863|activity.csv:16996|api_activity:16995,EXACT_SIZE_MATCH,0.006,0.0,PRICE_FLAT_ADD,0.005999999999999999,8.673617379884035e-19,NEAR_AVERAGE_COST_ADD,0.006,PRICE_FLAT_ADD,0.005999999999999999,NEAR_AVERAGE_COST_ADD,0.006,0.6,0—1美分
2026-06-28__beijing__high,2026-06-28,Beijing,high,BEIJING_STATION_UNCONFIRMED,0x10e3b1b0e1e062e29b0eec16568d3c8b3f21f465c0f96e588ee280b35c35264f,highest-temperature-in-beijing-on-june-28-2026,highest-temperature-in-beijing-on-june-28-2026-27corbelow,43293199251797360437328165210268099210815959800091984684253133844021944914859,Yes,27°C or below,below,,27.0,C,1782597752,2026-06-27T22:02:32+00:00,2026-06-28T06:02:32+08:00,D0_0000_0800,06:00—06:30,BUY,0.006,5.0,0.03,activity_usdcSize,0xfeaeae581653ced2c70c93d7d9f391e2e639d47ac0ce1e89df2ab60cc6cddfd8,True,True,True,weather_trades_normalized.csv:15622|api_trades:2862|activity.csv:16997|api_activity:16996,EXACT_SIZE_MATCH,0.006,0.0,PRICE_FLAT_ADD,0.005999999999999999,8.673617379884035e-19,NEAR_AVERAGE_COST_ADD,0.006,PRICE_FLAT_ADD,0.005999999999999999,NEAR_AVERAGE_COST_ADD,0.006,0.6,0—1美分
2026-06-28__beijing__high,2026-06-28,Beijing,high,BEIJING_STATION_UNCONFIRMED,0x10e3b1b0e1e062e29b0eec16568d3c8b3f21f465c0f96e588ee280b35c35264f,highest-temperature-in-beijing-on-june-28-2026,highest-temperature-in-beijing-on-june-28-2026-27corbelow,43293199251797360437328165210268099210815959800091984684253133844021944914859,Yes,27°C or below,below,,27.0,C,1782597820,2026-06-27T22:03:40+00:00,2026-06-28T06:03:40+08:00,D0_0000_0800,06:00—06:30,BUY,0.006,10.0,0.06,activity_usdcSize,0x7e035c165b3e234cd743bbabd15b343af7f14569e92954040ce568b86240767b,True,True,True,weather_trades_normalized.csv:15623|api_trades:2860|activity.csv:16998|api_activity:16997,EXACT_SIZE_MATCH,0.006,0.0,PRICE_FLAT_ADD,0.005999999999999998,1.734723475976807e-18,NEAR_AVERAGE_COST_ADD,0.006,PRICE_FLAT_ADD,0.005999999999999998,NEAR_AVERAGE_COST_ADD,0.006,0.6,0—1美分
2026-06-28__beijing__high,2026-06-28,Beijing,high,BEIJING_STATION_UNCONFIRMED,0x10e3b1b0e1e062e29b0eec16568d3c8b3f21f465c0f96e588ee280b35c35264f,highest-temperature-in-beijing-on-june-28-2026,highest-temperature-in-beijing-on-june-28-2026-27corbelow,43293199251797360437328165210268099210815959800091984684253133844021944914859,Yes,27°C or below,below,,27.0,C,1782597820,2026-06-27T22:03:40+00:00,2026-06-28T06:03:40+08:00,D0_0000_0800,06:00—06:30,BUY,0.006,30.0,0.18,activity_usdcSize,0x8a3b96f62cecd34222dfa17b58c5e0adf68014f51622853d66bbd8fde1822cd6,True,True,True,weather_trades_normalized.csv:15624|api_trades:2859|activity.csv:16999|api_activity:16998,EXACT_SIZE_MATCH,0.006,0.0,PRICE_FLAT_ADD,0.005999999999999998,1.734723475976807e-18,NEAR_AVERAGE_COST_ADD,0.006,PRICE_FLAT_ADD,0.005999999999999998,NEAR_AVERAGE_COST_ADD,0.006,0.6,0—1美分
2026-06-28__beijing__high,2026-06-28,Beijing,high,BEIJING_STATION_UNCONFIRMED,0x10e3b1b0e1e062e29b0eec16568d3c8b3f21f465c0f96e588ee280b35c35264f,highest-temperature-in-beijing-on-june-28-2026,highest-temperature-in-beijing-on-june-28-2026-27corbelow,43293199251797360437328165210268099210815959800091984684253133844021944914859,Yes,27°C or below,below,,27.0,C,1782597820,2026-06-27T22:03:40+00:00,2026-06-28T06:03:40+08:00,D0_0000_0800,06:00—06:30,BUY,0.006,20.0,0.12,activity_usdcSize,0xabc8e76ce65f42384897904a950ec879057046216f69494b4cde09f0f75620ce,True,True,True,weather_trades_normalized.csv:15625|api_trades:2861|activity.csv:17000|api_activity:16999,EXACT_SIZE_MATCH,0.006,0.0,PRICE_FLAT_ADD,0.005999999999999999,8.673617379884035e-19,NEAR_AVERAGE_COST_ADD,0.006,PRICE_FLAT_ADD,0.005999999999999999,NEAR_AVERAGE_COST_ADD,0.006,0.6,0—1美分
2026-06-28__beijing__high,2026-06-28,Beijing,high,BEIJING_STATION_UNCONFIRMED,0x10e3b1b0e1e062e29b0eec16568d3c8b3f21f465c0f96e588ee280b35c35264f,highest-temperature-in-beijing-on-june-28-2026,highest-temperature-in-beijing-on-june-28-2026-27corbelow,43293199251797360437328165210268099210815959800091984684253133844021944914859,Yes,27°C or below,below,,27.0,C,1782597821,2026-06-27T22:03:41+00:00,2026-06-28T06:03:41+08:00,D0_0000_0800,06:00—06:30,BUY,0.006,5.0,0.03,activity_usdcSize,0xc048a9f3682eff1b3ea321b9ca962dfc0f50cb072f1d1043c45212fb751f4d15,True,True,True,weather_trades_normalized.csv:15626|api_trades:2858|activity.csv:17001|api_activity:17000,EXACT_SIZE_MATCH,0.006,0.0,PRICE_FLAT_ADD,0.005999999999999999,8.673617379884035e-19,NEAR_AVERAGE_COST_ADD,0.006,PRICE_FLAT_ADD,0.005999999999999999,NEAR_AVERAGE_COST_ADD,0.006,0.6,0—1美分
2026-06-28__beijing__high,2026-06-28,Beijing,high,BEIJING_STATION_UNCONFIRMED,0x10e3b1b0e1e062e29b0eec16568d3c8b3f21f465c0f96e588ee280b35c35264f,highest-temperature-in-beijing-on-june-28-2026,highest-temperature-in-beijing-on-june-28-2026-27corbelow,43293199251797360437328165210268099210815959800091984684253133844021944914859,Yes,27°C or below,below,,27.0,C,1782598267,2026-06-27T22:11:07+00:00,2026-06-28T06:11:07+08:00,D0_0000_0800,06:00—06:30,BUY,0.006,5.0,0.03,activity_usdcSize,0xb8aa05cce3a3c4e6ac527dc36c33bbf04c50d8bfebc89b421400eb41fb2ba2ad,True,True,True,weather_trades_normalized.csv:15628|api_trades:2856|activity.csv:17003|api_activity:17002,EXACT_SIZE_MATCH,0.006,0.0,PRICE_FLAT_ADD,0.005999999999999999,8.673617379884035e-19,NEAR_AVERAGE_COST_ADD,0.006,PRICE_FLAT_ADD,0.005999999999999999,NEAR_AVERAGE_COST_ADD,0.006,0.6,0—1美分
2026-06-28__beijing__high,2026-06-28,Beijing,high,BEIJING_STATION_UNCONFIRMED,0x10e3b1b0e1e062e29b0eec16568d3c8b3f21f465c0f96e588ee280b35c35264f,highest-temperature-in-beijing-on-june-28-2026,highest-temperature-in-beijing-on-june-28-2026-27corbelow,43293199251797360437328165210268099210815959800091984684253133844021944914859,Yes,27°C or below,below,,27.0,C,1782598447,2026-06-27T22:14:07+00:00,2026-06-28T06:14:07+08:00,D0_0000_0800,06:00—06:30,BUY,0.006,5.0,0.03,activity_usdcSize,0x3d2bc878e54117c9f7f5ec38b81c7ccf27afc0f22dd725a7369b1650d30a1d9e,True,True,True,weather_trades_normalized.csv:15629|api_trades:2855|activity.csv:17004|api_activity:17003,EXACT_SIZE_MATCH,0.006,0.0,PRICE_FLAT_ADD,0.005999999999999998,1.734723475976807e-18,NEAR_AVERAGE_COST_ADD,0.006,PRICE_FLAT_ADD,0.005999999999999998,NEAR_AVERAGE_COST_ADD,0.006,0.6,0—1美分
2026-06-28__beijing__high,2026-06-28,Beijing,high,BEIJING_STATION_UNCONFIRMED,0x10e3b1b0e1e062e29b0eec16568d3c8b3f21f465c0f96e588ee280b35c35264f,highest-temperature-in-beijing-on-june-28-2026,highest-temperature-in-beijing-on-june-28-2026-27corbelow,43293199251797360437328165210268099210815959800091984684253133844021944914859,Yes,27°C or below,below,,27.0,C,1782598636,2026-06-27T22:17:16+00:00,2026-06-28T06:17:16+08:00,D0_0000_0800,06:00—06:30,BUY,0.006,10.0,0.06,activity_usdcSize,0x0ea6f6e69f9cc9d86f17b02db02bd1f92b60dc179a38c63014e602881c4f197e,True,True,True,weather_trades_normalized.csv:15630|api_trades:2854|activity.csv:17005|api_activity:17004,EXACT_SIZE_MATCH,0.006,0.0,PRICE_FLAT_ADD,0.005999999999999999,8.673617379884035e-19,NEAR_AVERAGE_COST_ADD,0.006,PRICE_FLAT_ADD,0.005999999999999999,NEAR_AVERAGE_COST_ADD,0.006,0.6,0—1美分
2026-06-28__beijing__high,2026-06-28,Beijing,high,BEIJING_STATION_UNCONFIRMED,0x10e3b1b0e1e062e29b0eec16568d3c8b3f21f465c0f96e588ee280b35c35264f,highest-temperature-in-beijing-on-june-28-2026,highest-temperature-in-beijing-on-june-28-2026-27corbelow,43293199251797360437328165210268099210815959800091984684253133844021944914859,Yes,27°C or below,below,,27.0,C,1782598637,2026-06-27T22:17:17+00:00,2026-06-28T06:17:17+08:00,D0_0000_0800,06:00—06:30,BUY,0.006,5.0,0.03,activity_usdcSize,0x0800eeddeac6831e7e131e915865fb1db9840f5569a27844d35b021df343873b,True,True,True,weather_trades_normalized.csv:15631|api_trades:2852|activity.csv:17006|api_activity:17005,EXACT_SIZE_MATCH,0.006,0.0,PRICE_FLAT_ADD,0.005999999999999998,1.734723475976807e-18,NEAR_AVERAGE_COST_ADD,0.006,PRICE_FLAT_ADD,0.005999999999999998,NEAR_AVERAGE_COST_ADD,0.006,0.6,0—1美分
2026-06-28__beijing__high,2026-06-28,Beijing,high,BEIJING_STATION_UNCONFIRMED,0x10e3b1b0e1e062e29b0eec16568d3c8b3f21f465c0f96e588ee280b35c35264f,highest-temperature-in-beijing-on-june-28-2026,highest-temperature-in-beijing-on-june-28-2026-27corbelow,43293199251797360437328165210268099210815959800091984684253133844021944914859,Yes,27°C or below,below,,27.0,C,1782598637,2026-06-27T22:17:17+00:00,2026-06-28T06:17:17+08:00,D0_0000_0800,06:00—06:30,BUY,0.006,30.0,0.18,activity_usdcSize,0x2f9a2afeb2322dcbcef07d036d1e102ff6e4adde67410fe3962c27bc525f00e2,True,True,True,weather_trades_normalized.csv:15632|api_trades:2853|activity.csv:17007|api_activity:17006,EXACT_SIZE_MATCH,0.006,0.0,PRICE_FLAT_ADD,0.005999999999999999,8.673617379884035e-19,NEAR_AVERAGE_COST_ADD,0.006,PRICE_FLAT_ADD,0.005999999999999999,NEAR_AVERAGE_COST_ADD,0.006,0.6,0—1美分
2026-06-28__beijing__high,2026-06-28,Beijing,high,BEIJING_STATION_UNCONFIRMED,0x10e3b1b0e1e062e29b0eec16568d3c8b3f21f465c0f96e588ee280b35c35264f,highest-temperature-in-beijing-on-june-28-2026,highest-temperature-in-beijing-on-june-28-2026-27corbelow,43293199251797360437328165210268099210815959800091984684253133844021944914859,Yes,27°C or below,below,,27.0,C,1782600316,2026-06-27T22:45:16+00:00,2026-06-28T06:45:16+08:00,D0_0000_0800,06:30—07:00,BUY,0.006,5.0,0.03,activity_usdcSize,0x1672e4be2b6ba5fedabeff5c14e83bd2a393302094ae6e407946665f71000ff7,True,True,True,weather_trades_normalized.csv:15633|api_trades:2850|activity.csv:17008|api_activity:17007,EXACT_SIZE_MATCH,0.006,0.0,PRICE_FLAT_ADD,0.005999999999999998,1.734723475976807e-18,NEAR_AVERAGE_COST_ADD,0.006,PRICE_FLAT_ADD,0.005999999999999998,NEAR_AVERAGE_COST_ADD,0.006,0.6,0—1美分
2026-06-28__beijing__high,2026-06-28,Beijing,high,BEIJING_STATION_UNCONFIRMED,0x10e3b1b0e1e062e29b0eec16568d3c8b3f21f465c0f96e588ee280b35c35264f,highest-temperature-in-beijing-on-june-28-2026,highest-temperature-in-beijing-on-june-28-2026-27corbelow,43293199251797360437328165210268099210815959800091984684253133844021944914859,Yes,27°C or below,below,,27.0,C,1782600316,2026-06-27T22:45:16+00:00,2026-06-28T06:45:16+08:00,D0_0000_0800,06:30—07:00,BUY,0.006,12.0,0.072,activity_usdcSize,0xfdfc9cc236928063ab7bf42c705fa42757c9bbd968f4ab08455412ddfa3c5a55,True,True,True,weather_trades_normalized.csv:15634|api_trades:2851|activity.csv:17009|api_activity:17008,EXACT_SIZE_MATCH,0.006,0.0,PRICE_FLAT_ADD,0.005999999999999999,8.673617379884035e-19,NEAR_AVERAGE_COST_ADD,0.006,PRICE_FLAT_ADD,0.005999999999999999,NEAR_AVERAGE_COST_ADD,0.006,0.6,0—1美分
2026-06-28__beijing__high,2026-06-28,Beijing,high,BEIJING_STATION_UNCONFIRMED,0x10e3b1b0e1e062e29b0eec16568d3c8b3f21f465c0f96e588ee280b35c35264f,highest-temperature-in-beijing-on-june-28-2026,highest-temperature-in-beijing-on-june-28-2026-27corbelow,43293199251797360437328165210268099210815959800091984684253133844021944914859,Yes,27°C or below,below,,27.0,C,1782600562,2026-06-27T22:49:22+00:00,2026-06-28T06:49:22+08:00,D0_0000_0800,06:30—07:00,BUY,0.006,19.0,0.114,activity_usdcSize,0xf146e2d375127f41bcf1b7665a56e66693489ba51d2c85c184e3c4fab2df3e1e,True,True,True,weather_trades_normalized.csv:15635|api_trades:2849|activity.csv:17010|api_activity:17009,EXACT_SIZE_MATCH,0.006,0.0,PRICE_FLAT_ADD,0.005999999999999999,8.673617379884035e-19,NEAR_AVERAGE_COST_ADD,0.006,PRICE_FLAT_ADD,0.005999999999999999,NEAR_AVERAGE_COST_ADD,0.006,0.6,0—1美分
2026-06-28__beijing__high,2026-06-28,Beijing,high,BEIJING_STATION_UNCONFIRMED,0x10e3b1b0e1e062e29b0eec16568d3c8b3f21f465c0f96e588ee280b35c35264f,highest-temperature-in-beijing-on-june-28-2026,highest-temperature-in-beijing-on-june-28-2026-27corbelow,43293199251797360437328165210268099210815959800091984684253133844021944914859,Yes,27°C or below,below,,27.0,C,1782600797,2026-06-27T22:53:17+00:00,2026-06-28T06:53:17+08:00,D0_0000_0800,06:30—07:00,BUY,0.006,8.0,0.048,activity_usdcSize,0x8cf50df02ff9d4890240a1989ee2508f4c5f2809a67d7b7e1d1a34af450a0543,True,True,True,weather_trades_normalized.csv:15636|api_trades:2848|activity.csv:17012|api_activity:17011,EXACT_SIZE_MATCH,0.006,0.0,PRICE_FLAT_ADD,0.005999999999999998,1.734723475976807e-18,NEAR_AVERAGE_COST_ADD,0.006,PRICE_FLAT_ADD,0.005999999999999998,NEAR_AVERAGE_COST_ADD,0.006,0.6,0—1美分
2026-06-28__beijing__high,2026-06-28,Beijing,high,BEIJING_STATION_UNCONFIRMED,0xf9952cec7cc3e90cf203070b0843469e860db57df1c7ad1c816de3089dd94aeb,highest-temperature-in-beijing-on-june-28-2026,highest-temperature-in-beijing-on-june-28-2026-35c,11992227012042487761934079605302479062020809322296514242724634681118992898346,Yes,35°C,exact,35.0,35.0,C,1782634691,2026-06-28T08:18:11+00:00,2026-06-28T16:18:11+08:00,D0_1600_1800,16:00—16:30,BUY,0.043639842,48.09,2.19899,activity_usdcSize,0x6579a96d9bd23f912d6d9b6b88e6e1349e78300277043f6e22720e1a2d4bf9be,True,True,True,weather_trades_normalized.csv:15676|api_trades:2812|activity.csv:17058|api_activity:17057,EXACT_SIZE_MATCH,,,,,,,,,,,0.043639842,4.3639842,2—5美分
2026-06-28__beijing__high,2026-06-28,Beijing,high,BEIJING_STATION_UNCONFIRMED,0xf9952cec7cc3e90cf203070b0843469e860db57df1c7ad1c816de3089dd94aeb,highest-temperature-in-beijing-on-june-28-2026,highest-temperature-in-beijing-on-june-28-2026-35c,11992227012042487761934079605302479062020809322296514242724634681118992898346,Yes,35°C,exact,35.0,35.0,C,1782635218,2026-06-28T08:26:58+00:00,2026-06-28T16:26:58+08:00,D0_1600_1800,16:00—16:30,BUY,0.013,27.77,0.37882,activity_usdcSize,0x0ca98e73db75ec2bfb6051529772ff430b3ae06ae0f50eba5e8c0474b8c538a4,True,True,True,weather_trades_normalized.csv:15679|api_trades:2811|activity.csv:17061|api_activity:17060,EXACT_SIZE_MATCH,0.043639842,-0.030639842,PRICE_DOWN_ADD,0.04572655437720939,-0.032726554377209394,BELOW_AVERAGE_COST_ADD,0.043639842,PRICE_DOWN_ADD,0.04572655437720939,BELOW_AVERAGE_COST_ADD,0.013,1.3,1—2美分
2026-06-28__beijing__high,2026-06-28,Beijing,high,BEIJING_STATION_UNCONFIRMED,0xf9952cec7cc3e90cf203070b0843469e860db57df1c7ad1c816de3089dd94aeb,highest-temperature-in-beijing-on-june-28-2026,highest-temperature-in-beijing-on-june-28-2026-35c,11992227012042487761934079605302479062020809322296514242724634681118992898346,Yes,35°C,exact,35.0,35.0,C,1782636245,2026-06-28T08:44:05+00:00,2026-06-28T16:44:05+08:00,D0_1600_1800,16:30—17:00,BUY,0.013,400.0,5.2,activity_usdcSize,0x643a45aa165f92721b971035212600b6db436fb23be4213af76fe21b45d3e198,True,True,True,weather_trades_normalized.csv:15682|api_trades:2808|activity.csv:17064|api_activity:17063,EXACT_SIZE_MATCH,0.013,0.0,PRICE_FLAT_ADD,0.03398114948589507,-0.02098114948589507,BELOW_AVERAGE_COST_ADD,0.013,PRICE_FLAT_ADD,0.03398114948589507,BELOW_AVERAGE_COST_ADD,0.013,1.3,1—2美分
2026-06-29__beijing__high,2026-06-29,Beijing,high,BEIJING_STATION_UNCONFIRMED,0x364584628f27f83e92fbbb30f7c058e4e5cd3a6d754c5e5f50d4d3ef4ae8b992,highest-temperature-in-beijing-on-june-29-2026,highest-temperature-in-beijing-on-june-29-2026-27c,108767903896108640893988051095372301802837883381508141096829997523760298855796,Yes,27°C,exact,27.0,27.0,C,1782672556,2026-06-28T18:49:16+00:00,2026-06-29T02:49:16+08:00,D0_0000_0800,02:30—03:00,BUY,0.14,110.0,16.0622,activity_usdcSize,0x5f1d008390e44741cb930a2d648742c36c9d15ad9b6fd88550f3374928fe7800,True,True,True,weather_trades_normalized.csv:15785|api_trades:2729|activity.csv:17175|api_activity:17174,EXACT_SIZE_MATCH,,,,,,,,,,,0.14,14.000000000000002,10—15美分
2026-06-29__beijing__high,2026-06-29,Beijing,high,BEIJING_STATION_UNCONFIRMED,0x364584628f27f83e92fbbb30f7c058e4e5cd3a6d754c5e5f50d4d3ef4ae8b992,highest-temperature-in-beijing-on-june-29-2026,highest-temperature-in-beijing-on-june-29-2026-27c,108767903896108640893988051095372301802837883381508141096829997523760298855796,Yes,27°C,exact,27.0,27.0,C,1782698098,2026-06-29T01:54:58+00:00,2026-06-29T09:54:58+08:00,D0_0800_1000,09:30—10:00,BUY,0.1049532605,88.79,9.73583,activity_usdcSize,0x6a428c22c21146243f96e85799436757732cced69922a4d623c1660be954442c,True,True,True,weather_trades_normalized.csv:15832|api_trades:2682|activity.csv:17226|api_activity:17225,EXACT_SIZE_MATCH,0.14,-0.03504673950000001,PRICE_DOWN_ADD,0.14602,-0.041066739500000005,BELOW_AVERAGE_COST_ADD,0.14,PRICE_DOWN_ADD,0.14602,BELOW_AVERAGE_COST_ADD,0.1049532605,10.495326050000001,10—15美分
2026-06-29__beijing__high,2026-06-29,Beijing,high,BEIJING_STATION_UNCONFIRMED,0x3cc4a0a1fe88ad8ac20cfddd7117fcda7ef99e5ca6cb58bd159e326ae27ad2d3,highest-temperature-in-beijing-on-june-29-2026,highest-temperature-in-beijing-on-june-29-2026-28c,104051924962414143041962982924243749501852800133149234608521616627851005731481,Yes,28°C,exact,28.0,28.0,C,1782718009,2026-06-29T07:26:49+00:00,2026-06-29T15:26:49+08:00,D0_1500_1600,15:00—15:30,BUY,0.2425925926,108.0,27.1922,activity_usdcSize,0x0f9af02f79b02021cb125effa3fe922a05974dfb88dda4c1bbe1ada73da31ad7,True,True,True,weather_trades_normalized.csv:15840|api_trades:2674|activity.csv:17234|api_activity:17233,EXACT_SIZE_MATCH,,,,,,,,,,,0.2425925926,24.25925926,20—30美分
2026-06-29__beijing__high,2026-06-29,Beijing,high,BEIJING_STATION_UNCONFIRMED,0x3cc4a0a1fe88ad8ac20cfddd7117fcda7ef99e5ca6cb58bd159e326ae27ad2d3,highest-temperature-in-beijing-on-june-29-2026,highest-temperature-in-beijing-on-june-29-2026-28c,104051924962414143041962982924243749501852800133149234608521616627851005731481,Yes,28°C,exact,28.0,28.0,C,1782718076,2026-06-29T07:27:56+00:00,2026-06-29T15:27:56+08:00,D0_1500_1600,15:00—15:30,BUY,0.2754431072,54.84,15.65253,activity_usdcSize,0xed828f6e8c262846d87f35fab05ce25f9782629a925d422d07b9aa46f2b8297c,True,True,True,weather_trades_normalized.csv:15841|api_trades:2673|activity.csv:17235|api_activity:17234,EXACT_SIZE_MATCH,0.2425925926,0.03285051459999999,PRICE_UP_ADD,0.25177962962962963,0.02366347757037035,ABOVE_AVERAGE_COST_ADD,0.2425925926,PRICE_UP_ADD,0.25177962962962963,ABOVE_AVERAGE_COST_ADD,0.2754431072,27.54431072,20—30美分
2026-06-29__beijing__high,2026-06-29,Beijing,high,BEIJING_STATION_UNCONFIRMED,0x3cc4a0a1fe88ad8ac20cfddd7117fcda7ef99e5ca6cb58bd159e326ae27ad2d3,highest-temperature-in-beijing-on-june-29-2026,highest-temperature-in-beijing-on-june-29-2026-28c,104051924962414143041962982924243749501852800133149234608521616627851005731481,Yes,28°C,exact,28.0,28.0,C,1782718657,2026-06-29T07:37:37+00:00,2026-06-29T15:37:37+08:00,D0_1500_1600,15:30—16:00,BUY,0.1025,40.0,4.28398,activity_usdcSize,0x1da785b84d028398d91fb8601c992778e4b4e727891128b0754f421db5f6a44b,True,True,True,weather_trades_normalized.csv:15842|api_trades:2672|activity.csv:17236|api_activity:17235,EXACT_SIZE_MATCH,0.2754431072,-0.1729431072,PRICE_DOWN_ADD,0.26310937116187666,-0.16060937116187668,BELOW_AVERAGE_COST_ADD,0.2754431072,PRICE_DOWN_ADD,0.26310937116187666,BELOW_AVERAGE_COST_ADD,0.1025,10.25,10—15美分
2026-06-29__beijing__high,2026-06-29,Beijing,high,BEIJING_STATION_UNCONFIRMED,0xfd8c5c3ff6a609c38cb12aaa50052e92b7c0e9342c37038c3a225d9884ab94fa,highest-temperature-in-beijing-on-june-29-2026,highest-temperature-in-beijing-on-june-29-2026-29c,1800446057071802619948908345413005568923057470305768033859465736379668663382,Yes,29°C,exact,29.0,29.0,C,1782718670,2026-06-29T07:37:50+00:00,2026-06-29T15:37:50+08:00,D0_1500_1600,15:30—16:00,BUY,0.005,7.15,0.03575,activity_usdcSize,0x2b402884eb3bd3fa319ae187fe8136cb87d63a81788ff4a19c44bab4bd116d7b,True,True,True,weather_trades_normalized.csv:15843|api_trades:2671|activity.csv:17237|api_activity:17236,EXACT_SIZE_MATCH,,,,,,,,,,,0.005,0.5,0—1美分
2026-06-29__beijing__high,2026-06-29,Beijing,high,BEIJING_STATION_UNCONFIRMED,0xfd8c5c3ff6a609c38cb12aaa50052e92b7c0e9342c37038c3a225d9884ab94fa,highest-temperature-in-beijing-on-june-29-2026,highest-temperature-in-beijing-on-june-29-2026-29c,1800446057071802619948908345413005568923057470305768033859465736379668663382,Yes,29°C,exact,29.0,29.0,C,1782718675,2026-06-29T07:37:55+00:00,2026-06-29T15:37:55+08:00,D0_1500_1600,15:30—16:00,BUY,0.005,8.0,0.04,activity_usdcSize,0x89a97953a4a64f9428c13de987686916b2575db9fe1cd46eb6dedf02a7a2d053,True,True,True,weather_trades_normalized.csv:15844|api_trades:2670|activity.csv:17238|api_activity:17237,EXACT_SIZE_MATCH,0.005,0.0,PRICE_FLAT_ADD,0.004999999999999999,8.673617379884035e-19,NEAR_AVERAGE_COST_ADD,0.005,PRICE_FLAT_ADD,0.004999999999999999,NEAR_AVERAGE_COST_ADD,0.005,0.5,0—1美分
2026-06-29__beijing__high,2026-06-29,Beijing,high,BEIJING_STATION_UNCONFIRMED,0xfd8c5c3ff6a609c38cb12aaa50052e92b7c0e9342c37038c3a225d9884ab94fa,highest-temperature-in-beijing-on-june-29-2026,highest-temperature-in-beijing-on-june-29-2026-29c,1800446057071802619948908345413005568923057470305768033859465736379668663382,Yes,29°C,exact,29.0,29.0,C,1782719372,2026-06-29T07:49:32+00:00,2026-06-29T15:49:32+08:00,D0_1500_1600,15:30—16:00,BUY,0.005,16.41,0.08205,activity_usdcSize,0xe399806f7bcaa25e0fafa0b850e91ced8be5686a9053c62ca0cf22d9beb5b3ae,True,True,True,weather_trades_normalized.csv:15845|api_trades:2669|activity.csv:17239|api_activity:17238,EXACT_SIZE_MATCH,0.005,0.0,PRICE_FLAT_ADD,0.005,0.0,NEAR_AVERAGE_COST_ADD,0.005,PRICE_FLAT_ADD,0.005,NEAR_AVERAGE_COST_ADD,0.005,0.5,0—1美分
2026-06-29__beijing__high,2026-06-29,Beijing,high,BEIJING_STATION_UNCONFIRMED,0xfd8c5c3ff6a609c38cb12aaa50052e92b7c0e9342c37038c3a225d9884ab94fa,highest-temperature-in-beijing-on-june-29-2026,highest-temperature-in-beijing-on-june-29-2026-29c,1800446057071802619948908345413005568923057470305768033859465736379668663382,Yes,29°C,exact,29.0,29.0,C,1782721228,2026-06-29T08:20:28+00:00,2026-06-29T16:20:28+08:00,D0_1600_1800,16:00—16:30,BUY,0.005,5.0,0.025,activity_usdcSize,0x292f76ff9c23b5911b1efa8ed0061644f59969f51e56b2ea2583c36651cc95f2,True,True,True,weather_trades_normalized.csv:15854|api_trades:2660|activity.csv:17248|api_activity:17247,EXACT_SIZE_MATCH,0.005,0.0,PRICE_FLAT_ADD,0.004999999999999999,8.673617379884035e-19,NEAR_AVERAGE_COST_ADD,0.005,PRICE_FLAT_ADD,0.004999999999999999,NEAR_AVERAGE_COST_ADD,0.005,0.5,0—1美分
2026-06-29__beijing__high,2026-06-29,Beijing,high,BEIJING_STATION_UNCONFIRMED,0xfd8c5c3ff6a609c38cb12aaa50052e92b7c0e9342c37038c3a225d9884ab94fa,highest-temperature-in-beijing-on-june-29-2026,highest-temperature-in-beijing-on-june-29-2026-29c,1800446057071802619948908345413005568923057470305768033859465736379668663382,Yes,29°C,exact,29.0,29.0,C,1782721459,2026-06-29T08:24:19+00:00,2026-06-29T16:24:19+08:00,D0_1600_1800,16:00—16:30,BUY,0.005,7.4614,0.037307,activity_usdcSize,0xcc827fa2441b5e7cf3b8c8ca7a4425a9e1b81c1abcc39b6e2e567d2e0a7a5c43,True,True,True,weather_trades_normalized.csv:15855|api_trades:2659|activity.csv:17249|api_activity:17248,EXACT_SIZE_MATCH,0.005,0.0,PRICE_FLAT_ADD,0.004999999999999999,8.673617379884035e-19,NEAR_AVERAGE_COST_ADD,0.005,PRICE_FLAT_ADD,0.004999999999999999,NEAR_AVERAGE_COST_ADD,0.005,0.5,0—1美分
2026-06-29__beijing__high,2026-06-29,Beijing,high,BEIJING_STATION_UNCONFIRMED,0xfd8c5c3ff6a609c38cb12aaa50052e92b7c0e9342c37038c3a225d9884ab94fa,highest-temperature-in-beijing-on-june-29-2026,highest-temperature-in-beijing-on-june-29-2026-29c,1800446057071802619948908345413005568923057470305768033859465736379668663382,Yes,29°C,exact,29.0,29.0,C,1782721700,2026-06-29T08:28:20+00:00,2026-06-29T16:28:20+08:00,D0_1600_1800,16:00—16:30,BUY,0.005,5.0,0.025,activity_usdcSize,0x22e05459ab70c7e6a85f7cf0b6a36873e282aee0673f2ab5c0e7bad811a515c4,True,True,True,weather_trades_normalized.csv:15856|api_trades:2658|activity.csv:17250|api_activity:17249,EXACT_SIZE_MATCH,0.005,0.0,PRICE_FLAT_ADD,0.005,0.0,NEAR_AVERAGE_COST_ADD,0.005,PRICE_FLAT_ADD,0.005,NEAR_AVERAGE_COST_ADD,0.005,0.5,0—1美分
2026-06-29__beijing__high,2026-06-29,Beijing,high,BEIJING_STATION_UNCONFIRMED,0xfd8c5c3ff6a609c38cb12aaa50052e92b7c0e9342c37038c3a225d9884ab94fa,highest-temperature-in-beijing-on-june-29-2026,highest-temperature-in-beijing-on-june-29-2026-29c,1800446057071802619948908345413005568923057470305768033859465736379668663382,Yes,29°C,exact,29.0,29.0,C,1782721724,2026-06-29T08:28:44+00:00,2026-06-29T16:28:44+08:00,D0_1600_1800,16:00—16:30,BUY,0.005,16.75,0.08375,activity_usdcSize,0x9b8772533ca3b9ae12799c0515d9e1b0f654c285640b8926e3f3269283f8daf2,True,True,True,weather_trades_normalized.csv:15857|api_trades:2657|activity.csv:17251|api_activity:17250,EXACT_SIZE_MATCH,0.005,0.0,PRICE_FLAT_ADD,0.005,0.0,NEAR_AVERAGE_COST_ADD,0.005,PRICE_FLAT_ADD,0.005,NEAR_AVERAGE_COST_ADD,0.005,0.5,0—1美分
2026-06-29__beijing__high,2026-06-29,Beijing,high,BEIJING_STATION_UNCONFIRMED,0xfd8c5c3ff6a609c38cb12aaa50052e92b7c0e9342c37038c3a225d9884ab94fa,highest-temperature-in-beijing-on-june-29-2026,highest-temperature-in-beijing-on-june-29-2026-29c,1800446057071802619948908345413005568923057470305768033859465736379668663382,Yes,29°C,exact,29.0,29.0,C,1782722041,2026-06-29T08:34:01+00:00,2026-06-29T16:34:01+08:00,D0_1600_1800,16:30—17:00,BUY,0.005,30.0,0.15,activity_usdcSize,0x450c5e9eb515ac457acb5483fb03ad2d484870e183a3493172419f3e09d2e100,True,True,True,weather_trades_normalized.csv:15858|api_trades:2656|activity.csv:17252|api_activity:17251,EXACT_SIZE_MATCH,0.005,0.0,PRICE_FLAT_ADD,0.005,0.0,NEAR_AVERAGE_COST_ADD,0.005,PRICE_FLAT_ADD,0.005,NEAR_AVERAGE_COST_ADD,0.005,0.5,0—1美分
2026-06-29__beijing__high,2026-06-29,Beijing,high,BEIJING_STATION_UNCONFIRMED,0xfd8c5c3ff6a609c38cb12aaa50052e92b7c0e9342c37038c3a225d9884ab94fa,highest-temperature-in-beijing-on-june-29-2026,highest-temperature-in-beijing-on-june-29-2026-29c,1800446057071802619948908345413005568923057470305768033859465736379668663382,Yes,29°C,exact,29.0,29.0,C,1782722110,2026-06-29T08:35:10+00:00,2026-06-29T16:35:10+08:00,D0_1600_1800,16:30—17:00,BUY,0.005,19.65,0.09825,activity_usdcSize,0x29559bcf8a481d5bf6ce7230ca754e16999d615174e612e55445e43e65088f6e,True,True,True,weather_trades_normalized.csv:15859|api_trades:2655|activity.csv:17253|api_activity:17252,EXACT_SIZE_MATCH,0.005,0.0,PRICE_FLAT_ADD,0.005,0.0,NEAR_AVERAGE_COST_ADD,0.005,PRICE_FLAT_ADD,0.005,NEAR_AVERAGE_COST_ADD,0.005,0.5,0—1美分
2026-06-29__beijing__high,2026-06-29,Beijing,high,BEIJING_STATION_UNCONFIRMED,0xfd8c5c3ff6a609c38cb12aaa50052e92b7c0e9342c37038c3a225d9884ab94fa,highest-temperature-in-beijing-on-june-29-2026,highest-temperature-in-beijing-on-june-29-2026-29c,1800446057071802619948908345413005568923057470305768033859465736379668663382,Yes,29°C,exact,29.0,29.0,C,1782722237,2026-06-29T08:37:17+00:00,2026-06-29T16:37:17+08:00,D0_1600_1800,16:30—17:00,BUY,0.005,84.57,0.42285,activity_usdcSize,0x48a6b94c82e4c2a9fcc7132b3a632a0e61a34cd0d3b406c2ae40d60061f57216,True,True,True,weather_trades_normalized.csv:15860|api_trades:2654|activity.csv:17254|api_activity:17253,EXACT_SIZE_MATCH,0.005,0.0,PRICE_FLAT_ADD,0.005,0.0,NEAR_AVERAGE_COST_ADD,0.005,PRICE_FLAT_ADD,0.005,NEAR_AVERAGE_COST_ADD,0.005,0.5,0—1美分
2026-06-30__beijing__high,2026-06-30,Beijing,high,BEIJING_STATION_UNCONFIRMED,0x6f2b58139e9119cba3845f847b8eff4845fdd10fc3b53e0067ec5876507b9317,highest-temperature-in-beijing-on-june-30-2026,highest-temperature-in-beijing-on-june-30-2026-25c,70707695627148214856626015782807251188887892976313758443790433310903318968016,Yes,25°C,exact,25.0,25.0,C,1782764183,2026-06-29T20:16:23+00:00,2026-06-30T04:16:23+08:00,D0_0000_0800,04:00—04:30,BUY,0.1087717503,97.7,11.10055,activity_usdcSize,0x0ebd2df68069ad0c4d9582096f3ec4de92d662dd724145cc9fcc76bb1f956806,True,True,True,weather_trades_normalized.csv:15903|api_trades:2620|activity.csv:17299|api_activity:17298,EXACT_SIZE_MATCH,,,,,,,,,,,0.1087717503,10.87717503,10—15美分
2026-06-30__beijing__high,2026-06-30,Beijing,high,BEIJING_STATION_UNCONFIRMED,0xaa483587761048d1b5062763e6e2026f5ae893fb1b35c392c6aea098662546f0,highest-temperature-in-beijing-on-june-30-2026,highest-temperature-in-beijing-on-june-30-2026-26c,27163779202359312548075864842095860998129848410911739395007504191800306740378,Yes,26°C,exact,26.0,26.0,C,1782764188,2026-06-29T20:16:28+00:00,2026-06-30T04:16:28+08:00,D0_0000_0800,04:00—04:30,BUY,0.21,125.0,27.28687,activity_usdcSize,0x0008cda8a27ede414355f19fbf1b26eca3d23fb6b5d70fd48c64f7d19b2c9ff3,True,True,True,weather_trades_normalized.csv:15904|api_trades:2619|activity.csv:17300|api_activity:17299,EXACT_SIZE_MATCH,,,,,,,,,,,0.21,21.0,20—30美分
2026-07-04__beijing__high,2026-07-04,Beijing,high,BEIJING_STATION_UNCONFIRMED,0x599528713f6038d9153666450144056142ea0f479a79749a43a56e8e9628685a,highest-temperature-in-beijing-on-july-4-2026,highest-temperature-in-beijing-on-july-4-2026-31corbelow,115489102057861059701227042748315790067424140413439340170433069523044891063344,Yes,31°C or below,below,,31.0,C,1783106320,2026-07-03T19:18:40+00:00,2026-07-04T03:18:40+08:00,D0_0000_0800,03:00—03:30,BUY,0.0166589477,171.44,2.99643,activity_usdcSize,0x6ec3c37f07c324ca7a877dfc747f0d6bb8e7547c1839bb8ee51ce1f34d5015a0,True,True,True,weather_trades_normalized.csv:16269|api_trades:2299|activity.csv:17682|api_activity:17681,EXACT_SIZE_MATCH,,,,,,,,,,,0.0166589477,1.66589477,1—2美分
2026-07-04__beijing__high,2026-07-04,Beijing,high,BEIJING_STATION_UNCONFIRMED,0x736241293be7f85988711bcbee4e95fa7bec53b42e9805a45ca1cb7dcab2689d,highest-temperature-in-beijing-on-july-4-2026,highest-temperature-in-beijing-on-july-4-2026-32c,78568089220700911817525056594904068142433722710968789686334654152672244949291,Yes,32°C,exact,32.0,32.0,C,1783112836,2026-07-03T21:07:16+00:00,2026-07-04T05:07:16+08:00,D0_0000_0800,05:00—05:30,BUY,0.02,163.6,3.272,activity_usdcSize,0x9d3dc47ca85b67e1f5fc01c8205409327de589b4f7731b5c5b8bbb6ece60a00d,True,True,True,weather_trades_normalized.csv:16297|api_trades:2285|activity.csv:17711|api_activity:17710,EXACT_SIZE_MATCH,,,,,,,,,,,0.02,2.0,2—5美分
2026-07-04__beijing__high,2026-07-04,Beijing,high,BEIJING_STATION_UNCONFIRMED,0x736241293be7f85988711bcbee4e95fa7bec53b42e9805a45ca1cb7dcab2689d,highest-temperature-in-beijing-on-july-4-2026,highest-temperature-in-beijing-on-july-4-2026-32c,78568089220700911817525056594904068142433722710968789686334654152672244949291,Yes,32°C,exact,32.0,32.0,C,1783117786,2026-07-03T22:29:46+00:00,2026-07-04T06:29:46+08:00,D0_0000_0800,06:00—06:30,BUY,0.02,2.0408,0.040816,activity_usdcSize,0xd594c3aef80403301cc66e6c27b8b8f5a569175084904f38d83bde101923b06c,True,True,True,weather_trades_normalized.csv:16307|api_trades:2278|activity.csv:17725|api_activity:17724,EXACT_SIZE_MATCH,0.02,0.0,PRICE_FLAT_ADD,0.02,0.0,NEAR_AVERAGE_COST_ADD,0.02,PRICE_FLAT_ADD,0.02,NEAR_AVERAGE_COST_ADD,0.02,2.0,2—5美分
2026-07-04__beijing__high,2026-07-04,Beijing,high,BEIJING_STATION_UNCONFIRMED,0x736241293be7f85988711bcbee4e95fa7bec53b42e9805a45ca1cb7dcab2689d,highest-temperature-in-beijing-on-july-4-2026,highest-temperature-in-beijing-on-july-4-2026-32c,78568089220700911817525056594904068142433722710968789686334654152672244949291,Yes,32°C,exact,32.0,32.0,C,1783119431,2026-07-03T22:57:11+00:00,2026-07-04T06:57:11+08:00,D0_0000_0800,06:30—07:00,BUY,0.02,18.0,0.36,activity_usdcSize,0xc6521820ed006b7631bc6815afa30e60a23c88987697e9bbb5e28462f0a84624,True,True,True,weather_trades_normalized.csv:16308|api_trades:2277|activity.csv:17726|api_activity:17725,EXACT_SIZE_MATCH,0.02,0.0,PRICE_FLAT_ADD,0.02,0.0,NEAR_AVERAGE_COST_ADD,0.02,PRICE_FLAT_ADD,0.02,NEAR_AVERAGE_COST_ADD,0.02,2.0,2—5美分
2026-07-04__beijing__high,2026-07-04,Beijing,high,BEIJING_STATION_UNCONFIRMED,0x599528713f6038d9153666450144056142ea0f479a79749a43a56e8e9628685a,highest-temperature-in-beijing-on-july-4-2026,highest-temperature-in-beijing-on-july-4-2026-31corbelow,115489102057861059701227042748315790067424140413439340170433069523044891063344,Yes,31°C or below,below,,31.0,C,1783138166,2026-07-04T04:09:26+00:00,2026-07-04T12:09:26+08:00,D0_1200_1300,12:00—12:30,BUY,0.009,42.87,0.40494,activity_usdcSize,0xc01c1b82bea98c243b0db98b6c63a7be86521b5357b13701dbcafb51ca3c9a01,True,True,True,weather_trades_normalized.csv:16312|api_trades:2274|activity.csv:17734|api_activity:17733,EXACT_SIZE_MATCH,0.0166589477,-0.0076589477,PRICE_FLAT_ADD,0.017478009799346713,-0.008478009799346714,NEAR_AVERAGE_COST_ADD,0.0166589477,PRICE_FLAT_ADD,0.017478009799346713,NEAR_AVERAGE_COST_ADD,0.009,0.8999999999999999,0—1美分
2026-07-04__beijing__high,2026-07-04,Beijing,high,BEIJING_STATION_UNCONFIRMED,0x48a273891d7db4265bc8109e768123c3032277de4b5b7dd43484d907b60ac6fc,highest-temperature-in-beijing-on-july-4-2026,highest-temperature-in-beijing-on-july-4-2026-34c,96257504628610993681879628275371301882451987827136137387580611093608261334501,Yes,34°C,exact,34.0,34.0,C,1783152857,2026-07-04T08:14:17+00:00,2026-07-04T16:14:17+08:00,D0_1600_1800,16:00—16:30,BUY,0.088,77.58,7.13835,activity_usdcSize,0x81cde0665ed97025dcad49ee4adbc9615de0bda605dfff1beaa9013f3795a5d5,True,True,True,weather_trades_normalized.csv:16316|api_trades:2270|activity.csv:17738|api_activity:17737,EXACT_SIZE_MATCH,,,,,,,,,,,0.088,8.799999999999999,5—10美分
2026-07-04__beijing__high,2026-07-04,Beijing,high,BEIJING_STATION_UNCONFIRMED,0x48a273891d7db4265bc8109e768123c3032277de4b5b7dd43484d907b60ac6fc,highest-temperature-in-beijing-on-july-4-2026,highest-temperature-in-beijing-on-july-4-2026-34c,96257504628610993681879628275371301882451987827136137387580611093608261334501,Yes,34°C,exact,34.0,34.0,C,1783152859,2026-07-04T08:14:19+00:00,2026-07-04T16:14:19+08:00,D0_1600_1800,16:00—16:30,BUY,0.088,5.0,0.44,activity_usdcSize,0xcdc95d6f70c2f1a2f35b57dc2be5b98415ec083b8901106800b9009dd4664981,True,True,True,weather_trades_normalized.csv:16317|api_trades:2269|activity.csv:17739|api_activity:17738,EXACT_SIZE_MATCH,0.088,0.0,PRICE_FLAT_ADD,0.09201276102088167,-0.004012761020881675,NEAR_AVERAGE_COST_ADD,0.088,PRICE_FLAT_ADD,0.09201276102088167,NEAR_AVERAGE_COST_ADD,0.088,8.799999999999999,5—10美分
2026-07-04__beijing__high,2026-07-04,Beijing,high,BEIJING_STATION_UNCONFIRMED,0x48a273891d7db4265bc8109e768123c3032277de4b5b7dd43484d907b60ac6fc,highest-temperature-in-beijing-on-july-4-2026,highest-temperature-in-beijing-on-july-4-2026-34c,96257504628610993681879628275371301882451987827136137387580611093608261334501,Yes,34°C,exact,34.0,34.0,C,1783156907,2026-07-04T09:21:47+00:00,2026-07-04T17:21:47+08:00,D0_1600_1800,17:00—17:30,BUY,0.01,91.71,0.96249,activity_usdcSize,0x38797b353726b56024abcdce5e0d08db922e3eadc2d379ab332986305c7d9478,True,True,True,weather_trades_normalized.csv:16321|api_trades:2265|activity.csv:17743|api_activity:17742,EXACT_SIZE_MATCH,0.088,-0.078,PRICE_DOWN_ADD,0.09176979898280456,-0.08176979898280456,BELOW_AVERAGE_COST_ADD,0.088,PRICE_DOWN_ADD,0.09176979898280456,BELOW_AVERAGE_COST_ADD,0.01,1.0,1—2美分
2026-07-06__beijing__high,2026-07-06,Beijing,high,BEIJING_STATION_UNCONFIRMED,0x882371baa95eb27c1963e27c2a1fb22a4606ce08edf3fae46bef248aaa238e53,highest-temperature-in-beijing-on-july-6-2026,highest-temperature-in-beijing-on-july-6-2026-30c,109661838897307961988329696028036982615261747354351529471986393872196771058012,Yes,30°C,exact,30.0,30.0,C,1783289189,2026-07-05T22:06:29+00:00,2026-07-06T06:06:29+08:00,D0_0000_0800,06:00—06:30,BUY,0.0210000004,10.214476,0.214504,activity_usdcSize,0xabd3608134cf5e7232abeaca8cfbd0e9e4d70a8a9aa0063a298d055813af4940,True,True,True,weather_trades_normalized.csv:16611|api_trades:2003|activity.csv:18044|api_activity:18043,EXACT_SIZE_MATCH,,,,,,,,,,,0.0210000004,2.10000004,2—5美分
2026-07-06__beijing__high,2026-07-06,Beijing,high,BEIJING_STATION_UNCONFIRMED,0x882371baa95eb27c1963e27c2a1fb22a4606ce08edf3fae46bef248aaa238e53,highest-temperature-in-beijing-on-july-6-2026,highest-temperature-in-beijing-on-july-6-2026-30c,109661838897307961988329696028036982615261747354351529471986393872196771058012,Yes,30°C,exact,30.0,30.0,C,1783291994,2026-07-05T22:53:14+00:00,2026-07-06T06:53:14+08:00,D0_0000_0800,06:30—07:00,BUY,0.021,10.0,0.21,activity_usdcSize,0x592245d7668b203cbaeac6d2a8cd7b6f009e76cb4216c71119891c7be0de55b5,True,True,True,weather_trades_normalized.csv:16617|api_trades:1995|activity.csv:18053|api_activity:18052,EXACT_SIZE_MATCH,0.0210000004,-3.999999984016789e-10,PRICE_FLAT_ADD,0.021000000391601097,-3.916010953008975e-10,NEAR_AVERAGE_COST_ADD,0.0210000004,PRICE_FLAT_ADD,0.021000000391601097,NEAR_AVERAGE_COST_ADD,0.021,2.1,2—5美分
2026-07-06__beijing__high,2026-07-06,Beijing,high,BEIJING_STATION_UNCONFIRMED,0x882371baa95eb27c1963e27c2a1fb22a4606ce08edf3fae46bef248aaa238e53,highest-temperature-in-beijing-on-july-6-2026,highest-temperature-in-beijing-on-july-6-2026-30c,109661838897307961988329696028036982615261747354351529471986393872196771058012,Yes,30°C,exact,30.0,30.0,C,1783292468,2026-07-05T23:01:08+00:00,2026-07-06T07:01:08+08:00,D0_0000_0800,07:00—07:30,BUY,0.0210000117,1.021428,0.02145,activity_usdcSize,0xb3c87da8d9bf8a3526e8d2d9f89323a90103eaea8ce89debfd5c9f6750dbdd8a,True,True,True,weather_trades_normalized.csv:16620|api_trades:1992|activity.csv:18056|api_activity:18055,EXACT_SIZE_MATCH,0.021,1.1700000000086641e-08,PRICE_FLAT_ADD,0.021000000197877997,1.1502122004847237e-08,NEAR_AVERAGE_COST_ADD,0.021,PRICE_FLAT_ADD,0.021000000197877997,NEAR_AVERAGE_COST_ADD,0.0210000117,2.10000117,2—5美分
2026-07-06__beijing__high,2026-07-06,Beijing,high,BEIJING_STATION_UNCONFIRMED,0x882371baa95eb27c1963e27c2a1fb22a4606ce08edf3fae46bef248aaa238e53,highest-temperature-in-beijing-on-july-6-2026,highest-temperature-in-beijing-on-july-6-2026-30c,109661838897307961988329696028036982615261747354351529471986393872196771058012,Yes,30°C,exact,30.0,30.0,C,1783292549,2026-07-05T23:02:29+00:00,2026-07-06T07:02:29+08:00,D0_0000_0800,07:00—07:30,BUY,0.0210000006,20.735428,0.435444,activity_usdcSize,0x7e49d793e97d6451a7d150dfefaf2548c15fdf37c142a301422b4c1bd3eb80ae,True,True,True,weather_trades_normalized.csv:16621|api_trades:1991|activity.csv:18057|api_activity:18056,EXACT_SIZE_MATCH,0.0210000117,-1.1100000002484123e-08,PRICE_FLAT_ADD,0.021000000753440967,-1.5344096826463982e-10,NEAR_AVERAGE_COST_ADD,0.0210000117,PRICE_FLAT_ADD,0.021000000753440967,NEAR_AVERAGE_COST_ADD,0.0210000006,2.1000000599999997,2—5美分
2026-07-06__beijing__high,2026-07-06,Beijing,high,BEIJING_STATION_UNCONFIRMED,0x882371baa95eb27c1963e27c2a1fb22a4606ce08edf3fae46bef248aaa238e53,highest-temperature-in-beijing-on-july-6-2026,highest-temperature-in-beijing-on-july-6-2026-30c,109661838897307961988329696028036982615261747354351529471986393872196771058012,Yes,30°C,exact,30.0,30.0,C,1783292648,2026-07-05T23:04:08+00:00,2026-07-06T07:04:08+08:00,D0_0000_0800,07:00—07:30,BUY,0.0210000007,27.150142,0.570153,activity_usdcSize,0x178d7c9fa13cd33f4fc242d34e02bba7f51a4a427bd5a74f59a6fbc618488c10,True,True,True,weather_trades_normalized.csv:16622|api_trades:1990|activity.csv:18058|api_activity:18057,EXACT_SIZE_MATCH,0.0210000006,1.000000013351432e-10,PRICE_FLAT_ADD,0.021000000667122026,3.287797464834874e-11,NEAR_AVERAGE_COST_ADD,0.0210000006,PRICE_FLAT_ADD,0.021000000667122026,NEAR_AVERAGE_COST_ADD,0.0210000007,2.10000007,2—5美分
2026-07-10__beijing__high,2026-07-10,Beijing,high,BEIJING_STATION_UNCONFIRMED,0xa543a19b264077ef1a26a632c58500c93f29a5ccab0b4e8f0323b681e3ef3d10,highest-temperature-in-beijing-on-july-10-2026,highest-temperature-in-beijing-on-july-10-2026-27corbelow,86018233340433213187213926201442374837800177722482607054761432623861433614833,Yes,27°C or below,below,,27.0,C,1783625977,2026-07-09T19:39:37+00:00,2026-07-10T03:39:37+08:00,D0_0000_0800,03:30—04:00,BUY,0.17,100.0,17.7055,activity_usdcSize,0x58a7baf86110b830c469b4532fa6bdbeffb27dd2077d591a35d214bdd72e0eaa,True,True,True,weather_trades_normalized.csv:17027|api_trades:1629|activity.csv:18488|api_activity:18487,EXACT_SIZE_MATCH,,,,,,,,,,,0.17,17.0,15—20美分
2026-07-10__beijing__high,2026-07-10,Beijing,high,BEIJING_STATION_UNCONFIRMED,0xdb6db0792acc3d0c08e92a814c850432c1109d6fb8645b85d6cccb1d5a201cb0,highest-temperature-in-beijing-on-july-10-2026,highest-temperature-in-beijing-on-july-10-2026-28c,81755458896310429985883739427482770215059110582980582603837744445062004118329,Yes,28°C,exact,28.0,28.0,C,1783626043,2026-07-09T19:40:43+00:00,2026-07-10T03:40:43+08:00,D0_0000_0800,03:30—04:00,BUY,0.2535,100.0,26.29618,activity_usdcSize,0x2ec1b7013d70720d96e0fb1c8f954794f66e3fb21da9cab13b3cdce0ccd06152,True,True,True,weather_trades_normalized.csv:17028|api_trades:1628|activity.csv:18489|api_activity:18488,EXACT_SIZE_MATCH,,,,,,,,,,,0.2535,25.35,20—30美分
2026-07-10__beijing__high,2026-07-10,Beijing,high,BEIJING_STATION_UNCONFIRMED,0xa543a19b264077ef1a26a632c58500c93f29a5ccab0b4e8f0323b681e3ef3d10,highest-temperature-in-beijing-on-july-10-2026,highest-temperature-in-beijing-on-july-10-2026-27corbelow,86018233340433213187213926201442374837800177722482607054761432623861433614833,Yes,27°C or below,below,,27.0,C,1783626062,2026-07-09T19:41:02+00:00,2026-07-10T03:41:02+08:00,D0_0000_0800,03:30—04:00,BUY,0.19,101.0,19.96719,activity_usdcSize,0x83aa7efd16cff5c1a7aa5825c83cd287ea647f6328622b8d4a134b2e1e454efc,True,True,True,weather_trades_normalized.csv:17029|api_trades:1627|activity.csv:18490|api_activity:18489,EXACT_SIZE_MATCH,0.17,0.01999999999999999,PRICE_UP_ADD,0.17705500000000002,0.012944999999999984,ABOVE_AVERAGE_COST_ADD,0.17,PRICE_UP_ADD,0.17705500000000002,ABOVE_AVERAGE_COST_ADD,0.19,19.0,15—20美分
2026-07-10__beijing__high,2026-07-10,Beijing,high,BEIJING_STATION_UNCONFIRMED,0xdb6db0792acc3d0c08e92a814c850432c1109d6fb8645b85d6cccb1d5a201cb0,highest-temperature-in-beijing-on-july-10-2026,highest-temperature-in-beijing-on-july-10-2026-28c,81755458896310429985883739427482770215059110582980582603837744445062004118329,Yes,28°C,exact,28.0,28.0,C,1783663304,2026-07-10T06:01:44+00:00,2026-07-10T14:01:44+08:00,D0_1400_1500,14:00—14:30,BUY,0.22984,50.0,11.93453,activity_usdcSize,0x8377bae8bd7ae91c6132a958f53703f07ca2fbff6c46bc9a51af2235cce8677a,True,True,True,weather_trades_normalized.csv:17040|api_trades:1615|activity.csv:18507|api_activity:18506,EXACT_SIZE_MATCH,0.2535,-0.023660000000000014,PRICE_DOWN_ADD,0.2629618,-0.033121800000000035,BELOW_AVERAGE_COST_ADD,0.2535,PRICE_DOWN_ADD,0.2629618,BELOW_AVERAGE_COST_ADD,0.22984,22.983999999999998,20—30美分
2026-07-10__beijing__high,2026-07-10,Beijing,high,BEIJING_STATION_UNCONFIRMED,0x6855e2e163de8c46393610fe576e523567d6e3562f56923487c834acafc94499,highest-temperature-in-beijing-on-july-10-2026,highest-temperature-in-beijing-on-july-10-2026-29c,8558793652850238734125671499189742012274438869252557156443757137990042642891,Yes,29°C,exact,29.0,29.0,C,1783664000,2026-07-10T06:13:20+00:00,2026-07-10T14:13:20+08:00,D0_1400_1500,14:00—14:30,BUY,0.021,30.0,0.63,activity_usdcSize,0x393ce654fee6e4d0a6789f591ff8ea92f696c3f3ab9f04dc92940979b65cad39,True,True,True,weather_trades_normalized.csv:17041|api_trades:1614|activity.csv:18508|api_activity:18507,EXACT_SIZE_MATCH,,,,,,,,,,,0.021,2.1,2—5美分
2026-07-10__beijing__high,2026-07-10,Beijing,high,BEIJING_STATION_UNCONFIRMED,0x6855e2e163de8c46393610fe576e523567d6e3562f56923487c834acafc94499,highest-temperature-in-beijing-on-july-10-2026,highest-temperature-in-beijing-on-july-10-2026-29c,8558793652850238734125671499189742012274438869252557156443757137990042642891,Yes,29°C,exact,29.0,29.0,C,1783664414,2026-07-10T06:20:14+00:00,2026-07-10T14:20:14+08:00,D0_1400_1500,14:00—14:30,BUY,0.021,86.85,1.82385,activity_usdcSize,0x9b4ffcf3f9151a546c7d514a502c8733ce203a6612e2f63b665cc827f97f87dd,True,True,True,weather_trades_normalized.csv:17042|api_trades:1613|activity.csv:18509|api_activity:18508,EXACT_SIZE_MATCH,0.021,0.0,PRICE_FLAT_ADD,0.021,0.0,NEAR_AVERAGE_COST_ADD,0.021,PRICE_FLAT_ADD,0.021,NEAR_AVERAGE_COST_ADD,0.021,2.1,2—5美分
2026-07-10__beijing__high,2026-07-10,Beijing,high,BEIJING_STATION_UNCONFIRMED,0x6855e2e163de8c46393610fe576e523567d6e3562f56923487c834acafc94499,highest-temperature-in-beijing-on-july-10-2026,highest-temperature-in-beijing-on-july-10-2026-29c,8558793652850238734125671499189742012274438869252557156443757137990042642891,Yes,29°C,exact,29.0,29.0,C,1783664443,2026-07-10T06:20:43+00:00,2026-07-10T14:20:43+08:00,D0_1400_1500,14:00—14:30,BUY,0.021,33.15,0.69615,activity_usdcSize,0x88eff62528fedb9456b0dce6019b5da02b24c2ae8e5ff8644373d7f788f0c2b1,True,True,True,weather_trades_normalized.csv:17043|api_trades:1612|activity.csv:18510|api_activity:18509,EXACT_SIZE_MATCH,0.021,0.0,PRICE_FLAT_ADD,0.021,0.0,NEAR_AVERAGE_COST_ADD,0.021,PRICE_FLAT_ADD,0.021,NEAR_AVERAGE_COST_ADD,0.021,2.1,2—5美分
2026-07-11__beijing__high,2026-07-11,Beijing,high,BEIJING_STATION_UNCONFIRMED,0x6c6695c2c31b1b2b7d25a8984d7c932f8424740599e079a1e8c36044e4c3f827,highest-temperature-in-beijing-on-july-11-2026,highest-temperature-in-beijing-on-july-11-2026-31c,93259836843395281567682854796156737561070980574616860161120890180048878052961,Yes,31°C,exact,31.0,31.0,C,1783715710,2026-07-10T20:35:10+00:00,2026-07-11T04:35:10+08:00,D0_0000_0800,04:30—05:00,BUY,0.12,122.74,15.37686,activity_usdcSize,0xc898b737a76a559971bad33f12892bb7126eece7ccc2b6642732d1cc8837bf11,True,True,True,weather_trades_normalized.csv:17094|api_trades:1562|activity.csv:18566|api_activity:18565,EXACT_SIZE_MATCH,,,,,,,,,,,0.12,12.0,10—15美分
2026-07-11__beijing__high,2026-07-11,Beijing,high,BEIJING_STATION_UNCONFIRMED,0x7fb2aab9bb97d0961dbe8808379f65832ebe878a0a07d13051a647be11270693,highest-temperature-in-beijing-on-july-11-2026,highest-temperature-in-beijing-on-july-11-2026-30c,114356146596098984869412731385222489782272520922910115122768167023464848688717,Yes,30°C,exact,30.0,30.0,C,1783758611,2026-07-11T08:30:11+00:00,2026-07-11T16:30:11+08:00,D0_1600_1800,16:30—17:00,BUY,0.02,47.04,0.98689,activity_usdcSize,0x2f1b59aa3df0487e1d044be960cd3c64de4158c8e193c8abcece0b4f934c84aa,True,True,True,weather_trades_normalized.csv:17109|api_trades:1548|activity.csv:18583|api_activity:18582,EXACT_SIZE_MATCH,,,,,,,,,,,0.02,2.0,2—5美分
2026-07-11__beijing__high,2026-07-11,Beijing,high,BEIJING_STATION_UNCONFIRMED,0x6c6695c2c31b1b2b7d25a8984d7c932f8424740599e079a1e8c36044e4c3f827,highest-temperature-in-beijing-on-july-11-2026,highest-temperature-in-beijing-on-july-11-2026-31c,93259836843395281567682854796156737561070980574616860161120890180048878052961,Yes,31°C,exact,31.0,31.0,C,1783758629,2026-07-11T08:30:29+00:00,2026-07-11T16:30:29+08:00,D0_1600_1800,16:30—17:00,BUY,0.003857507,831.76,3.36832,activity_usdcSize,0xc0b2109c415f9623f1b8a93da12d27861befa2e51698340149e725a6482ec4de,True,True,True,weather_trades_normalized.csv:17110|api_trades:1547|activity.csv:18584|api_activity:18583,EXACT_SIZE_MATCH,0.12,-0.116142493,PRICE_DOWN_ADD,0.12527994133941667,-0.12142243433941667,BELOW_AVERAGE_COST_ADD,0.12,PRICE_DOWN_ADD,0.12527994133941667,BELOW_AVERAGE_COST_ADD,0.003857507,0.3857507,0—1美分
2026-07-20__beijing__high,2026-07-20,Beijing,high,BEIJING_STATION_UNCONFIRMED,0x88f1fd71e7ab8c5df4359910f42ad05007bf8cf17ba3fc450a4aa98a0189a54a,highest-temperature-in-beijing-on-july-20-2026,highest-temperature-in-beijing-on-july-20-2026-28c,114583290071836550072554321592438867918105976769142127970637399566227091670233,Yes,28°C,exact,28.0,28.0,C,1784483101,2026-07-19T17:45:01+00:00,2026-07-20T01:45:01+08:00,D0_0000_0800,01:30—02:00,BUY,0.03,350.0,10.5,activity_usdcSize,0x054cdd9a43e3ba37d1097177d1856675fbb7f4f7a63d0f85d8fd4858b2d489ca,True,True,True,weather_trades_normalized.csv:17930|api_trades:763|activity.csv:19460|api_activity:19459,EXACT_SIZE_MATCH,,,,,,,,,,,0.03,3.0,2—5美分
2026-07-20__beijing__high,2026-07-20,Beijing,high,BEIJING_STATION_UNCONFIRMED,0x9c100de3ce9cc4b8e742437c3fb726761b27ae9a4c6fb1b0a4e7f8c509d2eb24,highest-temperature-in-beijing-on-july-20-2026,highest-temperature-in-beijing-on-july-20-2026-29c,59361174321054472153161843604288135509095289754016143305819781030846796967390,Yes,29°C,exact,29.0,29.0,C,1784483880,2026-07-19T17:58:00+00:00,2026-07-20T01:58:00+08:00,D0_0000_0800,01:30—02:00,BUY,0.1390862103,150.91,21.893,activity_usdcSize,0x856dd402c63009b418a6e344315f351eeac294105200d4820dc6c4fae766ac20,True,True,True,weather_trades_normalized.csv:17934|api_trades:759|activity.csv:19464|api_activity:19463,EXACT_SIZE_MATCH,,,,,,,,,,,0.1390862103,13.90862103,10—15美分
2026-07-20__beijing__high,2026-07-20,Beijing,high,BEIJING_STATION_UNCONFIRMED,0x4c9a2d97a177e6a7bf27cfa24f412b2ecda474ac9e03d54f075b6d4ae06eea14,highest-temperature-in-beijing-on-july-20-2026,highest-temperature-in-beijing-on-july-20-2026-30c,100847548602377340804279691332109960606289297755739344911151928652116854830882,Yes,30°C,exact,30.0,30.0,C,1784483940,2026-07-19T17:59:00+00:00,2026-07-20T01:59:00+08:00,D0_0000_0800,01:30—02:00,BUY,0.1992307692,65.0,13.46849,activity_usdcSize,0xadc14e2629ebb5f5534071b03dcd2e6588c8a2d1b5670398a1994f0cedeec6ec,True,True,True,weather_trades_normalized.csv:17935|api_trades:758|activity.csv:19465|api_activity:19464,EXACT_SIZE_MATCH,,,,,,,,,,,0.1992307692,19.92307692,15—20美分
2026-07-23__beijing__high,2026-07-23,Beijing,high,BEIJING_STATION_UNCONFIRMED,0x07dddc66473ecc1ce3d9ca520c5fcbc49e1bd56c659d0fa079418d4605b35a4d,highest-temperature-in-beijing-on-july-23-2026,highest-temperature-in-beijing-on-july-23-2026-29c,94710814429215941413624355290242169238239329625502746000387469199654984607890,Yes,29°C,exact,29.0,29.0,C,1784795506,2026-07-23T08:31:46+00:00,2026-07-23T16:31:46+08:00,D0_1600_1800,16:30—17:00,BUY,0.1444901867,41.78,6.29502,activity_usdcSize,0xa05d03d6f12938505f68cd8bc6ebeb9bdc5050fd6310e84e387d8803eaaf3440,False,False,True,api_trades:437|api_activity:19838,EXACT_SIZE_MATCH,,,,,,,,,,,0.1444901867,14.44901867,10—15美分
2026-07-23__beijing__high,2026-07-23,Beijing,high,BEIJING_STATION_UNCONFIRMED,0x07dddc66473ecc1ce3d9ca520c5fcbc49e1bd56c659d0fa079418d4605b35a4d,highest-temperature-in-beijing-on-july-23-2026,highest-temperature-in-beijing-on-july-23-2026-29c,94710814429215941413624355290242169238239329625502746000387469199654984607890,Yes,29°C,exact,29.0,29.0,C,1784795508,2026-07-23T08:31:48+00:00,2026-07-23T16:31:48+08:00,D0_1600_1800,16:30—17:00,BUY,0.269,15.0,4.035,activity_usdcSize,0xdef02f656b4ec4cffb0444f80894485f3884de020d6cc399d284409c18e45e07,False,False,True,api_trades:436|api_activity:19839,EXACT_SIZE_MATCH,0.1444901867,0.12450981330000002,PRICE_UP_ADD,0.15067065581618,0.11832934418382002,ABOVE_AVERAGE_COST_ADD,0.1444901867,PRICE_UP_ADD,0.15067065581618,ABOVE_AVERAGE_COST_ADD,0.269,26.900000000000002,20—30美分
2026-07-23__beijing__high,2026-07-23,Beijing,high,BEIJING_STATION_UNCONFIRMED,0x07dddc66473ecc1ce3d9ca520c5fcbc49e1bd56c659d0fa079418d4605b35a4d,highest-temperature-in-beijing-on-july-23-2026,highest-temperature-in-beijing-on-july-23-2026-29c,94710814429215941413624355290242169238239329625502746000387469199654984607890,Yes,29°C,exact,29.0,29.0,C,1784796159,2026-07-23T08:42:39+00:00,2026-07-23T16:42:39+08:00,D0_1600_1800,16:30—17:00,BUY,0.0572640845,56.8,3.40591,activity_usdcSize,0xe7cfe52ebbf86a80295f6b29c30f63f50f7a706b53f12a84898fc658f3e15043,False,False,True,api_trades:435|api_activity:19840,EXACT_SIZE_MATCH,0.269,-0.2117359155,PRICE_DOWN_ADD,0.18193060936949632,-0.12466652486949631,BELOW_AVERAGE_COST_ADD,0.269,PRICE_DOWN_ADD,0.18193060936949632,BELOW_AVERAGE_COST_ADD,0.0572640845,5.72640845,5—10美分
2026-07-23__beijing__high,2026-07-23,Beijing,high,BEIJING_STATION_UNCONFIRMED,0xc13518bd4a11e16ead5e26c9311b162c48ede20a6695257b48f800dd6d4e49f8,highest-temperature-in-beijing-on-july-23-2026,highest-temperature-in-beijing-on-july-23-2026-30c,50171425805410371171948756485032085270928330599151012106662453197819213304003,Yes,30°C,exact,30.0,30.0,C,1784796163,2026-07-23T08:42:43+00:00,2026-07-23T16:42:43+08:00,D0_1600_1800,16:30—17:00,BUY,0.0156837651,194.95,3.20802,activity_usdcSize,0xbf71c3f4759f71090681bcf87ec83b4266ebe05427c8e31854dd150763907705,False,False,True,api_trades:434|api_activity:19841,EXACT_SIZE_MATCH,,,,,,,,,,,0.0156837651,1.56837651,1—2美分
2026-07-23__beijing__high,2026-07-23,Beijing,high,BEIJING_STATION_UNCONFIRMED,0x07dddc66473ecc1ce3d9ca520c5fcbc49e1bd56c659d0fa079418d4605b35a4d,highest-temperature-in-beijing-on-july-23-2026,highest-temperature-in-beijing-on-july-23-2026-29c,94710814429215941413624355290242169238239329625502746000387469199654984607890,Yes,29°C,exact,29.0,29.0,C,1784796166,2026-07-23T08:42:46+00:00,2026-07-23T16:42:46+08:00,D0_1600_1800,16:30—17:00,BUY,0.06,20.0,1.2,activity_usdcSize,0x9a0180158880234f4fa448d1ae6fbc3b560468d0d70487be295701e1c66a5575,False,False,True,api_trades:433|api_activity:19842,EXACT_SIZE_MATCH,0.0572640845,0.0027359154999999982,PRICE_FLAT_ADD,0.1209361683394964,-0.0609361683394964,BELOW_AVERAGE_COST_ADD,0.0572640845,PRICE_FLAT_ADD,0.1209361683394964,BELOW_AVERAGE_COST_ADD,0.06,6.0,5—10美分
2026-07-23__beijing__high,2026-07-23,Beijing,high,BEIJING_STATION_UNCONFIRMED,0x07dddc66473ecc1ce3d9ca520c5fcbc49e1bd56c659d0fa079418d4605b35a4d,highest-temperature-in-beijing-on-july-23-2026,highest-temperature-in-beijing-on-july-23-2026-29c,94710814429215941413624355290242169238239329625502746000387469199654984607890,Yes,29°C,exact,29.0,29.0,C,1784796168,2026-07-23T08:42:48+00:00,2026-07-23T16:42:48+08:00,D0_1600_1800,16:30—17:00,BUY,0.06,13.0,0.78,activity_usdcSize,0x06a2300ef4ef71d3636cf59329430138daf726fa6565744c33f1738a9157221a,False,False,True,api_trades:432|api_activity:19843,EXACT_SIZE_MATCH,0.06,0.0,PRICE_FLAT_ADD,0.11181262164994761,-0.05181262164994761,BELOW_AVERAGE_COST_ADD,0.06,PRICE_FLAT_ADD,0.11181262164994761,BELOW_AVERAGE_COST_ADD,0.06,6.0,5—10美分
2026-07-23__beijing__high,2026-07-23,Beijing,high,BEIJING_STATION_UNCONFIRMED,0xc13518bd4a11e16ead5e26c9311b162c48ede20a6695257b48f800dd6d4e49f8,highest-temperature-in-beijing-on-july-23-2026,highest-temperature-in-beijing-on-july-23-2026-30c,50171425805410371171948756485032085270928330599151012106662453197819213304003,Yes,30°C,exact,30.0,30.0,C,1784796969,2026-07-23T08:56:09+00:00,2026-07-23T16:56:09+08:00,D0_1600_1800,16:30—17:00,BUY,0.04,53.22,2.23098,activity_usdcSize,0x32330b2794b2f886baab5a7cfc7c882eec7380590662f9a9a8c3e6e871bcf8ce,False,False,True,api_trades:427|api_activity:19848,EXACT_SIZE_MATCH,0.0156837651,0.0243162349,PRICE_UP_ADD,0.016455604001025904,0.023544395998974097,ABOVE_AVERAGE_COST_ADD,0.0156837651,PRICE_UP_ADD,0.016455604001025904,ABOVE_AVERAGE_COST_ADD,0.04,4.0,2—5美分
2026-07-23__beijing__high,2026-07-23,Beijing,high,BEIJING_STATION_UNCONFIRMED,0x4a10d973f98ec87ab8fc7a4512e6bb980d44104112434c837bf680502609cdfd,highest-temperature-in-beijing-on-july-23-2026,highest-temperature-in-beijing-on-july-23-2026-31c,40304020160429257281337766165738733936943902124421353172279283374284357001201,Yes,31°C,exact,31.0,31.0,C,1784796978,2026-07-23T08:56:18+00:00,2026-07-23T16:56:18+08:00,D0_1600_1800,16:30—17:00,BUY,0.0033612765,414.89,1.46405,activity_usdcSize,0x9d12680c691b57eb797398c15c83e6aa8f61cd4a7dc2bcacba8bdb453441e4dc,False,False,True,api_trades:426|api_activity:19849,EXACT_SIZE_MATCH,,,,,,,,,,,0.0033612765,0.33612765,0—1美分
