asset_count,buy_usd,city,closed_asset_count,closed_authoritative_pnl,exit_modes,has_open_or_unresolved,has_transform_events,losing_closed_assets,no_asset_count,open_mark_to_market_cash_pnl,open_or_unresolved_asset_count,sell_usd,transform_asset_count,unit,weather_date,weather_metric,winning_closed_assets,yes_asset_count
1,1.3999990006667191,Buenos Aires,1,-0.233276,mixed_sell_and_resolution,False,False,1,1,0,0,1.1664999999999999,0,C,2026-01-25,high,0,0
2,7.710000000000001,London,2,2.5300000000000002,hold_to_resolution|mixed_sell_and_resolution,False,False,1,1,0,0,0.24,0,C,2026-01-25,high,1,1
2,1.8699999988823528,New York City,2,-1.869999,hold_to_resolution,False,False,2,1,0,0,0.0,0,F,2026-01-25,high,0,1
1,0.7000000000000001,Seattle,1,-0.7,hold_to_resolution,False,False,1,0,0,0,0.0,0,F,2026-01-25,high,0,1
2,6.689996999662793,Atlanta,2,2.781668,hold_to_resolution,False,False,0,1,0,0,0.0,0,F,2026-01-27,high,2,1
1,12.459997999308648,Miami,1,-12.459968,hold_to_resolution,False,False,1,1,0,0,0.0,0,F,2026-01-28,high,0,0
4,22.01959999723229,Ankara,4,2.863683,hold_to_resolution|mixed_sell_and_resolution,False,False,3,2,0,0,14.205820010783999,0,C,2026-01-31,high,1,2
2,21.179997000109395,Buenos Aires,2,0.17303599999999997,hold_to_resolution|mixed_sell_and_resolution,False,False,1,2,0,0,21.3486,0,C,2026-01-31,high,1,0
2,9.999998999440212,London,2,-6.570917999999999,hold_to_resolution|mixed_sell_and_resolution,False,False,1,0,0,0,3.4236,0,C,2026-01-31,high,1,2
2,1.9999990004734496,Buenos Aires,2,-1.9826030000000001,mixed_sell_and_resolution,False,False,2,1,0,0,0.01594,0,C,2026-02-01,high,0,1
1,0.9999990012759068,Seoul,1,-0.999963,hold_to_resolution,False,False,1,0,0,0,0.0,0,C,2026-02-01,high,0,1
2,5.236,Atlanta,2,0.18799999999999994,transform_affected,False,True,1,1,0,0,0.22400000000000003,2,F,2026-02-02,high,1,1
1,0.1,London,1,-0.075,mixed_sell_and_resolution,False,False,1,0,0,0,0.025,0,C,2026-02-03,high,0,1
1,2.3920000000000003,New York City,1,-0.052,mixed_sell_and_resolution,False,False,0,0,0,0,2.3400000000000003,0,F,2026-02-03,high,1,1
1,0.11599999999999999,Toronto,1,-0.0638,mixed_sell_and_resolution,False,False,1,0,0,0,0.052199999999999996,0,C,2026-02-03,high,0,1
1,0.99,Chicago,1,-0.33000000000000007,mixed_sell_and_resolution,False,False,1,0,0,0,0.66,0,F,2026-02-04,high,0,1
2,46.77328,Dallas,2,1.1279200000000031,transform_affected,False,True,1,1,0,0,0.0212,2,F,2026-02-04,high,1,1
2,10.303290999975236,Miami,2,0.5426779999999995,transform_affected,False,True,1,1,0,0,0.7290000000000001,2,F,2026-02-04,high,1,1
1,2.0,Buenos Aires,1,-1.0,mixed_sell_and_resolution,False,False,1,0,0,0,1.0,0,C,2026-02-05,high,0,1
1,2.0,Seoul,1,-2.0,hold_to_resolution,False,False,1,0,0,0,0.0,0,C,2026-02-05,high,0,1
2,62.0,New York City,2,6.0,transform_affected,False,True,1,1,0,0,5.5,2,F,2026-02-06,high,1,1
1,2.0,Seoul,1,-2.0,hold_to_resolution,False,False,1,0,0,0,0.0,0,C,2026-02-06,high,0,1
1,2.0,Toronto,1,-1.085,mixed_sell_and_resolution,False,False,1,0,0,0,0.915,0,C,2026-02-06,high,0,1
2,16.490000000000002,Miami,2,0.5099999999999998,transform_affected,False,True,1,1,0,0,0.0,2,F,2026-02-07,high,1,1
2,98.0,Buenos Aires,2,2.0,transform_affected,False,True,1,1,0,0,0.0,2,C,2026-02-08,high,1,1
2,20.398921999370824,London,2,0.5779379999999998,transform_affected,False,True,1,1,0,0,0.012299999999999998,2,C,2026-02-08,high,1,1
2,67.844,Miami,2,0.6999999999999957,transform_affected,False,True,1,1,0,0,0.544,2,F,2026-02-08,high,1,1
2,57.99992700000857,New York City,2,0.09319500000000147,transform_affected,False,True,1,1,0,0,0.4233,2,F,2026-02-08,high,1,1
1,1.0,Wellington,1,-1.0,hold_to_resolution,False,False,1,0,0,0,0.0,0,C,2026-02-08,high,0,1
1,1.0,Ankara,1,-1.0,hold_to_resolution,False,False,1,0,0,0,0.0,0,C,2026-02-09,high,0,1
2,19.5,Buenos Aires,2,0.5,transform_affected,False,True,1,1,0,0,0.0,2,C,2026-02-09,high,1,1
2,85.1384,London,2,0.8504000000000005,transform_affected,False,True,1,1,0,0,0.14880000000000002,2,C,2026-02-09,high,1,1
2,74.9559,Miami,2,0.45425799999999583,transform_affected,False,True,1,1,0,0,0.0,2,F,2026-02-09,high,1,1
4,318.58048199996335,New York City,4,3.0812919999999977,transform_affected,False,True,2,2,0,0,0.0006599999999999999,4,F,2026-02-09,high,2,2
3,99.41676699944274,Seoul,3,1.1167469999999895,mixed_sell_and_resolution|transform_affected,False,True,2,1,0,0,0.5,2,C,2026-02-09,high,1,2
1,1.0,Toronto,1,-0.09999999999999999,mixed_sell_and_resolution,False,False,1,0,0,0,0.8999999999999999,0,C,2026-02-09,high,0,1
3,101.9,Ankara,3,-1.8999999999999986,hold_to_resolution|transform_affected,False,True,2,1,0,0,0.0,2,C,2026-02-10,high,1,2
5,150.83204299769997,Dallas,5,1.4543850000000043,mixed_sell_and_resolution|transform_affected,False,True,3,2,0,0,3.23369,4,F,2026-02-10,high,2,3
2,81.176126,Miami,2,0.8058660000000089,transform_affected,False,True,1,1,0,0,0.36213999999999996,2,F,2026-02-10,high,1,1
1,1.0,Seoul,1,-1.0,hold_to_resolution,False,False,1,0,0,0,0.0,0,C,2026-02-10,high,0,1
5,174.2999,Ankara,5,-0.3646089999999944,hold_to_resolution|transform_affected,False,True,3,2,0,0,0.9952799999999999,4,C,2026-02-11,high,2,3
6,295.26020000100004,London,6,3.070450000000001,transform_affected,False,True,3,3,0,0,0.030599999999999995,6,C,2026-02-11,high,3,3
5,147.151536,New York City,5,0.09208099999998609,hold_to_resolution|transform_affected,False,True,3,2,0,0,0.733729998594,4,F,2026-02-11,high,2,3
2,88.9959989964076,Seoul,2,2.8044860000000114,transform_affected,False,True,1,1,0,0,0.5002000000000001,2,C,2026-02-11,high,1,1
2,58.0,Toronto,2,2.039999999999999,transform_affected,False,True,1,1,0,0,0.04,2,C,2026-02-11,high,1,1
1,1.0,Wellington,1,-0.7,mixed_sell_and_resolution,False,False,1,0,0,0,0.3,0,C,2026-02-11,high,0,1
2,99.944602,Chicago,2,0.12770000000001147,transform_affected,False,True,1,1,0,0,0.0723,2,F,2026-02-12,high,1,1
2,99.0,Dallas,2,1.0,transform_affected,False,True,1,1,0,0,0.0,2,F,2026-02-12,high,1,1
2,98.99510000000001,Miami,2,0.9999500000000054,transform_affected,False,True,1,1,0,0,0.0,2,F,2026-02-12,high,1,1
1,1.0,Atlanta,1,-0.5,mixed_sell_and_resolution,False,False,1,0,0,0,0.5,0,F,2026-02-13,high,0,1
3,11.898,Dallas,3,-1.2682999999999998,mixed_sell_and_resolution|transform_affected,False,True,2,1,0,0,0.52971,2,F,2026-02-13,high,1,2
3,99.999705,Seattle,3,0.80006,mixed_sell_and_resolution|transform_affected,False,True,2,1,0,0,0.79976,2,F,2026-02-13,high,1,2
5,335.32320000000004,Seoul,5,17.276902,hold_to_resolution|transform_affected,False,True,2,3,0,0,0.0,4,C,2026-02-13,high,3,2
2,31.274199999999997,Ankara,2,-0.6942000000000004,transform_affected,False,True,1,1,0,0,0.0,2,C,2026-02-14,high,1,1
2,285.2281980114707,London,2,2.762912,transform_affected,False,True,1,1,0,0,0.2079,2,C,2026-02-14,high,1,1
7,370.851237999824,Seoul,7,942.5727039999999,hold_to_resolution|mixed_sell_and_resolution|transform_affected,False,True,3,4,0,0,1050.3745100302249,4,C,2026-02-14,high,4,3
2,215.340866,Buenos Aires,2,1.6661480000000002,hold_to_resolution,False,False,1,0,0,0,0.0,0,C,2026-02-15,high,1,2
2,99.0,Chicago,2,1.0,transform_affected,False,True,1,1,0,0,0.0,2,F,2026-02-15,high,1,1
7,510.09896800049995,London,7,11.714399999999996,mixed_sell_and_resolution|transform_affected,False,True,4,3,0,0,222.032559987964,2,C,2026-02-15,high,3,4
3,63.090299999582,Sao Paulo,3,0.9117079999999999,mixed_sell_and_resolution,False,False,1,2,0,0,63.98343,0,C,2026-02-15,high,2,1
5,387.736898,Seoul,5,3.0504600000000015,mixed_sell_and_resolution|transform_affected,False,True,2,3,0,0,90.748799997259,4,C,2026-02-15,high,3,2
3,93.14139999999999,Toronto,3,-7.763359999999997,mixed_sell_and_resolution|transform_affected,False,True,2,2,0,0,45.648039999999995,2,C,2026-02-15,high,1,1
1,30.8900000013,Ankara,1,-0.19998,mixed_sell_and_resolution,False,False,0,1,0,0,30.69,0,C,2026-02-16,high,1,0
7,212.15423099999998,Buenos Aires,7,56.354065999999996,hold_to_resolution|mixed_sell_and_resolution|transform_affected,False,True,3,3,0,0,65.848139998,2,C,2026-02-16,high,4,4
4,35.594359002010144,London,4,10.995568999999998,mixed_sell_and_resolution,False,False,3,0,0,0,46.589589999999994,0,C,2026-02-16,high,1,4
1,3.0,New York City,1,12.0,mixed_sell_and_resolution,False,False,1,0,0,0,15.0,0,F,2026-02-16,high,0,1
1,1.0,Paris,1,-1.0,hold_to_resolution,False,False,1,0,0,0,0.0,0,C,2026-02-16,high,0,1
5,125.622731,Buenos Aires,5,15.061893,hold_to_resolution|mixed_sell_and_resolution,False,False,3,2,0,0,19.4788,0,C,2026-02-17,high,2,3
2,28.617,London,2,-7.2212,mixed_sell_and_resolution,False,False,2,1,0,0,21.3958,0,C,2026-02-17,high,0,1
1,74.298,New York City,1,-2.873932,mixed_sell_and_resolution,False,False,0,1,0,0,71.424,0,F,2026-02-17,high,1,0
2,152.706661,Paris,2,5.662220000000005,transform_affected,False,True,1,1,0,0,0.0388,2,C,2026-02-17,high,1,1
3,40.08,Sao Paulo,3,-13.379812999999999,hold_to_resolution|mixed_sell_and_resolution,False,False,1,2,0,0,6.7,0,C,2026-02-17,high,2,1
2,70.00439999999999,Toronto,2,1.886809999999997,transform_affected,False,True,1,1,0,0,0.00121,2,C,2026-02-17,high,1,1
2,11.326340000215001,Buenos Aires,2,-1.0519910000000001,mixed_sell_and_resolution,False,False,2,1,0,0,10.274249992291,0,C,2026-02-18,high,0,1
2,127.529832,London,2,2.469847999999999,transform_affected,False,True,1,1,0,0,0.0,2,C,2026-02-18,high,1,1
4,46.18,Sao Paulo,4,21.69684,mixed_sell_and_resolution,False,False,2,1,0,0,67.87684,0,C,2026-02-18,high,2,3
1,1.0,Seoul,1,-0.9,mixed_sell_and_resolution,False,False,1,0,0,0,0.1,0,C,2026-02-18,high,0,1
3,218.35831999962,Toronto,3,4.622707999999999,hold_to_resolution|mixed_sell_and_resolution,False,False,1,3,0,0,33.281020000000005,0,C,2026-02-18,high,2,0
2,3.016,Ankara,2,-2.466,hold_to_resolution|mixed_sell_and_resolution,False,False,2,0,0,0,0.5499999999999999,0,C,2026-02-19,high,0,2
6,173.070699998862,Buenos Aires,6,-2.8797330000000008,hold_to_resolution|mixed_sell_and_resolution|transform_affected,False,True,2,3,0,0,155.96082000217,2,C,2026-02-19,high,4,3
4,104.429227996192,Dallas,4,35.674929,hold_to_resolution|mixed_sell_and_resolution,False,False,2,1,0,0,9.782018000123285,0,F,2026-02-19,high,2,3
1,7.5725999999999996,Miami,1,-4.737784,mixed_sell_and_resolution,False,False,1,0,0,0,2.834799999372,0,F,2026-02-19,high,0,1
1,2.4956,New York City,1,-0.6606,mixed_sell_and_resolution,False,False,1,0,0,0,1.835,0,F,2026-02-19,high,0,1
2,5.05,Sao Paulo,2,0.024999999999999994,hold_to_resolution|mixed_sell_and_resolution,False,False,1,1,0,0,0.075,0,C,2026-02-19,high,1,1
1,0.45999999999999996,Seoul,1,-0.46,hold_to_resolution,False,False,1,0,0,0,0.0,0,C,2026-02-19,high,0,1
1,5.0,Buenos Aires,1,-4.75,mixed_sell_and_resolution,False,False,1,0,0,0,0.25,0,C,2026-02-20,high,0,1
2,4.153689997173478,Miami,2,-4.153412,hold_to_resolution,False,False,2,0,0,0,0.0,0,F,2026-02-20,high,0,2
4,130.5797989963984,Sao Paulo,4,46.478665,hold_to_resolution|mixed_sell_and_resolution,False,False,2,1,0,0,57.283869999322,0,C,2026-02-20,high,2,3
2,18.088547007770813,Seoul,2,39.048266,hold_to_resolution|mixed_sell_and_resolution,False,False,1,0,0,0,7.139200007372,0,C,2026-02-20,high,1,2
2,6.194309999117,Ankara,2,-6.0143,hold_to_resolution|mixed_sell_and_resolution,False,False,2,0,0,0,0.18,0,C,2026-02-21,high,0,2
4,96.5298,Buenos Aires,4,34.388020000000004,hold_to_resolution|mixed_sell_and_resolution,False,False,2,1,0,0,0.6846000000000001,0,C,2026-02-21,high,2,3
2,3.9055999999999997,Chicago,2,26.0944,hold_to_resolution,False,False,1,0,0,0,0.0,0,F,2026-02-21,high,1,2
2,89.031000000236,Dallas,2,38.09659,hold_to_resolution|mixed_sell_and_resolution,False,False,0,1,0,0,8.967500000000001,0,F,2026-02-21,high,2,1
2,4.625,New York City,2,-2.625,hold_to_resolution|mixed_sell_and_resolution,False,False,2,0,0,0,2.0,0,F,2026-02-21,high,0,2
2,9.1461,Sao Paulo,2,-7.121599,hold_to_resolution|mixed_sell_and_resolution,False,False,2,0,0,0,2.0193,0,C,2026-02-21,high,0,2
1,10.6,Buenos Aires,1,0.575155,mixed_sell_and_resolution,False,False,1,0,0,0,11.175,0,C,2026-02-22,high,0,1
3,102.646,London,3,-46.57959299999999,mixed_sell_and_resolution,False,False,3,1,0,0,56.065609997799996,0,C,2026-02-22,high,0,2
5,76.76559,Miami,5,54.477425000000004,hold_to_resolution|mixed_sell_and_resolution,False,False,2,2,0,0,81.243139997,0,F,2026-02-22,high,3,3
6,210.2464299994845,Sao Paulo,6,9.841265000000002,hold_to_resolution|mixed_sell_and_resolution|transform_affected,False,True,4,2,0,0,10.707780001609999,2,C,2026-02-22,high,2,4
2,2.88,Ankara,2,-1.2,hold_to_resolution|mixed_sell_and_resolution,False,False,2,0,0,0,1.67988,0,C,2026-02-23,high,0,2
1,3.75,Atlanta,1,-2.02941,mixed_sell_and_resolution,False,False,1,0,0,0,1.7206000005,0,F,2026-02-23,high,0,1
1,0.447,Dallas,1,0.14826,mixed_sell_and_resolution,False,False,1,0,0,0,0.5949599999999999,0,F,2026-02-23,high,0,1
1,13.387500000000001,Miami,1,-10.424214,mixed_sell_and_resolution,False,False,1,1,0,0,2.9632,0,F,2026-02-23,high,0,0
2,61.32569399947364,New York City,2,36.084033,hold_to_resolution|mixed_sell_and_resolution,False,False,0,1,0,0,9.251800001655,0,F,2026-02-23,high,2,1
2,5.463300000748001,Sao Paulo,2,-4.453499,hold_to_resolution|mixed_sell_and_resolution,False,False,2,1,0,0,1.009799998827,0,C,2026-02-23,high,0,1
2,109.9934189976,Wellington,2,1.3074880000000064,transform_affected,False,True,1,1,0,0,11.600959999596,2,C,2026-02-23,high,1,1
4,19.99171200039265,Ankara,4,17.078573000000002,hold_to_resolution|mixed_sell_and_resolution,False,False,3,0,0,0,15.961029999072002,0,C,2026-02-24,high,1,4
1,13.960512,Buenos Aires,1,-13.958779,hold_to_resolution,False,False,1,0,0,0,0.0,0,C,2026-02-24,high,0,1
1,1.9120000000000001,Ankara,1,-1.912,hold_to_resolution,False,False,1,0,0,0,0.0,0,C,2026-02-25,high,0,1
3,14.71445,London,3,29.384169000000007,hold_to_resolution|mixed_sell_and_resolution,False,False,2,0,0,0,44.095599999288,0,C,2026-02-25,high,1,3
1,6.193,Miami,1,-1.877013,mixed_sell_and_resolution,False,False,1,1,0,0,4.3159999998,0,F,2026-02-25,high,0,0
1,1.0,Sao Paulo,1,-0.82415,mixed_sell_and_resolution,False,False,1,0,0,0,0.17587,0,C,2026-02-25,high,0,1
4,18.699658,Seoul,4,-18.698674,hold_to_resolution,False,False,4,1,0,0,0.0,0,C,2026-02-25,high,0,3
1,2.4,Ankara,1,1.4,mixed_sell_and_resolution,False,False,1,0,0,0,3.8,0,C,2026-02-26,high,0,1
4,13.565859,Buenos Aires,4,277.713265,hold_to_resolution|mixed_sell_and_resolution,False,False,2,1,0,0,41.279150000399994,0,C,2026-02-26,high,2,3
3,29.431181000000002,Chicago,3,79.37255400000001,mixed_sell_and_resolution,False,False,1,1,0,0,108.80259800045852,0,F,2026-02-26,high,2,2
2,9.800308999999999,Paris,2,-9.800237999999998,hold_to_resolution,False,False,2,1,0,0,0.0,0,C,2026-02-26,high,0,1
6,164.97502099508264,Buenos Aires,6,5.444089000000001,mixed_sell_and_resolution,False,False,4,1,0,0,170.418159999184,0,C,2026-02-27,high,2,5
1,0.28300000000000003,Chicago,1,-0.086111,mixed_sell_and_resolution,False,False,1,0,0,0,0.19689000010600002,0,F,2026-02-27,high,0,1
2,48.488999997700006,Miami,2,7.487492999999999,hold_to_resolution|mixed_sell_and_resolution,False,False,1,1,0,0,8.976500000226,0,F,2026-02-27,high,1,1
5,88.61702099963827,Buenos Aires,5,61.034850999999996,hold_to_resolution|mixed_sell_and_resolution,False,False,3,2,0,0,143.70034499384542,0,C,2026-02-28,high,2,3
4,104.464100000751,Dallas,4,83.781768,hold_to_resolution|mixed_sell_and_resolution,False,False,2,2,0,0,164.04570000616,0,F,2026-02-28,high,2,2
3,83.60168300000001,Sao Paulo,3,45.367498,hold_to_resolution|mixed_sell_and_resolution,False,False,1,1,0,0,92.04907998496,0,C,2026-02-28,high,2,2
3,73.95790300010083,Buenos Aires,3,-43.318019,mixed_sell_and_resolution,False,False,3,0,0,0,30.636219005130513,0,C,2026-03-01,high,0,3
1,1.0999999999999999,London,1,-1.1,hold_to_resolution,False,False,1,0,0,0,0.0,0,C,2026-03-01,high,0,1
1,1.0281,Miami,1,-1.0281,hold_to_resolution,False,False,1,0,0,0,0.0,0,F,2026-03-01,high,0,1
2,17.0,Seoul,2,10.997290000000001,mixed_sell_and_resolution,False,False,2,0,0,0,27.994598999897974,0,C,2026-03-01,high,0,2
2,4.011100000000001,Wellington,2,-0.752729,mixed_sell_and_resolution,False,False,2,0,0,0,3.25837999922,0,C,2026-03-01,high,0,2
3,16.7891,Ankara,3,2.536522,mixed_sell_and_resolution,False,False,2,0,0,0,19.325599999999998,0,C,2026-03-02,high,1,3
5,102.20842200060923,Buenos Aires,5,39.514761,mixed_sell_and_resolution,False,False,3,2,0,0,141.722159997884,0,C,2026-03-02,high,2,3
1,1.23001,Chicago,1,0.765403,mixed_sell_and_resolution,False,False,1,0,0,0,1.9954,0,F,2026-03-02,high,0,1
3,21.693237999163998,London,3,41.016627,mixed_sell_and_resolution,False,False,2,0,0,0,62.70972999823,0,C,2026-03-02,high,1,3
3,19.256,New York City,3,-1.6059999999999999,hold_to_resolution|mixed_sell_and_resolution,False,False,2,0,0,0,17.65,0,F,2026-03-02,high,1,3
4,40.829750001713,Paris,4,13.709804,hold_to_resolution|mixed_sell_and_resolution,False,False,3,1,0,0,54.5393,0,C,2026-03-02,high,1,3
1,4.6,Sao Paulo,1,-4.6,hold_to_resolution,False,False,1,0,0,0,0.0,0,C,2026-03-02,high,0,1
1,5.7024,Seattle,1,0.39999999999999997,mixed_sell_and_resolution,False,False,1,0,0,0,6.1024,0,F,2026-03-02,high,0,1
1,29.4,Seoul,1,19.151258,mixed_sell_and_resolution,False,False,0,0,0,0,48.551280000999995,0,C,2026-03-02,high,1,1
1,1.4999719995714393,Atlanta,1,-1.49997,hold_to_resolution,False,False,1,1,0,0,0.0,0,F,2026-03-03,high,0,0
9,82.523802998285,Buenos Aires,9,62.60208500000001,hold_to_resolution|mixed_sell_and_resolution,False,False,8,1,0,0,145.12286000238,0,C,2026-03-03,high,1,8
1,0.13499999999999998,Chicago,1,-0.135,hold_to_resolution,False,False,1,0,0,0,0.0,0,F,2026-03-03,high,0,1
3,13.94549,London,3,1.823836,hold_to_resolution|mixed_sell_and_resolution,False,False,3,1,0,0,15.769300001214999,0,C,2026-03-03,high,0,2
4,28.6064,New York City,4,-22.831597,hold_to_resolution|mixed_sell_and_resolution,False,False,4,1,0,0,5.774829999814001,0,F,2026-03-03,high,0,3
4,26.190080000248003,Paris,4,-9.499821,mixed_sell_and_resolution,False,False,3,1,0,0,16.690239998,0,C,2026-03-03,high,1,3
3,6.4829300000000005,Sao Paulo,3,7.322452,hold_to_resolution|mixed_sell_and_resolution,False,False,2,1,0,0,13.805400002,0,C,2026-03-03,high,1,2
1,28.87616300049306,Seoul,1,35.942658,mixed_sell_and_resolution,False,False,1,0,0,0,64.8138,0,C,2026-03-03,high,0,1
5,48.417828000488,Buenos Aires,5,92.908591,hold_to_resolution|mixed_sell_and_resolution,False,False,3,1,0,0,141.31911600100017,0,C,2026-03-04,high,2,4
1,5.0,Chicago,1,12.594,mixed_sell_and_resolution,False,False,0,0,0,0,17.594,0,F,2026-03-04,high,1,1
6,119.41639099876916,London,5,-85.680477,hold_to_resolution|mixed_sell_and_resolution|no_public_exit_yet,True,False,4,1,-6.1999,1,27.534800000799997,0,C,2026-03-04,high,1,5
2,15.49335799568892,New York City,2,35.305064,mixed_sell_and_resolution,False,False,2,0,0,0,50.797700004003,0,F,2026-03-04,high,0,2
4,46.805182996805,Paris,4,53.618843000000005,hold_to_resolution|mixed_sell_and_resolution,False,False,3,0,0,0,100.423649999775,0,C,2026-03-04,high,1,4
6,37.524528003199514,Sao Paulo,5,11.374100999999998,hold_to_resolution|mixed_sell_and_resolution|no_public_exit_yet,True,False,3,2,-0.9999,1,47.89840000354,0,C,2026-03-04,high,2,4
1,0.8168110000000001,Seattle,1,7.3032,mixed_sell_and_resolution,False,False,0,0,0,0,8.1192,0,F,2026-03-04,high,1,1
2,31.049999999999997,Seoul,2,-30.29967,hold_to_resolution|mixed_sell_and_resolution,False,False,2,0,0,0,0.75,0,C,2026-03-04,high,0,2
5,186.713670020521,Buenos Aires,5,13.435982,hold_to_resolution|mixed_sell_and_resolution,False,False,4,1,0,0,6.949169997658,0,C,2026-03-05,high,1,4
5,348.47814999342154,Chicago,5,308.713743,mixed_sell_and_resolution,False,False,2,2,0,0,404.079290001498,0,F,2026-03-05,high,3,3
4,66.08794300014276,London,4,-3.623261999999999,mixed_sell_and_resolution,False,False,3,0,0,0,62.464699995694,0,C,2026-03-05,high,1,4
7,65.67098,Munich,7,50.765542,hold_to_resolution|mixed_sell_and_resolution,False,False,4,2,0,0,116.43647,0,C,2026-03-05,high,3,5
3,31.025029999264,Paris,3,-8.503331,hold_to_resolution|mixed_sell_and_resolution,False,False,1,1,0,0,22.521500000174,0,C,2026-03-05,high,2,2
1,10.744999999368,Sao Paulo,1,-4.928166,mixed_sell_and_resolution,False,False,1,0,0,0,5.816699999999999,0,C,2026-03-05,high,0,1
6,46.46238199930287,Seoul,6,36.317584,hold_to_resolution|mixed_sell_and_resolution,False,False,5,0,0,0,82.77980000862601,0,C,2026-03-05,high,1,6
2,59.384900000802,Ankara,2,15.232147999999999,mixed_sell_and_resolution,False,False,0,1,0,0,74.61639799980937,0,C,2026-03-06,high,2,1
3,14.2419310004,Buenos Aires,3,-13.191972,hold_to_resolution|mixed_sell_and_resolution,False,False,3,0,0,0,1.0496999995019998,0,C,2026-03-06,high,0,3
5,205.704609999236,Dallas,5,20.339553999999996,hold_to_resolution|mixed_sell_and_resolution,False,False,3,1,0,0,226.04379000152002,0,F,2026-03-06,high,2,4
1,31.16,London,1,28.561021,mixed_sell_and_resolution,False,False,0,0,0,0,59.72096,0,C,2026-03-06,high,1,1
1,1.24,Miami,1,-1.2399999999999998,hold_to_resolution,False,False,1,0,0,0,0.0,0,F,2026-03-06,high,0,1
2,69.98,Munich,2,23.623047,mixed_sell_and_resolution,False,False,1,1,0,0,93.60300000000001,0,C,2026-03-06,high,1,1
2,11.532580009737998,New York City,2,-3.8679740000000002,mixed_sell_and_resolution,False,False,2,0,0,0,7.663819999999999,0,F,2026-03-06,high,0,2
2,6.534487000084255,Paris,2,-6.0122160000000004,hold_to_resolution|mixed_sell_and_resolution,False,False,2,0,0,0,0.5222,0,C,2026-03-06,high,0,2
1,3.1832,Sao Paulo,1,-3.183135,hold_to_resolution,False,False,1,0,0,0,0.0,0,C,2026-03-06,high,0,1
1,7.683,Seoul,1,30.731999999999996,mixed_sell_and_resolution,False,False,0,0,0,0,38.415,0,C,2026-03-06,high,1,1
3,44.409499999999994,Atlanta,3,-10.03395,mixed_sell_and_resolution,False,False,1,1,0,0,34.375550000000004,0,F,2026-03-07,high,2,2
3,20.86512,Buenos Aires,2,6.09492,hold_to_resolution|mixed_sell_and_resolution|no_public_exit_yet,True,False,1,0,-5.3763,1,21.580849999511,0,C,2026-03-07,high,1,3
3,35.313202998289,London,3,58.44928899999999,hold_to_resolution|mixed_sell_and_resolution,False,False,2,0,0,0,93.762,0,C,2026-03-07,high,1,3
2,9.117203,Sao Paulo,2,105.142586,mixed_sell_and_resolution,False,False,2,0,0,0,114.25923000062299,0,C,2026-03-07,high,0,2
2,15.759700000910001,Seoul,2,-15.759635,hold_to_resolution,False,False,2,0,0,0,0.0,0,C,2026-03-07,high,0,2
1,7.386599999804,Toronto,1,-1.130894,mixed_sell_and_resolution,False,False,1,0,0,0,6.255600000915001,0,C,2026-03-07,high,0,1
2,15.360220000372001,Ankara,2,-2.3435360000000003,mixed_sell_and_resolution,False,False,2,0,0,0,13.01636000149,0,C,2026-03-08,high,0,2
4,32.406322000631,Buenos Aires,3,7.219073,mixed_sell_and_resolution|no_public_exit_yet,True,False,2,1,-1.5222,1,38.09803,0,C,2026-03-08,high,1,3
2,8.893244000122946,Chicago,2,52.006757,hold_to_resolution|mixed_sell_and_resolution,False,False,1,0,0,0,60.9,0,F,2026-03-08,high,1,2
3,26.667308000000002,Paris,3,67.709631,hold_to_resolution|mixed_sell_and_resolution,False,False,2,0,0,0,94.37684,0,C,2026-03-08,high,1,3
3,15.01,Sao Paulo,3,3.7201160000000004,hold_to_resolution|mixed_sell_and_resolution,False,False,3,0,0,0,18.730000001599997,0,C,2026-03-08,high,0,3
3,26.683300003120003,Seoul,3,-26.683085000000002,hold_to_resolution,False,False,3,0,0,0,0.0,0,C,2026-03-08,high,0,3
4,49.89119800536985,Buenos Aires,4,198.485271,mixed_sell_and_resolution,False,False,2,1,0,0,248.375750007064,0,C,2026-03-09,high,2,3
1,4.8,Dallas,1,-2.91972,mixed_sell_and_resolution,False,False,1,0,0,0,1.880299998,0,F,2026-03-09,high,0,1
4,49.03502899565913,London,4,-49.033716,hold_to_resolution,False,False,4,0,0,0,0.0,0,C,2026-03-09,high,0,4
1,1.2,Miami,0,0,no_public_exit_yet,True,False,0,0,-1.2,1,0.0,0,F,2026-03-09,high,0,1
1,2.507000001,Munich,1,-2.506956,hold_to_resolution,False,False,1,0,0,0,0.0,0,C,2026-03-09,high,0,1
1,1.5,Sao Paulo,1,-1.5,hold_to_resolution,False,False,1,0,0,0,0.0,0,C,2026-03-09,high,0,1
4,57.146314998928,Seoul,3,5.644857,hold_to_resolution|mixed_sell_and_resolution|pre_resolution_sell,True,False,2,0,-18.2632,1,44.46897799979466,0,C,2026-03-09,high,1,4
3,569.5463359986962,Buenos Aires,3,0.18666500000003872,mixed_sell_and_resolution|transform_affected,False,True,2,1,0,0,188.45259700072168,2,C,2026-03-10,high,1,2
1,52.7677,Chicago,1,1.626759,mixed_sell_and_resolution,False,False,0,0,0,0,54.394400000319,0,F,2026-03-10,high,1,1
1,16.748710999894012,London,0,0,pre_resolution_sell,True,False,0,0,-7.6259,1,18.192997999908773,0,C,2026-03-10,high,0,1
1,10.999493000265158,Miami,1,-3.9996,mixed_sell_and_resolution,False,False,1,0,0,0,6.999300000000001,0,F,2026-03-10,high,0,1
1,20.0,Munich,0,0,no_public_exit_yet,True,False,0,0,-20.0,1,0.0,0,C,2026-03-10,high,0,1
1,0.709901,Sao Paulo,1,-0.7099010000000001,hold_to_resolution,False,False,1,0,0,0,0.0,0,C,2026-03-10,high,0,1
1,127.366800000912,Ankara,1,31.091031,mixed_sell_and_resolution,False,False,0,0,0,0,158.4576,0,C,2026-03-11,high,1,1
3,26.371465998709873,Buenos Aires,3,15.535139999999998,mixed_sell_and_resolution,False,False,3,0,0,0,41.90517800706818,0,C,2026-03-11,high,0,3
1,17.854000002524998,Chicago,1,7.802086,mixed_sell_and_resolution,False,False,0,0,0,0,25.656000004305003,0,F,2026-03-11,high,1,1
2,26.96001400025845,Dallas,2,-5.209206,mixed_sell_and_resolution,False,False,2,0,0,0,21.75026899995015,0,F,2026-03-11,high,0,2
1,18.819999997500002,Seoul,1,-7.63997,mixed_sell_and_resolution,False,False,1,0,0,0,11.18,0,C,2026-03-11,high,0,1
1,41.52,Tel Aviv,1,-21.059973,mixed_sell_and_resolution,False,False,1,0,0,0,20.4600000033,0,C,2026-03-11,high,0,1
2,5.0504200004160005,London,2,-5.050205999999999,hold_to_resolution,False,False,2,0,0,0,0.0,0,C,2026-03-12,high,0,2
1,5.222308001036131,Miami,1,44.136164,mixed_sell_and_resolution,False,False,1,0,0,0,49.358239998304,0,F,2026-03-12,high,0,1
1,5.8253,New York City,1,-0.259115,mixed_sell_and_resolution,False,False,1,0,0,0,5.566199997443001,0,F,2026-03-12,high,0,1
1,1.1,Paris,1,-1.1,hold_to_resolution,False,False,1,0,0,0,0.0,0,C,2026-03-12,high,0,1
4,60.086390996555004,Seoul,4,-58.735614,hold_to_resolution|mixed_sell_and_resolution,False,False,4,0,0,0,1.346390007194,0,C,2026-03-12,high,0,4
1,6.459666,Tokyo,1,0.099985,mixed_sell_and_resolution,False,False,1,0,0,0,6.559000001307001,0,C,2026-03-12,high,0,1
1,8.3742,Ankara,1,-0.4925999999999999,mixed_sell_and_resolution,False,False,1,0,0,0,7.8816,0,C,2026-03-13,high,0,1
2,11.997378999782596,Buenos Aires,1,43.5048,mixed_sell_and_resolution|no_public_exit_yet,True,False,0,0,-7.9979,1,47.504,0,C,2026-03-13,high,1,2
2,7.199631,London,2,-6.169603,hold_to_resolution|mixed_sell_and_resolution,False,False,2,0,0,0,1.0298999997,0,C,2026-03-13,high,0,2
1,10.0,Munich,1,47.340597,mixed_sell_and_resolution,False,False,0,0,0,0,57.340649997919996,0,C,2026-03-13,high,1,1
2,79.1526,New York City,2,43.965649,mixed_sell_and_resolution,False,False,0,1,0,0,113.81699599946758,0,F,2026-03-13,high,2,1
2,96.1328999947,Seoul,2,8.320760000000007,mixed_sell_and_resolution,False,False,1,0,0,0,104.45240000000001,0,C,2026-03-13,high,1,2
3,22.93,Atlanta,3,-7.359438999999999,hold_to_resolution|mixed_sell_and_resolution,False,False,3,1,0,0,15.56849600018675,0,F,2026-03-14,high,0,2
6,576.7270429953851,Buenos Aires,6,118.52235399999998,mixed_sell_and_resolution|transform_affected,False,True,2,3,0,0,277.118070003079,2,C,2026-03-14,high,4,3
1,1.647,Dallas,0,0,no_public_exit_yet,True,False,0,0,-1.647,1,0.0,0,F,2026-03-14,high,0,1
2,4.199733999896907,Munich,2,-4.199733,hold_to_resolution,False,False,2,0,0,0,0.0,0,C,2026-03-14,high,0,2
3,12.079169999138022,Sao Paulo,3,-10.835869,mixed_sell_and_resolution,False,False,3,0,0,0,1.24182001076,0,C,2026-03-14,high,0,3
1,12.438,Ankara,1,1.632816,mixed_sell_and_resolution,False,False,1,0,0,0,14.070780000400001,0,C,2026-03-15,high,0,1
1,2.9996289999994814,Atlanta,1,0.299989,mixed_sell_and_resolution,False,False,1,0,0,0,3.299399997998,0,F,2026-03-15,high,0,1
2,88.0,Buenos Aires,2,15.742999999999999,mixed_sell_and_resolution,False,False,1,0,0,0,103.74300000000001,0,C,2026-03-15,high,1,2
2,2.51128,Chicago,1,0.049999999999999996,mixed_sell_and_resolution|no_public_exit_yet,True,False,1,0,-0.0112,1,2.55,0,F,2026-03-15,high,0,2
3,27.12548300159654,London,3,14.193672,mixed_sell_and_resolution,False,False,2,1,0,0,41.3189190020052,0,C,2026-03-15,high,1,2
2,18.84039099940952,New York City,2,-5.197639,mixed_sell_and_resolution,False,False,2,0,0,0,13.641800002276,0,F,2026-03-15,high,0,2
1,13.152299998617,Paris,1,0.73051,mixed_sell_and_resolution,False,False,0,0,0,0,13.881,0,C,2026-03-15,high,1,1
6,126.42588400193354,Sao Paulo,6,-10.522694999999999,mixed_sell_and_resolution|transform_affected,False,True,4,1,0,0,95.899819994644,2,C,2026-03-15,high,2,5
2,11.54885199999961,Seoul,1,-5.968251,hold_to_resolution|no_public_exit_yet,True,False,1,0,-5.5805,1,0.0,0,C,2026-03-15,high,0,2
3,315.3396209982441,Buenos Aires,3,116.648776,mixed_sell_and_resolution,False,False,2,0,0,0,431.98742700304206,0,C,2026-03-16,high,1,3
1,14.999999999999998,Chicago,1,-12.13,mixed_sell_and_resolution,False,False,1,0,0,0,2.87,0,F,2026-03-16,high,0,1
3,75.0055,Dallas,3,9.529267,mixed_sell_and_resolution,False,False,1,1,0,0,84.53482000214498,0,F,2026-03-16,high,2,2
2,28.0886,London,2,5.258881,mixed_sell_and_resolution,False,False,2,0,0,0,33.346500001036,0,C,2026-03-16,high,0,2
1,0.7072230011277785,Miami,1,-0.252277,mixed_sell_and_resolution,False,False,1,0,0,0,0.4548,0,F,2026-03-16,high,0,1
1,5.0836,Paris,1,-0.058584,mixed_sell_and_resolution,False,False,1,0,0,0,5.025,0,C,2026-03-16,high,0,1
3,18.157299999445,Sao Paulo,3,-1.364218,mixed_sell_and_resolution,False,False,3,0,0,0,16.79158,0,C,2026-03-16,high,0,3
3,7.199966999999999,Buenos Aires,3,-0.48305999999999993,hold_to_resolution|mixed_sell_and_resolution,False,False,3,1,0,0,6.717019994234,0,C,2026-03-17,high,0,2
1,19.030300001184003,London,1,39.758648,mixed_sell_and_resolution,False,False,0,0,0,0,58.78799700086778,0,C,2026-03-17,high,1,1
2,172.62660000368498,Miami,2,33.709984000000006,mixed_sell_and_resolution,False,False,0,1,0,0,206.3280579998992,0,F,2026-03-17,high,2,1
2,85.44250000448,New York City,2,-6.768529,hold_to_resolution|mixed_sell_and_resolution,False,False,1,0,0,0,78.67399999487999,0,F,2026-03-17,high,1,2
1,14.975754999772649,Paris,1,2.523647,mixed_sell_and_resolution,False,False,0,0,0,0,17.498399998744002,0,C,2026-03-17,high,1,1
2,21.801800000566004,Sao Paulo,2,75.956492,hold_to_resolution|mixed_sell_and_resolution,False,False,1,0,0,0,97.758329998187,0,C,2026-03-17,high,1,2
1,3.7,Taipei,1,1.3,hold_to_resolution,False,False,0,1,0,0,0.0,0,C,2026-03-17,high,1,0
1,6.0200000000000005,Wellington,1,11.58036,mixed_sell_and_resolution,False,False,1,0,0,0,17.6,0,C,2026-03-17,high,0,1
2,32.891200000832,Buenos Aires,1,3.26514,mixed_sell_and_resolution|no_public_exit_yet,True,False,0,1,-12.5,1,23.65632,0,C,2026-03-18,high,1,1
3,50.82580000414,London,3,31.453335,hold_to_resolution|mixed_sell_and_resolution,False,False,2,0,0,0,82.27625900316508,0,C,2026-03-18,high,1,3
3,19.214019996079003,Miami,3,-19.211112,hold_to_resolution,False,False,3,0,0,0,0.0,0,F,2026-03-18,high,0,3
1,5.0,New York City,0,0,no_public_exit_yet,True,False,0,0,-5.0,1,0.0,0,F,2026-03-18,high,0,1
2,21.228659999999998,Paris,2,-9.156617,mixed_sell_and_resolution,False,False,2,0,0,0,12.0720000038,0,C,2026-03-18,high,0,2
4,15.1194,Sao Paulo,2,6.367351,hold_to_resolution|mixed_sell_and_resolution|no_public_exit_yet,True,False,1,1,-1.5067000000000002,2,19.98,0,C,2026-03-18,high,1,3
2,9.119845000425443,Seoul,1,0.6621,mixed_sell_and_resolution|pre_resolution_sell,True,False,1,0,-4.0005,1,10.93027,0,C,2026-03-18,high,0,2
1,21.0,Singapore,1,46.5,mixed_sell_and_resolution,False,False,0,0,0,0,67.5,0,C,2026-03-18,high,1,1
1,10.0,Taipei,1,38.54,mixed_sell_and_resolution,False,False,0,0,0,0,48.54004,0,C,2026-03-18,high,1,1
2,4.0,Wellington,2,-4.0,hold_to_resolution,False,False,2,0,0,0,0.0,0,C,2026-03-18,high,0,2
1,2.8356899999999996,Ankara,1,4.10274,mixed_sell_and_resolution,False,False,1,0,0,0,6.936999999999999,0,C,2026-03-19,high,0,1
4,72.909582,Buenos Aires,3,-41.157671,mixed_sell_and_resolution|pre_resolution_sell,True,False,3,1,-6.1785,1,29.699999997000003,0,C,2026-03-19,high,0,3
3,23.710015,Dallas,3,-22.652188,hold_to_resolution|mixed_sell_and_resolution,False,False,3,0,0,0,1.055009980827,0,F,2026-03-19,high,0,3
2,34.16121099981997,London,2,42.318402999999996,mixed_sell_and_resolution,False,False,2,0,0,0,76.47865800146894,0,C,2026-03-19,high,0,2
1,54.044500001,Milan,1,31.836276,mixed_sell_and_resolution,False,False,0,0,0,0,85.87909799798352,0,C,2026-03-19,high,1,1
3,24.90127699796,New York City,1,39.468772,mixed_sell_and_resolution|no_public_exit_yet|pre_resolution_sell,True,False,0,0,-3.2371999999999996,2,61.10087900112846,0,F,2026-03-19,high,1,3
3,4.525113999862866,Sao Paulo,1,-0.995113,hold_to_resolution|no_public_exit_yet,True,False,1,0,-3.5298,2,0.0,0,C,2026-03-19,high,0,3
1,5.2,Taipei,1,44.412800000000004,mixed_sell_and_resolution,False,False,0,0,0,0,49.61281,0,C,2026-03-19,high,1,1
1,3.4996679999998905,Tel Aviv,1,15.4977,mixed_sell_and_resolution,False,False,1,0,0,0,18.997,0,C,2026-03-19,high,0,1
2,8.9,Tokyo,2,-6.0291,hold_to_resolution|mixed_sell_and_resolution,False,False,2,1,0,0,2.87088,0,C,2026-03-19,high,0,1
2,2.34125,Wellington,0,0,no_public_exit_yet|pre_resolution_sell,True,False,0,0,-1.2911000000000001,2,2.5424100000000003,0,C,2026-03-19,high,0,2
1,7.000000000000001,Atlanta,1,1.0,mixed_sell_and_resolution,False,False,1,0,0,0,8.0,0,F,2026-03-20,high,0,1
1,8.594880001984,Buenos Aires,1,-2.369387,mixed_sell_and_resolution,False,False,1,0,0,0,6.225440000000001,0,C,2026-03-20,high,0,1
3,40.3422,Chicago,2,-0.5377,mixed_sell_and_resolution|pre_resolution_sell,True,False,2,0,-3.0,1,31.004500000000004,0,F,2026-03-20,high,0,3
2,43.14876199999996,Dallas,2,-41.798539,hold_to_resolution|mixed_sell_and_resolution,False,False,2,1,0,0,1.3497,0,F,2026-03-20,high,0,1
1,34.957699999999996,London,1,-10.312619,mixed_sell_and_resolution,False,False,1,0,0,0,24.6449,0,C,2026-03-20,high,0,1
3,25.943,Madrid,1,9.0,mixed_sell_and_resolution|no_public_exit_yet,True,False,1,0,-5.943,2,29.0,0,C,2026-03-20,high,0,3
2,13.028500000000001,Sao Paulo,2,46.789675,mixed_sell_and_resolution,False,False,2,0,0,0,59.818119999863995,0,C,2026-03-20,high,0,2
1,5.9994759981368855,Taipei,0,0,no_public_exit_yet,True,False,0,0,-5.9994,1,0.0,0,C,2026-03-20,high,0,1
1,5.824899998825,Tel Aviv,0,0,pre_resolution_sell,True,False,0,0,-2.913,1,5.65122,0,C,2026-03-20,high,0,1
1,60.628299998832,Tokyo,1,-60.628248,hold_to_resolution,False,False,1,0,0,0,0.0,0,C,2026-03-20,high,0,1
2,9.267880005741999,Beijing,2,-5.27252,mixed_sell_and_resolution,False,False,2,1,0,0,3.9950000009999997,0,C,2026-03-21,high,0,1
2,1.9100000000000001,Buenos Aires,0,0,no_public_exit_yet,True,False,0,0,-1.9100000000000001,2,0.0,0,C,2026-03-21,high,0,2
2,39.653100009418,Chicago,2,-22.870454000000002,mixed_sell_and_resolution,False,False,2,0,0,0,16.7824,0,F,2026-03-21,high,0,2
2,0.7643009980920497,Hong Kong,1,-0.018273,mixed_sell_and_resolution|no_public_exit_yet,True,False,1,1,-0.0933,1,0.6526299999999999,0,C,2026-03-21,high,0,1
1,10.999146999843797,London,0,0,no_public_exit_yet,True,False,0,0,-10.9991,1,0.0,0,C,2026-03-21,high,0,1
1,4.5,Milan,1,10.485,mixed_sell_and_resolution,False,False,0,0,0,0,14.985,0,C,2026-03-21,high,1,1
3,32.563964000752,Munich,3,34.001323,hold_to_resolution|mixed_sell_and_resolution,False,False,1,1,0,0,47.464999999999996,0,C,2026-03-21,high,2,2
1,3.3447630000000004,New York City,1,0.0,mixed_sell_and_resolution,False,False,1,0,0,0,3.3445,0,F,2026-03-21,high,0,1
1,3.8715,Paris,1,3.445741,mixed_sell_and_resolution,False,False,0,0,0,0,7.316000000000001,0,C,2026-03-21,high,1,1
2,25.80960199709665,Sao Paulo,2,-4.604839,mixed_sell_and_resolution,False,False,2,0,0,0,21.202988000474374,0,C,2026-03-21,high,0,2
1,15.0,Taipei,1,-15.0,hold_to_resolution,False,False,1,0,0,0,0.0,0,C,2026-03-21,high,0,1
1,14.000000000000002,Beijing,1,58.114324,mixed_sell_and_resolution,False,False,0,0,0,0,72.113398999382,0,C,2026-03-22,high,1,1
3,54.91191198422184,Buenos Aires,3,222.22225400000002,mixed_sell_and_resolution,False,False,2,0,0,0,277.13163600677393,0,C,2026-03-22,high,1,3
2,33.89424999843565,London,2,-15.372414000000001,hold_to_resolution|mixed_sell_and_resolution,False,False,2,0,0,0,18.521500000000003,0,C,2026-03-22,high,0,2
2,35.105000999774326,Milan,2,-35.104952999999995,hold_to_resolution,False,False,2,0,0,0,0.0,0,C,2026-03-22,high,0,2
1,20.69539999908,Munich,1,-0.877792,mixed_sell_and_resolution,False,False,1,0,0,0,19.817599997968003,0,C,2026-03-22,high,0,1
2,13.072105,New York City,1,61.473888,mixed_sell_and_resolution|no_public_exit_yet,True,False,0,0,-0.3275,1,74.2176,0,F,2026-03-22,high,1,2
1,20.0,Tokyo,1,42.099997,mixed_sell_and_resolution,False,False,0,0,0,0,62.09849799836107,0,C,2026-03-22,high,1,1
1,4.2,Wuhan,1,12.907991,mixed_sell_and_resolution,False,False,0,0,0,0,17.108000000799997,0,C,2026-03-22,high,1,1
2,17.322499999019,Beijing,1,-13.23152,hold_to_resolution|no_public_exit_yet,True,False,1,1,-4.0905,1,0.0,0,C,2026-03-23,high,0,1
5,33.2090770029419,Buenos Aires,3,-3.9503,hold_to_resolution|mixed_sell_and_resolution|no_public_exit_yet,True,False,2,2,-8.2849,2,20.97324,0,C,2026-03-23,high,1,3
3,12.049224994848,Hong Kong,2,-6.684496,hold_to_resolution|no_public_exit_yet,True,False,2,0,-5.3639,1,0.0,0,C,2026-03-23,high,0,3
1,1.9999999979999998,London,0,0,no_public_exit_yet,True,False,0,0,-1.9999,1,0.0,0,C,2026-03-23,high,0,1
3,22.11149999971,Sao Paulo,3,-10.358201,hold_to_resolution|mixed_sell_and_resolution,False,False,3,0,0,0,11.753310002096,0,C,2026-03-23,high,0,3
4,79.951650002489,Taipei,3,-4.137489000000002,hold_to_resolution|mixed_sell_and_resolution|pre_resolution_sell,True,False,2,1,-2.7185,1,19.8776,0,C,2026-03-23,high,1,3
1,15.173800000079002,Tokyo,1,12.7628,mixed_sell_and_resolution,False,False,1,0,0,0,27.936599998989,0,C,2026-03-23,high,0,1
2,33.21289000008801,Warsaw,2,-22.706495,mixed_sell_and_resolution,False,False,2,0,0,0,10.5062,0,C,2026-03-23,high,0,2
1,4.71405,Wellington,1,0.110651,mixed_sell_and_resolution,False,False,1,0,0,0,4.824760004222999,0,C,2026-03-23,high,0,1
2,9.025070001907999,Atlanta,1,0.4836000000000001,mixed_sell_and_resolution|no_public_exit_yet,True,False,1,0,-1.0595,1,8.449019999999999,0,F,2026-03-24,high,0,2
1,0.030926999999999996,Austin,0,0,no_public_exit_yet,True,False,0,0,-0.0309,1,0.0,0,F,2026-03-24,high,0,1
2,28.410660998929863,Beijing,1,-9.99933,hold_to_resolution|pre_resolution_sell,True,False,1,0,-5.3544,1,4.0,0,C,2026-03-24,high,0,2
3,60.82846600641583,Buenos Aires,3,-39.280903,mixed_sell_and_resolution,False,False,3,0,0,0,21.545800000194,0,C,2026-03-24,high,0,3
1,15.0,Denver,1,-11.42576,mixed_sell_and_resolution,False,False,1,0,0,0,3.57403,0,F,2026-03-24,high,0,1
1,8.0,Hong Kong,1,-8.0,hold_to_resolution,False,False,1,0,0,0,0.0,0,C,2026-03-24,high,0,1
2,10.954,London,1,23.963997,mixed_sell_and_resolution|no_public_exit_yet,True,False,0,0,-0.58,1,34.3379999982,0,C,2026-03-24,high,1,2
1,3.181500000153,Lucknow,0,0,no_public_exit_yet,True,False,0,0,-3.1814,1,0.0,0,C,2026-03-24,high,0,1
1,10.804104999487459,Milan,1,2.930092,mixed_sell_and_resolution,False,False,1,0,0,0,13.732800001914999,0,C,2026-03-24,high,0,1
1,12.9131,Paris,1,36.152412,mixed_sell_and_resolution,False,False,0,0,0,0,49.0655,0,C,2026-03-24,high,1,1
5,207.60969399938898,San Francisco,5,48.339081,mixed_sell_and_resolution,False,False,2,2,0,0,255.948310003498,0,F,2026-03-24,high,3,3
1,4.0,Sao Paulo,0,0,no_public_exit_yet,True,False,0,0,-4.0,1,0.0,0,C,2026-03-24,high,0,1
1,20.0,Taipei,1,-20.0,hold_to_resolution,False,False,1,0,0,0,0.0,0,C,2026-03-24,high,0,1
2,4.4108899952,Tel Aviv,1,-0.260822,mixed_sell_and_resolution|pre_resolution_sell,True,False,1,0,-0.4381,1,3.2434499944720003,0,C,2026-03-24,high,0,2
3,53.309750002998,Buenos Aires,2,5.746162,mixed_sell_and_resolution|pre_resolution_sell,True,False,2,1,-3.371,1,46.756399989362,0,C,2026-03-25,high,0,2
2,8.8146000005,Los Angeles,2,-6.0753140000000005,mixed_sell_and_resolution,False,False,2,1,0,0,2.739279998984,0,F,2026-03-25,high,0,1
1,5.259509,Lucknow,1,-5.259314,hold_to_resolution,False,False,1,0,0,0,0.0,0,C,2026-03-25,high,0,1
1,16.0,New York City,1,20.0,mixed_sell_and_resolution,False,False,0,0,0,0,36.0,0,F,2026-03-25,high,1,1
2,8.93085000139,Paris,2,50.691316,mixed_sell_and_resolution,False,False,1,0,0,0,59.62159799541344,0,C,2026-03-25,high,1,2
3,35.68418498973828,Sao Paulo,3,-1.2571140000000005,hold_to_resolution|mixed_sell_and_resolution,False,False,3,0,0,0,34.418,0,C,2026-03-25,high,0,3
2,74.811999995135,Seoul,2,3.7129009999999996,mixed_sell_and_resolution,False,False,1,0,0,0,78.52480000341899,0,C,2026-03-25,high,1,2
2,1.9200959999999998,Taipei,1,28.10169,mixed_sell_and_resolution|no_public_exit_yet,True,False,0,0,-0.12,1,29.901710001,0,C,2026-03-25,high,1,2
1,44.739600001564,Wellington,1,64.431225,mixed_sell_and_resolution,False,False,0,0,0,0,109.16849600072713,0,C,2026-03-25,high,1,1
1,24.350399997714003,Buenos Aires,1,-0.207502,mixed_sell_and_resolution,False,False,1,0,0,0,24.13639800000045,0,C,2026-03-26,high,0,1
1,10.068,Dallas,1,79.53209600000001,mixed_sell_and_resolution,False,False,0,0,0,0,89.60000000000001,0,F,2026-03-26,high,1,1
1,10.5,Denver,1,-0.0589,mixed_sell_and_resolution,False,False,1,0,0,0,10.4411,0,F,2026-03-26,high,0,1
4,39.011660001121996,Hong Kong,4,14.611389999999995,mixed_sell_and_resolution,False,False,3,0,0,0,53.623239999999996,0,C,2026-03-26,high,1,4
3,41.36252999952,Madrid,2,9.690371999999998,mixed_sell_and_resolution|no_public_exit_yet,True,False,1,0,-13.1875,1,37.864017997638264,0,C,2026-03-26,high,1,3
2,15.380650000192,Munich,1,-3.4205949999999996,hold_to_resolution|no_public_exit_yet,True,False,1,0,-11.96,1,0.0,0,C,2026-03-26,high,0,2
5,723.0995999957689,San Francisco,5,14.608178999999998,mixed_sell_and_resolution|transform_affected,False,True,3,2,0,0,727.153159998668,2,F,2026-03-26,high,2,3
4,81.365160005086,Sao Paulo,2,68.755464,mixed_sell_and_resolution|no_public_exit_yet,True,False,1,1,-5.6505,2,144.46719900245853,0,C,2026-03-26,high,1,3
3,17.9,Seoul,1,-3.9,hold_to_resolution|no_public_exit_yet|pre_resolution_sell,True,False,1,0,-12.0,2,4.0,0,C,2026-03-26,high,0,3
2,18.00276,Taipei,2,80.765499,mixed_sell_and_resolution,False,False,1,0,0,0,98.76820000000001,0,C,2026-03-26,high,1,2
2,19.231079998633003,Toronto,2,57.390676,mixed_sell_and_resolution,False,False,1,0,0,0,76.62161399980529,0,C,2026-03-26,high,1,2
1,11.132100000000001,Wellington,0,0,pre_resolution_sell,True,False,0,0,-4.3833,1,4.4992,0,C,2026-03-26,high,0,1
4,26.388259999132,Buenos Aires,3,26.316263999999997,mixed_sell_and_resolution|no_public_exit_yet,True,False,2,0,-2.883,1,49.82061900120024,0,C,2026-03-27,high,1,4
1,6.73659999926,Houston,1,-6.736479,hold_to_resolution,False,False,1,0,0,0,0.0,0,F,2026-03-27,high,0,1
2,53.051899999892,Los Angeles,1,17.338435,mixed_sell_and_resolution|pre_resolution_sell,True,False,1,1,-12.4006,1,56.552900003542,0,F,2026-03-27,high,0,1
8,121.85315800575195,Seoul,8,-13.807295999999997,hold_to_resolution|mixed_sell_and_resolution,False,False,7,0,0,0,108.042678,0,C,2026-03-27,high,1,8
4,62.579099998881,Buenos Aires,4,69.70974700000001,hold_to_resolution|mixed_sell_and_resolution,False,False,2,2,0,0,132.28872,0,C,2026-03-28,high,2,2
2,20.958508998469423,Dallas,2,-4.886546,mixed_sell_and_resolution,False,False,2,0,0,0,16.071799999999996,0,F,2026-03-28,high,0,2
5,280.05990000932496,Denver,5,7.222373,mixed_sell_and_resolution,False,False,2,3,0,0,287.282109997692,0,F,2026-03-28,high,3,2
1,54.283099999074,New York City,1,3.483136,mixed_sell_and_resolution,False,False,0,0,0,0,57.766200000777005,0,F,2026-03-28,high,1,1
1,1.2837,Paris,1,-0.35009999999999997,mixed_sell_and_resolution,False,False,1,0,0,0,0.9336,0,C,2026-03-28,high,0,1
3,22.9099999994,San Francisco,3,31.700006,mixed_sell_and_resolution,False,False,1,1,0,0,54.61,0,F,2026-03-28,high,2,2
3,4.21865,Seoul,2,-3.988,hold_to_resolution|no_public_exit_yet,True,False,2,0,-0.2306,1,0.0,0,C,2026-03-28,high,0,3
3,27.78227899715743,Taipei,2,31.279828000000002,mixed_sell_and_resolution|no_public_exit_yet,True,False,0,1,-1.9208,1,57.141200000000005,0,C,2026-03-28,high,2,2
2,91.24120000187,Ankara,1,0.4585,mixed_sell_and_resolution|no_public_exit_yet,True,False,0,0,-11.8931,1,79.8064,0,C,2026-03-29,high,1,2
6,55.256913000008545,Buenos Aires,5,25.717709000000003,hold_to_resolution|mixed_sell_and_resolution|pre_resolution_sell,True,False,3,1,-0.1421,1,101.265719991305,0,C,2026-03-29,high,2,5
3,25.273016997890167,Hong Kong,2,128.312661,hold_to_resolution|mixed_sell_and_resolution|no_public_exit_yet,True,False,1,0,-10.8942,1,142.6905,0,C,2026-03-29,high,1,3
3,30.106140997753997,Seoul,3,124.88508299999998,hold_to_resolution|mixed_sell_and_resolution,False,False,2,0,0,0,154.99002000000002,0,C,2026-03-29,high,1,3
2,10.100899999687,Shanghai,1,24.869016,mixed_sell_and_resolution|no_public_exit_yet,True,False,0,0,-8.4451,1,26.5248,0,C,2026-03-29,high,1,2
2,47.754020001468,Taipei,1,117.045839,mixed_sell_and_resolution|pre_resolution_sell,True,False,0,0,-8.1557,1,154.22165700000002,0,C,2026-03-29,high,1,2
1,25.1844609998,Warsaw,1,1.165021,mixed_sell_and_resolution,False,False,1,0,0,0,26.346200002,0,C,2026-03-29,high,0,1
1,3.0,Atlanta,1,-1.0,mixed_sell_and_resolution,False,False,1,0,0,0,2.0,0,F,2026-03-30,high,0,1
3,46.44951099885313,Buenos Aires,2,57.976702,mixed_sell_and_resolution|pre_resolution_sell,True,False,0,1,-3.8238,1,97.28039599988975,0,C,2026-03-30,high,2,2
1,5.47810617083568,Dallas,1,-5.492872,hold_to_resolution,False,False,1,0,0,0,0.0,0,F,2026-03-30,high,0,1
2,19.143036864765868,Denver,2,-19.304605000000002,hold_to_resolution,False,False,2,0,0,0,0.0,0,F,2026-03-30,high,0,2
1,5.0,Hong Kong,1,-5.0,hold_to_resolution,False,False,1,0,0,0,0.0,0,C,2026-03-30,high,0,1
1,0.4,Istanbul,0,0,no_public_exit_yet,True,False,0,0,-0.4,1,0.0,0,C,2026-03-30,high,0,1
1,3.0,Mexico City,1,-3.0,hold_to_resolution,False,False,1,0,0,0,0.0,0,C,2026-03-30,high,0,1
1,135.0,Moscow,1,121.490482,mixed_sell_and_resolution,False,False,0,0,0,0,256.4799919997564,0,C,2026-03-30,high,1,1
4,18.424866176640002,San Francisco,4,-1.754806,mixed_sell_and_resolution,False,False,4,0,0,0,16.70405,0,F,2026-03-30,high,0,4
1,11.4618,Sao Paulo,1,-11.461769,hold_to_resolution,False,False,1,1,0,0,0.0,0,C,2026-03-30,high,0,0
4,53.06976299978586,Seoul,2,115.042019,mixed_sell_and_resolution|no_public_exit_yet,True,False,1,0,-22.8674,2,145.243400000505,0,C,2026-03-30,high,1,4
1,10.9131,Shanghai,1,-9.068005,mixed_sell_and_resolution,False,False,1,0,0,0,1.8450000000500002,0,C,2026-03-30,high,0,1
1,4.0,Shenzhen,1,-4.0,hold_to_resolution,False,False,1,0,0,0,0.0,0,C,2026-03-30,high,0,1
2,66.1923449999128,Taipei,2,176.64217,mixed_sell_and_resolution,False,False,1,0,0,0,242.8327799994,0,C,2026-03-30,high,1,2
2,3.2959549999999997,Tokyo,2,1.1218460000000001,hold_to_resolution|mixed_sell_and_resolution,False,False,1,0,0,0,4.417800000000001,0,C,2026-03-30,high,1,2
2,23.111781996744,Beijing,1,42.816027,mixed_sell_and_resolution|pre_resolution_sell,True,False,0,0,-2.1657,1,67.94781799879725,0,C,2026-04-01,high,1,2
6,74.62567176303124,Buenos Aires,6,52.591002,mixed_sell_and_resolution,False,False,5,0,0,0,128.66351000395701,0,C,2026-04-01,high,1,6
1,13.552014992094962,Istanbul,1,-2.322983,mixed_sell_and_resolution,False,False,0,0,0,0,12.05448000151,0,C,2026-04-01,high,1,1
1,16.494777000044593,Mexico City,1,-2.389044,mixed_sell_and_resolution,False,False,0,0,0,0,14.104400002392,0,C,2026-04-01,high,1,1
2,47.29263726274001,Moscow,2,68.567819,mixed_sell_and_resolution,False,False,1,0,0,0,116.79527400006687,0,C,2026-04-01,high,1,2
1,6.84983500070203,New York City,0,0,no_public_exit_yet,True,False,0,0,-6.8498,1,0.0,0,F,2026-04-01,high,0,1
3,28.295082999153887,Paris,2,38.362,hold_to_resolution|mixed_sell_and_resolution|pre_resolution_sell,True,False,1,0,-10.9993,1,66.6532,0,C,2026-04-01,high,1,3
1,10.48791956586791,Sao Paulo,1,-10.720615,hold_to_resolution,False,False,1,0,0,0,0.0,0,C,2026-04-01,high,0,1
4,14.359220999919092,Seoul,3,-8.358862,hold_to_resolution|no_public_exit_yet,True,False,3,0,-6.0,1,0.0,0,C,2026-04-01,high,0,4
1,7.182538,Shanghai,0,0,no_public_exit_yet,True,False,0,0,-7.2212,1,0.0,0,C,2026-04-01,high,0,1
2,109.55488060104,Taipei,2,16.963343000000002,mixed_sell_and_resolution,False,False,0,1,0,0,127.37244,0,C,2026-04-01,high,2,1
1,4.25595,Toronto,0,0,no_public_exit_yet,True,False,0,0,-4.6314,1,0.0,0,C,2026-04-01,high,0,1
3,28.956917135479987,Ankara,2,-26.738152999999997,hold_to_resolution|mixed_sell_and_resolution|no_public_exit_yet,True,False,2,0,-3.0247,1,0.26429,0,C,2026-04-02,high,0,3
5,44.948420055877186,Buenos Aires,4,4.758943999999996,hold_to_resolution|mixed_sell_and_resolution|no_public_exit_yet,True,False,3,0,-6.8467,1,44.15198899658222,0,C,2026-04-02,high,1,5
2,29.999,Chengdu,1,-9.7557,mixed_sell_and_resolution|pre_resolution_sell,True,False,1,0,-1.4949,1,1.5671500035880002,0,C,2026-04-02,high,0,2
2,15.99495274809632,Hong Kong,2,32.444100999999996,hold_to_resolution|mixed_sell_and_resolution,False,False,1,0,0,0,48.9368,0,C,2026-04-02,high,1,2
1,10.759753334136299,Moscow,1,13.171769,mixed_sell_and_resolution,False,False,0,1,0,0,24.244619999999998,0,C,2026-04-02,high,1,0
2,8.90328,Paris,1,-2.4,hold_to_resolution|no_public_exit_yet,True,False,1,0,-6.6116,1,0.0,0,C,2026-04-02,high,0,2
2,12.16781409708508,Sao Paulo,0,0,no_public_exit_yet|pre_resolution_sell,True,False,0,1,-8.9256,2,4.013510001044,0,C,2026-04-02,high,0,1
1,18.0795806,Seoul,1,-4.171076,mixed_sell_and_resolution,False,False,1,0,0,0,14.376,0,C,2026-04-02,high,0,1
8,52.21328661190486,Taipei,8,48.688975,hold_to_resolution|mixed_sell_and_resolution,False,False,7,0,0,0,101.77605000022501,0,C,2026-04-02,high,1,8
1,3.9999330000000004,Tel Aviv,0,0,no_public_exit_yet,True,False,0,0,-3.9999,1,0.0,0,C,2026-04-02,high,0,1
4,55.19902498041599,Tokyo,4,193.856164,hold_to_resolution|mixed_sell_and_resolution,False,False,2,1,0,0,250.71825999769302,0,C,2026-04-02,high,2,3
3,16.1050473988198,Toronto,1,-4.635343,hold_to_resolution|no_public_exit_yet,True,False,1,0,-12.109399999999999,2,0.0,0,C,2026-04-02,high,0,3
2,15.196154869507133,Beijing,1,0.1888,mixed_sell_and_resolution|no_public_exit_yet,True,False,1,0,-4.6671,1,10.9183,0,C,2026-04-03,high,0,2
1,21.0,Buenos Aires,1,78.9,mixed_sell_and_resolution,False,False,0,0,0,0,99.9,0,C,2026-04-03,high,1,1
1,21.29797617634322,Busan,1,3.724576,hold_to_resolution,False,False,0,0,0,0,0.0,0,C,2026-04-03,high,1,1
1,5.499084999861728,Hong Kong,0,0,no_public_exit_yet,True,False,0,0,-5.499,1,0.0,0,C,2026-04-03,high,0,1
1,1.2244152,Kuala Lumpur,1,4.039901,mixed_sell_and_resolution,False,False,0,0,0,0,5.31468,0,C,2026-04-03,high,1,1
2,18.111345789700344,Milan,1,28.9037,mixed_sell_and_resolution|no_public_exit_yet,True,False,0,0,-4.927,1,42.577799999999996,0,C,2026-04-03,high,1,2
3,76.49376589216116,Seoul,3,96.36899299999999,hold_to_resolution|mixed_sell_and_resolution,False,False,2,0,0,0,176.23238199926817,0,C,2026-04-03,high,1,3
3,78.45869846436838,Taipei,3,-14.310165000000005,hold_to_resolution|mixed_sell_and_resolution,False,False,2,0,0,0,65.6282689994593,0,C,2026-04-03,high,1,3
1,7.645765,Wellington,0,0,no_public_exit_yet,True,False,0,0,-7.6528,1,0.0,0,C,2026-04-03,high,0,1
1,9.883575624999999,Amsterdam,1,11.235226,mixed_sell_and_resolution,False,False,1,0,0,0,21.565500000122,0,C,2026-04-04,high,0,1
1,10.4435344,Beijing,1,-10.941112,hold_to_resolution,False,False,1,0,0,0,0.0,0,C,2026-04-04,high,0,1
3,19.836591000000002,Buenos Aires,1,-8.730732,mixed_sell_and_resolution|no_public_exit_yet,True,False,1,0,-7.2582,2,4.487300001941,0,C,2026-04-04,high,0,3
2,37.673915,Busan,2,20.188643,hold_to_resolution,False,False,1,1,0,0,0.0,0,C,2026-04-04,high,1,1
2,68.3777134620219,Chicago,2,82.04581300000001,mixed_sell_and_resolution,False,False,0,1,0,0,152.41925600000545,0,F,2026-04-04,high,2,1
1,1.0814400000000002,London,1,-1.14072,hold_to_resolution,False,False,1,1,0,0,0.0,0,C,2026-04-04,high,0,0
1,7.45382,Los Angeles,1,-0.911125,mixed_sell_and_resolution,False,False,1,0,0,0,6.810299999015999,0,F,2026-04-04,high,0,1
1,3.5904000000000003,Madrid,0,0,no_public_exit_yet,True,False,0,0,-3.5904,1,0.0,0,C,2026-04-04,high,0,1
2,35.172171067709385,Milan,1,42.720645999999995,mixed_sell_and_resolution|no_public_exit_yet,True,False,0,0,-4.106,1,74.71521000000001,0,C,2026-04-04,high,1,2
2,13.2785554,Moscow,2,-13.659369,hold_to_resolution,False,False,2,1,0,0,0.0,0,C,2026-04-04,high,0,1
4,33.75275915742981,Paris,4,-35.294433,hold_to_resolution,False,False,4,1,0,0,0.0,0,C,2026-04-04,high,0,3
2,9.0944,Sao Paulo,0,0,no_public_exit_yet,True,False,0,0,-9.1508,2,0.0,0,C,2026-04-04,high,0,2
2,13.874546268527151,Seoul,2,-14.500869,hold_to_resolution,False,False,2,0,0,0,0.0,0,C,2026-04-04,high,0,2
1,0.6993,Taipei,0,0,no_public_exit_yet,True,False,0,0,-0.6993,1,0.0,0,C,2026-04-04,high,0,1
2,16.435169294215527,Beijing,2,86.708574,mixed_sell_and_resolution,False,False,1,0,0,0,103.9035880008904,0,C,2026-04-05,high,1,2
1,11.124513887088073,Busan,1,-11.570094,hold_to_resolution,False,False,1,0,0,0,0.0,0,C,2026-04-05,high,0,1
3,36.442883239871755,Hong Kong,3,55.78467500000001,hold_to_resolution|mixed_sell_and_resolution,False,False,2,0,0,0,92.41359800000006,0,C,2026-04-05,high,1,3
1,8.156826999764306,Milan,0,0,no_public_exit_yet,True,False,0,0,-8.2562,1,0.0,0,C,2026-04-05,high,0,1
1,52.789184000000006,Moscow,1,38.939172,mixed_sell_and_resolution,False,False,0,0,0,0,93.05989800024055,0,C,2026-04-05,high,1,1
3,61.48577334680031,Munich,3,38.206739,hold_to_resolution|mixed_sell_and_resolution,False,False,2,0,0,0,101.36159799652145,0,C,2026-04-05,high,1,3
1,57.20003963446084,Seoul,1,2.141946,mixed_sell_and_resolution,False,False,1,0,0,0,60.03268999605,0,C,2026-04-05,high,0,1
5,49.539826064822584,Taipei,5,41.40148799999999,mixed_sell_and_resolution,False,False,4,0,0,0,92.52270599128508,0,C,2026-04-05,high,1,5
2,16.482472725416002,Tokyo,0,0,no_public_exit_yet,True,False,0,0,-17.0412,2,0.0,0,C,2026-04-05,high,0,2
4,17.461288,Toronto,2,-4.2,hold_to_resolution|no_public_exit_yet,True,False,2,0,-13.6302,2,0.0,0,C,2026-04-05,high,0,4
1,9.926728,Wuhan,0,0,no_public_exit_yet,True,False,0,0,-10.3115,1,0.0,0,C,2026-04-05,high,0,1
1,4.911816999995407,Atlanta,1,1.827892,mixed_sell_and_resolution,False,False,1,0,0,0,6.739500000006,0,F,2026-04-06,high,0,1
1,19.1947492,Beijing,1,-20.006668,hold_to_resolution,False,False,1,0,0,0,0.0,0,C,2026-04-06,high,0,1
1,0.094347,Buenos Aires,0,0,no_public_exit_yet,True,False,0,1,-0.0943,1,0.0,0,C,2026-04-06,high,0,0
4,17.68162514490046,Busan,3,-10.180463,hold_to_resolution|pre_resolution_sell,True,False,3,0,-4.5969,1,8.31621,0,C,2026-04-06,high,0,4
1,5.17848,Hong Kong,1,1.635986,mixed_sell_and_resolution,False,False,1,0,0,0,6.955200000662,0,C,2026-04-06,high,0,1
1,17.08488385200744,Istanbul,1,-1.098309,mixed_sell_and_resolution,False,False,0,0,0,0,16.5918,0,C,2026-04-06,high,1,1
4,45.42287506794755,London,4,4.121941,hold_to_resolution|mixed_sell_and_resolution,False,False,3,1,0,0,51.455199993581004,0,C,2026-04-06,high,1,3
1,9.575025199999999,Los Angeles,1,5.3606,mixed_sell_and_resolution,False,False,1,0,0,0,15.316,0,F,2026-04-06,high,0,1
2,24.195978569713322,Munich,0,0,no_public_exit_yet|pre_resolution_sell,True,False,0,0,-3.5810999999999997,2,9.561030003278,0,C,2026-04-06,high,0,2
1,15.8256,Paris,1,0.688361,mixed_sell_and_resolution,False,False,1,0,0,0,17.001200000756,0,C,2026-04-06,high,0,1
2,11.6550867231279,Sao Paulo,2,23.126165,mixed_sell_and_resolution,False,False,1,0,0,0,35.340649997211,0,C,2026-04-06,high,1,2
4,25.04114523434296,Seoul,3,-14.313393,hold_to_resolution|pre_resolution_sell,True,False,3,0,-5.736,1,11.9319999995,0,C,2026-04-06,high,0,4
2,12.998900000279509,Toronto,2,-5.889221,mixed_sell_and_resolution,False,False,2,0,0,0,7.108879999608,0,C,2026-04-06,high,0,2
4,24.232151024563954,Warsaw,4,175.303224,hold_to_resolution|mixed_sell_and_resolution,False,False,2,1,0,0,200.52077600010298,0,C,2026-04-06,high,2,3
4,19.990230356105382,Beijing,1,-2.66392,hold_to_resolution|no_public_exit_yet,True,False,1,0,-18.0958,3,0.0,0,C,2026-04-07,high,0,4
4,301.66135729977543,Busan,4,137.768549,hold_to_resolution|mixed_sell_and_resolution,False,False,2,1,0,0,443.08907,0,C,2026-04-07,high,2,3
2,29.8596661258632,Helsinki,1,5.510731000000001,mixed_sell_and_resolution|no_public_exit_yet,True,False,0,1,-3.0879,1,32.998700000465,0,C,2026-04-07,high,1,1
2,16.9116788504354,Hong Kong,2,7.593914000000001,hold_to_resolution|mixed_sell_and_resolution,False,False,2,0,0,0,25.093799996901,0,C,2026-04-07,high,0,2
4,99.13114550227098,London,4,50.913938,hold_to_resolution|mixed_sell_and_resolution,False,False,3,0,0,0,151.359699993005,0,C,2026-04-07,high,1,4
1,5.4719999999999995,Moscow,1,32.504,mixed_sell_and_resolution,False,False,0,0,0,0,38.239999999999995,0,C,2026-04-07,high,1,1
1,27.729,Munich,1,-16.585126,mixed_sell_and_resolution,False,False,1,0,0,0,12.246,0,C,2026-04-07,high,0,1
1,18.826607999999855,Sao Paulo,1,-19.213687,hold_to_resolution,False,False,1,0,0,0,0.0,0,C,2026-04-07,high,0,1
2,17.231597160650374,Seoul,2,48.568020000000004,hold_to_resolution|mixed_sell_and_resolution,False,False,1,0,0,0,65.91599799825879,0,C,2026-04-07,high,1,2
1,3.8180377982596934,Shenzhen,1,-3.853574,hold_to_resolution,False,False,1,0,0,0,0.0,0,C,2026-04-07,high,0,1
2,145.81451167757243,Taipei,2,137.22864800000002,mixed_sell_and_resolution,False,False,0,1,0,0,286.9097789992501,0,C,2026-04-07,high,2,1
1,17.6135988,Wellington,1,65.694288,mixed_sell_and_resolution,False,False,0,1,0,0,83.61630000000001,0,C,2026-04-07,high,1,0
1,56.19816992644,Ankara,1,30.726711,mixed_sell_and_resolution,False,False,0,0,0,0,88.137,0,C,2026-04-08,high,1,1
4,27.593445852442766,Beijing,3,-17.685513,hold_to_resolution|no_public_exit_yet,True,False,3,0,-11.0572,1,0.0,0,C,2026-04-08,high,0,4
1,9.703925,Busan,0,0,no_public_exit_yet,True,False,0,0,-9.9119,1,0.0,0,C,2026-04-08,high,0,1
3,24.967011347365535,Dallas,2,-15.285466,hold_to_resolution|no_public_exit_yet,True,False,2,0,-10.5447,1,0.0,0,F,2026-04-08,high,0,3
2,55.15307,Hong Kong,2,42.814023,mixed_sell_and_resolution,False,False,1,0,0,0,98.14051,0,C,2026-04-08,high,1,2
2,24.177868799448458,London,1,134.295658,mixed_sell_and_resolution|no_public_exit_yet,True,False,0,0,-9.4925,1,149.29408799997742,0,C,2026-04-08,high,1,2
3,15.019720000000001,Los Angeles,2,31.861000000000004,mixed_sell_and_resolution|no_public_exit_yet,True,False,0,1,-4.0495,1,42.957,0,F,2026-04-08,high,2,2
2,17.566501879420528,Mexico City,0,0,no_public_exit_yet,True,False,0,1,-17.9879,2,0.0,0,C,2026-04-08,high,0,1
2,11.946990234569896,Munich,1,-1.22334,mixed_sell_and_resolution|no_public_exit_yet,True,False,1,0,-0.216,1,11.0304,0,C,2026-04-08,high,0,2
2,8.66761236,Sao Paulo,2,-8.589312000000001,hold_to_resolution,False,False,2,1,0,0,0.0,0,C,2026-04-08,high,0,1
2,32.104510000000005,Seoul,2,-23.759298,hold_to_resolution|mixed_sell_and_resolution,False,False,2,0,0,0,9.225,0,C,2026-04-08,high,0,2
1,3.9439900000000003,Taipei,1,16.908389,mixed_sell_and_resolution,False,False,0,0,0,0,21.058900004016003,0,C,2026-04-08,high,1,1
2,17.044459441858894,Atlanta,2,10.891616,mixed_sell_and_resolution,False,False,1,0,0,0,28.145200000000003,0,F,2026-04-09,high,1,2
3,25.510392518268688,Busan,3,46.882801,hold_to_resolution|mixed_sell_and_resolution,False,False,2,0,0,0,72.894739996199,0,C,2026-04-09,high,1,3
1,4.078566338,Istanbul,0,0,no_public_exit_yet,True,False,0,0,-4.2827,1,0.0,0,C,2026-04-09,high,0,1
3,70.36994915792623,Madrid,2,-20.256375,hold_to_resolution|mixed_sell_and_resolution|pre_resolution_sell,True,False,2,0,-5.5436,1,40.30159999999999,0,C,2026-04-09,high,0,3
3,10.879186000534,Moscow,1,17.583391,mixed_sell_and_resolution|no_public_exit_yet,True,False,0,0,-7.396,2,21.066399998892,0,C,2026-04-09,high,1,3
2,12.23271399999999,Munich,1,1.8,mixed_sell_and_resolution|no_public_exit_yet,True,False,0,0,-10.1327,1,3.9000000000000004,0,C,2026-04-09,high,1,2
1,0.9124519200000001,San Francisco,1,-0.933525,hold_to_resolution,False,False,1,0,0,0,0.0,0,F,2026-04-09,high,0,1
1,1.213396411669104,Seoul,0,0,no_public_exit_yet,True,False,0,0,-1.2774,1,0.0,0,C,2026-04-09,high,0,1
1,14.34330319999959,Shanghai,0,0,no_public_exit_yet,True,False,0,0,-14.73,1,0.0,0,C,2026-04-09,high,0,1
5,46.17846077944195,Beijing,3,192.072751,hold_to_resolution|mixed_sell_and_resolution|no_public_exit_yet,True,False,2,1,-18.9047,2,220.57553000167803,0,C,2026-04-10,high,1,4
5,53.06308626775117,Buenos Aires,5,110.31613200000001,hold_to_resolution|mixed_sell_and_resolution,False,False,3,2,0,0,164.70272,0,C,2026-04-10,high,2,3
1,8.754798371045847,Chongqing,1,26.078308,mixed_sell_and_resolution,False,False,0,0,0,0,35.187999999999995,0,C,2026-04-10,high,1,1
2,1.4921992799994401,Madrid,0,0,no_public_exit_yet,True,False,0,0,-1.509,2,0.0,0,C,2026-04-10,high,0,2
6,106.0782094786087,Moscow,6,24.186769,hold_to_resolution|mixed_sell_and_resolution,False,False,4,1,0,0,132.084679996208,0,C,2026-04-10,high,2,5
1,2.9993480000169144,Sao Paulo,0,0,no_public_exit_yet,True,False,0,0,-2.9993,1,0.0,0,C,2026-04-10,high,0,1
4,31.731225823085786,Seoul,4,19.012525000000004,hold_to_resolution|mixed_sell_and_resolution,False,False,3,0,0,0,52.01635000077601,0,C,2026-04-10,high,1,4
1,0.52725,Shanghai,1,0.53892,mixed_sell_and_resolution,False,False,0,0,0,0,1.07892,0,C,2026-04-10,high,1,1
1,0.9401600000000001,Shenzhen,0,0,no_public_exit_yet,True,False,0,0,-0.99,1,0.0,0,C,2026-04-10,high,0,1
1,7.40659959,Taipei,1,-7.578913,hold_to_resolution,False,False,1,0,0,0,0.0,0,C,2026-04-10,high,0,1
1,2.0105834579999997,Atlanta,0,0,no_public_exit_yet,True,False,0,0,-2.1167,1,0.0,0,F,2026-04-11,high,0,1
1,10.0,Beijing,0,0,no_public_exit_yet,True,False,0,0,-10.0,1,0.0,0,C,2026-04-11,high,0,1
1,10.0204305571301,Buenos Aires,1,-0.351791,mixed_sell_and_resolution,False,False,0,0,0,0,9.958600000184,0,C,2026-04-11,high,1,1
2,52.20460599985947,Busan,2,50.890596,hold_to_resolution|mixed_sell_and_resolution,False,False,1,0,0,0,103.094,0,C,2026-04-11,high,1,2
3,39.53496787996274,London,2,145.430094,mixed_sell_and_resolution|no_public_exit_yet,True,False,0,1,-2.6695,1,182.42600799929212,0,C,2026-04-11,high,2,2
2,7.30784503282,Milan,2,-7.728314,hold_to_resolution,False,False,2,1,0,0,0.0,0,C,2026-04-11,high,0,1
3,30.833907351321795,Panama City,2,-1.6773159999999994,mixed_sell_and_resolution|no_public_exit_yet,True,False,2,1,-8.1157,1,22.258000002000003,0,C,2026-04-11,high,0,2
1,4.790082205241528,San Francisco,1,-5.050217,hold_to_resolution,False,False,1,0,0,0,0.0,0,F,2026-04-11,high,0,1
1,13.0,Sao Paulo,1,-13.0,hold_to_resolution,False,False,1,0,0,0,0.0,0,C,2026-04-11,high,0,1
4,73.63398611475799,Seoul,2,-27.96539,hold_to_resolution|no_public_exit_yet|pre_resolution_sell,True,False,2,0,-15.4321,2,22.588399994186,0,C,2026-04-11,high,0,4
1,11.414044150510032,Shanghai,0,0,no_public_exit_yet,True,False,0,0,-11.8156,1,0.0,0,C,2026-04-11,high,0,1
2,55.126423599577436,Tokyo,2,35.128994999999996,hold_to_resolution|mixed_sell_and_resolution,False,False,1,0,0,0,90.82999600066692,0,C,2026-04-11,high,1,2
2,6.761517399928564,Amsterdam,2,8.809812,hold_to_resolution|mixed_sell_and_resolution,False,False,1,0,0,0,15.060499999694997,0,C,2026-04-12,high,1,2
4,15.497960472650345,Beijing,3,38.317364000000005,hold_to_resolution|mixed_sell_and_resolution|no_public_exit_yet,True,False,2,0,-4.7792,1,49.59049999901799,0,C,2026-04-12,high,1,4
4,59.99585746466253,Buenos Aires,4,71.59079299999999,hold_to_resolution|mixed_sell_and_resolution,False,False,2,2,0,0,132.9870940008073,0,C,2026-04-12,high,2,2
2,26.8543218,Cape Town,2,10.67265,hold_to_resolution|mixed_sell_and_resolution,False,False,0,1,0,0,8.0166,0,C,2026-04-12,high,2,1
2,10.233149999550067,Chongqing,2,90.85195,mixed_sell_and_resolution,False,False,0,1,0,0,101.08405,0,C,2026-04-12,high,2,1
1,2.5515,Helsinki,0,0,no_public_exit_yet,True,False,0,0,-2.6257,1,0.0,0,C,2026-04-12,high,0,1
4,49.88035654841214,London,4,-18.084892,hold_to_resolution|mixed_sell_and_resolution,False,False,2,2,0,0,23.478419987712,0,C,2026-04-12,high,2,2
1,2.813825973942846,Madrid,0,0,no_public_exit_yet,True,False,0,0,-2.963,1,0.0,0,C,2026-04-12,high,0,1
3,24.63849582541376,Milan,3,-25.272298,hold_to_resolution,False,False,3,1,0,0,0.0,0,C,2026-04-12,high,0,2
4,29.212051810946345,Moscow,4,-21.015437,hold_to_resolution|mixed_sell_and_resolution,False,False,3,1,0,0,8.58445999945,0,C,2026-04-12,high,1,3
3,15.459672515607679,Munich,3,73.95662,hold_to_resolution|mixed_sell_and_resolution,False,False,2,0,0,0,89.846,0,C,2026-04-12,high,1,3
3,16.760813995308204,New York City,3,88.169815,hold_to_resolution|mixed_sell_and_resolution,False,False,2,0,0,0,105.4205,0,F,2026-04-12,high,1,3
1,15.65,Paris,1,34.35,hold_to_resolution,False,False,0,1,0,0,0.0,0,C,2026-04-12,high,1,0
1,5.22,Sao Paulo,1,21.17,mixed_sell_and_resolution,False,False,0,0,0,0,26.39,0,C,2026-04-12,high,1,1
10,314.9782009039852,Seoul,10,106.28960599999998,hold_to_resolution|mixed_sell_and_resolution|transform_affected,False,True,8,2,0,0,380.83261501128544,2,C,2026-04-12,high,2,8
2,18.35600399844209,Shanghai,2,-5.9511330000000005,mixed_sell_and_resolution,False,False,2,0,0,0,12.47569999666,0,C,2026-04-12,high,0,2
2,9.766401541373934,Taipei,2,6.418923,hold_to_resolution|mixed_sell_and_resolution,False,False,2,0,0,0,16.518109996531003,0,C,2026-04-12,high,0,2
1,20.497428000677928,Tokyo,1,-2.4408109999999996,mixed_sell_and_resolution,False,False,1,0,0,0,18.055099997652,0,C,2026-04-12,high,0,1
3,80.6163436,Warsaw,3,54.352869,hold_to_resolution|mixed_sell_and_resolution,False,False,0,2,0,0,106.54396999959201,0,C,2026-04-12,high,3,1
2,13.998632001488366,Wellington,1,0.0,transform_affected,True,True,0,1,-7.0,1,13.997200000000001,2,C,2026-04-12,high,1,1
1,21.48464,Ankara,1,32.1436,mixed_sell_and_resolution,False,False,0,0,0,0,54.3116,0,C,2026-04-13,high,1,1
1,3.8283282800000005,Beijing,1,-4.027392,hold_to_resolution,False,False,1,1,0,0,0.0,0,C,2026-04-13,high,0,0
2,33.31093158433708,Buenos Aires,1,7.066106,mixed_sell_and_resolution|pre_resolution_sell,True,False,1,0,-1.9254,1,29.347450014672,0,C,2026-04-13,high,0,2
1,0.6214000000000001,Busan,0,0,no_public_exit_yet,True,False,0,0,-0.6214,1,0.0,0,C,2026-04-13,high,0,1
1,12.5,Cape Town,0,0,no_public_exit_yet,True,False,0,0,-12.5,1,0.0,0,C,2026-04-13,high,0,1
1,26.053256964987,Chongqing,1,36.286379,hold_to_resolution,False,False,0,1,0,0,0.0,0,C,2026-04-13,high,1,0
1,14.564612799294874,Istanbul,1,-4.061604,mixed_sell_and_resolution,False,False,1,0,0,0,10.652100003351,0,C,2026-04-13,high,0,1
2,52.5811676998384,London,2,110.67859,mixed_sell_and_resolution,False,False,1,0,0,0,165.55473400008435,0,C,2026-04-13,high,1,2
1,0.9795,Lucknow,0,0,no_public_exit_yet,True,False,0,0,-0.9795,1,0.0,0,C,2026-04-13,high,0,1
1,1.4384909999999551,Madrid,0,0,no_public_exit_yet,True,False,0,0,-1.4384,1,0.0,0,C,2026-04-13,high,0,1
2,67.85787246746506,Milan,2,33.00560099999999,hold_to_resolution|mixed_sell_and_resolution,False,False,1,0,0,0,102.2295,0,C,2026-04-13,high,1,2
1,4.999631,Moscow,1,0.667148,mixed_sell_and_resolution,False,False,1,0,0,0,5.666650000576,0,C,2026-04-13,high,0,1
4,262.850648533585,Seoul,4,63.226205,hold_to_resolution|mixed_sell_and_resolution,False,False,3,0,0,0,336.4143729976,0,C,2026-04-13,high,1,4
1,5.9159999999999995,Taipei,1,87.729622,mixed_sell_and_resolution,False,False,0,0,0,0,93.64399200028355,0,C,2026-04-13,high,1,1
1,10.766764245545712,Ankara,1,13.6963,mixed_sell_and_resolution,False,False,0,0,0,0,24.804,0,C,2026-04-14,high,1,1
1,17.74658791943948,Busan,1,-18.244127,hold_to_resolution,False,False,1,0,0,0,0.0,0,C,2026-04-14,high,0,1
2,46.77880274190221,Cape Town,2,-15.697979,hold_to_resolution|mixed_sell_and_resolution,False,False,2,0,0,0,33.044800000954,0,C,2026-04-14,high,0,2
1,42.66532297662122,Dallas,1,-9.153855,mixed_sell_and_resolution,False,False,1,0,0,0,34.61600000000001,0,F,2026-04-14,high,0,1
1,2.76643139705408,Helsinki,0,0,no_public_exit_yet,True,False,0,0,-2.8507,1,0.0,0,C,2026-04-14,high,0,1
2,23.850870486315046,Istanbul,1,99.79814,mixed_sell_and_resolution|no_public_exit_yet,True,False,0,0,-16.5681,1,107.88799800000002,0,C,2026-04-14,high,1,2
3,28.64745512112,London,2,25.468044999999996,mixed_sell_and_resolution|no_public_exit_yet,True,False,1,0,-3.098,1,51.952969998888,0,C,2026-04-14,high,1,3
2,64.61982988463421,Lucknow,2,-33.733359,mixed_sell_and_resolution,False,False,2,1,0,0,33.042700006415004,0,C,2026-04-14,high,0,1
1,22.858368000000002,Milan,1,0.0,mixed_sell_and_resolution,False,False,0,0,0,0,23.2832,0,C,2026-04-14,high,1,1
6,59.819674837237024,Moscow,6,-51.618905,hold_to_resolution|mixed_sell_and_resolution,False,False,6,1,0,0,10.56751000098,0,C,2026-04-14,high,0,5
1,2.3170048000000003,Panama City,1,1.10374,mixed_sell_and_resolution,False,False,0,0,0,0,3.45654,0,C,2026-04-14,high,1,1
3,89.84712425747362,Seoul,3,85.319026,mixed_sell_and_resolution,False,False,2,1,0,0,177.80789899506905,0,C,2026-04-14,high,1,2
1,31.3407872,Shanghai,1,-19.702665,mixed_sell_and_resolution,False,False,1,0,0,0,12.545299997839999,0,C,2026-04-14,high,0,1
1,18.747592639727614,Taipei,1,27.732055000000003,mixed_sell_and_resolution,False,False,0,0,0,0,47.062889999999996,0,C,2026-04-14,high,1,1
3,44.16263253885882,Tel Aviv,1,-27.361038,hold_to_resolution|no_public_exit_yet,True,False,1,0,-18.6928,2,0.0,0,C,2026-04-14,high,0,3
1,10.5,Warsaw,0,0,no_public_exit_yet,True,False,0,0,-10.5,1,0.0,0,C,2026-04-14,high,0,1
2,3.988359000296604,Busan,0,0,no_public_exit_yet,True,False,0,0,-4.0078000000000005,2,0.0,0,C,2026-04-15,high,0,2
2,40.995182089426564,Chicago,2,1.8304109999999998,mixed_sell_and_resolution,False,False,1,1,0,0,43.59439999832,0,F,2026-04-15,high,1,1
2,20.649755000607744,London,2,-4.149754,hold_to_resolution|mixed_sell_and_resolution,False,False,2,0,0,0,16.5,0,C,2026-04-15,high,0,2
2,2.7309160459609703,London,1,33.740661,hold_to_resolution|no_public_exit_yet,True,False,0,0,-2.3765,1,0.0,0,C,2026-04-15,low,1,2
2,8.371669705330445,Moscow,2,8.324851,mixed_sell_and_resolution,False,False,1,0,0,0,17.0881,0,C,2026-04-15,high,1,2
2,14.24889,New York City,2,-4.7546610000000005,mixed_sell_and_resolution,False,False,2,0,0,0,10.120640002833001,0,F,2026-04-15,high,0,2
1,2.0643542320144377,New York City,0,0,no_public_exit_yet,True,False,0,0,-2.1672,1,0.0,0,F,2026-04-15,low,0,1
2,30.30211169764,Sao Paulo,2,64.85964799999999,hold_to_resolution|mixed_sell_and_resolution,False,False,1,1,0,0,96.36354,0,C,2026-04-15,high,1,1
3,22.66853004396962,Seoul,2,-10.401267,hold_to_resolution|no_public_exit_yet,True,False,2,0,-13.398,1,0.0,0,C,2026-04-15,high,0,3
6,48.64855573486738,Seoul,4,-2.8167040000000005,hold_to_resolution|mixed_sell_and_resolution|no_public_exit_yet,True,False,3,0,-5.5053,2,41.178039997776,0,C,2026-04-15,low,1,6
1,5.999859,Tel Aviv,0,0,no_public_exit_yet,True,False,0,0,-5.9998,1,0.0,0,C,2026-04-15,high,0,1
3,42.87541149431844,Tokyo,3,-27.485968,hold_to_resolution|mixed_sell_and_resolution,False,False,2,1,0,0,17.0368,0,C,2026-04-15,high,1,2
3,17.983242725000004,Tokyo,1,83.908,mixed_sell_and_resolution|no_public_exit_yet,True,False,0,0,-12.2345,2,90.5825,0,C,2026-04-15,low,1,3
2,73.38440688793393,Ankara,2,-50.602785,mixed_sell_and_resolution,False,False,2,1,0,0,26.844200007372002,0,C,2026-04-16,high,0,1
3,112.78910380462308,Buenos Aires,3,-36.447394,mixed_sell_and_resolution,False,False,1,1,0,0,78.361000003465,0,C,2026-04-16,high,2,2
2,18.962936,Chongqing,2,-19.929972,hold_to_resolution,False,False,2,1,0,0,0.0,0,C,2026-04-16,high,0,1
1,6.21248,Helsinki,1,-0.282064,mixed_sell_and_resolution,False,False,1,0,0,0,6.224200002384001,0,C,2026-04-16,high,0,1
2,19.30314709060588,Istanbul,2,-7.987245,mixed_sell_and_resolution,False,False,2,1,0,0,12.111600000274,0,C,2026-04-16,high,0,1
1,1.1901258,Karachi,0,0,no_public_exit_yet,True,False,0,0,-1.2091,1,0.0,0,C,2026-04-16,high,0,1
2,23.68344992,Lagos,2,-24.511089,hold_to_resolution,False,False,2,0,0,0,0.0,0,C,2026-04-16,high,0,2
5,108.84080642268853,London,4,71.812901,hold_to_resolution|mixed_sell_and_resolution|no_public_exit_yet,True,False,2,2,-1.1641,1,182.9298989968556,0,C,2026-04-16,high,2,3
2,59.76183276237775,Madrid,2,93.188962,mixed_sell_and_resolution,False,False,0,1,0,0,154.23421599956924,0,C,2026-04-16,high,2,1
3,8.135037396567318,Moscow,2,-2.4761540000000006,hold_to_resolution|mixed_sell_and_resolution|no_public_exit_yet,True,False,2,0,-3.5125,1,2.50809,0,C,2026-04-16,high,0,3
1,16.96491433987797,New York City,1,-17.678727,hold_to_resolution,False,False,1,0,0,0,0.0,0,F,2026-04-16,high,0,1
7,91.13808702406341,Paris,7,29.140816,hold_to_resolution|mixed_sell_and_resolution,False,False,5,2,0,0,121.70075800000083,0,C,2026-04-16,high,2,5
3,80.24810677566173,Sao Paulo,3,-32.112625,mixed_sell_and_resolution|transform_affected,False,True,2,1,0,0,40.572509997018,2,C,2026-04-16,high,1,2
1,30.414786717434723,Seoul,1,36.683358,mixed_sell_and_resolution,False,False,0,0,0,0,67.96379999999999,0,C,2026-04-16,high,1,1
3,58.511367919597426,Wuhan,2,205.23018100000002,mixed_sell_and_resolution|no_public_exit_yet,True,False,0,1,-2.6648,1,261.61095999907997,0,C,2026-04-16,high,2,2
1,10.845770801683578,Amsterdam,1,-11.263117,mixed_sell_and_resolution,False,False,1,0,0,0,0.1146,0,C,2026-04-17,high,0,1
1,39.953180717315966,Ankara,1,-25.116551,mixed_sell_and_resolution,False,False,1,0,0,0,16.000299999794997,0,C,2026-04-17,high,0,1
3,89.89329399989853,Beijing,3,-81.941662,hold_to_resolution|mixed_sell_and_resolution,False,False,3,1,0,0,8.50450000089,0,C,2026-04-17,high,0,2
2,38.374497855408,Buenos Aires,2,-30.114067,hold_to_resolution|mixed_sell_and_resolution,False,False,2,0,0,0,10.133300007684001,0,C,2026-04-17,high,0,2
1,21.2625,Chongqing,1,0.0,mixed_sell_and_resolution,False,False,1,1,0,0,21.879,0,C,2026-04-17,high,0,0
2,38.1954180029031,London,2,-30.983501999999998,mixed_sell_and_resolution,False,False,2,0,0,0,8.663139999268,0,C,2026-04-17,high,0,2
1,0.27045,Los Angeles,0,0,no_public_exit_yet,True,False,0,0,-0.2852,1,0.0,0,F,2026-04-17,high,0,1
2,34.407855444267355,Madrid,2,-29.4699,mixed_sell_and_resolution,False,False,2,1,0,0,6.3807,0,C,2026-04-17,high,0,1
1,6.3215809,Miami,0,0,no_public_exit_yet,True,False,0,0,-6.6457,1,0.0,0,F,2026-04-17,high,0,1
2,23.1902632,Munich,2,-13.964744999999999,mixed_sell_and_resolution,False,False,2,1,0,0,10.384840005794,0,C,2026-04-17,high,0,1
2,193.64631856994123,New York City,2,-168.500252,mixed_sell_and_resolution,False,False,2,1,0,0,28.490500006294997,0,F,2026-04-17,high,0,1
2,9.800957799999999,Sao Paulo,2,-10.269103,hold_to_resolution,False,False,2,1,0,0,0.0,0,C,2026-04-17,high,0,1
5,181.58240468575875,Tel Aviv,3,5.263932999999997,mixed_sell_and_resolution|pre_resolution_sell,True,False,2,1,-10.8498,2,178.512309998548,0,C,2026-04-17,high,1,4
4,91.14239297993913,Tokyo,3,-12.063074000000002,mixed_sell_and_resolution|no_public_exit_yet,True,False,3,1,-10.766,1,70.832360000255,0,C,2026-04-17,high,0,3
2,44.730823620947874,Wellington,1,44.636679,mixed_sell_and_resolution|no_public_exit_yet,True,False,0,0,-9.4545,1,81.432,0,C,2026-04-17,high,1,2
2,17.467531999999984,Wuhan,2,-7.226100000000001,mixed_sell_and_resolution,False,False,2,1,0,0,10.27758001,0,C,2026-04-17,high,0,1
2,3.128310033063844,Amsterdam,2,-3.205362,hold_to_resolution,False,False,2,0,0,0,0.0,0,C,2026-04-18,high,0,2
1,13.194203220000002,Ankara,1,-3.692104,mixed_sell_and_resolution,False,False,1,0,0,0,10.173970005012,0,C,2026-04-18,high,0,1
1,12.991077000404106,Beijing,1,-12.990847,hold_to_resolution,False,False,1,0,0,0,0.0,0,C,2026-04-18,high,0,1
4,152.37465660600617,Buenos Aires,4,209.839471,hold_to_resolution|mixed_sell_and_resolution,False,False,2,1,0,0,365.5664340012718,0,C,2026-04-18,high,2,3
1,15.99878,Busan,0,0,no_public_exit_yet,True,False,0,0,-15.9987,1,0.0,0,C,2026-04-18,high,0,1
1,4.300000000000001,Chengdu,1,-3.984,mixed_sell_and_resolution,False,False,1,0,0,0,0.31593999,0,C,2026-04-18,high,0,1
3,88.68862375544458,Chongqing,3,71.37254899999999,hold_to_resolution|transform_affected,False,True,1,2,0,0,80.22859,2,C,2026-04-18,high,2,1
3,45.84084000002292,London,2,6.732477,mixed_sell_and_resolution|pre_resolution_sell,True,False,1,1,-0.1,1,53.5013989976638,0,C,2026-04-18,high,1,2
2,18.398322,Madrid,2,39.922547,mixed_sell_and_resolution,False,False,1,0,0,0,58.749600011906,0,C,2026-04-18,high,1,2
3,13.42983328,Milan,3,-13.447716,hold_to_resolution,False,False,3,1,0,0,0.0,0,C,2026-04-18,high,0,2
3,140.62631978371775,Munich,3,9.13592,mixed_sell_and_resolution,False,False,2,1,0,0,104.080879999698,0,C,2026-04-18,high,1,2
8,158.94810946980724,New York City,8,-74.135332,hold_to_resolution|mixed_sell_and_resolution,False,False,7,2,0,0,89.31842999567101,0,F,2026-04-18,high,1,6
2,36.95608132181478,Paris,2,9.035762,hold_to_resolution|mixed_sell_and_resolution,False,False,1,1,0,0,4.417339997819999,0,C,2026-04-18,high,1,1
3,27.939368710343608,Sao Paulo,2,123.99611599999999,hold_to_resolution|mixed_sell_and_resolution|no_public_exit_yet,True,False,1,0,-0.0322,1,152.2945,0,C,2026-04-18,high,1,3
1,66.0,Seoul,1,33.9,mixed_sell_and_resolution,False,False,0,0,0,0,99.9,0,C,2026-04-18,high,1,1
1,12.999774999999941,Taipei,0,0,no_public_exit_yet,True,False,0,0,-12.9997,1,0.0,0,C,2026-04-18,high,0,1
3,7.182821000000001,Toronto,1,29.811058,mixed_sell_and_resolution|no_public_exit_yet,True,False,1,0,-5.1706,2,32.192099999618,0,C,2026-04-18,high,0,3
3,3.6986982070332397,Wuhan,1,-1.190529,hold_to_resolution|no_public_exit_yet,True,False,1,1,-2.5225,2,0.0,0,C,2026-04-18,high,0,2
1,2.8213360000000005,Ankara,0,0,no_public_exit_yet,True,False,0,0,-2.8213,1,0.0,0,C,2026-04-19,high,0,1
2,0.7106744,Beijing,2,-0.732298,hold_to_resolution,False,False,2,1,0,0,0.0,0,C,2026-04-19,high,0,1
3,89.31241818705102,Buenos Aires,3,85.491934,hold_to_resolution|mixed_sell_and_resolution,False,False,2,0,0,0,178.64501400043366,0,C,2026-04-19,high,1,3
3,4.426420285563784,Busan,3,1.4011200000000001,mixed_sell_and_resolution,False,False,3,1,0,0,6.054860017683,0,C,2026-04-19,high,0,2
3,21.094136634045967,Chongqing,2,-7.414244000000001,hold_to_resolution|no_public_exit_yet,True,False,2,1,-14.597,1,0.0,0,C,2026-04-19,high,0,2
2,6.844508560011603,Dallas,1,-4.054962,hold_to_resolution|no_public_exit_yet,True,False,1,0,-2.9998,1,0.0,0,F,2026-04-19,high,0,2
1,5.8216391681481845,Istanbul,1,-4.879969,mixed_sell_and_resolution,False,False,1,0,0,0,1.1168,0,C,2026-04-19,high,0,1
3,17.923687,London,1,-0.8478789999999999,mixed_sell_and_resolution|no_public_exit_yet|pre_resolution_sell,True,False,0,2,-5.934900000000001,2,11.17553000072,0,C,2026-04-19,high,1,1
2,9.429554999923027,Madrid,0,0,no_public_exit_yet,True,False,0,1,-9.4643,2,0.0,0,C,2026-04-19,high,0,1
2,5.956175757110934,Milan,2,23.766025,hold_to_resolution|mixed_sell_and_resolution,False,False,2,1,0,0,29.963000003503996,0,C,2026-04-19,high,0,1
3,16.830985399148926,Moscow,1,78.01244,mixed_sell_and_resolution|no_public_exit_yet,True,False,0,1,-12.1521,2,83.012500003,0,C,2026-04-19,high,1,2
3,25.668460854934132,Munich,2,15.621079000000002,hold_to_resolution|mixed_sell_and_resolution|no_public_exit_yet,True,False,1,0,-2.8055,1,39.18956,0,C,2026-04-19,high,1,3
2,34.93474499999998,Paris,1,38.697728000000005,mixed_sell_and_resolution|no_public_exit_yet,True,False,0,0,-8.3351,1,66.85950000325,0,C,2026-04-19,high,1,2
2,16.263118050442202,Sao Paulo,2,-16.716575999999996,hold_to_resolution,False,False,2,0,0,0,0.0,0,C,2026-04-19,high,0,2
5,50.8840505,Seoul,3,-31.505822000000002,hold_to_resolution|no_public_exit_yet,True,False,3,0,-20.3897,2,0.0,0,C,2026-04-19,high,0,5
1,9.981436,Taipei,0,0,no_public_exit_yet,True,False,0,1,-10.4071,1,0.0,0,C,2026-04-19,high,0,0
1,3.7968,Tokyo,0,0,no_public_exit_yet,True,False,0,1,-3.9984,1,0.0,0,C,2026-04-19,high,0,0
1,3.3842976,Warsaw,1,2.616271,mixed_sell_and_resolution,False,False,1,0,0,0,6.171479999168,0,C,2026-04-19,high,0,1
2,16.170019,Wuhan,0,0,no_public_exit_yet,True,False,0,1,-16.7654,2,0.0,0,C,2026-04-19,high,0,1
3,81.60926548910584,Ankara,3,66.467931,hold_to_resolution|mixed_sell_and_resolution,False,False,1,2,0,0,126.29799800068767,0,C,2026-04-20,high,2,1
5,34.387277762926985,Beijing,5,32.981159,hold_to_resolution|mixed_sell_and_resolution,False,False,3,2,0,0,17.608779999848004,0,C,2026-04-20,high,2,3
4,56.37672734887167,Buenos Aires,4,180.952091,mixed_sell_and_resolution,False,False,3,0,0,0,240.534443001669,0,C,2026-04-20,high,1,4
1,1.2,Chongqing,1,-1.2,hold_to_resolution,False,False,1,1,0,0,0.0,0,C,2026-04-20,high,0,0
3,36.99533695800691,Dallas,2,12.038616999999999,mixed_sell_and_resolution|no_public_exit_yet,True,False,2,1,-2.5874,1,47.475000003302,0,F,2026-04-20,high,0,2
1,4.74498,Houston,0,0,no_public_exit_yet,True,False,0,0,-4.9824,1,0.0,0,F,2026-04-20,high,0,1
1,56.99668499989502,Istanbul,1,42.997463,hold_to_resolution,False,False,0,0,0,0,0.0,0,C,2026-04-20,high,1,1
1,10.081148,London,0,0,no_public_exit_yet,True,False,0,0,-10.5075,1,0.0,0,C,2026-04-20,high,0,1
1,3.6,Madrid,0,0,pre_resolution_sell,True,False,0,1,-1.5,1,1.5,0,C,2026-04-20,high,0,0
1,8.503899804515807,Moscow,1,-8.59717,hold_to_resolution,False,False,1,0,0,0,0.0,0,C,2026-04-20,high,0,1
3,23.38638919219452,Munich,2,-17.361682000000002,hold_to_resolution|no_public_exit_yet,True,False,2,1,-7.1983,1,0.0,0,C,2026-04-20,high,0,2
1,18.3854879349729,Paris,1,-8.931089,mixed_sell_and_resolution,False,False,1,0,0,0,9.925599999704,0,C,2026-04-20,high,0,1
1,1.517833,San Francisco,0,0,no_public_exit_yet,True,False,0,0,-1.5178,1,0.0,0,F,2026-04-20,high,0,1
2,16.241907652129882,Sao Paulo,1,-16.467303,hold_to_resolution|no_public_exit_yet,True,False,1,0,-0.5712,1,0.0,0,C,2026-04-20,high,0,2
2,20.681928637903194,Seoul,2,-20.914892,hold_to_resolution,False,False,2,0,0,0,0.0,0,C,2026-04-20,high,0,2
1,6.0915904,Tel Aviv,1,-6.400192,hold_to_resolution,False,False,1,0,0,0,0.0,0,C,2026-04-20,high,0,1
1,20.141550000000002,Tokyo,1,29.577457,mixed_sell_and_resolution,False,False,0,0,0,0,50.372299999944005,0,C,2026-04-20,high,1,1
3,11.1690308,Warsaw,2,6.1095,mixed_sell_and_resolution|no_public_exit_yet,True,False,2,1,-0.06,1,17.7716,0,C,2026-04-20,high,0,2
1,4.2501664,Wuhan,1,-1.9399549999999999,mixed_sell_and_resolution,False,False,1,1,0,0,2.524899997922,0,C,2026-04-20,high,0,0
3,53.0163342,Ankara,3,-9.851113,hold_to_resolution|mixed_sell_and_resolution,False,False,2,1,0,0,43.928100006152,0,C,2026-04-21,high,1,2
1,2.4999610000000003,Atlanta,0,0,no_public_exit_yet,True,False,0,0,-2.4999,1,0.0,0,F,2026-04-21,high,0,1
6,106.23432636454343,Buenos Aires,5,137.134213,hold_to_resolution|mixed_sell_and_resolution|no_public_exit_yet,True,False,3,1,-13.2152,1,233.34998999803503,0,C,2026-04-21,high,2,5
2,6.606892000306903,Busan,1,-3.107721,hold_to_resolution|no_public_exit_yet,True,False,1,0,-3.4991,1,0.0,0,C,2026-04-21,high,0,2
3,26.768283224176784,Chengdu,3,20.456393,hold_to_resolution|mixed_sell_and_resolution,False,False,2,0,0,0,48.432895999978136,0,C,2026-04-21,high,1,3
1,6.41477173623962,Dallas,1,-2.819227,mixed_sell_and_resolution,False,False,1,1,0,0,3.860060000335,0,F,2026-04-21,high,0,0
1,3.3027498,Helsinki,1,0.014979,mixed_sell_and_resolution,False,False,1,0,0,0,3.48700000224,0,C,2026-04-21,high,0,1
1,3.5,Houston,1,-3.5,hold_to_resolution,False,False,1,0,0,0,0.0,0,F,2026-04-21,high,0,1
2,3.49137726,London,1,-0.540435,hold_to_resolution|no_public_exit_yet,True,False,1,0,-3.009,1,0.0,0,C,2026-04-21,high,0,2
4,193.90428735350054,Madrid,3,-97.003212,mixed_sell_and_resolution|no_public_exit_yet,True,False,3,1,-23.6874,1,78.17819999382701,0,C,2026-04-21,high,0,3
2,12.60365,Moscow,2,-9.19055,mixed_sell_and_resolution,False,False,2,0,0,0,3.4130000000000003,0,C,2026-04-21,high,0,2
3,12.525758423320616,Munich,2,-3.9920480000000005,hold_to_resolution|no_public_exit_yet,True,False,2,0,-9.0303,1,0.0,0,C,2026-04-21,high,0,3
2,1.2279115600000001,Panama City,1,-1.195319,hold_to_resolution|no_public_exit_yet,True,False,1,1,-0.0998,1,0.0,0,C,2026-04-21,high,0,1
1,14.03315099912,Paris,1,6.975502,mixed_sell_and_resolution,False,False,0,0,0,0,21.534100001275,0,C,2026-04-21,high,1,1
1,17.772052944416235,Sao Paulo,0,0,no_public_exit_yet,True,False,0,0,-18.4532,1,0.0,0,C,2026-04-21,high,0,1
1,4.1000000000000005,Seattle,1,-4.1,hold_to_resolution,False,False,1,0,0,0,0.0,0,F,2026-04-21,high,0,1
5,26.649225717204477,Seoul,4,-6.972558,hold_to_resolution|mixed_sell_and_resolution|no_public_exit_yet,True,False,3,0,-7.5107,1,12.669479999752,0,C,2026-04-21,high,1,5
2,16.00625386830368,Shanghai,1,-1.403784,mixed_sell_and_resolution|no_public_exit_yet,True,False,1,1,-5.5245,1,9.839499998652002,0,C,2026-04-21,high,0,1
3,11.2756432,Tel Aviv,0,0,no_public_exit_yet,True,False,0,1,-11.7648,3,0.0,0,C,2026-04-21,high,0,2
3,7.605016300021143,Warsaw,1,-6.67082,hold_to_resolution|no_public_exit_yet,True,False,1,1,-1.1549,2,0.0,0,C,2026-04-21,high,0,2
2,19.185802107058656,Wuhan,1,-0.557143,mixed_sell_and_resolution|no_public_exit_yet,True,False,1,1,-5.2061,1,13.8723999992,0,C,2026-04-21,high,0,1
3,17.76263791184085,Buenos Aires,3,-5.53259,hold_to_resolution|mixed_sell_and_resolution,False,False,3,0,0,0,12.892139990941999,0,C,2026-04-22,high,0,3
4,25.157788119886508,Busan,4,86.722649,hold_to_resolution|mixed_sell_and_resolution,False,False,3,0,0,0,111.906,0,C,2026-04-22,high,1,4
1,2.0500000000000003,Chengdu,0,0,no_public_exit_yet,True,False,0,0,-2.05,1,0.0,0,C,2026-04-22,high,0,1
1,19.25093274012,Hong Kong,1,-1.416492,mixed_sell_and_resolution,False,False,1,0,0,0,18.4376,0,C,2026-04-22,high,0,1
1,4.0,Moscow,0,0,no_public_exit_yet,True,False,0,0,-4.0,1,0.0,0,C,2026-04-22,high,0,1
1,7.5,Munich,0,0,no_public_exit_yet,True,False,0,0,-7.5,1,0.0,0,C,2026-04-22,high,0,1
1,0.77,New York City,0,0,no_public_exit_yet,True,False,0,1,-0.77,1,0.0,0,F,2026-04-22,low,0,0
1,8.26963000041998,Paris,0,0,no_public_exit_yet,True,False,0,0,-8.2696,1,0.0,0,C,2026-04-22,high,0,1
6,156.1089270827083,Seoul,6,-18.680099,hold_to_resolution|mixed_sell_and_resolution,False,False,5,0,0,0,141.359190007125,0,C,2026-04-22,high,1,6
4,158.78553819764667,Shenzhen,4,23.695589999999996,hold_to_resolution|mixed_sell_and_resolution,False,False,3,0,0,0,186.209199999553,0,C,2026-04-22,high,1,4
1,3.0534079992128547,Taipei,0,0,no_public_exit_yet,True,False,0,0,-3.0534,1,0.0,0,C,2026-04-22,high,0,1
1,4.71209,Tokyo,1,-4.954989,hold_to_resolution,False,False,1,0,0,0,0.0,0,C,2026-04-22,high,0,1
3,21.966584778732745,Ankara,2,0.2225299999999999,hold_to_resolution|mixed_sell_and_resolution|no_public_exit_yet,True,False,2,0,-8.5485,1,14.486550002352999,0,C,2026-04-23,high,0,3
2,13.48734762817234,Beijing,1,-6.849883999999999,hold_to_resolution|no_public_exit_yet,True,False,1,0,-6.9934,1,0.0,0,C,2026-04-23,high,0,2
4,184.3992396645682,Buenos Aires,4,250.002807,hold_to_resolution|mixed_sell_and_resolution,False,False,2,1,0,0,438.0307190056997,0,C,2026-04-23,high,2,3
7,41.443290372244036,Busan,6,2.6167430000000023,hold_to_resolution|mixed_sell_and_resolution|pre_resolution_sell,True,False,5,1,-6.1195,1,62.581798003140555,0,C,2026-04-23,high,1,6
1,4.0014,Hong Kong,0,0,no_public_exit_yet,True,False,0,0,-4.0014,1,0.0,0,C,2026-04-23,high,0,1
1,0.2773850000433889,Lagos,1,-0.125655,mixed_sell_and_resolution,False,False,1,0,0,0,0.15164999911799998,0,C,2026-04-23,high,0,1
1,7.5992249991698015,London,1,0.864127,mixed_sell_and_resolution,False,False,1,0,0,0,8.462630000427,0,C,2026-04-23,high,0,1
3,50.5915832,Moscow,2,1.640903999999999,hold_to_resolution|no_public_exit_yet,True,False,1,1,-15.6467,1,0.0,0,C,2026-04-23,high,1,2
2,18.415526999999997,Munich,1,-10.915495,hold_to_resolution|no_public_exit_yet,True,False,1,1,-7.5,1,0.0,0,C,2026-04-23,high,0,1
2,15.391689069243169,Sao Paulo,2,-1.901239,mixed_sell_and_resolution,False,False,2,0,0,0,14.219699999051,0,C,2026-04-23,high,0,2
2,59.5077,Seoul,2,-0.7251029999999999,hold_to_resolution|mixed_sell_and_resolution,False,False,1,1,0,0,59.274499999250004,0,C,2026-04-23,high,1,1
3,13.59728608,Wuhan,2,-6.623005,hold_to_resolution|no_public_exit_yet,True,False,2,1,-7.6206,1,0.0,0,C,2026-04-23,high,0,2
1,12.661299999999999,Ankara,1,97.96554,mixed_sell_and_resolution,False,False,0,0,0,0,110.7415,0,C,2026-04-24,high,1,1
2,67.75752621905279,Buenos Aires,2,-3.276678999999999,mixed_sell_and_resolution,False,False,2,0,0,0,67.394330012648,0,C,2026-04-24,high,0,2
2,26.9404648950355,Istanbul,2,25.477786000000002,hold_to_resolution|mixed_sell_and_resolution,False,False,1,0,0,0,53.504999999999995,0,C,2026-04-24,high,1,2
2,16.72836548441674,London,2,-4.867851,mixed_sell_and_resolution,False,False,2,0,0,0,12.446469997329999,0,C,2026-04-24,high,0,2
1,3.18094672,Lucknow,1,-3.357273,hold_to_resolution,False,False,1,1,0,0,0.0,0,C,2026-04-24,high,0,0
1,13.944802323900696,New York City,1,-1.575684,mixed_sell_and_resolution,False,False,1,0,0,0,12.935719997900001,0,F,2026-04-24,high,0,1
1,0.70257,Sao Paulo,0,0,no_public_exit_yet,True,False,0,0,-0.7025,1,0.0,0,C,2026-04-24,high,0,1
1,110.00000000000001,Seoul,1,89.999995,hold_to_resolution,False,False,0,0,0,0,0.0,0,C,2026-04-24,high,1,1
2,21.3745,Beijing,1,-19.1,hold_to_resolution|no_public_exit_yet,True,False,1,0,-3.3372,1,0.0,0,C,2026-04-25,high,0,2
4,56.085709004406354,Buenos Aires,4,-20.268016,mixed_sell_and_resolution,False,False,4,1,0,0,38.03273999796,0,C,2026-04-25,high,0,3
1,24.094526566600766,Busan,1,3.908212,mixed_sell_and_resolution,False,False,0,1,0,0,28.1754,0,C,2026-04-25,high,1,0
2,24.721861944830085,Hong Kong,2,-22.637715,mixed_sell_and_resolution,False,False,2,1,0,0,2.4945500000000003,0,C,2026-04-25,high,0,1
2,36.7162584,Hong Kong,2,19.8746,mixed_sell_and_resolution,False,False,0,1,0,0,57.2502,0,C,2026-04-25,low,2,1
4,56.47723979080132,Istanbul,3,-25.839378,hold_to_resolution|mixed_sell_and_resolution|pre_resolution_sell,True,False,3,1,-11.7478,1,30.631180008197997,0,C,2026-04-25,high,0,3
2,22.07856897236826,London,2,-10.657745,hold_to_resolution|mixed_sell_and_resolution,False,False,1,1,0,0,11.961599999999999,0,C,2026-04-25,high,1,1
1,7.234,Sao Paulo,1,-7.616,hold_to_resolution,False,False,1,1,0,0,0.0,0,C,2026-04-25,high,0,0
2,117.34809393034394,Seoul,2,138.165207,mixed_sell_and_resolution,False,False,0,1,0,0,256.46338199181446,0,C,2026-04-25,high,2,1
1,15.673684312203001,Seoul,1,-0.806431,mixed_sell_and_resolution,False,False,1,0,0,0,15.464399997262,0,C,2026-04-25,low,0,1
3,40.77732791083941,Shenzhen,2,79.019663,hold_to_resolution|no_public_exit_yet,True,False,0,1,-3.9179,1,0.0,0,C,2026-04-25,high,2,2
2,24.210707503925747,Tokyo,2,-20.498269,hold_to_resolution|mixed_sell_and_resolution,False,False,2,0,0,0,4.724999000610344,0,C,2026-04-25,high,0,2
1,11.963582711948032,Wellington,1,15.045401000000002,mixed_sell_and_resolution,False,False,0,0,0,0,27.372799999999998,0,C,2026-04-25,high,1,1
1,4.861895230046,Hong Kong,1,-5.117095,hold_to_resolution,False,False,1,0,0,0,0.0,0,C,2026-04-26,high,0,1
1,1.09433499927835,Hong Kong,1,-0.766359,mixed_sell_and_resolution,False,False,1,0,0,0,0.32770000000000005,0,C,2026-04-26,low,0,1
1,7.602153124999999,London,1,-1.447358,mixed_sell_and_resolution,False,False,0,0,0,0,6.527999997117,0,C,2026-04-26,high,1,1
2,5.6463104,Sao Paulo,0,0,no_public_exit_yet|pre_resolution_sell,True,False,0,1,-4.5705,2,1.5,0,C,2026-04-26,high,0,1
1,16.0624308431126,Seoul,1,141.360075,hold_to_resolution,False,False,0,0,0,0,0.0,0,C,2026-04-26,low,1,1
4,225.2070273477134,Shenzhen,3,-6.933842,mixed_sell_and_resolution|pre_resolution_sell,True,False,3,1,-1.5551,1,206.06720001306502,0,C,2026-04-26,high,0,3
1,3.5999319980366105,Taipei,1,-3.599931,hold_to_resolution,False,False,1,0,0,0,0.0,0,C,2026-04-26,high,0,1
1,0.28332799999999997,Tel Aviv,1,0.0,hold_to_resolution,False,False,1,0,0,0,0.0,0,C,2026-04-26,high,0,1
1,11.9046796,Tokyo,0,0,no_public_exit_yet,True,False,0,0,-12.4082,1,0.0,0,C,2026-04-26,high,0,1
2,66.20344728,Warsaw,1,-0.317031,mixed_sell_and_resolution|pre_resolution_sell,True,False,1,0,-16.3528,1,52.492200000000004,0,C,2026-04-26,high,0,2
1,43.99847599999959,Ankara,1,-21.271936,mixed_sell_and_resolution,False,False,1,0,0,0,22.725900008182002,0,C,2026-04-27,high,0,1
4,13.448915485284816,Beijing,2,248.782904,mixed_sell_and_resolution|no_public_exit_yet,True,False,1,0,-3.1571,2,259.4954010016902,0,C,2026-04-27,high,1,4
2,10.199597002439244,Busan,0,0,no_public_exit_yet,True,False,0,0,-10.1995,2,0.0,0,C,2026-04-27,high,0,2
2,42.30460380074638,London,0,0,no_public_exit_yet,True,False,0,0,-43.2552,2,0.0,0,C,2026-04-27,high,0,2
1,54.456889001384916,Milan,1,0.981166,mixed_sell_and_resolution,False,False,0,0,0,0,55.435900001614996,0,C,2026-04-27,high,1,1
1,8.987756637526239,Moscow,1,40.385473999999995,mixed_sell_and_resolution,False,False,0,0,0,0,49.77026,0,C,2026-04-27,high,1,1
1,9.77816,Munich,1,30.088799999999996,mixed_sell_and_resolution,False,False,1,0,0,0,40.2975,0,C,2026-04-27,high,0,1
2,14.193941763959636,Sao Paulo,0,0,no_public_exit_yet,True,False,0,0,-14.6677,2,0.0,0,C,2026-04-27,high,0,2
1,19.111804730232897,Seoul,1,8.451236,mixed_sell_and_resolution,False,False,0,0,0,0,27.9093,0,C,2026-04-27,low,1,1
2,51.04279199084979,Shenzhen,2,40.394174,mixed_sell_and_resolution,False,False,1,0,0,0,93.396069997946,0,C,2026-04-27,high,1,2
2,27.85536493029595,Taipei,2,-0.559376,mixed_sell_and_resolution,False,False,1,0,0,0,27.498199998719997,0,C,2026-04-27,high,1,2
1,27.071182956073883,Tokyo,1,-11.280356,mixed_sell_and_resolution,False,False,1,0,0,0,17.827469997900003,0,C,2026-04-27,high,0,1
2,20.07154195909949,Beijing,0,0,no_public_exit_yet|pre_resolution_sell,True,False,0,1,-5.3375,2,9.266399999999999,0,C,2026-04-28,high,0,1
2,134.9468502093349,Buenos Aires,1,10.03857,mixed_sell_and_resolution|pre_resolution_sell,True,False,1,0,-15.8445,1,121.55646999800001,0,C,2026-04-28,high,0,2
2,21.447294327333783,Busan,0,0,no_public_exit_yet,True,False,0,0,-21.6618,2,0.0,0,C,2026-04-28,high,0,2
1,20.98956052546223,Istanbul,0,0,no_public_exit_yet,True,False,0,0,-21.6109,1,0.0,0,C,2026-04-28,high,0,1
1,6.711370321486401,Lucknow,0,0,no_public_exit_yet,True,False,0,0,-7.0356,1,0.0,0,C,2026-04-28,high,0,1
2,8.3155861,Munich,0,0,no_public_exit_yet,True,False,0,0,-8.6784,2,0.0,0,C,2026-04-28,high,0,2
4,49.61978888356815,Paris,1,137.056156,mixed_sell_and_resolution|no_public_exit_yet,True,False,0,1,-16.3248,3,172.03580000000002,0,C,2026-04-28,high,1,3
3,47.115283250277955,Sao Paulo,1,56.622906,mixed_sell_and_resolution|no_public_exit_yet,True,False,0,0,-33.8521,2,70.479,0,C,2026-04-28,high,1,3
3,62.89781093258459,Seoul,2,78.21041699999999,mixed_sell_and_resolution|no_public_exit_yet,True,False,1,0,-5.5718,1,138.12926799588573,0,C,2026-04-28,high,1,3
4,34.384651929104514,Seoul,1,0.599979,mixed_sell_and_resolution|no_public_exit_yet,True,False,1,1,-9.0962,3,27.9393000003,0,C,2026-04-28,low,0,3
1,5.179482785721324,Shenzhen,0,0,no_public_exit_yet,True,False,0,0,-5.3997,1,0.0,0,C,2026-04-28,high,0,1
1,2.251237430474496,Tokyo,0,0,no_public_exit_yet,True,False,0,0,-2.3688,1,0.0,0,C,2026-04-28,high,0,1
3,62.166792741624,Buenos Aires,1,7.812191,mixed_sell_and_resolution|no_public_exit_yet|pre_resolution_sell,True,False,0,1,-10.6527,2,59.892999995444,0,C,2026-04-29,high,1,2
1,6.953800000000001,Busan,0,0,no_public_exit_yet,True,False,0,1,-6.9538,1,0.0,0,C,2026-04-29,high,0,0
1,17.998857999878027,Hong Kong,1,70.9929,mixed_sell_and_resolution,False,False,1,0,0,0,88.9911,0,C,2026-04-29,high,0,1
1,1.3,London,0,0,no_public_exit_yet,True,False,0,0,-1.3,1,0.0,0,C,2026-04-29,high,0,1
1,0.7343999999999999,Paris,0,0,no_public_exit_yet,True,False,0,0,-0.7343,1,0.0,0,C,2026-04-29,high,0,1
3,80.4803999986,Seoul,2,50.620032,hold_to_resolution|mixed_sell_and_resolution|pre_resolution_sell,True,False,0,1,-10.4104,1,24.4492000014,0,C,2026-04-29,high,2,2
2,2.14438,Beijing,0,0,no_public_exit_yet,True,False,0,1,-2.1442,2,0.0,0,C,2026-04-30,high,0,1
4,107.19626599871988,Buenos Aires,3,168.288591,mixed_sell_and_resolution|pre_resolution_sell,True,False,1,1,-6.4426,1,209.66825900765,0,C,2026-04-30,high,2,3
2,13.2,Busan,0,0,no_public_exit_yet,True,False,0,0,-13.2,2,0.0,0,C,2026-04-30,high,0,2
2,58.564749994799996,London,2,-22.062388,mixed_sell_and_resolution,False,False,2,0,0,0,36.502379999737,0,C,2026-04-30,high,0,2
3,18.260729994386,Madrid,1,64.976103,mixed_sell_and_resolution|no_public_exit_yet,True,False,1,1,-2.7514,2,80.484398999888,0,C,2026-04-30,high,0,2
4,96.158400000158,Miami,4,7.849034,mixed_sell_and_resolution,False,False,3,1,0,0,104.007270003839,0,F,2026-04-30,high,1,3
3,49.1085000006,Milan,2,-2.97809,mixed_sell_and_resolution|pre_resolution_sell,True,False,2,1,-2.0688,1,34.818320000118,0,C,2026-04-30,high,0,2
1,5.4,Munich,1,-2.16,mixed_sell_and_resolution,False,False,1,0,0,0,3.2399999999999998,0,C,2026-04-30,high,0,1
2,49.983699998682,Paris,2,-0.49340499999999987,mixed_sell_and_resolution,False,False,0,1,0,0,49.490300003515,0,C,2026-04-30,high,2,1
1,15.74960000061,Sao Paulo,0,0,no_public_exit_yet,True,False,0,1,-15.7495,1,0.0,0,C,2026-04-30,high,0,0
3,43.93118300265057,Shanghai,0,0,no_public_exit_yet,True,False,0,1,-43.9251,3,0.0,0,C,2026-04-30,high,0,2
1,53.25489999999999,Warsaw,1,3.81678,mixed_sell_and_resolution,False,False,0,0,0,0,57.071600000000004,0,C,2026-04-30,high,1,1
1,0.556,Ankara,1,6.38705,mixed_sell_and_resolution,False,False,0,0,0,0,6.94305,0,C,2026-05-01,high,1,1
1,26.776599997791,Buenos Aires,1,6.453598,mixed_sell_and_resolution,False,False,1,0,0,0,33.230000000000004,0,C,2026-05-01,high,0,1
8,480.840009991459,Busan,6,490.346741,hold_to_resolution|mixed_sell_and_resolution|no_public_exit_yet|transform_affected,True,True,2,3,-8.155100000000001,2,283.7868060131817,2,C,2026-05-01,high,4,5
1,0.791060003148,Helsinki,0,0,no_public_exit_yet,True,False,0,0,-0.791,1,0.0,0,C,2026-05-01,high,0,1
1,0.005399999999999999,Hong Kong,1,0.0,hold_to_resolution,False,False,0,0,0,0,0.0,0,C,2026-05-01,high,1,1
3,5.5682,Jakarta,0,0,no_public_exit_yet,True,False,0,0,-5.568,3,0.0,0,C,2026-05-01,high,0,3
5,159.10497700446732,London,1,92.780932,mixed_sell_and_resolution|no_public_exit_yet,True,False,0,1,-101.87230000000001,4,150.012259999403,0,C,2026-05-01,high,1,4
2,6.21026,Madrid,0,0,no_public_exit_yet,True,False,0,1,-6.2102,2,0.0,0,C,2026-05-01,high,0,1
3,22.172632997212,Moscow,0,0,no_public_exit_yet,True,False,0,1,-22.1723,3,0.0,0,C,2026-05-01,high,0,2
1,23.4554,Munich,1,-0.965801,mixed_sell_and_resolution,False,False,0,0,0,0,22.489600000888,0,C,2026-05-01,high,1,1
1,22.3625,Paris,1,-3.2619,mixed_sell_and_resolution,False,False,1,0,0,0,19.1006,0,C,2026-05-01,high,0,1
4,536.9707549916496,Seoul,4,-108.231145,mixed_sell_and_resolution,False,False,2,1,0,0,352.3787990029098,0,C,2026-05-01,high,2,3
1,40.213790002838,Shanghai,0,0,pre_resolution_sell,True,False,0,0,-14.3998,1,20.267819996347,0,C,2026-05-01,high,0,1
2,17.700000000000003,Tokyo,1,86.8,hold_to_resolution|no_public_exit_yet,True,False,0,0,-4.5,1,0.0,0,C,2026-05-01,high,1,2
2,9.3,Warsaw,0,0,no_public_exit_yet,True,False,0,0,-9.3,2,0.0,0,C,2026-05-01,high,0,2
2,7.544899998384,Beijing,0,0,no_public_exit_yet,True,False,0,0,-7.544600000000001,2,0.0,0,C,2026-05-02,high,0,2
1,20.649199997694,Hong Kong,1,-2.89287,mixed_sell_and_resolution,False,False,1,0,0,0,17.756299998200998,0,C,2026-05-02,high,0,1
2,32.3559999981,London,1,-9.25162,mixed_sell_and_resolution|no_public_exit_yet,True,False,1,0,-6.3829,1,16.721,0,C,2026-05-02,high,0,2
2,18.190499996324,Madrid,2,-6.49241,mixed_sell_and_resolution,False,False,1,0,0,0,11.697959999076001,0,C,2026-05-02,high,1,2
1,8.993199999371999,Milan,0,0,no_public_exit_yet,True,False,0,0,-8.9931,1,0.0,0,C,2026-05-02,high,0,1
3,54.08833900429473,Moscow,1,144.027777,hold_to_resolution|no_public_exit_yet,True,False,0,0,-25.4241,2,0.0,0,C,2026-05-02,high,1,3
1,12.792580001153999,Munich,0,0,no_public_exit_yet,True,False,0,0,-12.7924,1,0.0,0,C,2026-05-02,high,0,1
1,7.000000000000001,San Francisco,0,0,no_public_exit_yet,True,False,0,0,-7.0,1,0.0,0,F,2026-05-02,high,0,1
1,4.4124,Sao Paulo,0,0,no_public_exit_yet,True,False,0,0,-4.4124,1,0.0,0,C,2026-05-02,high,0,1
3,10.95115,Seoul,0,0,no_public_exit_yet|pre_resolution_sell,True,False,0,0,-6.2679,3,9.401399988864,0,C,2026-05-02,high,0,3
1,31.192999998860003,Shenzhen,1,-9.761286,mixed_sell_and_resolution,False,False,1,0,0,0,21.43169999697,0,C,2026-05-02,high,0,1
3,35.521549978106,Taipei,3,153.268424,mixed_sell_and_resolution,False,False,2,0,0,0,188.7893269816418,0,C,2026-05-02,high,1,3
1,117.99480000000001,Tokyo,1,15.491644,mixed_sell_and_resolution,False,False,0,0,0,0,133.48659999133199,0,C,2026-05-02,high,1,1
1,17.123028000467446,Warsaw,1,-6.327827,mixed_sell_and_resolution,False,False,1,0,0,0,10.794000004032,0,C,2026-05-02,high,0,1
4,54.418240997163004,Buenos Aires,3,41.938236,hold_to_resolution|mixed_sell_and_resolution|no_public_exit_yet,True,False,2,0,-6.3628,1,89.99231999855401,0,C,2026-05-03,high,1,4
3,31.680441992584466,Busan,0,0,no_public_exit_yet|pre_resolution_sell,True,False,0,0,-21.0578,3,10.908500010169,0,C,2026-05-03,high,0,3
2,36.552831004065,Seoul,0,0,no_public_exit_yet|pre_resolution_sell,True,False,0,0,-33.552,2,6.0,0,C,2026-05-03,high,0,2
1,32.606329005488405,Toronto,1,212.888054,hold_to_resolution,False,False,0,0,0,0,0.0,0,C,2026-05-03,high,1,1
1,5.714902,Wellington,1,19.10196,mixed_sell_and_resolution,False,False,0,0,0,0,24.81516,0,C,2026-05-03,high,1,1
2,18.000191003764,Beijing,0,0,no_public_exit_yet,True,False,0,1,-17.9983,2,0.0,0,C,2026-05-04,high,0,1
2,38.387300007781995,Buenos Aires,2,-17.994386000000002,mixed_sell_and_resolution,False,False,2,1,0,0,20.392319996165998,0,C,2026-05-04,high,0,1
2,127.13931999077501,Busan,1,98.951256,hold_to_resolution|no_public_exit_yet,True,False,0,1,-3.8402,1,0.0,0,C,2026-05-04,high,1,1
1,58.4572000025,Hong Kong,1,62.094513,mixed_sell_and_resolution,False,False,0,0,0,0,120.5516,0,C,2026-05-04,high,1,1
1,80.0,Hong Kong,1,19.8,mixed_sell_and_resolution,False,False,0,1,0,0,99.8,0,C,2026-05-04,low,1,0
2,10.651359994938002,Istanbul,1,128.697132,mixed_sell_and_resolution|no_public_exit_yet,True,False,0,0,-4.3511,1,134.99699800026846,0,C,2026-05-04,high,1,2
3,62.166310000611,London,1,303.287948,mixed_sell_and_resolution|no_public_exit_yet,True,False,0,0,-51.1256,2,314.3271479969042,0,C,2026-05-04,high,1,3
2,31.537700000744003,Madrid,1,57.883972,mixed_sell_and_resolution|no_public_exit_yet,True,False,0,0,-3.2195,1,86.202,0,C,2026-05-04,high,1,2
2,18.914631992476618,Miami,0,0,no_public_exit_yet|pre_resolution_sell,True,False,0,0,-16.9342,2,4.0,0,F,2026-05-04,high,0,2
2,21.187569998184244,Milan,1,113.168579,mixed_sell_and_resolution|no_public_exit_yet,True,False,0,0,-1.7225,1,132.63249799991792,0,C,2026-05-04,high,1,2
2,33.590520003116005,Moscow,1,-0.038117,mixed_sell_and_resolution|no_public_exit_yet,True,False,0,1,-1.5283,1,32.024100004995,0,C,2026-05-04,high,1,1
2,18.294300003804,Munich,1,0.967183,mixed_sell_and_resolution|no_public_exit_yet,True,False,1,1,-13.391,1,5.870399999196,0,C,2026-05-04,high,0,1
2,15.065839996229998,Paris,0,0,no_public_exit_yet|pre_resolution_sell,True,False,0,0,-9.5426,2,11.952889997976001,0,C,2026-05-04,high,0,2
5,28.346759998592002,Sao Paulo,0,0,no_public_exit_yet,True,False,0,0,-28.3456,5,0.0,0,C,2026-05-04,high,0,5
2,23.0,Seoul,0,0,no_public_exit_yet,True,False,0,0,-22.9998,2,0.0,0,C,2026-05-04,high,0,2
3,26.022650027921003,Seoul,3,3.08636,mixed_sell_and_resolution,False,False,3,1,0,0,29.109089987049,0,C,2026-05-04,low,0,2
2,26.492642001796,Shenzhen,1,-11.65467,mixed_sell_and_resolution|pre_resolution_sell,True,False,1,0,-1.6,1,11.527109985473999,0,C,2026-05-04,high,0,2
1,3.4362600000000003,Taipei,0,0,no_public_exit_yet,True,False,0,0,-3.4362,1,0.0,0,C,2026-05-04,high,0,1
2,31.17445900009923,Warsaw,0,0,no_public_exit_yet|pre_resolution_sell,True,False,0,1,-8.3543,2,15.795500004492,0,C,2026-05-04,high,0,1
2,8.253794998662272,Ankara,1,1.941554,mixed_sell_and_resolution|no_public_exit_yet,True,False,1,0,-0.5315,1,9.66408999528,0,C,2026-05-05,high,0,2
5,64.4575999993,Beijing,1,16.952,hold_to_resolution|no_public_exit_yet|pre_resolution_sell,True,False,0,0,-41.0533,4,32.8369999979,0,C,2026-05-05,high,1,5
4,103.829290012412,Buenos Aires,3,10.432174,mixed_sell_and_resolution|no_public_exit_yet,True,False,3,0,-1.8212,1,112.43679999456799,0,C,2026-05-05,high,0,4
1,0.8676050000000001,Guangzhou,1,33.836595,hold_to_resolution,False,False,0,0,0,0,0.0,0,C,2026-05-05,high,1,1
1,37.362400000944,Hong Kong,1,2.775162,mixed_sell_and_resolution,False,False,0,0,0,0,40.137500014368,0,C,2026-05-05,high,1,1
2,28.52960899720572,Hong Kong,1,52.47,hold_to_resolution|no_public_exit_yet,True,False,0,0,-27.9996,1,0.0,0,C,2026-05-05,low,1,2
1,18.009247000004287,London,1,-2.3236,mixed_sell_and_resolution,False,False,0,0,0,0,15.684300000000002,0,C,2026-05-05,high,1,1
2,22.429023995,Moscow,0,0,pre_resolution_sell,True,False,0,1,-7.3087,2,5.607767998000002,0,C,2026-05-05,high,0,1
3,43.72918799830735,Qingdao,2,171.518295,hold_to_resolution|mixed_sell_and_resolution|no_public_exit_yet,True,False,1,0,-14.06,1,1.2296999925,0,C,2026-05-05,high,1,3
3,145.58870999913498,Seoul,2,73.326931,hold_to_resolution|no_public_exit_yet,True,False,0,2,-3.3254,1,0.0,0,C,2026-05-05,low,2,1
1,4.328796999830249,Warsaw,1,-0.23293,mixed_sell_and_resolution,False,False,1,0,0,0,4.094800000779,0,C,2026-05-05,high,0,1
2,29.177648998302097,Amsterdam,2,-13.165067,mixed_sell_and_resolution,False,False,2,1,0,0,16.012590001775,0,C,2026-05-06,high,0,1
4,28.390990001364997,Beijing,4,17.361361,hold_to_resolution|mixed_sell_and_resolution,False,False,3,1,0,0,2.10203999869,0,C,2026-05-06,high,1,3
6,118.30029499385908,Buenos Aires,4,210.837,hold_to_resolution|mixed_sell_and_resolution|pre_resolution_sell,True,False,2,1,-7.369999999999999,2,75.72489998277999,0,C,2026-05-06,high,2,5
2,25.166849995147,Busan,2,21.569233,hold_to_resolution|mixed_sell_and_resolution,False,False,1,0,0,0,5.856030005241,0,C,2026-05-06,high,1,2
3,61.59979099786351,Hong Kong,2,55.049447,mixed_sell_and_resolution|pre_resolution_sell,True,False,1,1,-21.5107,1,94.50947899392735,0,C,2026-05-06,high,1,2
2,16.58149999993815,London,1,20.32435,mixed_sell_and_resolution|no_public_exit_yet,True,False,1,0,-3.0978,1,33.807739994464,0,C,2026-05-06,high,0,2
2,12.592,Milan,1,0.600889,mixed_sell_and_resolution|no_public_exit_yet,True,False,1,0,-1.6,1,11.592899998464,0,C,2026-05-06,high,0,2
3,75.93096700286934,Qingdao,1,-0.258248,mixed_sell_and_resolution|pre_resolution_sell,True,False,1,0,-42.4974,2,36.279220001624,0,C,2026-05-06,high,0,3
2,793.2068090023275,Seoul,2,5.611828,mixed_sell_and_resolution,False,False,1,0,0,0,20.699899995616,0,C,2026-05-06,high,1,2
1,2.0,Shanghai,0,0,no_public_exit_yet,True,False,0,0,-2.0,1,0.0,0,C,2026-05-06,high,0,1
3,64.3238649985,Shenzhen,3,59.985834000000004,mixed_sell_and_resolution,False,False,2,0,0,0,124.309870009217,0,C,2026-05-06,high,1,3
1,0.70413,Taipei,0,0,no_public_exit_yet,True,False,0,0,-0.7041,1,0.0,0,C,2026-05-06,high,0,1
2,2.3679750000000004,Tokyo,0,0,no_public_exit_yet,True,False,0,0,-2.3677,2,0.0,0,C,2026-05-06,high,0,2
1,44.848670000676,Warsaw,1,5.402795,mixed_sell_and_resolution,False,False,0,0,0,0,50.251429998226,0,C,2026-05-06,high,1,1
3,17.91142499999998,Amsterdam,3,-4.096836000000001,mixed_sell_and_resolution,False,False,1,1,0,0,13.81289999996,0,C,2026-05-07,high,2,2
2,25.459600000000002,Beijing,0,0,no_public_exit_yet,True,False,0,1,-25.4593,2,0.0,0,C,2026-05-07,high,0,1
4,35.03571400016477,Madrid,1,75.37,hold_to_resolution|no_public_exit_yet,True,False,0,0,-10.4057,3,0.0,0,C,2026-05-07,high,1,4
2,5.853,Moscow,0,0,no_public_exit_yet,True,False,0,0,-5.853,2,0.0,0,C,2026-05-07,high,0,2
4,46.849660001866,Munich,2,-9.813035,mixed_sell_and_resolution|no_public_exit_yet|pre_resolution_sell,True,False,1,1,-4.1159,2,43.675660003627,0,C,2026-05-07,high,1,3
1,2.45,New York City,0,0,no_public_exit_yet,True,False,0,0,-2.4498,1,0.0,0,F,2026-05-07,high,0,1
1,0.9144990000000002,Sao Paulo,1,-0.783944,mixed_sell_and_resolution,False,False,1,1,0,0,0.13044,0,C,2026-05-07,high,0,0
1,4.999331000000001,Seoul,0,0,no_public_exit_yet,True,False,0,0,-4.9993,1,0.0,0,C,2026-05-07,low,0,1
2,4.8331799926,Beijing,0,0,no_public_exit_yet|pre_resolution_sell,True,False,0,1,-3.0675,2,4.106099999088,0,C,2026-05-08,high,0,1
1,7.1794900008,Buenos Aires,1,2.642412,mixed_sell_and_resolution,False,False,1,0,0,0,9.821899999008,0,C,2026-05-08,high,0,1
1,197.4945,Busan,1,16.30567,hold_to_resolution,False,False,0,1,0,0,0.0,0,C,2026-05-08,high,1,0
5,80.27464999570999,London,1,-2.922906,mixed_sell_and_resolution|no_public_exit_yet|pre_resolution_sell,True,False,1,1,-24.0514,4,70.86699000348001,0,C,2026-05-08,high,0,4
2,22.006800002612003,Qingdao,1,42.72326,hold_to_resolution|no_public_exit_yet,True,False,0,0,-3.42,1,0.0,0,C,2026-05-08,high,1,2
5,77.1245349992005,Sao Paulo,3,42.263672,mixed_sell_and_resolution|no_public_exit_yet|pre_resolution_sell,True,False,2,0,-30.3257,2,89.34272999382401,0,C,2026-05-08,high,1,5
6,647.385869989179,Seoul,5,90.94432499999999,hold_to_resolution|mixed_sell_and_resolution|no_public_exit_yet|transform_affected,True,True,1,3,-14.6656,1,296.850990000134,2,C,2026-05-08,high,4,3
1,84.36619,Seoul,1,3.42381,hold_to_resolution,False,False,0,1,0,0,0.0,0,C,2026-05-08,low,1,0
3,66.79571000018001,Shanghai,1,175.036802,mixed_sell_and_resolution|no_public_exit_yet|pre_resolution_sell,True,False,0,0,-46.7641,2,196.883449994952,0,C,2026-05-08,high,1,3
3,89.701750000799,Shenzhen,3,55.909110999999996,hold_to_resolution|mixed_sell_and_resolution,False,False,1,1,0,0,6.60081,0,C,2026-05-08,high,2,2
2,58.636059003587995,Warsaw,2,70.57833,mixed_sell_and_resolution,False,False,0,1,0,0,129.213039998449,0,C,2026-05-08,high,2,1
1,15.663799997800002,Ankara,1,2.472643,mixed_sell_and_resolution,False,False,1,0,0,0,18.1364000021,0,C,2026-05-09,high,0,1
3,2.682739998994,Buenos Aires,0,0,no_public_exit_yet,True,False,0,0,-2.6824999999999997,3,0.0,0,C,2026-05-09,high,0,3
3,44.179412,Hong Kong,0,0,no_public_exit_yet|pre_resolution_sell,True,False,0,0,-33.0846,3,13.272299999547,0,C,2026-05-09,low,0,3
3,27.0210000039,Istanbul,1,9.291373,mixed_sell_and_resolution|no_public_exit_yet,True,False,0,1,-8.9708,2,27.3414000024,0,C,2026-05-09,high,1,2
3,41.57789301180229,Madrid,1,9.524263,mixed_sell_and_resolution|pre_resolution_sell,True,False,1,0,-16.21,2,45.95849900218405,0,C,2026-05-09,high,0,3
1,25.65950000128,Munich,1,5.829486,mixed_sell_and_resolution,False,False,0,1,0,0,31.489000000414997,0,C,2026-05-09,high,1,0
4,50.366141990305,Qingdao,0,0,no_public_exit_yet,True,False,0,0,-50.364599999999996,4,0.0,0,C,2026-05-09,high,0,4
2,17.01699999762,Sao Paulo,2,-2.026866,mixed_sell_and_resolution,False,False,2,1,0,0,14.989999999998,0,C,2026-05-09,high,0,1
2,64.253879995,Seoul,0,0,no_public_exit_yet|pre_resolution_sell,True,False,0,0,-48.2535,2,19.5276,0,C,2026-05-09,high,0,2
3,62.455199992345,Seoul,3,35.364231000000004,mixed_sell_and_resolution,False,False,2,1,0,0,97.819319993341,0,C,2026-05-09,low,1,2
2,20.982156998039162,Shenzhen,2,297.65481900000003,transform_affected,False,True,1,1,0,0,17.0408,2,C,2026-05-09,high,1,1
2,8.7457,Toronto,0,0,no_public_exit_yet,True,False,0,1,-8.7457,2,0.0,0,C,2026-05-09,high,0,1
3,14.252459997999999,Warsaw,1,1.397176,mixed_sell_and_resolution|no_public_exit_yet|pre_resolution_sell,True,False,1,0,-6.0855,2,15.506360001200001,0,C,2026-05-09,high,0,3
1,20.63031099687211,Busan,0,0,pre_resolution_sell,True,False,0,0,-14.522,1,11.269098999807733,0,C,2026-05-10,high,0,1
3,59.047079998650005,Hong Kong,3,17.588427,mixed_sell_and_resolution,False,False,2,0,0,0,76.635259997,0,C,2026-05-10,high,1,3
3,27.613075999610494,London,2,87.478836,hold_to_resolution|mixed_sell_and_resolution|no_public_exit_yet,True,False,1,0,-7.0,1,0.3,0,C,2026-05-10,high,1,3
6,123.293499996275,Qingdao,5,518.841193,mixed_sell_and_resolution|no_public_exit_yet,True,False,3,1,-13.4715,1,628.6620969995913,0,C,2026-05-10,high,2,5
8,219.04568001336497,Sao Paulo,8,116.183363,mixed_sell_and_resolution|transform_affected,False,True,5,3,0,0,335.2248370239257,2,C,2026-05-10,high,3,5
3,870.6882999838421,Seoul,3,16.723551,hold_to_resolution|mixed_sell_and_resolution,False,False,0,2,0,0,84.61149999818801,0,C,2026-05-10,high,3,1
2,24.094000001599998,Shenzhen,2,-2.4021120000000002,mixed_sell_and_resolution,False,False,2,0,0,0,21.691770004600002,0,C,2026-05-10,high,0,2
1,0.6228,Tokyo,1,0.2076,mixed_sell_and_resolution,False,False,0,0,0,0,0.8304,0,C,2026-05-10,high,1,1
1,22.432099998708,Warsaw,1,16.597936,hold_to_resolution,False,False,0,1,0,0,0.0,0,C,2026-05-10,high,1,0
3,37.362400028778,Ankara,1,10.281176,mixed_sell_and_resolution|pre_resolution_sell,True,False,1,0,-12.1571,2,67.74611998367,0,C,2026-05-11,high,0,3
3,64.919509981002,Beijing,1,1.720015,mixed_sell_and_resolution|no_public_exit_yet,True,False,1,1,-10.979099999999999,2,55.660000000000004,0,C,2026-05-11,high,0,2
5,114.429619982334,Buenos Aires,5,22.149314,mixed_sell_and_resolution,False,False,5,1,0,0,136.578390040412,0,C,2026-05-11,high,0,4
3,246.705100038274,Busan,3,34.314942,hold_to_resolution|mixed_sell_and_resolution,False,False,2,1,0,0,53.46076995601899,0,C,2026-05-11,high,1,2
1,42.147199999783,Guangzhou,1,-12.760336,mixed_sell_and_resolution,False,False,0,1,0,0,29.386899997809,0,C,2026-05-11,high,1,0
2,270.95200000799997,London,2,37.040008,transform_affected,False,True,1,1,0,0,7.992,2,C,2026-05-11,high,1,1
2,528.631020003416,Munich,2,13.639748,hold_to_resolution,False,False,0,1,0,0,0.0,0,C,2026-05-11,high,2,1
1,9.137800001926001,Panama City,1,0.805169,mixed_sell_and_resolution,False,False,1,1,0,0,9.943000001727,0,C,2026-05-11,high,0,0
2,18.95768999894,Paris,0,0,pre_resolution_sell,True,False,0,0,-7.0863000000000005,2,7.343010003393,0,C,2026-05-11,high,0,2
5,56.995669972688,Qingdao,5,178.212326,mixed_sell_and_resolution,False,False,5,0,0,0,235.207439956747,0,C,2026-05-11,high,0,5
5,30.593030000081,Sao Paulo,2,25.759189,mixed_sell_and_resolution|no_public_exit_yet|pre_resolution_sell,True,False,1,1,-17.0717,3,43.025000007915,0,C,2026-05-11,high,1,4
3,36.836000012693994,Seoul,2,-3.236116,mixed_sell_and_resolution|no_public_exit_yet,True,False,2,0,-23.0759,1,10.523890001,0,C,2026-05-11,high,0,3
3,49.608679987326,Shenzhen,3,12.581249999999999,mixed_sell_and_resolution,False,False,3,0,0,0,62.189969977261,0,C,2026-05-11,high,0,3
2,18.533449994663002,Taipei,2,9.071543,mixed_sell_and_resolution,False,False,2,0,0,0,27.604759992236996,0,C,2026-05-11,high,0,2
1,1.78476,Beijing,1,-0.134294,mixed_sell_and_resolution,False,False,1,0,0,0,1.650430000648,0,C,2026-05-12,high,0,1
2,50.716910004853546,Buenos Aires,2,5.346913999999999,mixed_sell_and_resolution,False,False,2,1,0,0,56.06331000762,0,C,2026-05-12,high,0,1
9,98.483699978483,Busan,1,97.0,hold_to_resolution|no_public_exit_yet|pre_resolution_sell,True,False,0,0,-63.4481,8,43.273139980701,0,C,2026-05-12,high,1,9
1,19.885999995628,Istanbul,1,69.894089,hold_to_resolution,False,False,0,0,0,0,0.0,0,C,2026-05-12,high,1,1
2,4.817129993079,Moscow,0,0,no_public_exit_yet,True,False,0,0,-4.8168,2,0.0,0,C,2026-05-12,high,0,2
1,2.2398970020133184,Munich,0,0,no_public_exit_yet,True,False,0,0,-2.2398,1,0.0,0,C,2026-05-12,high,0,1
1,1.05,Qingdao,1,0.01,mixed_sell_and_resolution,False,False,1,0,0,0,1.06,0,C,2026-05-12,high,0,1
1,2.5500000000000003,Sao Paulo,0,0,no_public_exit_yet,True,False,0,0,-2.55,1,0.0,0,C,2026-05-12,high,0,1
5,26.652199997215998,Seoul,1,1.369974,mixed_sell_and_resolution|no_public_exit_yet,True,False,1,0,-14.8513,4,13.1700000002,0,C,2026-05-12,high,0,5
1,3.1262699761920003,Seoul,1,8.60927,mixed_sell_and_resolution,False,False,1,0,0,0,11.735760029436001,0,C,2026-05-12,low,0,1
1,41.079999997399995,Taipei,1,49.920052,hold_to_resolution,False,False,0,0,0,0,0.0,0,C,2026-05-12,high,1,1
1,60.218200006315,Tokyo,1,45.614121,mixed_sell_and_resolution,False,False,0,0,0,0,28.292200001639998,0,C,2026-05-12,high,1,1
4,92.426320025413,Busan,3,33.429639,mixed_sell_and_resolution|pre_resolution_sell,True,False,3,0,-4.083,1,125.261400027445,0,C,2026-05-13,high,0,4
1,8.95550000225,Helsinki,1,8.285672,mixed_sell_and_resolution,False,False,1,0,0,0,17.240540002958998,0,C,2026-05-13,high,0,1
2,65.81466599999987,Hong Kong,2,33.893531,mixed_sell_and_resolution,False,False,1,0,0,0,99.70357000118,0,C,2026-05-13,high,1,2
2,47.336259997154,London,0,0,no_public_exit_yet|pre_resolution_sell,True,False,0,0,-21.7016,2,26.18,0,C,2026-05-13,high,0,2
2,18.228599996326,Moscow,2,13.154888,mixed_sell_and_resolution,False,False,1,0,0,0,31.383399987622,0,C,2026-05-13,high,1,2
3,20.447149987468,Qingdao,3,90.890948,mixed_sell_and_resolution|transform_affected,False,True,2,1,0,0,11.338130012096,2,C,2026-05-13,high,1,2
3,28.558730010578003,Seoul,1,-0.460729,mixed_sell_and_resolution|no_public_exit_yet,True,False,1,0,-5.8941,2,22.20369999235,0,C,2026-05-13,high,0,3
3,62.077599995322,Shenzhen,1,7.003085,mixed_sell_and_resolution|no_public_exit_yet|pre_resolution_sell,True,False,0,1,-23.9717,2,52.10180000381,0,C,2026-05-13,high,1,2
2,10.568159984444998,Tel Aviv,0,0,no_public_exit_yet|pre_resolution_sell,True,False,0,0,-3.2117,2,19.639320011099,0,C,2026-05-13,high,0,2
2,36.356350005746,Beijing,2,20.815665000000003,mixed_sell_and_resolution,False,False,1,0,0,0,57.171890004019005,0,C,2026-05-14,high,1,2
1,4.6425999992,Buenos Aires,1,3.011367,mixed_sell_and_resolution,False,False,1,1,0,0,7.653860007675,0,C,2026-05-14,high,0,0
3,139.189680000704,Busan,3,-45.949204,mixed_sell_and_resolution,False,False,3,1,0,0,93.24032000116499,0,C,2026-05-14,high,0,2
2,33.042799991942005,Istanbul,0,0,no_public_exit_yet|pre_resolution_sell,True,False,0,0,-26.8837,2,14.57620000016,0,C,2026-05-14,high,0,2
3,17.339739999205,London,0,0,no_public_exit_yet,True,False,0,0,-17.3394,3,0.0,0,C,2026-05-14,high,0,3
3,77.706139976362,Miami,3,23.868693999999998,mixed_sell_and_resolution,False,False,1,1,0,0,101.574980007299,0,F,2026-05-14,high,2,2
1,10.774279990705,Milan,1,3.951683,mixed_sell_and_resolution,False,False,1,0,0,0,14.72593998836,0,C,2026-05-14,high,0,1
1,5.65123000052,Moscow,1,10.066854,mixed_sell_and_resolution,False,False,1,0,0,0,15.718120001740001,0,C,2026-05-14,high,0,1
1,9.334999999,Paris,0,0,no_public_exit_yet,True,False,0,0,-9.3349,1,0.0,0,C,2026-05-14,high,0,1
7,460.9260170099648,Seoul,7,34.248383,mixed_sell_and_resolution|transform_affected,False,True,4,3,0,0,192.95576000338698,4,C,2026-05-14,high,3,4
1,58.62195996047999,Seoul,0,0,pre_resolution_sell,True,False,0,0,-24.478,1,63.784309003960345,0,C,2026-05-14,low,0,1
2,37.781329990171,Shanghai,1,-28.462799,hold_to_resolution|pre_resolution_sell,True,False,1,0,-8.9625,1,0.755,0,C,2026-05-14,high,0,2
2,19.597079999358,Tokyo,0,0,no_public_exit_yet|pre_resolution_sell,True,False,0,0,-16.8866,2,5.428,0,C,2026-05-14,high,0,2
2,229.32921999064,Busan,2,12.176535000000001,hold_to_resolution|mixed_sell_and_resolution,False,False,1,1,0,0,15.505570000727,0,C,2026-05-15,high,1,1
1,13.01564997243,Lucknow,1,0.488053,mixed_sell_and_resolution,False,False,1,0,0,0,13.503450021894,0,C,2026-05-15,high,0,1
1,7.4696699954820005,Miami,1,5.230731,mixed_sell_and_resolution,False,False,1,1,0,0,12.700400008788002,0,F,2026-05-15,high,0,0
4,18.676469999965,Moscow,1,72.0375,hold_to_resolution|no_public_exit_yet,True,False,0,0,-5.9636,3,0.0,0,C,2026-05-15,high,1,4
1,46.0,Seoul,1,54.0,hold_to_resolution,False,False,0,0,0,0,0.0,0,C,2026-05-15,high,1,1
3,625.050299998529,Shenzhen,3,94.358311,hold_to_resolution|mixed_sell_and_resolution,False,False,1,1,0,0,50.987500003368,0,C,2026-05-15,high,2,2
1,11.017100005495,Wellington,1,13.959001,mixed_sell_and_resolution,False,False,1,0,0,0,24.976249986741,0,C,2026-05-15,high,0,1
4,30.877519992167997,Ankara,3,1.652007,mixed_sell_and_resolution|no_public_exit_yet,True,False,3,0,-0.429,1,32.100400004225996,0,C,2026-05-16,high,0,4
3,28.599670003024,Buenos Aires,2,27.4204,mixed_sell_and_resolution|no_public_exit_yet,True,False,2,1,-5.9105,1,50.109749965079004,0,C,2026-05-16,high,0,2
1,193.49119999857598,Busan,1,28.483859,mixed_sell_and_resolution,False,False,0,1,0,0,3.379998000099123,0,C,2026-05-16,high,1,0
2,0.8238800000000001,Los Angeles,2,2.29822,mixed_sell_and_resolution,False,False,2,0,0,0,3.1221,0,F,2026-05-16,high,0,2
2,10.503600002164,Moscow,2,-0.7942949999999998,mixed_sell_and_resolution,False,False,2,0,0,0,9.7092599976,0,C,2026-05-16,high,0,2
1,0.400408,Munich,0,0,no_public_exit_yet,True,False,0,0,-0.4004,1,0.0,0,C,2026-05-16,high,0,1
1,9.527000000000001,Paris,1,0.453242,mixed_sell_and_resolution,False,False,1,0,0,0,9.979397998848158,0,C,2026-05-16,high,0,1
2,4.0,Qingdao,1,596.4,mixed_sell_and_resolution|no_public_exit_yet,True,False,0,0,-1.0,1,599.4,0,C,2026-05-16,high,1,2
2,17.394919998592,Sao Paulo,0,0,no_public_exit_yet,True,False,0,0,-17.3947,2,0.0,0,C,2026-05-16,high,0,2
3,36.851040003129995,Seoul,3,63.157116,mixed_sell_and_resolution,False,False,2,0,0,0,100.007999995925,0,C,2026-05-16,high,1,3
1,495.0,Seoul,1,4.5,mixed_sell_and_resolution,False,False,0,1,0,0,499.5,0,C,2026-05-16,low,1,0
3,71.440159993227,Shenzhen,1,146.038813,mixed_sell_and_resolution|no_public_exit_yet|pre_resolution_sell,True,False,0,0,-9.5113,2,22.188000000124,0,C,2026-05-16,high,1,3
2,24.00876399720429,Tokyo,2,-1.5598889999999999,mixed_sell_and_resolution,False,False,2,0,0,0,22.4474000014,0,C,2026-05-16,high,0,2
2,9.18231602388897,Toronto,2,2.791882,mixed_sell_and_resolution,False,False,2,0,0,0,11.974099984760999,0,C,2026-05-16,high,0,2
1,10.325950004017,Ankara,1,3.445033,mixed_sell_and_resolution,False,False,1,0,0,0,13.770839982375998,0,C,2026-05-17,high,0,1
2,43.84215999058,Beijing,2,30.357373000000003,mixed_sell_and_resolution,False,False,2,1,0,0,74.197869949953,0,C,2026-05-17,high,0,1
1,22.84939999934,Busan,1,87.290686,hold_to_resolution,False,False,0,0,0,0,0.0,0,C,2026-05-17,high,1,1
2,39.49699998675,London,1,80.998036,mixed_sell_and_resolution|pre_resolution_sell,True,False,0,0,-7.4913,1,120.22444,0,C,2026-05-17,high,1,2
5,104.675389990921,Miami,1,1.579163,mixed_sell_and_resolution|no_public_exit_yet|pre_resolution_sell,True,False,1,0,-66.5644,4,57.32914996552,0,F,2026-05-17,high,0,5
1,17.096600002271998,Milan,1,3.630675,mixed_sell_and_resolution,False,False,1,0,0,0,20.727300001632003,0,C,2026-05-17,high,0,1
2,7.79500000675,Moscow,2,7.286917,mixed_sell_and_resolution,False,False,2,0,0,0,15.082030007250001,0,C,2026-05-17,high,0,2
3,29.985892973791003,Paris,3,-7.389857,mixed_sell_and_resolution,False,False,3,1,0,0,22.595419975810998,0,C,2026-05-17,high,0,2
1,9.73548999602,Qingdao,1,4.831571,mixed_sell_and_resolution,False,False,1,0,0,0,14.56696999772,0,C,2026-05-17,high,0,1
4,67.583319983608,Sao Paulo,3,138.561983,mixed_sell_and_resolution|pre_resolution_sell,True,False,2,2,-9.5636,1,205.34316000451,0,C,2026-05-17,high,1,2
1,27.998565000000003,Seoul,1,21.814118,mixed_sell_and_resolution,False,False,1,0,0,0,49.811400001836,0,C,2026-05-17,high,0,1
3,15.690549999724999,Shenzhen,2,0.25161599999999995,mixed_sell_and_resolution|no_public_exit_yet,True,False,2,0,-14.9022,1,1.039880000922,0,C,2026-05-17,high,0,3
1,29.464880000213,Tel Aviv,1,-7.695493,mixed_sell_and_resolution,False,False,1,0,0,0,21.768449006059132,0,C,2026-05-17,high,0,1
1,2.4425000000000003,Chongqing,0,0,no_public_exit_yet,True,False,0,0,-2.4425,1,0.0,0,C,2026-05-18,high,0,1
3,41.11553000587,Jeddah,0,0,pre_resolution_sell,True,False,0,0,-17.0853,3,42.43940800534274,0,C,2026-05-18,high,0,3
1,15.4,Qingdao,0,0,no_public_exit_yet,True,False,0,0,-15.4,1,0.0,0,C,2026-05-18,high,0,1
3,27.453079997798003,Sao Paulo,0,0,no_public_exit_yet,True,False,0,0,-27.4528,3,0.0,0,C,2026-05-18,high,0,3
2,25.042850004561,Taipei,0,0,no_public_exit_yet,True,False,0,0,-25.0426,2,0.0,0,C,2026-05-18,high,0,2
1,4.4270150004305115,Wuhan,0,0,no_public_exit_yet,True,False,0,0,-4.427,1,0.0,0,C,2026-05-18,high,0,1
2,4.4058,Shanghai,2,0.673199,mixed_sell_and_resolution,False,False,1,0,0,0,5.078999999694,0,C,2026-05-20,high,1,2
3,69.9827260019,Shenzhen,1,91.168095,mixed_sell_and_resolution|no_public_exit_yet|pre_resolution_sell,True,False,0,0,-32.1103,2,34.224100001936996,0,C,2026-05-20,high,1,3
2,0.36000000000000004,Taipei,1,3.72,hold_to_resolution|no_public_exit_yet,True,False,0,0,-0.08,1,0.0,0,C,2026-05-20,high,1,2
1,16.267450011570002,Ankara,1,0.309484,mixed_sell_and_resolution,False,False,1,0,0,0,16.57725999801,0,C,2026-05-21,high,0,1
2,53.776603037080086,Beijing,2,19.264678,mixed_sell_and_resolution,False,False,2,0,0,0,73.03884997821899,0,C,2026-05-21,high,0,2
6,110.756109965402,Busan,6,226.741546,mixed_sell_and_resolution,False,False,5,0,0,0,337.494629983146,0,C,2026-05-21,high,1,6
4,107.775099998949,London,1,136.354426,mixed_sell_and_resolution|no_public_exit_yet|pre_resolution_sell,True,False,0,1,-27.9787,3,225.83481499928607,0,C,2026-05-21,high,1,3
1,13.543229983045,Mexico City,1,10.720179,mixed_sell_and_resolution,False,False,1,0,0,0,24.26293999192,0,C,2026-05-21,high,0,1
1,1.199988,Moscow,0,0,no_public_exit_yet,True,False,0,0,-1.1999,1,0.0,0,C,2026-05-21,high,0,1
1,24.477509999566003,New York City,1,8.268253,mixed_sell_and_resolution,False,False,1,0,0,0,32.745719997386,0,F,2026-05-21,high,0,1
2,11.651649997576001,Panama City,2,10.23112,mixed_sell_and_resolution,False,False,2,0,0,0,21.882640006,0,C,2026-05-21,high,0,2
1,24.0,Paris,0,0,pre_resolution_sell,True,False,0,0,-2.6736,1,21.052199997306,0,C,2026-05-21,high,0,1
1,34.314629998545996,Qingdao,1,37.81666,mixed_sell_and_resolution,False,False,1,0,0,0,72.131059990931,0,C,2026-05-21,high,0,1
4,96.47883598040272,Seoul,3,78.712118,mixed_sell_and_resolution|pre_resolution_sell,True,False,2,0,-7.0699,1,169.314949999898,0,C,2026-05-21,high,1,4
6,134.541259957617,Shenzhen,5,-40.732943999999996,mixed_sell_and_resolution|no_public_exit_yet,True,False,4,0,-42.5534,1,51.254330024159,0,C,2026-05-21,high,1,6
3,13.329999999499998,Taipei,3,6.17762,mixed_sell_and_resolution,False,False,2,0,0,0,19.5076,0,C,2026-05-21,high,1,3
2,28.67500000165,Warsaw,1,-6.0066,mixed_sell_and_resolution|no_public_exit_yet,True,False,0,0,-5.9299,1,16.738400000000002,0,C,2026-05-21,high,1,2
2,14.026899997005,Amsterdam,1,0.1698,mixed_sell_and_resolution|no_public_exit_yet,True,False,1,1,-13.4608,1,0.7358,0,C,2026-05-22,high,0,1
2,11.613819989456001,Beijing,0,0,no_public_exit_yet,True,False,0,1,-11.6136,2,0.0,0,C,2026-05-22,high,0,1
5,64.04628704101201,Buenos Aires,5,37.122652,mixed_sell_and_resolution,False,False,5,0,0,0,101.164699999901,0,C,2026-05-22,high,0,5
3,28.987560017042004,Busan,3,8.229837,mixed_sell_and_resolution,False,False,3,0,0,0,37.217570018994,0,C,2026-05-22,high,0,3
1,88.94400000000002,Hong Kong,1,7.201128,mixed_sell_and_resolution,False,False,0,0,0,0,96.14529999508801,0,C,2026-05-22,high,1,1
6,268.2126780045251,London,3,392.15406900000005,no_public_exit_yet|pre_resolution_sell|transform_affected,True,True,1,2,-58.300399999999996,3,564.0182980072284,4,C,2026-05-22,high,2,4
2,23.323980000074,Madrid,0,0,pre_resolution_sell,True,False,0,1,-15.9588,2,11.0302,0,C,2026-05-22,high,0,1
2,16.091420002464,Moscow,2,-0.16209999999999997,mixed_sell_and_resolution,False,False,2,1,0,0,15.929299996002001,0,C,2026-05-22,high,0,1
1,45.998863999896095,Seoul,1,-12.839158,mixed_sell_and_resolution,False,False,1,0,0,0,33.158700002099,0,C,2026-05-22,high,0,1
4,380.95414300787684,Shenzhen,4,10.029656,mixed_sell_and_resolution|transform_affected,False,True,3,1,0,0,155.060639991008,2,C,2026-05-22,high,1,3
2,28.13901199761768,Taipei,2,5.497022,mixed_sell_and_resolution,False,False,2,0,0,0,33.63469000632,0,C,2026-05-22,high,0,2
1,27.466599995456,Toronto,1,4.859733,mixed_sell_and_resolution,False,False,1,0,0,0,32.326299996049,0,C,2026-05-22,high,0,1
1,31.93469999446,Warsaw,1,-3.716021,mixed_sell_and_resolution,False,False,1,0,0,0,28.218600004238,0,C,2026-05-22,high,0,1
2,23.668959000215033,Beijing,0,0,no_public_exit_yet|pre_resolution_sell,True,False,0,1,-16.8819,2,6.0464,0,C,2026-05-23,high,0,1
1,21.511750045832,Busan,1,3.627518,mixed_sell_and_resolution,False,False,1,0,0,0,25.136599972971,0,C,2026-05-23,high,0,1
2,44.639515002398326,Helsinki,1,-14.749991,mixed_sell_and_resolution|pre_resolution_sell,True,False,1,1,-18.0529,1,9.586180008414,0,C,2026-05-23,high,0,1
2,11.80896699961538,Hong Kong,0,0,no_public_exit_yet,True,False,0,0,-11.8088,2,0.0,0,C,2026-05-23,high,0,2
3,93.7584759953587,London,2,1.7159209999999998,mixed_sell_and_resolution|pre_resolution_sell,True,False,1,0,-10.9754,1,88.070839992224,0,C,2026-05-23,high,1,3
1,8.999897993057107,Qingdao,1,-7.99984,mixed_sell_and_resolution,False,False,1,0,0,0,0.9999800000000001,0,C,2026-05-23,high,0,1
5,40.8501279925009,Sao Paulo,2,174.460729,mixed_sell_and_resolution|no_public_exit_yet|pre_resolution_sell,True,False,1,1,-9.8514,3,206.134929995701,0,C,2026-05-23,high,1,4
2,48.364299002355004,Seoul,1,-2.750376,mixed_sell_and_resolution|no_public_exit_yet,True,False,1,0,-6.4112,1,39.158308973077915,0,C,2026-05-23,high,0,2
4,405.1171520130118,Shenzhen,1,50.160031,hold_to_resolution|no_public_exit_yet|pre_resolution_sell,True,False,0,1,-98.1753,3,74.077299998596,0,C,2026-05-23,high,1,3
1,4.49928,Wuhan,1,1.739556,mixed_sell_and_resolution,False,False,1,0,0,0,6.238890003365,0,C,2026-05-23,high,0,1
1,11.649600000816,Amsterdam,0,0,no_public_exit_yet,True,False,0,0,-11.6494,1,0.0,0,C,2026-05-24,high,0,1
2,58.039160002885005,Ankara,1,-10.433473,mixed_sell_and_resolution|pre_resolution_sell,True,False,1,1,-9.6412,1,42.920199997910004,0,C,2026-05-24,high,0,1
2,35.859319995732,Buenos Aires,1,-4.433229,mixed_sell_and_resolution|pre_resolution_sell,True,False,1,0,-9.3353,1,22.710969998112,0,C,2026-05-24,high,0,2
1,4.0,Busan,0,0,no_public_exit_yet,True,False,0,0,-4.0,1,0.0,0,C,2026-05-24,high,0,1
1,0.9211,Helsinki,0,0,no_public_exit_yet,True,False,0,0,-0.9211,1,0.0,0,C,2026-05-24,high,0,1
5,80.06052200550126,London,4,-23.703333999999998,mixed_sell_and_resolution|pre_resolution_sell,True,False,4,1,-5.2,1,37.063240008731,0,C,2026-05-24,high,0,4
1,0.7320099992001665,Miami,0,0,no_public_exit_yet,True,False,0,0,-0.732,1,0.0,0,F,2026-05-24,high,0,1
1,14.364700000524998,Milan,1,1.39841,mixed_sell_and_resolution,False,False,1,0,0,0,15.763099998666998,0,C,2026-05-24,high,0,1
3,92.22288499828224,Moscow,2,178.0428,mixed_sell_and_resolution|no_public_exit_yet,True,False,1,1,-11.1614,1,259.103497999576,0,C,2026-05-24,high,1,2
2,13.188460000000001,New York City,0,0,no_public_exit_yet|pre_resolution_sell,True,False,0,0,-12.482399999999998,2,1.04,0,F,2026-05-24,high,0,2
2,12.927567997092233,Paris,1,-1.632145,mixed_sell_and_resolution|no_public_exit_yet,True,False,1,1,-7.9515,1,3.3436999995380003,0,C,2026-05-24,high,0,1
3,13.728641995283121,Qingdao,0,0,no_public_exit_yet,True,False,0,0,-13.7278,3,0.0,0,C,2026-05-24,high,0,3
2,21.688200007642,Sao Paulo,2,0.3825749999999999,mixed_sell_and_resolution,False,False,1,0,0,0,22.070839989398003,0,C,2026-05-24,high,1,2
2,36.82229999716199,Seattle,2,-1.365868,mixed_sell_and_resolution,False,False,1,0,0,0,35.45633700108469,0,F,2026-05-24,high,1,2
2,3.502320003368,Seoul,2,2.0037130000000003,mixed_sell_and_resolution,False,False,0,1,0,0,5.506,0,C,2026-05-24,high,2,1
1,0.7994,Shanghai,0,0,no_public_exit_yet,True,False,0,0,-0.7994,1,0.0,0,C,2026-05-24,low,0,1
1,35.25139999446,Shenzhen,1,-8.748072,mixed_sell_and_resolution,False,False,1,0,0,0,26.503200000496,0,C,2026-05-24,high,0,1
1,2.9450000015,Taipei,0,0,no_public_exit_yet,True,False,0,0,-2.9447,1,0.0,0,C,2026-05-24,high,0,1
2,3.078140001496,Toronto,1,48.586887,hold_to_resolution|no_public_exit_yet,True,False,0,0,-0.6349,1,0.0,0,C,2026-05-24,high,1,2
1,14.49,Warsaw,1,0.275247,mixed_sell_and_resolution,False,False,1,0,0,0,14.7653000019,0,C,2026-05-24,high,0,1
2,6.0,Wuhan,0,0,no_public_exit_yet,True,False,0,1,-6.0,2,0.0,0,C,2026-05-24,high,0,1
1,2.1929999999999996,Chengdu,0,0,no_public_exit_yet,True,False,0,0,-2.1929,1,0.0,0,C,2026-05-25,high,0,1
1,37.93657400763153,Hong Kong,1,-9.722394,mixed_sell_and_resolution,False,False,1,0,0,0,28.21369800728891,0,C,2026-05-25,high,0,1
5,129.18470604432616,London,1,16.053952,mixed_sell_and_resolution|no_public_exit_yet|pre_resolution_sell,True,False,1,1,-92.9614,4,34.758460035754,0,C,2026-05-25,high,0,4
3,14.53282,Madrid,0,0,no_public_exit_yet,True,False,0,0,-14.530100000000001,3,0.0,0,C,2026-05-25,high,0,3
2,17.117408003843998,Miami,1,69.7495,mixed_sell_and_resolution|no_public_exit_yet,True,False,0,0,-2.117,1,84.7495,0,F,2026-05-25,high,1,2
1,27.768599002559313,Paris,1,3.402002,mixed_sell_and_resolution,False,False,1,0,0,0,31.17009998502,0,C,2026-05-25,high,0,1
1,0.8300000000000001,Qingdao,0,0,no_public_exit_yet,True,False,0,0,-0.83,1,0.0,0,C,2026-05-25,high,0,1
1,0.17729999999999999,San Francisco,0,0,no_public_exit_yet,True,False,0,0,-0.1772,1,0.0,0,F,2026-05-25,high,0,1
4,15.463479990983,Sao Paulo,2,-5.5104500000000005,mixed_sell_and_resolution|no_public_exit_yet,True,False,2,1,-8.4268,2,1.525700003072,0,C,2026-05-25,high,0,3
1,0.00030000000000000003,Seattle,1,0.0,hold_to_resolution,False,False,1,0,0,0,0.0,0,F,2026-05-25,high,0,1
1,20.953282000632004,Seoul,0,0,pre_resolution_sell,True,False,0,0,-11.1639,1,7.908699998475,0,C,2026-05-25,high,0,1
3,95.703330002103,Shenzhen,1,77.133956,mixed_sell_and_resolution|no_public_exit_yet,True,False,0,0,-14.7458,2,40.081199995199995,0,C,2026-05-25,high,1,3
3,31.827943998162546,Taipei,0,0,no_public_exit_yet|pre_resolution_sell,True,False,0,0,-29.9903,3,4.900580002238001,0,C,2026-05-25,high,0,3
2,28.299020027567998,Warsaw,0,0,no_public_exit_yet,True,False,0,0,-28.2987,2,0.0,0,C,2026-05-25,high,0,2
1,13.725412001479999,Ankara,0,0,no_public_exit_yet,True,False,0,0,-13.7253,1,0.0,0,C,2026-05-26,high,0,1
2,14.799800993518067,Buenos Aires,1,195.432463,mixed_sell_and_resolution|no_public_exit_yet,True,False,0,0,-0.0614,1,210.1708,0,C,2026-05-26,high,1,2
1,4.998945,Busan,0,0,no_public_exit_yet,True,False,0,0,-4.9989,1,0.0,0,C,2026-05-26,high,0,1
4,257.62661000460406,London,1,-37.228232,mixed_sell_and_resolution|no_public_exit_yet|pre_resolution_sell,True,False,1,1,-40.698,3,180.41583601564773,0,C,2026-05-26,high,0,3
1,1.2869700000000002,Los Angeles,0,0,no_public_exit_yet,True,False,0,0,-1.2869,1,0.0,0,F,2026-05-26,high,0,1
2,27.947800000878004,Madrid,0,0,no_public_exit_yet|pre_resolution_sell,True,False,0,1,-19.8751,2,7.225500002105,0,C,2026-05-26,high,0,1
1,28.999999999999996,Miami,1,-0.88611,mixed_sell_and_resolution,False,False,0,0,0,0,28.113900000299004,0,F,2026-05-26,high,1,1
1,0.84,Moscow,0,0,no_public_exit_yet,True,False,0,0,-0.84,1,0.0,0,C,2026-05-26,high,0,1
1,49.98570000459401,Paris,1,-20.315199,mixed_sell_and_resolution,False,False,1,0,0,0,29.670300001525998,0,C,2026-05-26,high,0,1
2,2.2,Qingdao,0,0,no_public_exit_yet,True,False,0,1,-2.2,2,0.0,0,C,2026-05-26,high,0,1
3,567.5350620223619,Seoul,2,31.662803,mixed_sell_and_resolution|no_public_exit_yet,True,False,1,0,-3.1999,1,595.997899988663,0,C,2026-05-26,high,1,3
2,67.189270000395,Shenzhen,2,-61.35514,mixed_sell_and_resolution,False,False,2,1,0,0,5.8319899886319995,0,C,2026-05-26,high,0,1
2,19.17339999834,Toronto,1,0.229878,mixed_sell_and_resolution|no_public_exit_yet,True,False,1,0,-16.0942,1,3.3089000008999996,0,C,2026-05-26,high,0,2
1,1.284485,Ankara,0,0,no_public_exit_yet,True,False,0,0,-1.2844,1,0.0,0,C,2026-05-27,high,0,1
1,11.0,Chengdu,0,0,no_public_exit_yet,True,False,0,0,-11.0,1,0.0,0,C,2026-05-27,high,0,1
1,0.3,Chongqing,0,0,no_public_exit_yet,True,False,0,0,-0.3,1,0.0,0,C,2026-05-27,high,0,1
3,18.66735000045473,Helsinki,1,-2.700583,mixed_sell_and_resolution|no_public_exit_yet,True,False,1,0,-15.479099999999999,2,0.48528,0,C,2026-05-27,high,0,3
1,22.5,Istanbul,0,0,no_public_exit_yet,True,False,0,0,-22.5,1,0.0,0,C,2026-05-27,high,0,1
2,7.199953999966483,Madrid,0,0,no_public_exit_yet,True,False,0,0,-7.1999,2,0.0,0,C,2026-05-27,high,0,2
3,19.849760002331,Sao Paulo,1,-8.083637,mixed_sell_and_resolution|no_public_exit_yet,True,False,1,0,-3.6569,2,8.108899996749999,0,C,2026-05-27,high,0,3
1,67.733100002818,Seoul,0,0,pre_resolution_sell,True,False,0,0,-32.2953,1,43.603100003139005,0,C,2026-05-27,high,0,1
4,41.58649995767,Seoul,0,0,no_public_exit_yet,True,False,0,0,-41.5856,4,0.0,0,C,2026-05-27,low,0,4
1,4.65,Shanghai,0,0,no_public_exit_yet,True,False,0,0,-4.65,1,0.0,0,C,2026-05-27,high,0,1
2,71.89415100149931,Shenzhen,0,0,no_public_exit_yet|pre_resolution_sell,True,False,0,1,-35.8929,2,4.2,0,C,2026-05-27,high,0,1
2,72.18684,Tokyo,0,0,no_public_exit_yet|pre_resolution_sell,True,False,0,0,-51.7057,2,8.926020011034,0,C,2026-05-27,high,0,2
3,22.7065719998189,Toronto,0,0,no_public_exit_yet,True,False,0,0,-22.7022,3,0.0,0,C,2026-05-27,high,0,3
1,8.418639992963,Wuhan,0,0,no_public_exit_yet,True,False,0,0,-8.4184,1,0.0,0,C,2026-05-27,high,0,1
3,17.5119800128,Buenos Aires,0,0,no_public_exit_yet,True,False,0,0,-17.5111,3,0.0,0,C,2026-05-28,high,0,3
2,19.285302002768187,Busan,0,0,no_public_exit_yet|pre_resolution_sell,True,False,0,1,-1.8513,2,12.689900000800002,0,C,2026-05-28,high,0,1
5,36.105760008879,London,0,0,no_public_exit_yet,True,False,0,0,-36.1036,5,0.0,0,C,2026-05-28,high,0,5
1,9.9972,Paris,1,89.9748,mixed_sell_and_resolution,False,False,0,0,0,0,99.972,0,C,2026-05-28,high,1,1
2,0.40152000000000004,Qingdao,1,0.0,hold_to_resolution|no_public_exit_yet,True,False,1,0,-0.4,1,0.0,0,C,2026-05-28,high,0,2
5,159.15339300844488,Seoul,2,111.02555,mixed_sell_and_resolution|no_public_exit_yet|pre_resolution_sell,True,False,1,0,-32.2144,3,239.177320001675,0,C,2026-05-28,high,1,5
1,0.005,Seoul,0,0,no_public_exit_yet,True,False,0,0,-0.005,1,0.0,0,C,2026-05-28,low,0,1
3,56.575700000824,Shenzhen,3,-30.627312999999997,mixed_sell_and_resolution,False,False,3,0,0,0,25.945800000920002,0,C,2026-05-28,high,0,3
1,75.100100001693,Busan,1,-0.219947,mixed_sell_and_resolution,False,False,0,0,0,0,74.88,0,C,2026-05-29,high,1,1
3,35.76762101442227,London,2,71.624627,mixed_sell_and_resolution|no_public_exit_yet,True,False,2,0,-10.4133,1,96.974600004,0,C,2026-05-29,high,0,3
2,2.17256999708,London,0,0,no_public_exit_yet,True,False,0,0,-2.1724,2,0.0,0,C,2026-05-29,low,0,2
4,155.105179999296,Seoul,2,-5.47988,mixed_sell_and_resolution|pre_resolution_sell,True,False,1,0,-11.6173,2,135.738560039336,0,C,2026-05-29,high,1,4
2,83.045907996204,Shenzhen,0,0,pre_resolution_sell,True,False,0,0,-38.9542,2,32.684,0,C,2026-05-29,high,0,2
1,20.3192,Taipei,1,-0.297214,mixed_sell_and_resolution,False,False,0,0,0,0,20.022000002048,0,C,2026-05-29,high,1,1
2,34.737300000385,Tokyo,2,-14.535450999999998,mixed_sell_and_resolution,False,False,2,1,0,0,20.2018,0,C,2026-05-29,high,0,1
2,31.243429997950997,Ankara,2,-14.260604,mixed_sell_and_resolution,False,False,2,0,0,0,16.981119990333,0,C,2026-05-30,high,0,2
1,7.299634001071505,Chengdu,1,-6.666466,mixed_sell_and_resolution,False,False,1,1,0,0,0.633060005417,0,C,2026-05-30,high,0,0
1,2.3001,Istanbul,0,0,no_public_exit_yet,True,False,0,1,-2.3001,1,0.0,0,C,2026-05-30,high,0,0
3,46.493019996305,London,1,-10.472909,mixed_sell_and_resolution|no_public_exit_yet,True,False,1,0,-15.376700000000001,2,20.642390010386002,0,C,2026-05-30,high,0,3
1,0.9882,New York City,0,0,no_public_exit_yet,True,False,0,0,-0.9882,1,0.0,0,F,2026-05-30,high,0,1
2,13.266344000215032,Qingdao,0,0,no_public_exit_yet,True,False,0,0,-13.266300000000001,2,0.0,0,C,2026-05-30,high,0,2
2,18.4254799975,Seattle,0,0,no_public_exit_yet,True,False,0,1,-18.425,2,0.0,0,F,2026-05-30,high,0,1
2,54.9086999985,Seoul,1,-12.27002,mixed_sell_and_resolution|pre_resolution_sell,True,False,1,0,-13.1197,1,28.520200003,0,C,2026-05-30,high,0,2
2,3.8,Seoul,2,0.5397909999999999,mixed_sell_and_resolution,False,False,2,0,0,0,4.340060005402,0,C,2026-05-30,low,0,2
1,2.73,Tokyo,0,0,no_public_exit_yet,True,False,0,0,-2.73,1,0.0,0,C,2026-05-30,high,0,1
1,14.57946,Warsaw,1,-0.556365,mixed_sell_and_resolution,False,False,1,0,0,0,14.023260002556,0,C,2026-05-30,high,0,1
4,234.116000001666,Istanbul,3,-77.84870699999999,hold_to_resolution|mixed_sell_and_resolution|no_public_exit_yet,True,False,1,1,-29.1206,1,122.016000009173,0,C,2026-05-31,high,2,3
5,76.36828800573734,London,2,128.853744,mixed_sell_and_resolution|no_public_exit_yet,True,False,1,0,-24.8076,3,180.413300004141,0,C,2026-05-31,high,1,5
3,63.19234900405673,Munich,1,73.522092,mixed_sell_and_resolution|no_public_exit_yet,True,False,0,0,-31.8682,2,104.84505,0,C,2026-05-31,high,1,3
1,18.599849992097134,Qingdao,0,0,no_public_exit_yet,True,False,0,0,-18.5966,1,0.0,0,C,2026-05-31,high,0,1
1,1.7117499999999999,Seattle,0,0,no_public_exit_yet,True,False,0,0,-1.7117,1,0.0,0,F,2026-05-31,high,0,1
2,33.10150000000001,Seoul,2,22.703363,hold_to_resolution|mixed_sell_and_resolution,False,False,2,1,0,0,55.7620000024,0,C,2026-05-31,high,0,1
3,16.01048,Shenzhen,1,13.650176,mixed_sell_and_resolution|no_public_exit_yet,True,False,0,0,-14.828800000000001,2,14.831890005857,0,C,2026-05-31,high,1,3
1,11.900699999999999,Toronto,0,0,no_public_exit_yet,True,False,0,0,-11.9006,1,0.0,0,C,2026-05-31,high,0,1
3,51.77738799943381,Warsaw,1,-0.239887,mixed_sell_and_resolution|no_public_exit_yet|pre_resolution_sell,True,False,0,0,-19.3793,2,33.493138001056494,0,C,2026-05-31,high,1,3
2,28.397299996097004,Istanbul,2,-4.553204,mixed_sell_and_resolution,False,False,2,0,0,0,23.844100004,0,C,2026-06-01,high,0,2
4,168.76897600859658,London,1,315.829702,mixed_sell_and_resolution|no_public_exit_yet,True,False,0,0,-93.7107,3,390.8803940026594,0,C,2026-06-01,high,1,4
1,2.1172,Los Angeles,0,0,no_public_exit_yet,True,False,0,0,-2.1172,1,0.0,0,F,2026-06-01,high,0,1
3,25.9199999995,Miami,1,85.0,hold_to_resolution|no_public_exit_yet,True,False,0,0,-10.919899999999998,2,0.0,0,F,2026-06-01,high,1,3
1,11.165600000000001,Moscow,1,54.5144,hold_to_resolution,False,False,0,0,0,0,0.0,0,C,2026-06-01,high,1,1
3,26.147133999869148,Munich,0,0,no_public_exit_yet,True,False,0,0,-26.1466,3,0.0,0,C,2026-06-01,high,0,3
1,36.673030004164,Paris,0,0,pre_resolution_sell,True,False,0,0,-36.0976,1,1.2000000000000002,0,C,2026-06-01,high,0,1
2,17.603200003029,Sao Paulo,0,0,no_public_exit_yet,True,False,0,0,-17.602800000000002,2,0.0,0,C,2026-06-01,high,0,2
2,9.04768,Seoul,0,0,no_public_exit_yet,True,False,0,0,-9.047600000000001,2,0.0,0,C,2026-06-01,low,0,2
1,22.382,Shanghai,0,0,no_public_exit_yet,True,False,0,0,-22.382,1,0.0,0,C,2026-06-01,high,0,1
1,37.0,Taipei,1,-1.0,mixed_sell_and_resolution,False,False,1,0,0,0,36.0,0,C,2026-06-01,high,0,1
2,21.997011000188905,Busan,0,0,no_public_exit_yet,True,False,0,0,-21.9969,2,0.0,0,C,2026-06-02,high,0,2
5,77.163479994632,London,1,65.180015,mixed_sell_and_resolution|no_public_exit_yet,True,False,0,0,-56.1022,4,86.24,0,C,2026-06-02,high,1,5
2,79.148339999625,Miami,2,3.726304,mixed_sell_and_resolution,False,False,1,0,0,0,82.86725800005486,0,F,2026-06-02,high,1,2
6,79.196840016576,Milan,5,40.143773,mixed_sell_and_resolution|no_public_exit_yet,True,False,4,0,-21.7032,1,97.63712999891999,0,C,2026-06-02,high,1,6
4,35.530219993517,Qingdao,0,0,no_public_exit_yet|pre_resolution_sell,True,False,0,0,-33.1668,4,2.1900000001,0,C,2026-06-02,high,0,4
2,59.66435,Seoul,2,-23.943088,mixed_sell_and_resolution,False,False,1,0,0,0,35.721050003299,0,C,2026-06-02,high,1,2
2,20.254926001028,Shenzhen,0,0,no_public_exit_yet,True,False,0,0,-20.253300000000003,2,0.0,0,C,2026-06-02,high,0,2
2,46.654359997528,Ankara,1,-7.428091,mixed_sell_and_resolution|no_public_exit_yet,True,False,1,1,-35.4195,1,3.806400003342,0,C,2026-06-03,high,0,1
1,26.066399994532,Atlanta,0,0,pre_resolution_sell,True,False,0,0,-9.6799,1,18.49970000592,0,F,2026-06-03,high,0,1
2,5.984,Beijing,0,0,no_public_exit_yet,True,False,0,1,-5.984,2,0.0,0,C,2026-06-03,high,0,1
2,6.7797,Buenos Aires,0,0,no_public_exit_yet,True,False,0,0,-6.7797,2,0.0,0,C,2026-06-03,high,0,2
1,4.0,Chongqing,0,0,no_public_exit_yet,True,False,0,0,-4.0,1,0.0,0,C,2026-06-03,high,0,1
1,3.9999330000000004,Dallas,0,0,no_public_exit_yet,True,False,0,0,-3.9999,1,0.0,0,F,2026-06-03,high,0,1
1,3.78525,Hong Kong,0,0,no_public_exit_yet,True,False,0,0,-3.7843,1,0.0,0,C,2026-06-03,low,0,1
2,51.77964900183465,London,0,0,no_public_exit_yet|pre_resolution_sell,True,False,0,0,-34.7508,2,16.981398001790957,0,C,2026-06-03,high,0,2
3,26.828010033587002,Madrid,0,0,no_public_exit_yet,True,False,0,0,-26.8275,3,0.0,0,C,2026-06-03,high,0,3
1,1.979535004372094,Milan,0,0,no_public_exit_yet,True,False,0,0,-1.9795,1,0.0,0,C,2026-06-03,high,0,1
2,17.76604600063302,Moscow,1,69.396485,mixed_sell_and_resolution|no_public_exit_yet,True,False,0,0,-2.0212,1,85.14079800020852,0,C,2026-06-03,high,1,2
1,9.078000000000001,Munich,0,0,no_public_exit_yet,True,False,0,0,-9.078,1,0.0,0,C,2026-06-03,high,0,1
2,53.832,New York City,0,0,no_public_exit_yet,True,False,0,0,-53.8316,2,0.0,0,F,2026-06-03,high,0,2
1,5.599909000096683,Paris,0,0,no_public_exit_yet,True,False,0,0,-5.5999,1,0.0,0,C,2026-06-03,high,0,1
1,28.187399999999997,Qingdao,1,82.802613,mixed_sell_and_resolution,False,False,0,0,0,0,25.16,0,C,2026-06-03,high,1,1
1,23.5,Seoul,0,0,pre_resolution_sell,True,False,0,1,-19.2855,1,4.958,0,C,2026-06-03,high,0,0
2,5.499380001709284,Shanghai,0,0,no_public_exit_yet,True,False,0,0,-5.4993,2,0.0,0,C,2026-06-03,high,0,2
2,4.7540000000000004,Shenzhen,0,0,no_public_exit_yet,True,False,0,0,-4.754,2,0.0,0,C,2026-06-03,high,0,2
4,86.970817004825,Tokyo,1,164.380443,mixed_sell_and_resolution|no_public_exit_yet,True,False,0,0,-44.9351,3,206.407200011074,0,C,2026-06-03,high,1,4
5,21.777935998986003,Tokyo,0,0,no_public_exit_yet,True,False,0,1,-21.7777,5,0.0,0,C,2026-06-03,low,0,4
1,6.2899999994,Wuhan,0,0,no_public_exit_yet,True,False,0,1,-6.2899,1,0.0,0,C,2026-06-03,high,0,0
1,1.265,Ankara,0,0,no_public_exit_yet,True,False,0,0,-1.2649,1,0.0,0,C,2026-06-04,high,0,1
3,16.540277999524,Buenos Aires,0,0,no_public_exit_yet,True,False,0,0,-16.5401,3,0.0,0,C,2026-06-04,high,0,3
1,2.04780000423,Hong Kong,0,0,no_public_exit_yet,True,False,0,0,-2.0477,1,0.0,0,C,2026-06-04,low,0,1
2,9.417069,Miami,0,0,no_public_exit_yet|pre_resolution_sell,True,False,0,0,-4.8568999999999996,2,10.1365599944,0,F,2026-06-04,high,0,2
1,5.099758000048336,Moscow,0,0,no_public_exit_yet,True,False,0,0,-5.0997,1,0.0,0,C,2026-06-04,high,0,1
1,10.0,Munich,0,0,no_public_exit_yet,True,False,0,0,-10.0,1,0.0,0,C,2026-06-04,high,0,1
1,12.1,Qingdao,0,0,no_public_exit_yet,True,False,0,0,-12.1,1,0.0,0,C,2026-06-04,high,0,1
1,2.2439999999999998,Sao Paulo,0,0,no_public_exit_yet,True,False,0,0,-2.2439,1,0.0,0,C,2026-06-04,high,0,1
2,10.7930500085,Shenzhen,0,0,no_public_exit_yet,True,False,0,1,-10.790000000000001,2,0.0,0,C,2026-06-04,high,0,1
1,8.482200003068,Taipei,0,0,no_public_exit_yet,True,False,0,0,-8.4821,1,0.0,0,C,2026-06-04,high,0,1
2,30.81159999451,Tokyo,0,0,no_public_exit_yet,True,False,0,0,-30.811500000000002,2,0.0,0,C,2026-06-04,high,0,2
2,16.25242999831,Warsaw,0,0,no_public_exit_yet,True,False,0,0,-16.2523,2,0.0,0,C,2026-06-04,high,0,2
1,8.480359995498999,Wellington,0,0,no_public_exit_yet,True,False,0,0,-8.4802,1,0.0,0,C,2026-06-04,high,0,1
3,12.23319899974411,Ankara,0,0,no_public_exit_yet,True,False,0,0,-12.2331,3,0.0,0,C,2026-06-05,high,0,3
1,19.2269,Busan,1,-16.5866,mixed_sell_and_resolution,False,False,1,0,0,0,2.6403,0,C,2026-06-05,high,0,1
5,187.48767298712852,London,1,250.116821,mixed_sell_and_resolution|no_public_exit_yet,True,False,0,1,-93.0167,4,344.5779959999791,0,C,2026-06-05,high,1,4
5,15.82007801373945,Madrid,0,0,no_public_exit_yet,True,False,0,0,-15.814499999999999,5,0.0,0,C,2026-06-05,high,0,5
3,39.098250003936,Moscow,1,1.253661,mixed_sell_and_resolution|no_public_exit_yet,True,False,1,0,-13.1114,2,27.239600002050004,0,C,2026-06-05,high,0,3
2,3.1410560000519476,Qingdao,2,9.155697,hold_to_resolution,False,False,0,1,0,0,0.0,0,C,2026-06-05,high,2,1
5,242.63825199335884,Seoul,5,-22.242853000000004,mixed_sell_and_resolution,False,False,4,0,0,0,220.3882479983896,0,C,2026-06-05,high,1,5
2,12.399999999999999,Shenzhen,0,0,no_public_exit_yet,True,False,0,0,-12.3997,2,0.0,0,C,2026-06-05,high,0,2
4,75.44955999686,Taipei,1,521.591247,mixed_sell_and_resolution|no_public_exit_yet,True,False,0,0,-48.2183,3,548.821169996852,0,C,2026-06-05,high,1,4
2,25.568916000463584,Warsaw,0,0,no_public_exit_yet,True,False,0,0,-25.568800000000003,2,0.0,0,C,2026-06-05,high,0,2
3,15.267645994182331,Ankara,0,0,no_public_exit_yet,True,False,0,0,-15.267500000000002,3,0.0,0,C,2026-06-06,high,0,3
3,57.04846400416619,Buenos Aires,1,59.563877,hold_to_resolution|no_public_exit_yet,True,False,0,0,-18.5213,2,0.0,0,C,2026-06-06,high,1,3
2,14.288859001102397,Chicago,0,0,no_public_exit_yet,True,False,0,0,-14.2888,2,0.0,0,F,2026-06-06,high,0,2
2,11.812143993316827,Hong Kong,1,287.343688,mixed_sell_and_resolution|no_public_exit_yet,True,False,0,0,-4.9998,1,294.15617000246397,0,C,2026-06-06,high,1,2
2,11.377383999789732,Hong Kong,0,0,no_public_exit_yet,True,False,0,1,-11.3767,2,0.0,0,C,2026-06-06,low,0,1
5,60.70566402933644,Istanbul,1,197.373444,mixed_sell_and_resolution|no_public_exit_yet,True,False,0,0,-38.0292,4,220.03974,0,C,2026-06-06,high,1,5
1,3.430376,Moscow,0,0,no_public_exit_yet,True,False,0,0,-3.4294,1,0.0,0,C,2026-06-06,high,0,1
3,39.772952002967,New York City,0,0,no_public_exit_yet|pre_resolution_sell,True,False,0,0,-34.4165,3,4.7699999984,0,F,2026-06-06,high,0,3
1,2.9564,New York City,0,0,no_public_exit_yet,True,False,0,0,-2.9564,1,0.0,0,F,2026-06-06,low,0,1
2,15.47090001894,Paris,0,0,no_public_exit_yet,True,False,0,1,-15.4704,2,0.0,0,C,2026-06-06,high,0,1
2,12.8185,Qingdao,0,0,no_public_exit_yet,True,False,0,0,-12.818399999999999,2,0.0,0,C,2026-06-06,high,0,2
1,2.8663019999999997,San Francisco,0,0,no_public_exit_yet,True,False,0,0,-2.8663,1,0.0,0,F,2026-06-06,high,0,1
2,67.07659399504445,Sao Paulo,1,-40.355948,mixed_sell_and_resolution|no_public_exit_yet,True,False,1,0,-16.8552,1,9.861100011922,0,C,2026-06-06,high,0,2
1,3.0999999999999996,Seattle,0,0,no_public_exit_yet,True,False,0,0,-3.1,1,0.0,0,F,2026-06-06,high,0,1
3,28.179102000008196,Shanghai,0,0,no_public_exit_yet,True,False,0,0,-28.1784,3,0.0,0,C,2026-06-06,high,0,3
1,8.0,Shenzhen,1,-8.0,hold_to_resolution,False,False,1,0,0,0,0.0,0,C,2026-06-06,high,0,1
2,39.827148002411995,Taipei,2,-39.827017,hold_to_resolution,False,False,2,0,0,0,0.0,0,C,2026-06-06,high,0,2
1,8.786314,Buenos Aires,1,8.795137,mixed_sell_and_resolution,False,False,1,0,0,0,17.58119999632,0,C,2026-06-07,high,0,1
2,20.48701998872,Hong Kong,0,0,no_public_exit_yet|pre_resolution_sell,True,False,0,0,-15.8814,2,3.89584000614,0,C,2026-06-07,high,0,2
2,6.4430129896824715,Hong Kong,0,0,no_public_exit_yet,True,False,0,0,-6.442699999999999,2,0.0,0,C,2026-06-07,low,0,2
1,16.340536997419907,Istanbul,0,0,pre_resolution_sell,True,False,0,0,-9.9509,1,4.6895999999999995,0,C,2026-06-07,high,0,1
2,128.16165999708,London,0,0,pre_resolution_sell,True,False,0,0,-20.318099999999998,2,88.742899991154,0,C,2026-06-07,high,0,2
1,8.09919,Seattle,0,0,no_public_exit_yet,True,False,0,0,-8.0991,1,0.0,0,F,2026-06-07,high,0,1
2,24.022659996,Seoul,2,4.092420000000001,mixed_sell_and_resolution,False,False,2,0,0,0,28.114880001074003,0,C,2026-06-07,high,0,2
6,549.28041499286,Seoul,3,312.238709,hold_to_resolution|no_public_exit_yet|transform_affected,True,True,1,1,-27.5471,3,0.0,2,C,2026-06-07,low,2,5
4,49.77716198987248,Shenzhen,0,0,no_public_exit_yet,True,False,0,0,-49.7746,4,0.0,0,C,2026-06-07,high,0,4
1,0.0504,Tokyo,0,0,no_public_exit_yet,True,False,0,0,-0.0504,1,0.0,0,C,2026-06-07,high,0,1
3,16.44209,Busan,2,-3.657171,mixed_sell_and_resolution|no_public_exit_yet,True,False,2,1,-0.3126,1,12.47070000368,0,C,2026-06-08,high,0,2
2,25.224399999869,London,0,0,no_public_exit_yet|pre_resolution_sell,True,False,0,1,-22.43,2,2.6229,0,C,2026-06-08,high,0,1
2,0.8145799999999999,New York City,2,-0.157969,mixed_sell_and_resolution,False,False,2,1,0,0,0.6565999999980001,0,F,2026-06-08,high,0,1
2,8.592099998064999,Seattle,0,0,no_public_exit_yet,True,False,0,0,-8.591999999999999,2,0.0,0,F,2026-06-08,high,0,2
3,8.499387,Seoul,0,0,no_public_exit_yet,True,False,0,1,-8.4993,3,0.0,0,C,2026-06-08,low,0,2
2,20.152859998604,Shanghai,1,49.4,hold_to_resolution|no_public_exit_yet,True,False,0,0,-4.5528,1,0.0,0,C,2026-06-08,high,1,2
1,2.1,Shanghai,0,0,no_public_exit_yet,True,False,0,0,-2.1,1,0.0,0,C,2026-06-08,low,0,1
3,21.561387006972957,Shenzhen,1,47.4417,mixed_sell_and_resolution|no_public_exit_yet,True,False,0,0,-12.1898,2,56.8129,0,C,2026-06-08,high,1,3
4,45.369780000042,Hong Kong,1,98.807618,mixed_sell_and_resolution|no_public_exit_yet,True,False,0,0,-22.3599,3,121.81439500242475,0,C,2026-06-09,high,1,4
5,173.34713200261,London,1,276.066138,mixed_sell_and_resolution|no_public_exit_yet|pre_resolution_sell,True,False,0,1,-128.79420000000002,4,334.5484980055153,0,C,2026-06-09,high,1,4
2,10.106560018715,Madrid,0,0,no_public_exit_yet,True,False,0,1,-10.104800000000001,2,0.0,0,C,2026-06-09,high,0,1
2,19.8184,Moscow,1,33.5746,hold_to_resolution|no_public_exit_yet,True,False,0,0,-3.393,1,0.0,0,C,2026-06-09,high,1,2
1,3.5,Panama City,0,0,no_public_exit_yet,True,False,0,1,-3.5,1,0.0,0,C,2026-06-09,high,0,0
1,35.926000002,Qingdao,1,-11.184636,mixed_sell_and_resolution,False,False,0,0,0,0,24.74130000168,0,C,2026-06-09,high,1,1
1,11.886470002944002,Sao Paulo,1,-10.123399,mixed_sell_and_resolution,False,False,1,0,0,0,1.7630799889920001,0,C,2026-06-09,high,0,1
7,97.591460018265,Seoul,2,75.65005,hold_to_resolution|no_public_exit_yet,True,False,0,1,-48.2397,5,0.0,0,C,2026-06-09,high,2,6
2,0.045228,Seoul,0,0,no_public_exit_yet,True,False,0,0,-0.0452,2,0.0,0,C,2026-06-09,low,0,2
2,29.732000001600003,Shenzhen,1,11.518914,mixed_sell_and_resolution|pre_resolution_sell,True,False,0,0,-3.8862,1,48.680540010028,0,C,2026-06-09,high,1,2
3,11.490199996314,Tokyo,0,0,no_public_exit_yet,True,False,0,1,-11.489799999999999,3,0.0,0,C,2026-06-09,low,0,2
4,110.21676200563239,London,3,-71.615827,mixed_sell_and_resolution|no_public_exit_yet,True,False,3,1,-5.1114,1,33.477779995845,0,C,2026-06-10,high,0,3
2,22.62674000282,Moscow,1,42.340254,mixed_sell_and_resolution|no_public_exit_yet,True,False,0,0,-5.2263,1,59.738498000000746,0,C,2026-06-10,high,1,2
1,1.7936,Paris,0,0,no_public_exit_yet,True,False,0,0,-1.7936,1,0.0,0,C,2026-06-10,high,0,1
2,13.119799967346001,San Francisco,0,0,no_public_exit_yet,True,False,0,0,-13.1197,2,0.0,0,F,2026-06-10,high,0,2
2,2.9243500015,Seoul,0,0,no_public_exit_yet,True,False,0,0,-2.9242,2,0.0,0,C,2026-06-10,high,0,2
3,72.722856992727,Seoul,2,0.716532,mixed_sell_and_resolution|no_public_exit_yet,True,False,2,1,-10.7619,1,62.676820003008004,0,C,2026-06-10,low,0,2
2,15.307000000000002,Shanghai,0,0,no_public_exit_yet,True,False,0,0,-15.306999999999999,2,0.0,0,C,2026-06-10,high,0,2
1,1.60872,Shenzhen,0,0,no_public_exit_yet,True,False,0,0,-1.6087,1,0.0,0,C,2026-06-10,high,0,1
2,60.178670003264,Taipei,0,0,pre_resolution_sell,True,False,0,0,-29.7252,2,49.88159699942263,0,C,2026-06-10,high,0,2
2,44.025099998724,Ankara,0,0,no_public_exit_yet,True,False,0,1,-44.0249,2,0.0,0,C,2026-06-11,high,0,1
5,33.537289987568,Buenos Aires,0,0,no_public_exit_yet,True,False,0,0,-33.5362,5,0.0,0,C,2026-06-11,high,0,5
2,51.484090007757004,London,0,0,no_public_exit_yet|pre_resolution_sell,True,False,0,0,-31.237000000000002,2,39.4752,0,C,2026-06-11,high,0,2
2,30.83259099766,Madrid,0,0,no_public_exit_yet,True,False,0,1,-30.8312,2,0.0,0,C,2026-06-11,high,0,1
5,121.36941106522893,Moscow,3,502.47852,hold_to_resolution|mixed_sell_and_resolution|no_public_exit_yet,True,False,1,1,-8.0901,2,496.04511997095204,0,C,2026-06-11,high,2,4
4,60.551090017485,Munich,1,126.160587,hold_to_resolution|no_public_exit_yet,True,False,0,0,-33.7105,3,0.0,0,C,2026-06-11,high,1,4
5,32.76270899937451,New York City,1,-9.15179,mixed_sell_and_resolution|no_public_exit_yet,True,False,1,0,-14.653500000000001,4,8.952999998845,0,F,2026-06-11,high,0,5
1,8.313459991742,New York City,0,0,no_public_exit_yet,True,False,0,1,-8.3133,1,0.0,0,F,2026-06-11,low,0,0
2,113.291799993676,Qingdao,0,0,no_public_exit_yet,True,False,0,1,-113.2902,2,0.0,0,C,2026-06-11,high,0,1
1,9.373900000499999,Sao Paulo,0,0,no_public_exit_yet,True,False,0,0,-9.3738,1,0.0,0,C,2026-06-11,high,0,1
1,2.5316800028,Seoul,0,0,no_public_exit_yet,True,False,0,0,-2.5315,1,0.0,0,C,2026-06-11,high,0,1
1,13.347424990434956,Seoul,0,0,no_public_exit_yet,True,False,0,1,-13.3467,1,0.0,0,C,2026-06-11,low,0,0
1,3.829786999148935,Shanghai,1,59.999996,hold_to_resolution,False,False,0,1,0,0,0.0,0,C,2026-06-11,high,1,0
1,1.7600000080000002,Tel Aviv,0,0,no_public_exit_yet,True,False,0,0,-1.7598,1,0.0,0,C,2026-06-11,high,0,1
1,0.3144,Tokyo,1,7.5456,hold_to_resolution,False,False,0,0,0,0,0.0,0,C,2026-06-11,high,1,1
3,34.2700360041803,Warsaw,0,0,no_public_exit_yet|pre_resolution_sell,True,False,0,0,-23.5313,3,86.49814001394601,0,C,2026-06-11,high,0,3
3,39.227500009621,Ankara,2,103.892438,hold_to_resolution|mixed_sell_and_resolution|no_public_exit_yet,True,False,0,1,-14.5822,1,62.627399999999994,0,C,2026-06-12,high,2,2
5,70.28710501108627,Beijing,1,176.843,hold_to_resolution|no_public_exit_yet,True,False,0,0,-47.1295,4,0.0,0,C,2026-06-12,high,1,5
3,80.72144099854351,Buenos Aires,1,170.518146,hold_to_resolution|no_public_exit_yet|pre_resolution_sell,True,False,0,0,-25.3551,2,58.68930000387801,0,C,2026-06-12,high,1,3
4,41.12485899232019,Guangzhou,2,-17.625418,mixed_sell_and_resolution|no_public_exit_yet,True,False,2,1,-22.398600000000002,2,1.1000199982,0,C,2026-06-12,high,0,3
3,41.495998,Istanbul,1,-5.6141,mixed_sell_and_resolution|no_public_exit_yet,True,False,1,1,-8.495899999999999,2,27.385900000000003,0,C,2026-06-12,high,0,2
6,153.410889987517,London,2,139.001777,mixed_sell_and_resolution|no_public_exit_yet,True,False,0,1,-18.3109,4,274.100299995781,0,C,2026-06-12,high,2,5
3,45.833679996821004,Moscow,3,27.72233,mixed_sell_and_resolution,False,False,2,1,0,0,73.554900012866,0,C,2026-06-12,high,1,2
2,43.798800000628006,Munich,0,0,no_public_exit_yet,True,False,0,0,-43.7973,2,0.0,0,C,2026-06-12,high,0,2
5,87.5183899990188,New York City,1,169.824419,mixed_sell_and_resolution|no_public_exit_yet,True,False,0,0,-55.373999999999995,4,201.9659940024356,0,F,2026-06-12,high,1,5
3,106.772092999997,New York City,2,9.280518,mixed_sell_and_resolution|no_public_exit_yet,True,False,2,1,-0.1017,1,115.941199996221,0,F,2026-06-12,low,0,2
3,20.710703992188066,Panama City,2,0.0,no_public_exit_yet|transform_affected,True,True,1,1,-20.7098,1,0.0,2,C,2026-06-12,high,1,2
2,52.426499987848004,Qingdao,0,0,no_public_exit_yet,True,False,0,0,-52.426199999999994,2,0.0,0,C,2026-06-12,high,0,2
2,9.25254998998,San Francisco,0,0,no_public_exit_yet,True,False,0,0,-9.2522,2,0.0,0,F,2026-06-12,high,0,2
3,35.255199993001,Sao Paulo,0,0,no_public_exit_yet,True,False,0,0,-35.2539,3,0.0,0,C,2026-06-12,high,0,3
6,106.928593999396,Warsaw,2,228.704744,hold_to_resolution|mixed_sell_and_resolution|no_public_exit_yet|pre_resolution_sell,True,False,0,1,-26.1351,4,52.65049999429,0,C,2026-06-12,high,2,5
1,6.0,Buenos Aires,0,0,no_public_exit_yet,True,False,0,0,-6.0,1,0.0,0,C,2026-06-13,high,0,1
1,9.654640003536999,Dallas,1,-3.820626,mixed_sell_and_resolution,False,False,1,0,0,0,5.833889999999999,0,F,2026-06-13,high,0,1
3,32.671330003262,London,1,-6.50006,mixed_sell_and_resolution|no_public_exit_yet,True,False,1,0,-22.8707,2,3.300000004,0,C,2026-06-13,high,0,3
2,20.156071999540217,Moscow,1,54.871942,hold_to_resolution|no_public_exit_yet,True,False,0,0,-8.1637,1,0.0,0,C,2026-06-13,high,1,2
2,56.193069995542004,Paris,0,0,no_public_exit_yet|pre_resolution_sell,True,False,0,1,-25.580199999999998,2,11.32720999475,0,C,2026-06-13,high,0,1
3,39.45690998624,Seoul,1,6.44,mixed_sell_and_resolution|no_public_exit_yet,True,False,1,0,-22.4465,2,23.45,0,C,2026-06-13,high,0,3
2,11.5585,Shenzhen,0,0,no_public_exit_yet,True,False,0,0,-11.558499999999999,2,0.0,0,C,2026-06-13,high,0,2
1,2.258,Tel Aviv,0,0,no_public_exit_yet,True,False,0,0,-2.258,1,0.0,0,C,2026-06-13,high,0,1
4,46.10964498621222,Tokyo,0,0,no_public_exit_yet,True,False,0,1,-46.108999999999995,4,0.0,0,C,2026-06-13,high,0,3
2,32.383046996811565,Warsaw,0,0,no_public_exit_yet|pre_resolution_sell,True,False,0,0,-15.846499999999999,2,14.072999999769998,0,C,2026-06-13,high,0,2
4,46.538643998270004,Ankara,0,0,no_public_exit_yet,True,False,0,1,-46.5343,4,0.0,0,C,2026-06-14,high,0,3
1,11.498976000967682,Buenos Aires,1,-6.864115,mixed_sell_and_resolution,False,False,1,0,0,0,4.634199996607999,0,C,2026-06-14,high,0,1
1,15.646400000848999,Chicago,1,89.163648,hold_to_resolution,False,False,0,0,0,0,0.0,0,F,2026-06-14,high,1,1
1,10.9428,Guangzhou,0,0,no_public_exit_yet,True,False,0,0,-10.9428,1,0.0,0,C,2026-06-14,high,0,1
2,66.59319799999896,Hong Kong,0,0,no_public_exit_yet,True,False,0,0,-66.5927,2,0.0,0,C,2026-06-14,low,0,2
1,3.7993740000000003,London,1,0.4749,mixed_sell_and_resolution,False,False,1,0,0,0,4.2741,0,C,2026-06-14,high,0,1
1,8.386999999079999,Munich,1,-1.887772,mixed_sell_and_resolution,False,False,1,0,0,0,6.499200002382,0,C,2026-06-14,high,0,1
3,51.50600000208,Qingdao,1,172.894023,hold_to_resolution|no_public_exit_yet,True,False,0,0,-9.6,2,0.0,0,C,2026-06-14,high,1,3
3,46.74762698800064,Seoul,0,0,no_public_exit_yet,True,False,0,1,-46.7459,3,0.0,0,C,2026-06-14,high,0,2
2,106.92515399674502,Shanghai,1,242.431796,mixed_sell_and_resolution|no_public_exit_yet,True,False,0,0,-62.2174,1,47.856,0,C,2026-06-14,high,1,2
3,35.08132100001897,Taipei,0,0,no_public_exit_yet,True,False,0,0,-35.0798,3,0.0,0,C,2026-06-14,high,0,3
2,50.43964098577045,Warsaw,0,0,no_public_exit_yet,True,False,0,0,-50.438599999999994,2,0.0,0,C,2026-06-14,high,0,2
1,14.4,Ankara,1,54.0,mixed_sell_and_resolution,False,False,0,0,0,0,68.39999999999999,0,C,2026-06-15,high,1,1
2,17.39229099996169,Atlanta,1,89.352972,mixed_sell_and_resolution|no_public_exit_yet,True,False,0,0,-10.7922,1,95.94958599821386,0,F,2026-06-15,high,1,2
4,70.951569989595,Beijing,1,113.788234,mixed_sell_and_resolution|no_public_exit_yet,True,False,0,0,-58.6432,3,126.095750003903,0,C,2026-06-15,high,1,4
3,38.08177598652612,Istanbul,1,43.012017,mixed_sell_and_resolution|no_public_exit_yet,True,False,0,0,-20.648,2,60.443999999999996,0,C,2026-06-15,high,1,3
2,29.650409000646505,London,0,0,no_public_exit_yet,True,False,0,0,-29.6499,2,0.0,0,C,2026-06-15,high,0,2
1,12.3,Madrid,0,0,no_public_exit_yet,True,False,0,0,-12.3,1,0.0,0,C,2026-06-15,high,0,1
1,14.3650000025,Moscow,0,0,pre_resolution_sell,True,False,0,0,-3.8285,1,15.03012999824,0,C,2026-06-15,high,0,1
3,36.435099996764,Paris,1,133.317068,mixed_sell_and_resolution|no_public_exit_yet|pre_resolution_sell,True,False,0,0,-13.146099999999999,2,161.8769999976,0,C,2026-06-15,high,1,3
3,51.634209003586975,Seoul,0,0,no_public_exit_yet,True,False,0,0,-51.6299,3,0.0,0,C,2026-06-15,high,0,3
2,26.202100008471998,Seoul,2,-14.914433,mixed_sell_and_resolution,False,False,2,1,0,0,11.287600000483998,0,C,2026-06-15,low,0,1
2,40.128949986125,Shenzhen,0,0,no_public_exit_yet|pre_resolution_sell,True,False,0,0,-37.0466,2,4.2817599948359994,0,C,2026-06-15,high,0,2
1,12.583244,Amsterdam,0,0,no_public_exit_yet,True,False,0,0,-12.5819,1,0.0,0,C,2026-06-16,high,0,1
2,2.5368589994790454,Ankara,0,0,no_public_exit_yet,True,False,0,0,-2.5368000000000004,2,0.0,0,C,2026-06-16,high,0,2
1,3.1074300146800002,Beijing,0,0,no_public_exit_yet,True,False,0,0,-3.1072,1,0.0,0,C,2026-06-16,high,0,1
2,7.266350010433,Buenos Aires,0,0,no_public_exit_yet,True,False,0,0,-7.266,2,0.0,0,C,2026-06-16,high,0,2
2,63.821329988887,London,1,104.182546,mixed_sell_and_resolution|no_public_exit_yet,True,False,0,0,-8.3044,1,159.699080002095,0,C,2026-06-16,high,1,2
1,12.1039699986,Madrid,1,-5.316935,mixed_sell_and_resolution,False,False,1,0,0,0,6.78711999416,0,C,2026-06-16,high,0,1
3,8.65741900655,Moscow,0,0,no_public_exit_yet,True,False,0,0,-8.6554,3,0.0,0,C,2026-06-16,high,0,3
4,59.24142601058927,Munich,0,0,no_public_exit_yet|pre_resolution_sell,True,False,0,0,-53.691900000000004,4,10.759498999964633,0,C,2026-06-16,high,0,4
2,15.108800002466001,Paris,0,0,no_public_exit_yet,True,False,0,0,-15.1085,2,0.0,0,C,2026-06-16,high,0,2
2,12.96072,Qingdao,0,0,no_public_exit_yet,True,False,0,0,-12.960700000000001,2,0.0,0,C,2026-06-16,high,0,2
6,55.789462993386365,Seattle,1,196.304973,hold_to_resolution|no_public_exit_yet,True,False,0,0,-45.6434,5,0.0,0,F,2026-06-16,high,1,6
2,24.680133995107745,Seoul,0,0,no_public_exit_yet,True,False,0,0,-24.68,2,0.0,0,C,2026-06-16,high,0,2
2,4.525849999819,Shenzhen,1,107.193066,mixed_sell_and_resolution|no_public_exit_yet,True,False,0,1,-2.3237,1,109.395,0,C,2026-06-16,high,1,1
1,21.3216,Tokyo,0,0,no_public_exit_yet,True,False,0,0,-21.3216,1,0.0,0,C,2026-06-16,high,0,1
1,34.2,Atlanta,1,-1.614012,mixed_sell_and_resolution,False,False,1,1,0,0,32.5860000004,0,F,2026-06-17,high,0,0
2,13.600399999278,Guangzhou,0,0,no_public_exit_yet,True,False,0,0,-13.6003,2,0.0,0,C,2026-06-17,high,0,2
2,10.932810995392,Helsinki,0,0,no_public_exit_yet,True,False,0,0,-10.9327,2,0.0,0,C,2026-06-17,high,0,2
3,68.891689986992,London,1,137.047106,mixed_sell_and_resolution|no_public_exit_yet,True,False,0,0,-51.2483,2,0.9999990000000001,0,C,2026-06-17,high,1,3
1,6.315099999999999,Munich,0,0,no_public_exit_yet,True,False,0,0,-6.315,1,0.0,0,C,2026-06-17,high,0,1
1,6.1636000006,New York City,0,0,no_public_exit_yet,True,False,0,0,-6.1634,1,0.0,0,F,2026-06-17,high,0,1
1,23.365599998272,Paris,0,0,no_public_exit_yet,True,False,0,0,-23.3654,1,0.0,0,C,2026-06-17,high,0,1
1,5.3,Sao Paulo,0,0,no_public_exit_yet,True,False,0,0,-5.3,1,0.0,0,C,2026-06-17,high,0,1
3,25.488808988522734,Seoul,1,196.839812,hold_to_resolution|no_public_exit_yet,True,False,0,0,-9.8285,2,0.0,0,C,2026-06-17,high,1,3
3,29.310673990437,Shenzhen,1,76.0,mixed_sell_and_resolution|no_public_exit_yet,True,False,0,0,-10.3103,2,95.0,0,C,2026-06-17,high,1,3
1,9.814,Taipei,1,60.286,hold_to_resolution,False,False,0,0,0,0,0.0,0,C,2026-06-17,high,1,1
3,55.748139998978004,Ankara,2,-8.322411,mixed_sell_and_resolution|pre_resolution_sell,True,False,2,0,-16.9148,1,30.222010005632,0,C,2026-06-18,high,0,3
3,210.73217599753838,London,0,0,no_public_exit_yet,True,False,0,0,-210.7236,3,0.0,0,C,2026-06-18,high,0,3
2,18.236399999614,Madrid,0,0,no_public_exit_yet,True,False,0,1,-18.2361,2,0.0,0,C,2026-06-18,high,0,1
1,7.199927001010175,Munich,0,0,no_public_exit_yet,True,False,0,0,-7.1999,1,0.0,0,C,2026-06-18,high,0,1
1,29.777999998400002,Paris,0,0,no_public_exit_yet,True,False,0,0,-29.7779,1,0.0,0,C,2026-06-18,high,0,1
2,25.205,Shenzhen,1,140.795,hold_to_resolution|no_public_exit_yet,True,False,0,0,-21.0,1,0.0,0,C,2026-06-18,high,1,2
3,39.07709899205546,Guangzhou,0,0,no_public_exit_yet,True,False,0,0,-39.0757,3,0.0,0,C,2026-06-19,high,0,3
4,628.1075559994271,London,2,-14.00073,no_public_exit_yet|pre_resolution_sell|transform_affected,True,True,1,1,-121.7561,2,248.176800010598,2,C,2026-06-19,high,1,3
2,0.0,Los Angeles,2,-1.5,transform_affected,False,True,1,1,0,0,48.5,2,F,2026-06-19,high,1,1
2,49.027751995604,Munich,2,-11.892705999999999,mixed_sell_and_resolution,False,False,2,1,0,0,37.134899996401,0,C,2026-06-19,high,0,1
2,12.463550004992,Sao Paulo,0,0,no_public_exit_yet,True,False,0,0,-12.4633,2,0.0,0,C,2026-06-19,high,0,2
4,75.39565999351599,Shanghai,2,94.41127999999999,hold_to_resolution|mixed_sell_and_resolution|no_public_exit_yet|pre_resolution_sell,True,False,0,1,-24.0395,2,37.18265000165,0,C,2026-06-19,high,2,3
3,17.3688729934,Shenzhen,0,0,no_public_exit_yet,True,False,0,0,-17.3686,3,0.0,0,C,2026-06-19,high,0,3
2,24.757160009880998,Buenos Aires,0,0,no_public_exit_yet|pre_resolution_sell,True,False,0,0,-13.4241,2,11.392697992330023,0,C,2026-06-20,high,0,2
1,8.999990003038967,Busan,0,0,no_public_exit_yet,True,False,0,0,-8.9999,1,0.0,0,C,2026-06-20,high,0,1
1,1.25,Istanbul,0,0,no_public_exit_yet,True,False,0,0,-1.2499,1,0.0,0,C,2026-06-20,high,0,1
3,56.468449,London,1,-6.8228,mixed_sell_and_resolution|no_public_exit_yet,True,False,1,1,-34.467600000000004,2,15.1772,0,C,2026-06-20,high,0,2
2,44.922149999300004,Madrid,0,0,no_public_exit_yet,True,False,0,1,-44.921499999999995,2,0.0,0,C,2026-06-20,high,0,1
3,66.32857799818515,Moscow,0,0,no_public_exit_yet|pre_resolution_sell,True,False,0,1,-25.8898,3,23.535738993657265,0,C,2026-06-20,high,0,2
1,13.999727999777738,Munich,0,0,no_public_exit_yet,True,False,0,0,-13.9997,1,0.0,0,C,2026-06-20,high,0,1
2,10.5,Sao Paulo,0,0,no_public_exit_yet,True,False,0,1,-10.5,2,0.0,0,C,2026-06-20,high,0,1
2,42.59756300004668,Seattle,0,0,no_public_exit_yet,True,False,0,0,-42.5966,2,0.0,0,F,2026-06-20,high,0,2
1,14.308200005969999,Ankara,0,0,no_public_exit_yet,True,False,0,0,-14.3081,1,0.0,0,C,2026-06-21,high,0,1
2,24.271999999374,Buenos Aires,2,-14.927321,mixed_sell_and_resolution,False,False,2,1,0,0,9.344599997894,0,C,2026-06-21,high,0,1
3,88.279349993962,Cape Town,1,93.023075,mixed_sell_and_resolution|no_public_exit_yet,True,False,0,0,-6.0434,2,175.25878,0,C,2026-06-21,high,1,3
1,4.999938,Chicago,0,0,no_public_exit_yet,True,False,0,0,-4.9999,1,0.0,0,F,2026-06-21,high,0,1
1,12.7737,Hong Kong,0,0,no_public_exit_yet,True,False,0,0,-12.7737,1,0.0,0,C,2026-06-21,high,0,1
2,57.34340000008199,Istanbul,2,-23.577306,mixed_sell_and_resolution,False,False,2,1,0,0,33.765800007326,0,C,2026-06-21,high,0,1
3,176.409969993588,London,1,-88.429413,mixed_sell_and_resolution|no_public_exit_yet,True,False,1,0,-28.883899999999997,2,59.093398001562846,0,C,2026-06-21,high,0,3
2,19.8902200037672,Madrid,0,0,no_public_exit_yet,True,False,0,1,-19.889799999999997,2,0.0,0,C,2026-06-21,high,0,1
3,30.87900500659107,Sao Paulo,1,61.688401,mixed_sell_and_resolution|no_public_exit_yet,True,False,0,0,-3.4607,2,89.10660000000001,0,C,2026-06-21,high,1,3
1,5.799505000048332,Seattle,0,0,no_public_exit_yet,True,False,0,0,-5.7994,1,0.0,0,F,2026-06-21,high,0,1
1,37.12474599903389,Tokyo,0,0,no_public_exit_yet,True,False,0,0,-37.1235,1,0.0,0,C,2026-06-21,high,0,1
4,392.55512995055597,Warsaw,0,0,no_public_exit_yet|pre_resolution_sell,True,False,0,1,-73.6715,4,238.58399998039502,0,C,2026-06-21,high,0,3
2,17.31957000311,Hong Kong,0,0,no_public_exit_yet,True,False,0,0,-17.319200000000002,2,0.0,0,C,2026-06-22,high,0,2
3,57.700439989994,London,0,0,no_public_exit_yet,True,False,0,0,-57.6993,3,0.0,0,C,2026-06-22,high,0,3
3,33.523300000205,Moscow,3,83.715194,mixed_sell_and_resolution|transform_affected,False,True,2,1,0,0,88.54839999999999,2,C,2026-06-22,high,1,2
2,67.563499999676,New York City,1,-1.501695,mixed_sell_and_resolution|no_public_exit_yet,True,False,1,1,-10.9175,1,55.141799999999996,0,F,2026-06-22,low,0,1
2,31.8675,Seoul,0,0,no_public_exit_yet,True,False,0,0,-31.8675,2,0.0,0,C,2026-06-22,high,0,2
4,108.021015017135,Shanghai,1,306.740826,mixed_sell_and_resolution|no_public_exit_yet|pre_resolution_sell,True,False,0,0,-69.5094,3,345.0201990008368,0,C,2026-06-22,high,1,4
2,102.27910600940999,Shenzhen,0,0,no_public_exit_yet,True,False,0,0,-102.27669999999999,2,0.0,0,C,2026-06-22,high,0,2
2,10.82,Warsaw,0,0,no_public_exit_yet,True,False,0,1,-10.82,2,0.0,0,C,2026-06-22,high,0,1
2,5.0117830001000625,Chongqing,0,0,no_public_exit_yet,True,False,0,0,-5.011699999999999,2,0.0,0,C,2026-06-23,high,0,2
2,37.74026200219511,London,0,0,no_public_exit_yet,True,False,0,0,-37.7345,2,0.0,0,C,2026-06-23,high,0,2
2,49.576629997915006,Moscow,0,0,no_public_exit_yet,True,False,0,0,-49.5764,2,0.0,0,C,2026-06-23,high,0,2
3,111.74444901746577,New York City,0,0,no_public_exit_yet|pre_resolution_sell,True,False,0,0,-96.7351,3,52.91316000936,0,F,2026-06-23,high,0,3
2,19.399931000215588,Sao Paulo,0,0,no_public_exit_yet,True,False,0,0,-19.3998,2,0.0,0,C,2026-06-23,high,0,2
1,12.145000000000001,Seoul,0,0,no_public_exit_yet,True,False,0,0,-12.145,1,0.0,0,C,2026-06-23,high,0,1
1,2.1,Seoul,0,0,no_public_exit_yet,True,False,0,1,-2.1,1,0.0,0,C,2026-06-23,low,0,0
2,7.03,Shenzhen,1,-0.99,mixed_sell_and_resolution|no_public_exit_yet,True,False,1,0,-0.03,1,6.01,0,C,2026-06-23,high,0,2
2,19.963000001999998,Tokyo,1,121.9001,hold_to_resolution|no_public_exit_yet,True,False,0,0,-1.8629,1,0.0,0,C,2026-06-23,high,1,2
1,5.34,Beijing,0,0,no_public_exit_yet,True,False,0,0,-5.34,1,0.0,0,C,2026-06-24,high,0,1
1,6.0,Istanbul,0,0,no_public_exit_yet,True,False,0,0,-6.0,1,0.0,0,C,2026-06-24,high,0,1
1,2.8920000000000003,Madrid,0,0,no_public_exit_yet,True,False,0,1,-2.892,1,0.0,0,C,2026-06-24,high,0,0
1,1.467279,Milan,0,0,no_public_exit_yet,True,False,0,0,-1.4672,1,0.0,0,C,2026-06-24,high,0,1
1,25.4400000026,Moscow,1,-1.860002,mixed_sell_and_resolution,False,False,0,0,0,0,23.5799999978,0,C,2026-06-24,high,1,1
1,27.987000000000002,Munich,1,71.3136,mixed_sell_and_resolution,False,False,0,0,0,0,99.30062,0,C,2026-06-24,high,1,1
3,10.094009998226001,Sao Paulo,1,-4.122571,mixed_sell_and_resolution|no_public_exit_yet,True,False,1,1,-3.0613,2,2.910000012204,0,C,2026-06-24,high,0,2
3,41.567870002324,Seoul,0,0,no_public_exit_yet,True,False,0,0,-41.5668,3,0.0,0,C,2026-06-24,high,0,3
1,37.534400000552,Shanghai,0,0,no_public_exit_yet,True,False,0,0,-37.5341,1,0.0,0,C,2026-06-24,high,0,1
2,34.25405999957,Busan,0,0,no_public_exit_yet,True,False,0,1,-34.254,2,0.0,0,C,2026-06-25,high,0,1
2,27.269190000000002,Istanbul,0,0,no_public_exit_yet,True,False,0,0,-27.2691,2,0.0,0,C,2026-06-25,high,0,2
5,362.7270259670842,London,1,433.074298,mixed_sell_and_resolution|no_public_exit_yet|pre_resolution_sell,True,False,0,0,-241.345,4,532.7707479783032,0,C,2026-06-25,high,1,5
1,29.267199988989,Madrid,0,0,pre_resolution_sell,True,False,0,0,-14.634,1,29.1192,0,C,2026-06-25,high,0,1
2,20.83639,Miami,1,-8.3,mixed_sell_and_resolution|no_public_exit_yet,True,False,1,0,-0.3363,1,12.2,0,F,2026-06-25,high,0,2
2,112.77487599956913,New York City,1,-36.345223,mixed_sell_and_resolution|no_public_exit_yet,True,False,0,1,-0.3629,1,76.06450000000001,0,F,2026-06-25,high,1,1
3,107.22902900810821,Seoul,0,0,no_public_exit_yet|pre_resolution_sell,True,False,0,0,-106.5442,3,0.525,0,C,2026-06-25,high,0,3
1,2.0510150016346915,Seoul,0,0,no_public_exit_yet,True,False,0,0,-2.0508,1,0.0,0,C,2026-06-25,low,0,1
1,111.85000000000001,Tokyo,1,6.553,mixed_sell_and_resolution,False,False,0,0,0,0,118.40310000000001,0,C,2026-06-25,high,1,1
2,9.499106000107835,Amsterdam,0,0,no_public_exit_yet,True,False,0,0,-9.4991,2,0.0,0,C,2026-06-26,high,0,2
4,58.274805007033436,London,1,23.6436,hold_to_resolution|no_public_exit_yet,True,False,0,0,-57.516400000000004,3,0.0,0,C,2026-06-26,high,1,4
1,0.65,Munich,0,0,no_public_exit_yet,True,False,0,0,-0.65,1,0.0,0,C,2026-06-26,high,0,1
2,6.163260000005,New York City,0,0,no_public_exit_yet,True,False,0,0,-6.1631,2,0.0,0,F,2026-06-26,high,0,2
8,98.500738027522,Sao Paulo,1,126.145778,mixed_sell_and_resolution|no_public_exit_yet,True,False,0,0,-75.1704,7,149.4673,0,C,2026-06-26,high,1,8
4,156.38839700452831,Amsterdam,2,-23.674147,mixed_sell_and_resolution|no_public_exit_yet,True,False,1,1,-9.9996,2,122.714470005854,0,C,2026-06-27,high,1,3
5,46.86668600688768,Buenos Aires,2,165.847306,mixed_sell_and_resolution|no_public_exit_yet|pre_resolution_sell,True,False,1,1,-23.893099999999997,3,261.35280400157296,0,C,2026-06-27,high,1,4
1,0.11697000000000002,Dallas,0,0,no_public_exit_yet,True,False,0,0,-0.1169,1,0.0,0,F,2026-06-27,high,0,1
1,35.912699991432,Istanbul,0,0,no_public_exit_yet,True,False,0,0,-35.9124,1,0.0,0,C,2026-06-27,high,0,1
4,551.5900430105356,London,2,322.79199,hold_to_resolution|mixed_sell_and_resolution|no_public_exit_yet,True,False,0,1,-181.2165,2,293.1619280007183,0,C,2026-06-27,high,2,3
2,83.1334870098366,Milan,1,47.4804,hold_to_resolution|no_public_exit_yet,True,False,0,0,-55.612,1,0.0,0,C,2026-06-27,high,1,2
4,119.56540201986199,Munich,1,-22.058266,mixed_sell_and_resolution|no_public_exit_yet,True,False,1,1,-86.68650000000001,3,10.8178,0,C,2026-06-27,high,0,3
1,1.1498000000000002,New York City,0,0,no_public_exit_yet,True,False,0,0,-1.1498,1,0.0,0,F,2026-06-27,low,0,1
2,7.0955999976160005,Paris,0,0,no_public_exit_yet,True,False,0,1,-7.0954999999999995,2,0.0,0,C,2026-06-27,high,0,1
2,24.300580000000004,Seoul,1,-0.946171,mixed_sell_and_resolution|no_public_exit_yet,True,False,1,0,-1.4645,1,21.889899998472,0,C,2026-06-27,high,0,2
1,6.8500000000000005,Shenzhen,0,0,no_public_exit_yet,True,False,0,0,-6.85,1,0.0,0,C,2026-06-27,high,0,1
1,19.462500002000002,Taipei,0,0,no_public_exit_yet,True,False,0,0,-19.4624,1,0.0,0,C,2026-06-27,high,0,1
1,61.6301,Tokyo,1,-6.14275,mixed_sell_and_resolution,False,False,0,0,0,0,55.487300000000005,0,C,2026-06-27,high,1,1
1,39.43524500161395,Warsaw,0,0,no_public_exit_yet,True,False,0,0,-39.434,1,0.0,0,C,2026-06-27,high,0,1
4,40.803250003168,Beijing,1,-6.176006,mixed_sell_and_resolution|no_public_exit_yet|pre_resolution_sell,True,False,1,1,-28.781200000000002,3,26.597139997085,0,C,2026-06-28,high,0,3
1,3.15,Buenos Aires,0,0,no_public_exit_yet,True,False,0,1,-3.15,1,0.0,0,C,2026-06-28,high,0,0
2,50.856240007001006,London,0,0,no_public_exit_yet|pre_resolution_sell,True,False,0,1,-32.1705,2,23.790700002306,0,C,2026-06-28,high,0,1
2,0.0,Los Angeles,2,-3.873195,transform_affected,False,True,1,1,0,0,46.12609900000004,2,F,2026-06-28,high,1,1
2,10.291540015035,Mexico City,0,0,no_public_exit_yet,True,False,0,0,-10.2911,2,0.0,0,C,2026-06-28,high,0,2
3,31.048057000284004,Milan,0,0,no_public_exit_yet|pre_resolution_sell,True,False,0,1,-29.4395,3,1.7999999999999998,0,C,2026-06-28,high,0,2
6,79.655790021049,Paris,3,465.218904,hold_to_resolution|mixed_sell_and_resolution|no_public_exit_yet,True,False,1,1,-12.7977,3,179.645,0,C,2026-06-28,high,2,5
4,24.38602000548,Qingdao,4,186.97745600000002,hold_to_resolution|mixed_sell_and_resolution,False,False,3,0,0,0,211.3632,0,C,2026-06-28,high,1,4
9,50.666787941746,Sao Paulo,1,181.200778,mixed_sell_and_resolution|no_public_exit_yet,True,False,0,0,-29.2515,8,202.61001400009837,0,C,2026-06-28,high,1,9
2,18.71885000478072,Shanghai,2,81.28105000000001,hold_to_resolution,False,False,1,0,0,0,0.0,0,C,2026-06-28,high,1,2
1,5.119657,Shenzhen,1,94.579191,mixed_sell_and_resolution,False,False,0,0,0,0,99.69848999716999,0,C,2026-06-28,high,1,1
2,22.7109,Tokyo,0,0,no_public_exit_yet,True,False,0,0,-22.7109,2,0.0,0,C,2026-06-28,high,0,2
3,71.124056999443,Beijing,1,174.071258,hold_to_resolution|no_public_exit_yet,True,False,0,0,-46.404999999999994,2,0.0,0,C,2026-06-29,high,1,3
2,5.6774000000000004,Buenos Aires,0,0,no_public_exit_yet,True,False,0,0,-5.6774000000000004,2,0.0,0,C,2026-06-29,high,0,2
2,4.9066000051,Busan,0,0,no_public_exit_yet,True,False,0,0,-4.9062,2,0.0,0,C,2026-06-29,high,0,2
2,4.898672994357833,London,0,0,no_public_exit_yet,True,False,0,1,-4.898,2,0.0,0,C,2026-06-29,high,0,1
3,20.974399998750002,Madrid,1,-4.6194,mixed_sell_and_resolution|no_public_exit_yet,True,False,0,0,-6.1478,2,10.2066,0,C,2026-06-29,high,1,3
3,23.946279994721998,Munich,0,0,no_public_exit_yet,True,False,0,0,-23.9457,3,0.0,0,C,2026-06-29,high,0,3
1,7.7700000000000005,New York City,0,0,no_public_exit_yet,True,False,0,0,-7.77,1,0.0,0,F,2026-06-29,high,0,1
4,33.315168999532304,Qingdao,1,117.047147,hold_to_resolution|no_public_exit_yet,True,False,0,0,-17.3617,3,0.0,0,C,2026-06-29,high,1,4
6,70.510614025106,Sao Paulo,1,603.656923,mixed_sell_and_resolution|no_public_exit_yet,True,False,0,0,-42.0846,5,632.0775890110369,0,C,2026-06-29,high,1,6
1,8.804209999886,Seoul,0,0,no_public_exit_yet,True,False,0,0,-8.8041,1,0.0,0,C,2026-06-29,high,0,1
1,4.5,Shanghai,0,0,no_public_exit_yet,True,False,0,0,-4.5,1,0.0,0,C,2026-06-29,high,0,1
2,16.04489599610084,Shenzhen,0,0,no_public_exit_yet,True,False,0,0,-16.044800000000002,2,0.0,0,C,2026-06-29,high,0,2
2,17.53912699522393,Tokyo,0,0,no_public_exit_yet,True,False,0,0,-17.5387,2,0.0,0,C,2026-06-29,high,0,2
2,36.87700000431,Beijing,0,0,no_public_exit_yet,True,False,0,0,-36.8769,2,0.0,0,C,2026-06-30,high,0,2
2,27.138186001997,Buenos Aires,0,0,no_public_exit_yet,True,False,0,0,-27.136899999999997,2,0.0,0,C,2026-06-30,high,0,2
1,3.159520011543,Chicago,0,0,no_public_exit_yet,True,False,0,0,-3.1592,1,0.0,0,F,2026-06-30,high,0,1
1,3.3336400002940003,Istanbul,0,0,pre_resolution_sell,True,False,0,0,-1.6667,1,4.2930900019410005,0,C,2026-06-30,high,0,1
2,33.762299999999996,London,1,-1.49051,mixed_sell_and_resolution|pre_resolution_sell,True,False,1,1,-23.1122,1,9.2165999995,0,C,2026-06-30,high,0,1
1,10.7268,Madrid,0,0,no_public_exit_yet,True,False,0,0,-10.7267,1,0.0,0,C,2026-06-30,high,0,1
4,41.047989999256,Mexico City,0,0,no_public_exit_yet,True,False,0,0,-41.0474,4,0.0,0,C,2026-06-30,high,0,4
1,1.0662,Milan,0,0,no_public_exit_yet,True,False,0,0,-1.0662,1,0.0,0,C,2026-06-30,high,0,1
1,15.171399995290002,Moscow,0,0,pre_resolution_sell,True,False,0,0,-7.5872,1,15.2208,0,C,2026-06-30,high,0,1
1,3.492,Munich,0,0,no_public_exit_yet,True,False,0,0,-3.492,1,0.0,0,C,2026-06-30,high,0,1
2,23.176799999568,New York City,1,99.45,hold_to_resolution|no_public_exit_yet,True,False,0,0,-5.6266,1,0.0,0,F,2026-06-30,high,1,2
3,14.95357602709,New York City,1,48.651735,hold_to_resolution|no_public_exit_yet,True,False,0,0,-8.604600000000001,2,0.0,0,F,2026-06-30,low,1,3
7,155.656809981938,Qingdao,1,285.426005,hold_to_resolution|no_public_exit_yet,True,False,0,0,-83.2802,6,0.0,0,C,2026-06-30,high,1,7
3,34.337701996869114,Sao Paulo,0,0,no_public_exit_yet,True,False,0,0,-34.3368,3,0.0,0,C,2026-06-30,high,0,3
2,29.580000006400002,Busan,1,111.020068,mixed_sell_and_resolution|no_public_exit_yet,True,False,0,0,-9.1,1,4.5,0,C,2026-07-01,high,1,2
1,13.069409993754999,London,0,0,no_public_exit_yet,True,False,0,0,-13.0693,1,0.0,0,C,2026-07-01,high,0,1
2,39.500547997905,Munich,2,-4.503839,mixed_sell_and_resolution,False,False,2,0,0,0,34.99604000842201,0,C,2026-07-01,high,0,2
1,12.4400000025,New York City,0,0,no_public_exit_yet,True,False,0,1,-12.4399,1,0.0,0,F,2026-07-01,high,0,0
1,4.47183999825,New York City,0,0,no_public_exit_yet,True,False,0,0,-4.4716,1,0.0,0,F,2026-07-01,low,0,1
3,17.322570000359,Sao Paulo,0,0,no_public_exit_yet,True,False,0,0,-17.3221,3,0.0,0,C,2026-07-01,high,0,3
4,73.648030001647,Seoul,4,-7.391303000000001,mixed_sell_and_resolution,False,False,3,0,0,0,66.256689991432,0,C,2026-07-01,high,1,4
3,71.02188399459865,London,1,97.586357,hold_to_resolution|pre_resolution_sell,True,False,0,0,-30.6959,2,25.201700008800003,0,C,2026-07-02,high,1,3
1,8.0,Madrid,0,0,no_public_exit_yet,True,False,0,0,-8.0,1,0.0,0,C,2026-07-02,high,0,1
1,7.351200001772,Miami,1,-1.69469,mixed_sell_and_resolution,False,False,1,0,0,0,5.656500001775001,0,F,2026-07-02,high,0,1
4,73.472881999346,Moscow,0,0,no_public_exit_yet,True,False,0,1,-73.4701,4,0.0,0,C,2026-07-02,high,0,3
3,24.548106005217694,New York City,1,4.1,hold_to_resolution|no_public_exit_yet,True,False,0,0,-23.6461,2,0.0,0,F,2026-07-02,high,1,3
1,3.837450002013,New York City,0,0,pre_resolution_sell,True,False,0,0,-2.3413,1,5.528770000501,0,F,2026-07-02,low,0,1
6,47.14089001561099,Qingdao,0,0,no_public_exit_yet,True,False,0,0,-47.14,6,0.0,0,C,2026-07-02,high,0,6
4,31.015061999304,Sao Paulo,0,0,no_public_exit_yet,True,False,0,1,-31.0119,4,0.0,0,C,2026-07-02,high,0,3
1,3.68000001,Seoul,0,0,no_public_exit_yet,True,False,0,0,-3.6798,1,0.0,0,C,2026-07-02,high,0,1
2,35.228200013874,Tokyo,0,0,no_public_exit_yet,True,False,0,0,-35.2278,2,0.0,0,C,2026-07-02,high,0,2
2,23.6420000023,Warsaw,0,0,no_public_exit_yet,True,False,0,0,-23.6419,2,0.0,0,C,2026-07-02,high,0,2
1,11.808299999599999,Amsterdam,0,0,no_public_exit_yet,True,False,0,0,-11.8082,1,0.0,0,C,2026-07-03,high,0,1
1,15.439999997466,Ankara,0,0,no_public_exit_yet,True,False,0,0,-15.4399,1,0.0,0,C,2026-07-03,high,0,1
5,50.520480006685,Buenos Aires,3,-3.528757,mixed_sell_and_resolution|no_public_exit_yet|pre_resolution_sell,True,False,3,1,-1.4306,2,40.42804898641069,0,C,2026-07-03,high,0,4
2,32.98350700672182,Cape Town,1,-11.258708,mixed_sell_and_resolution|pre_resolution_sell,True,False,1,0,-4.2938,1,23.847480001156,0,C,2026-07-03,high,0,2
1,6.9269900049099995,Helsinki,1,-6.926707,hold_to_resolution,False,False,1,0,0,0,0.0,0,C,2026-07-03,high,0,1
1,5.91,Hong Kong,0,0,pre_resolution_sell,True,False,0,0,-2.955,1,5.6941600035,0,C,2026-07-03,high,0,1
2,77.17186500411572,London,1,68.090354,mixed_sell_and_resolution|no_public_exit_yet,True,False,0,0,-29.9447,1,115.31006000102,0,C,2026-07-03,high,1,2
1,27.629600004149,Moscow,0,0,pre_resolution_sell,True,False,0,0,-13.8151,1,25.9888,0,C,2026-07-03,high,0,1
1,3.4000000000000004,New York City,0,0,no_public_exit_yet,True,False,0,0,-3.4,1,0.0,0,F,2026-07-03,high,0,1
2,15.882240008752001,Sao Paulo,1,91.500441,mixed_sell_and_resolution|no_public_exit_yet,True,False,0,0,-3.0059,1,104.37649999791,0,C,2026-07-03,high,1,2
3,28.723788977939996,Shenzhen,0,0,no_public_exit_yet|pre_resolution_sell,True,False,0,0,-24.4291,3,8.409690000000001,0,C,2026-07-03,high,0,3
1,27.837599989726,Tokyo,1,-1.78652,mixed_sell_and_resolution,False,False,1,0,0,0,26.051000001293,0,C,2026-07-03,high,0,1
1,6.50120000033,Wuhan,0,0,no_public_exit_yet,True,False,0,0,-6.5011,1,0.0,0,C,2026-07-03,high,0,1
4,16.576995993687998,Beijing,0,0,no_public_exit_yet,True,False,0,1,-16.576700000000002,4,0.0,0,C,2026-07-04,high,0,3
3,124.99296301643403,Busan,0,0,no_public_exit_yet|pre_resolution_sell,True,False,0,0,-44.7997,3,63.169880020826,0,C,2026-07-04,high,0,3
8,100.488260951675,London,3,-8.691659999999999,mixed_sell_and_resolution|no_public_exit_yet|pre_resolution_sell,True,False,1,1,-33.3453,5,37.959960002775,0,C,2026-07-04,high,2,7
4,74.162917995915,New York City,0,0,no_public_exit_yet|pre_resolution_sell,True,False,0,1,-58.9618,4,28.450000003,0,F,2026-07-04,high,0,3
1,4.49991,Paris,0,0,no_public_exit_yet,True,False,0,0,-4.4999,1,0.0,0,C,2026-07-04,high,0,1
2,52.60236700534,Qingdao,0,0,no_public_exit_yet,True,False,0,0,-52.6019,2,0.0,0,C,2026-07-04,high,0,2
4,522.836499998809,Seoul,4,27.473668,mixed_sell_and_resolution|transform_affected,False,True,2,2,0,0,466.72379700011095,2,C,2026-07-04,low,2,2
3,139.701266000314,Warsaw,1,398.90882,mixed_sell_and_resolution|pre_resolution_sell,True,False,0,0,-48.206900000000005,2,493.15367800929306,0,C,2026-07-04,high,1,3
1,8.91,Amsterdam,1,-1.485,mixed_sell_and_resolution,False,False,1,1,0,0,7.425,0,C,2026-07-05,high,0,0
3,14.49566700281701,Austin,1,103.111643,hold_to_resolution|no_public_exit_yet,True,False,0,0,-8.7171,2,0.0,0,F,2026-07-05,high,1,3
3,46.390108003356005,Buenos Aires,1,-2.99731,mixed_sell_and_resolution|no_public_exit_yet|pre_resolution_sell,True,False,1,0,-23.3792,2,24.440599995042,0,C,2026-07-05,high,0,3
1,13.00420000008,Cape Town,0,0,no_public_exit_yet,True,False,0,1,-13.0041,1,0.0,0,C,2026-07-05,high,0,0
2,34.949340000051,Dallas,1,2.704257,mixed_sell_and_resolution|no_public_exit_yet,True,False,1,0,-1.6329,1,36.01901000304,0,F,2026-07-05,high,0,2
2,24.103002999488385,London,0,0,no_public_exit_yet|pre_resolution_sell,True,False,0,0,-14.1578,2,11.076000000452,0,C,2026-07-05,high,0,2
2,26.999781,Moscow,0,0,no_public_exit_yet,True,False,0,0,-26.9997,2,0.0,0,C,2026-07-05,high,0,2
2,33.3,Munich,0,0,no_public_exit_yet,True,False,0,0,-33.3,2,0.0,0,C,2026-07-05,high,0,2
5,69.018727996127,New York City,1,175.410727,hold_to_resolution|no_public_exit_yet,True,False,0,0,-53.2905,4,0.0,0,F,2026-07-05,high,1,5
5,27.841160043042997,New York City,0,0,no_public_exit_yet,True,False,0,0,-27.8388,5,0.0,0,F,2026-07-05,low,0,5
2,18.600122995732036,Paris,1,2.713917,mixed_sell_and_resolution|no_public_exit_yet,True,False,1,0,-5.4086,1,15.90420000429,0,C,2026-07-05,high,0,2
2,29.557844001511796,Sao Paulo,0,0,no_public_exit_yet,True,False,0,0,-29.556600000000003,2,0.0,0,C,2026-07-05,high,0,2
3,28.03991998767,Seoul,1,-3.50007,mixed_sell_and_resolution|no_public_exit_yet,True,False,1,0,-5.4394,2,19.0999999995,0,C,2026-07-05,high,0,3
2,48.255112,Seoul,0,0,no_public_exit_yet|pre_resolution_sell,True,False,0,1,-9.2537,2,39.100000005,0,C,2026-07-05,low,0,1
2,25.4599999955,Tokyo,0,0,no_public_exit_yet,True,False,0,0,-25.459899999999998,2,0.0,0,C,2026-07-05,high,0,2
2,60.3730499908308,Warsaw,0,0,no_public_exit_yet|pre_resolution_sell,True,False,0,0,-21.5752,2,56.56252000922001,0,C,2026-07-05,high,0,2
2,51.0882,Wuhan,0,0,no_public_exit_yet,True,False,0,0,-51.0881,2,0.0,0,C,2026-07-05,high,0,2
1,1.451551001482854,Beijing,0,0,no_public_exit_yet,True,False,0,0,-1.4515,1,0.0,0,C,2026-07-06,high,0,1
2,16.570939996428002,Hong Kong,0,0,no_public_exit_yet,True,False,0,0,-16.5706,2,0.0,0,C,2026-07-06,high,0,2
3,52.557482005349,London,2,-13.731451,mixed_sell_and_resolution|no_public_exit_yet,True,False,2,1,-7.8332,1,30.990839995773,0,C,2026-07-06,high,0,2
5,16.054988004920002,New York City,1,111.720207,mixed_sell_and_resolution|no_public_exit_yet,True,False,0,0,-7.1089,4,120.66544999999999,0,F,2026-07-06,high,1,5
4,13.358308003465309,New York City,0,0,no_public_exit_yet,True,False,0,0,-13.3579,4,0.0,0,F,2026-07-06,low,0,4
5,35.487175948623,Sao Paulo,1,3.608491,mixed_sell_and_resolution|no_public_exit_yet|pre_resolution_sell,True,False,1,0,-21.9888,4,16.835820004614,0,C,2026-07-06,high,0,5
3,80.486820004797,Seoul,0,0,no_public_exit_yet|pre_resolution_sell,True,False,0,0,-59.8513,3,54.358120000782,0,C,2026-07-06,high,0,3
2,4.326306000000001,Seoul,0,0,no_public_exit_yet,True,False,0,1,-4.3262,2,0.0,0,C,2026-07-06,low,0,1
2,22.065469991651998,Wellington,0,0,no_public_exit_yet,True,False,0,0,-22.0651,2,0.0,0,C,2026-07-06,high,0,2
4,129.13548799264333,Buenos Aires,2,170.520306,hold_to_resolution|mixed_sell_and_resolution|no_public_exit_yet,True,False,0,1,-11.125699999999998,2,28.601099999783997,0,C,2026-07-07,high,2,3
3,104.38177998882674,Hong Kong,1,735.411291,mixed_sell_and_resolution|no_public_exit_yet,True,False,0,0,-78.063,2,761.7232040157875,0,C,2026-07-07,high,1,3
2,21.301342995102978,London,0,0,no_public_exit_yet,True,False,0,0,-21.2995,2,0.0,0,C,2026-07-07,high,0,2
2,58.74924,Qingdao,1,118.55085,hold_to_resolution|no_public_exit_yet,True,False,0,0,-27.3,1,0.0,0,C,2026-07-07,high,1,2
2,25.09842001204,Seoul,0,0,no_public_exit_yet|pre_resolution_sell,True,False,0,0,-14.5229,2,21.8214,0,C,2026-07-07,high,0,2
4,92.055129992314,Seoul,2,11.639098,mixed_sell_and_resolution|no_public_exit_yet,True,False,0,2,-4.5227,2,99.17125999999999,0,C,2026-07-07,low,2,2
4,65.57220305681825,Shanghai,0,0,no_public_exit_yet,True,False,0,0,-65.5701,4,0.0,0,C,2026-07-07,high,0,4
5,162.07499502383675,Shenzhen,1,271.376318,mixed_sell_and_resolution|no_public_exit_yet,True,False,0,0,-96.1798,4,337.2495980000006,0,C,2026-07-07,high,1,5
4,134.234500002332,Buenos Aires,1,63.673277,mixed_sell_and_resolution|no_public_exit_yet|pre_resolution_sell,True,False,0,0,-29.2168,3,170.2518979991485,0,C,2026-07-08,high,1,4
2,12.374080043905,Istanbul,0,0,no_public_exit_yet,True,False,0,0,-12.373,2,0.0,0,C,2026-07-08,high,0,2
1,16.72429999898,Seoul,1,-0.635772,mixed_sell_and_resolution,False,False,0,0,0,0,16.0885,0,C,2026-07-08,high,1,1
1,0.53,Seoul,0,0,no_public_exit_yet,True,False,0,0,-0.53,1,0.0,0,C,2026-07-08,low,0,1
4,107.19302998952746,Shanghai,1,308.498905,hold_to_resolution|no_public_exit_yet,True,False,0,0,-33.1773,3,0.0,0,C,2026-07-08,high,1,4
2,46.5313810005,Warsaw,0,0,no_public_exit_yet,True,False,0,0,-46.5302,2,0.0,0,C,2026-07-08,high,0,2
1,42.90188900053762,Ankara,0,0,pre_resolution_sell,True,False,0,0,-41.1245,1,1.5,0,C,2026-07-09,high,0,1
2,30.9471000005,New York City,0,0,no_public_exit_yet|pre_resolution_sell,True,False,0,0,-21.262,2,8.798400000500001,0,F,2026-07-09,high,0,2
1,49.69051199496291,New York City,1,-5.994159,mixed_sell_and_resolution,False,False,1,1,0,0,43.69599001059299,0,F,2026-07-09,low,0,0
6,95.841850976113,Qingdao,1,586.619365,mixed_sell_and_resolution|no_public_exit_yet,True,False,0,0,-78.5953,5,603.860499,0,C,2026-07-09,high,1,6
6,134.151536978399,Sao Paulo,3,-1.9020259999999993,hold_to_resolution|mixed_sell_and_resolution|no_public_exit_yet|pre_resolution_sell,True,False,1,1,-43.4249,3,84.161149997924,0,C,2026-07-09,high,2,5
3,90.02948999456001,Shanghai,1,215.037243,hold_to_resolution|no_public_exit_yet,True,False,0,0,-71.386,2,0.0,0,C,2026-07-09,high,1,3
1,7.398990008170999,Tokyo,0,0,no_public_exit_yet,True,False,0,0,-7.3983,1,0.0,0,C,2026-07-09,high,0,1
1,26.105200005,Warsaw,0,0,no_public_exit_yet,True,False,0,0,-26.1051,1,0.0,0,C,2026-07-09,high,0,1
3,76.182,Beijing,1,164.810151,hold_to_resolution|no_public_exit_yet,True,False,0,0,-39.9919,2,0.0,0,C,2026-07-10,high,1,3
2,21.564459992270997,London,1,-4.851132,mixed_sell_and_resolution|no_public_exit_yet,True,False,1,0,-6.7906,1,9.922,0,C,2026-07-10,high,0,2
5,83.08562199004265,Moscow,0,0,no_public_exit_yet,True,False,0,0,-83.08,5,0.0,0,C,2026-07-10,high,0,5
2,61.827559998736,Qingdao,0,0,no_public_exit_yet,True,False,0,0,-61.8274,2,0.0,0,C,2026-07-10,high,0,2
5,33.16706204177689,Sao Paulo,0,0,no_public_exit_yet,True,False,0,1,-33.1649,5,0.0,0,C,2026-07-10,high,0,4
3,53.140269988029004,Tokyo,0,0,no_public_exit_yet,True,False,0,0,-53.1393,3,0.0,0,C,2026-07-10,high,0,3
1,50.070500002896004,Warsaw,0,0,pre_resolution_sell,True,False,0,0,-25.0349,1,21.848,0,C,2026-07-10,high,0,1
3,21.729520027764,Beijing,0,0,no_public_exit_yet,True,False,0,1,-21.7281,3,0.0,0,C,2026-07-11,high,0,2
3,13.021983998188148,Helsinki,0,0,no_public_exit_yet,True,False,0,0,-13.021700000000001,3,0.0,0,C,2026-07-11,high,0,3
1,20.69719999172,London,1,150.102968,hold_to_resolution,False,False,0,0,0,0,0.0,0,C,2026-07-11,high,1,1
3,22.825297000095606,Moscow,0,0,no_public_exit_yet,True,False,0,1,-22.8251,3,0.0,0,C,2026-07-11,high,0,2
1,7.570500006105,New York City,0,0,no_public_exit_yet,True,False,0,0,-7.5703,1,0.0,0,F,2026-07-11,high,0,1
1,6.132509986816,Qingdao,0,0,pre_resolution_sell,True,False,0,0,-3.0662,1,6.128519995392001,0,C,2026-07-11,high,0,1
1,4.5,Sao Paulo,0,0,no_public_exit_yet,True,False,0,1,-4.5,1,0.0,0,C,2026-07-11,high,0,0
2,47.780789999855,Seoul,1,135.612873,hold_to_resolution|no_public_exit_yet,True,False,0,0,-14.6132,1,0.0,0,C,2026-07-11,high,1,2
2,32.486460991116004,Shanghai,0,0,no_public_exit_yet|pre_resolution_sell,True,False,0,0,-21.374299999999998,2,9.304800004209,0,C,2026-07-11,high,0,2
1,5.5989070004363,Ankara,0,0,no_public_exit_yet,True,False,0,0,-5.5989,1,0.0,0,C,2026-07-12,high,0,1
1,19.113000002514,Buenos Aires,1,-0.606398,mixed_sell_and_resolution,False,False,1,0,0,0,18.506600000366,0,C,2026-07-12,high,0,1
1,9.843,Istanbul,0,0,no_public_exit_yet,True,False,0,0,-9.843,1,0.0,0,C,2026-07-12,high,0,1
3,66.90324400808716,London,0,0,no_public_exit_yet,True,False,0,0,-66.8995,3,0.0,0,C,2026-07-12,high,0,3
4,20.937890016190998,Los Angeles,0,0,no_public_exit_yet,True,False,0,0,-20.9352,4,0.0,0,F,2026-07-12,high,0,4
2,7.27468000873,Mexico City,0,0,no_public_exit_yet,True,False,0,0,-7.274500000000001,2,0.0,0,C,2026-07-12,high,0,2
2,9.768965999999999,Moscow,0,0,no_public_exit_yet,True,False,0,0,-9.7689,2,0.0,0,C,2026-07-12,high,0,2
2,29.457985004345275,New York City,0,0,no_public_exit_yet,True,False,0,0,-29.4575,2,0.0,0,F,2026-07-12,high,0,2
1,122.25780000179199,Seoul,1,245.532558,hold_to_resolution,False,False,0,0,0,0,0.0,0,C,2026-07-12,high,1,1
1,39.360399997779,Seoul,1,-6.035868,mixed_sell_and_resolution,False,False,1,1,0,0,33.324499997621,0,C,2026-07-12,low,0,0
3,304.7929219614004,Shanghai,0,0,no_public_exit_yet|pre_resolution_sell,True,False,0,0,-262.8014,3,76.3648,0,C,2026-07-12,high,0,3
1,0.5,Toronto,0,0,no_public_exit_yet,True,False,0,0,-0.5,1,0.0,0,C,2026-07-12,high,0,1
4,74.893480007272,Warsaw,2,55.205743,hold_to_resolution|mixed_sell_and_resolution|no_public_exit_yet,True,False,0,1,-11.305800000000001,2,52.350400000629996,0,C,2026-07-12,high,2,3
9,140.6547449892128,Buenos Aires,1,784.402767,mixed_sell_and_resolution|no_public_exit_yet,True,False,0,0,-133.73250000000002,8,791.3178980000091,0,C,2026-07-13,high,1,9
2,28.164836999153483,Busan,0,0,no_public_exit_yet,True,False,0,0,-28.1647,2,0.0,0,C,2026-07-13,high,0,2
4,50.931687004145395,London,1,62.094798,hold_to_resolution|no_public_exit_yet|pre_resolution_sell,True,False,0,0,-25.1612,3,7.389959999799999,0,C,2026-07-13,high,1,4
2,13.479470022213,Paris,0,0,no_public_exit_yet,True,False,0,1,-13.4793,2,0.0,0,C,2026-07-13,high,0,1
1,17.872599995939996,Seoul,0,0,no_public_exit_yet,True,False,0,0,-17.8725,1,0.0,0,C,2026-07-13,high,0,1
3,78.090540000014,Seoul,3,14.357516,mixed_sell_and_resolution|transform_affected,False,True,1,2,0,0,82.44507500026319,2,C,2026-07-13,low,2,1
2,35.858579993959,Tokyo,1,369.836834,mixed_sell_and_resolution|no_public_exit_yet,True,False,0,0,-16.9082,1,388.78576800759043,0,C,2026-07-13,high,1,2
6,57.472361024436005,Warsaw,1,13.656,hold_to_resolution|no_public_exit_yet,True,False,0,0,-54.0546,5,0.0,0,C,2026-07-13,high,1,6
1,12.06645399924232,Wuhan,0,0,no_public_exit_yet,True,False,0,0,-12.0662,1,0.0,0,C,2026-07-13,high,0,1
3,41.810195008113496,Buenos Aires,0,0,no_public_exit_yet,True,False,0,0,-41.808,3,0.0,0,C,2026-07-14,high,0,3
2,27.669925966856,Helsinki,0,0,no_public_exit_yet|pre_resolution_sell,True,False,0,0,-22.0649,2,11.39979999357,0,C,2026-07-14,high,0,2
3,52.299440007513,Hong Kong,1,163.097558,hold_to_resolution|no_public_exit_yet,True,False,0,0,-30.9962,2,0.0,0,C,2026-07-14,high,1,3
6,115.52373700200621,London,1,-1.088344,mixed_sell_and_resolution|no_public_exit_yet,True,False,1,0,-109.5025,5,4.9238700011750005,0,C,2026-07-14,high,0,6
1,4.999631,Madrid,0,0,no_public_exit_yet,True,False,0,1,-4.9996,1,0.0,0,C,2026-07-14,high,0,0
3,56.386080011785,Mexico City,1,49.66666,mixed_sell_and_resolution|no_public_exit_yet,True,False,0,0,-13.890600000000001,2,92.15999800174572,0,C,2026-07-14,high,1,3
4,1.9973160000831998,San Francisco,0,0,no_public_exit_yet,True,False,0,0,-1.9971,4,0.0,0,F,2026-07-14,high,0,4
1,39.4215000035,Seoul,0,0,pre_resolution_sell,True,False,0,0,-19.7106,1,26.650000000000002,0,C,2026-07-14,high,0,1
1,6.6743100080060005,Shanghai,0,0,no_public_exit_yet,True,False,0,0,-6.674,1,0.0,0,C,2026-07-14,high,0,1
3,142.31394100238754,Shenzhen,0,0,no_public_exit_yet,True,False,0,0,-142.2928,3,0.0,0,C,2026-07-14,high,0,3
2,22.958460023458002,Buenos Aires,1,-0.75413,mixed_sell_and_resolution|no_public_exit_yet,True,False,1,0,-3.1019,1,19.102320006144,0,C,2026-07-15,high,0,2
2,23.84245599482399,Mexico City,0,0,no_public_exit_yet,True,False,0,0,-23.8402,2,0.0,0,C,2026-07-15,high,0,2
1,14.487380005551998,Sao Paulo,0,0,pre_resolution_sell,True,False,0,0,-3.8334,1,10.965530006552,0,C,2026-07-15,high,0,1
2,13.949049987862999,Seoul,0,0,no_public_exit_yet,True,False,0,0,-13.9485,2,0.0,0,C,2026-07-15,high,0,2
2,6.2041000317499995,Seoul,0,0,no_public_exit_yet,True,False,0,0,-6.2035,2,0.0,0,C,2026-07-15,low,0,2
2,8.858500000000001,Shenzhen,0,0,no_public_exit_yet,True,False,0,0,-8.8584,2,0.0,0,C,2026-07-15,high,0,2
1,5.430280004976,Tokyo,0,0,no_public_exit_yet,True,False,0,0,-5.4302,1,0.0,0,C,2026-07-15,high,0,1
3,46.933482997540594,Buenos Aires,1,139.899721,hold_to_resolution|no_public_exit_yet,True,False,0,0,-15.6816,2,0.0,0,C,2026-07-16,high,1,3
4,84.66224399732808,Hong Kong,2,-29.141517,mixed_sell_and_resolution|no_public_exit_yet,True,False,2,1,-30.712500000000002,2,24.804190000006002,0,C,2026-07-16,high,0,3
1,6.887210002323,Los Angeles,0,0,no_public_exit_yet,True,False,0,0,-6.8865,1,0.0,0,F,2026-07-16,high,0,1
3,6.1309000000000005,Lucknow,0,0,no_public_exit_yet,True,False,0,1,-6.1304,3,0.0,0,C,2026-07-16,high,0,2
3,75.69076599405061,New York City,0,0,no_public_exit_yet,True,False,0,0,-75.686,3,0.0,0,F,2026-07-16,high,0,3
2,20.96688700594675,Qingdao,0,0,no_public_exit_yet,True,False,0,1,-20.9661,2,0.0,0,C,2026-07-16,high,0,1
4,68.65038601960401,Sao Paulo,1,34.780032,hold_to_resolution|no_public_exit_yet,True,False,0,2,-40.4291,3,0.0,0,C,2026-07-16,high,1,2
4,59.75683198968539,Seattle,1,110.39839,hold_to_resolution|no_public_exit_yet|pre_resolution_sell,True,False,0,0,-42.544599999999996,3,17.906640005539998,0,F,2026-07-16,high,1,4
2,24.85118998875,Shenzhen,0,0,no_public_exit_yet,True,False,0,1,-24.8509,2,0.0,0,C,2026-07-16,high,0,1
2,22.258669997193,Buenos Aires,0,0,no_public_exit_yet,True,False,0,0,-22.2584,2,0.0,0,C,2026-07-17,high,0,2
1,1.25289,Busan,0,0,no_public_exit_yet,True,False,0,0,-1.2528,1,0.0,0,C,2026-07-17,high,0,1
3,51.476899999335004,Hong Kong,2,229.37163099999998,mixed_sell_and_resolution|no_public_exit_yet,True,False,0,1,-5.0,1,275.84837,0,C,2026-07-17,high,2,2
1,24.0,Munich,1,-7.47708,mixed_sell_and_resolution,False,False,1,0,0,0,16.523000004,0,C,2026-07-17,high,0,1
2,19.799860000000002,New York City,0,0,no_public_exit_yet,True,False,0,0,-19.7998,2,0.0,0,F,2026-07-17,high,0,2
1,2.499975,Sao Paulo,0,0,no_public_exit_yet,True,False,0,1,-2.4999,1,0.0,0,C,2026-07-17,high,0,0
7,110.67856805996578,Shenzhen,1,165.130356,mixed_sell_and_resolution|no_public_exit_yet,True,False,0,0,-80.3382,6,195.4656,0,C,2026-07-17,high,1,7
1,9.999688,Tokyo,0,0,no_public_exit_yet,True,False,0,0,-9.9996,1,0.0,0,C,2026-07-17,high,0,1
1,14.700000000000001,Wellington,1,90.3,hold_to_resolution,False,False,0,0,0,0,0.0,0,C,2026-07-17,high,1,1
2,23.04145911068504,Amsterdam,0,0,no_public_exit_yet,True,False,0,0,-23.0302,2,0.0,0,C,2026-07-18,high,0,2
1,14.999999999999998,Ankara,0,0,no_public_exit_yet,True,False,0,0,-15.0,1,0.0,0,C,2026-07-18,high,0,1
2,26.649930000528,Chongqing,1,81.161007,hold_to_resolution|no_public_exit_yet,True,False,0,0,-21.5308,1,0.0,0,C,2026-07-18,high,1,2
2,10.47746000381,Hong Kong,0,0,no_public_exit_yet,True,False,0,1,-10.4772,2,0.0,0,C,2026-07-18,high,0,1
5,55.68562099347823,London,1,408.336405,hold_to_resolution|no_public_exit_yet,True,False,0,0,-52.3148,4,0.0,0,C,2026-07-18,high,1,5
3,30.050677000000004,Moscow,0,0,no_public_exit_yet,True,False,0,1,-30.0502,3,0.0,0,C,2026-07-18,high,0,2
2,73.445065991056,New York City,1,1.75244,mixed_sell_and_resolution|no_public_exit_yet,True,False,1,0,-27.7493,1,47.447900007613,0,F,2026-07-18,high,0,2
1,3.99984,New York City,0,0,no_public_exit_yet,True,False,0,0,-3.9998,1,0.0,0,F,2026-07-18,low,0,1
1,43.5,Seoul,0,0,pre_resolution_sell,True,False,0,0,-21.7496,1,45.0,0,C,2026-07-18,high,0,1
1,4.967380001724001,Seoul,0,0,no_public_exit_yet,True,False,0,0,-4.9673,1,0.0,0,C,2026-07-18,low,0,1
1,19.521400009132,Taipei,0,0,no_public_exit_yet,True,False,0,0,-19.5213,1,0.0,0,C,2026-07-18,high,0,1
1,27.278700999999998,Tokyo,0,0,no_public_exit_yet,True,False,0,1,-27.2786,1,0.0,0,C,2026-07-18,high,0,0
3,70.777199995991,Wellington,2,94.75,hold_to_resolution|no_public_exit_yet,True,False,0,1,-10.527,1,0.0,0,C,2026-07-18,high,2,2
2,4.566570999994643,Ankara,1,-0.282293,mixed_sell_and_resolution|no_public_exit_yet,True,False,1,1,-2.6,1,1.6841799996009998,0,C,2026-07-19,high,0,1
4,70.27432802412534,London,1,112.011427,mixed_sell_and_resolution|no_public_exit_yet,True,False,0,0,-44.1666,3,138.11520000000002,0,C,2026-07-19,high,1,4
1,7.0004699995749995,Moscow,1,-0.408453,mixed_sell_and_resolution,False,False,1,0,0,0,6.591960000353001,0,C,2026-07-19,high,0,1
2,15.713500000000002,New York City,1,23.783718,mixed_sell_and_resolution|no_public_exit_yet,True,False,1,0,-3.6,1,35.897300004467,0,F,2026-07-19,high,0,2
2,7.621599997312,Seoul,1,-4.0,hold_to_resolution|no_public_exit_yet,True,False,1,0,-3.6213,1,0.0,0,C,2026-07-19,low,0,2
3,44.439499994373,Beijing,1,51.492155,mixed_sell_and_resolution|no_public_exit_yet,True,False,0,0,-31.239,2,64.442160003,0,C,2026-07-20,high,1,3
1,34.226200008,London,0,0,no_public_exit_yet,True,False,0,0,-3.776,1,0.0,0,C,2026-07-20,high,0,1
1,4.647610002564,Munich,1,0.516069,mixed_sell_and_resolution,False,False,1,0,0,0,5.163560009646001,0,C,2026-07-20,high,0,1
2,51.730000000000004,Sao Paulo,0,0,no_public_exit_yet,True,False,0,0,-3.7264,2,0.0,0,C,2026-07-20,high,0,2
3,32.431377998684994,Seoul,0,0,no_public_exit_yet,True,False,0,0,-32.045500000000004,3,0.0,0,C,2026-07-20,high,0,3
3,14.108280009746546,Seoul,0,0,no_public_exit_yet,True,False,0,0,-11.1472,3,0.0,0,C,2026-07-20,low,0,3
1,9.999668,Shenzhen,0,0,no_public_exit_yet,True,False,0,0,-9.8997,1,0.0,0,C,2026-07-20,high,0,1
2,10.092799999723999,Wuhan,0,0,no_public_exit_yet,True,False,0,0,-9.913,2,0.0,0,C,2026-07-20,high,0,2
4,48.59171001,Wuhan,0,0,no_public_exit_yet,True,False,0,0,-9.388300000000001,4,0.0,0,C,2026-07-21,high,0,4
