actual_entry_allocation_pnl_at_observed_state,authoritative_realized_pnl_sum,basket_buy_budget_usd,basket_key,bucket_count,city,closed_yes_asset_count,counterfactual_status,equal_dollar_basket_pnl_at_observed_state,equal_payout_basket_pnl_at_observed_state,main_bucket_label,single_main_bucket_pnl_at_observed_state,state_model_valid,unit,weather_date,weather_metric,winner_bucket_labels
nan,-0.8699999999999999,1.1099999999999999,London|2026-01-25|high|C,1,London,1,not_evaluable_overlap_or_single,nan,nan,9°C,nan,False,C,2026-01-25,high,
nan,-0.8699999999999999,0.87,New York City|2026-01-25|high|F,1,New York City,1,not_evaluable_overlap_or_single,nan,nan,between 18-19°F,nan,False,F,2026-01-25,high,
nan,-0.7,0.7000000000000001,Seattle|2026-01-25|high|F,1,Seattle,1,not_evaluable_overlap_or_single,nan,nan,between 46-47°F,nan,False,F,2026-01-25,high,
nan,1.758942,1.6899989999552034,Atlanta|2026-01-27|high|F,1,Atlanta,1,not_evaluable_overlap_or_single,nan,nan,between 42-43°F,nan,False,F,2026-01-27,high,between 42-43°F
-8.019614997232704,2.5246139999999997,8.019614997232704,Ankara|2026-01-31|high|C,2,Ankara,2,winner_outside_visible_yes_basket,-8.019614997232704,-8.019614997232704,11°C or higher,-8.019614997232704,True,C,2026-01-31,high,
2.689655000559789,-6.570917999999999,9.999998999440212,London|2026-01-31|high|C,2,London,2,winner_in_basket,-0.9359600393353347,7.850708310407995,11°C or higher,8.128078920769543,True,C,2026-01-31,high,11°C or higher
nan,-0.990649,0.9999990001521372,Buenos Aires|2026-02-01|high|C,1,Buenos Aires,1,not_evaluable_overlap_or_single,nan,nan,35°C,nan,False,C,2026-02-01,high,
nan,-0.999963,0.9999990012759068,Seoul|2026-02-01|high|C,1,Seoul,1,not_evaluable_overlap_or_single,nan,nan,-1°C,nan,False,C,2026-02-01,high,
nan,1.384,1.44,Atlanta|2026-02-02|high|F,1,Atlanta,1,not_evaluable_overlap_or_single,nan,nan,50°F or higher,nan,False,F,2026-02-02,high,50°F or higher
nan,-0.075,0.1,London|2026-02-03|high|C,1,London,1,not_evaluable_overlap_or_single,nan,nan,9°C,nan,False,C,2026-02-03,high,
nan,-0.052,2.3920000000000003,New York City|2026-02-03|high|F,1,New York City,1,not_evaluable_overlap_or_single,nan,nan,between 32-33°F,nan,False,F,2026-02-03,high,between 32-33°F
nan,-0.0638,0.11599999999999999,Toronto|2026-02-03|high|C,1,Toronto,1,not_evaluable_overlap_or_single,nan,nan,-6°C or below,nan,False,C,2026-02-03,high,
nan,-0.33000000000000007,0.99,Chicago|2026-02-04|high|F,1,Chicago,1,not_evaluable_overlap_or_single,nan,nan,23°F or below,nan,False,F,2026-02-04,high,
nan,22.9612,1.0,Dallas|2026-02-04|high|F,1,Dallas,1,not_evaluable_overlap_or_single,nan,nan,between 52-53°F,nan,False,F,2026-02-04,high,
nan,4.7517,0.30329999999999996,Miami|2026-02-04|high|F,1,Miami,1,not_evaluable_overlap_or_single,nan,nan,between 76-77°F,nan,False,F,2026-02-04,high,
nan,-1.0,2.0,Buenos Aires|2026-02-05|high|C,1,Buenos Aires,1,not_evaluable_overlap_or_single,nan,nan,32°C,nan,False,C,2026-02-05,high,
nan,-2.0,2.0,Seoul|2026-02-05|high|C,1,Seoul,1,not_evaluable_overlap_or_single,nan,nan,5°C,nan,False,C,2026-02-05,high,
nan,34.75,2.0,New York City|2026-02-06|high|F,1,New York City,1,not_evaluable_overlap_or_single,nan,nan,between 26-27°F,nan,False,F,2026-02-06,high,
nan,-2.0,2.0,Seoul|2026-02-06|high|C,1,Seoul,1,not_evaluable_overlap_or_single,nan,nan,-5°C,nan,False,C,2026-02-06,high,
nan,-1.085,2.0,Toronto|2026-02-06|high|C,1,Toronto,1,not_evaluable_overlap_or_single,nan,nan,1°C,nan,False,C,2026-02-06,high,
nan,8.33,0.17,Miami|2026-02-07|high|F,1,Miami,1,not_evaluable_overlap_or_single,nan,nan,between 74-75°F,nan,False,F,2026-02-07,high,
nan,49.0,1.0,Buenos Aires|2026-02-08|high|C,1,Buenos Aires,1,not_evaluable_overlap_or_single,nan,nan,35°C,nan,False,C,2026-02-08,high,
nan,0.6265509999999999,9.87,London|2026-02-08|high|C,1,London,1,not_evaluable_overlap_or_single,nan,nan,11°C,nan,False,C,2026-02-08,high,11°C
nan,33.544,1.0,Miami|2026-02-08|high|F,1,Miami,1,not_evaluable_overlap_or_single,nan,nan,between 68-69°F,nan,False,F,2026-02-08,high,
nan,28.258153,1.0,New York City|2026-02-08|high|F,1,New York City,1,not_evaluable_overlap_or_single,nan,nan,between 22-23°F,nan,False,F,2026-02-08,high,
nan,-1.0,1.0,Wellington|2026-02-08|high|C,1,Wellington,1,not_evaluable_overlap_or_single,nan,nan,18°C,nan,False,C,2026-02-08,high,
nan,-1.0,1.0,Ankara|2026-02-09|high|C,1,Ankara,1,not_evaluable_overlap_or_single,nan,nan,7°C,nan,False,C,2026-02-09,high,
nan,9.6,0.4,Buenos Aires|2026-02-09|high|C,1,Buenos Aires,1,not_evaluable_overlap_or_single,nan,nan,35°C,nan,False,C,2026-02-09,high,
nan,42.0616,0.8584,London|2026-02-09|high|C,1,London,1,not_evaluable_overlap_or_single,nan,nan,9°C,nan,False,C,2026-02-09,high,9°C
nan,36.705087,1.0,Miami|2026-02-09|high|F,1,Miami,1,not_evaluable_overlap_or_single,nan,nan,between 70-71°F,nan,False,F,2026-02-09,high,
-3.4267,157.38989299999997,3.4267,New York City|2026-02-09|high|F,2,New York City,2,winner_outside_visible_yes_basket,-3.4267,-3.4267,between 26-27°F,-3.4267,True,F,2026-02-09,high,
-2.0,48.5,2.0,Seoul|2026-02-09|high|C,2,Seoul,2,winner_outside_visible_yes_basket,-2.0,-2.0,4°C,-2.0,True,C,2026-02-09,high,
nan,-0.09999999999999999,1.0,Toronto|2026-02-09|high|C,1,Toronto,1,not_evaluable_overlap_or_single,nan,nan,-9°C,nan,False,C,2026-02-09,high,
-2.0,48.0,2.0,Ankara|2026-02-10|high|C,2,Ankara,2,winner_outside_visible_yes_basket,-2.0,-2.0,3°C,-2.0,True,C,2026-02-10,high,
-2.52,72.61065500000001,2.52,Dallas|2026-02-10|high|F,3,Dallas,3,winner_outside_visible_yes_basket,-2.52,-2.52,between 62-63°F,-2.52,True,F,2026-02-10,high,
nan,39.990174,0.816126,Miami|2026-02-10|high|F,1,Miami,1,not_evaluable_overlap_or_single,nan,nan,between 72-73°F,nan,False,F,2026-02-10,high,
nan,-1.0,1.0,Seoul|2026-02-10|high|C,1,Seoul,1,not_evaluable_overlap_or_single,nan,nan,2°C,nan,False,C,2026-02-10,high,
-3.4588,83.0112,3.4588,Ankara|2026-02-11|high|C,3,Ankara,3,winner_outside_visible_yes_basket,-3.4588,-3.4588,4°C,-3.4588,True,C,2026-02-11,high,
-3.0,146.1806,3.0,London|2026-02-11|high|C,3,London,3,winner_outside_visible_yes_basket,-3.0,-3.0,8°C or below,-3.0,True,C,2026-02-11,high,
-3.5771360000000003,70.14625799999999,3.5771360000000003,New York City|2026-02-11|high|F,3,New York City,3,winner_outside_visible_yes_basket,-3.5771360000000003,-3.5771360000000003,between 34-35°F,-3.5771360000000003,True,F,2026-02-11,high,
nan,41.15048600000001,4.999998996407598,Seoul|2026-02-11|high|C,1,Seoul,1,not_evaluable_overlap_or_single,nan,nan,6°C or higher,nan,False,C,2026-02-11,high,
nan,29.04,1.0,Toronto|2026-02-11|high|C,1,Toronto,1,not_evaluable_overlap_or_single,nan,nan,2°C or higher,nan,False,C,2026-02-11,high,
nan,-0.7,1.0,Wellington|2026-02-11|high|C,1,Wellington,1,not_evaluable_overlap_or_single,nan,nan,19°C,nan,False,C,2026-02-11,high,
nan,48.92770000000001,1.144602,Chicago|2026-02-12|high|F,1,Chicago,1,not_evaluable_overlap_or_single,nan,nan,29°F or below,nan,False,F,2026-02-12,high,
nan,49.0,1.0,Dallas|2026-02-12|high|F,1,Dallas,1,not_evaluable_overlap_or_single,nan,nan,69°F or below,nan,False,F,2026-02-12,high,
nan,48.99755,1.0,Miami|2026-02-12|high|F,1,Miami,1,not_evaluable_overlap_or_single,nan,nan,86°F or higher,nan,False,F,2026-02-12,high,
nan,-0.5,1.0,Atlanta|2026-02-13|high|F,1,Atlanta,1,not_evaluable_overlap_or_single,nan,nan,between 54-55°F,nan,False,F,2026-02-13,high,
-2.0,3.5797,2.0,Dallas|2026-02-13|high|F,2,Dallas,2,winner_outside_visible_yes_basket,-2.0,-2.0,between 64-65°F,-2.0,True,F,2026-02-13,high,
-2.999705,47.80006,2.999705,Seattle|2026-02-13|high|F,2,Seattle,2,winner_outside_visible_yes_basket,-2.999705,-2.999705,between 40-41°F,-2.999705,True,F,2026-02-13,high,
-2.5,122.4951,2.5,Seoul|2026-02-13|high|C,2,Seoul,2,winner_outside_visible_yes_basket,-2.5,-2.5,4°C,-2.5,True,C,2026-02-13,high,
nan,14.29,1.0,Ankara|2026-02-14|high|C,1,Ankara,1,not_evaluable_overlap_or_single,nan,nan,9°C,nan,False,C,2026-02-14,high,
nan,137.151295,6.738940000855999,London|2026-02-14|high|C,1,London,1,not_evaluable_overlap_or_single,nan,nan,8°C,nan,False,C,2026-02-14,high,
1172.6507020001761,1009.87915,19.229297999824002,Seoul|2026-02-14|high|C,3,Seoul,3,winner_in_basket,475.11474270488486,152.95798376953005,11°C or higher,1463.8028241143024,True,C,2026-02-14,high,11°C or higher
1.6661339999999996,1.6661480000000002,215.340866,Buenos Aires|2026-02-15|high|C,2,Buenos Aires,2,winner_in_basket,-106.33114662137717,0.49338316726607445,30°C,2.678572757245661,True,C,2026-02-15,high,30°C
nan,49.0,1.0,Chicago|2026-02-15|high|F,1,Chicago,1,not_evaluable_overlap_or_single,nan,nan,between 42-43°F,nan,False,F,2026-02-15,high,
-10.7656680005,155.12068599999998,10.7656680005,London|2026-02-15|high|C,4,London,4,winner_outside_visible_yes_basket,-10.7656680005,-10.7656680005,6°C,-10.7656680005,True,C,2026-02-15,high,
nan,-2.480525,2.488,Sao Paulo|2026-02-15|high|C,1,Sao Paulo,1,not_evaluable_overlap_or_single,nan,nan,33°C,nan,False,C,2026-02-15,high,
-2.999958,146.997942,2.999958,Seoul|2026-02-15|high|C,2,Seoul,2,winner_outside_visible_yes_basket,-2.999958,-2.999958,1°C or below,-2.999958,True,C,2026-02-15,high,
nan,18.6731,1.1919,Toronto|2026-02-15|high|C,1,Toronto,1,not_evaluable_overlap_or_single,nan,nan,2°C,nan,False,C,2026-02-15,high,
38.372099000000006,87.85528,21.627900999999998,Buenos Aires|2026-02-16|high|C,4,Buenos Aires,4,winner_in_basket,17.935332536585367,30.90055598581107,32°C,-21.627900999999998,True,C,2026-02-16,high,33°C
4.405640997989856,10.995568999999998,35.594359002010144,London|2026-02-16|high|C,4,London,4,winner_in_basket,-6.889230774582604,43.10310568327527,8°C,-35.594359002010144,True,C,2026-02-16,high,10°C
nan,12.0,3.0,New York City|2026-02-16|high|F,1,New York City,1,not_evaluable_overlap_or_single,nan,nan,between 36-37°F,nan,False,F,2026-02-16,high,
nan,-1.0,1.0,Paris|2026-02-16|high|C,1,Paris,1,not_evaluable_overlap_or_single,nan,nan,9°C,nan,False,C,2026-02-16,high,
-3.776931000000001,-4.6022,22.446931000000003,Buenos Aires|2026-02-17|high|C,3,Buenos Aires,3,winner_in_basket,-8.590800753086421,3.3541391149425266,31°C,19.121459740740743,True,C,2026-02-17,high,31°C
nan,2.2788,6.617,London|2026-02-17|high|C,1,London,1,not_evaluable_overlap_or_single,nan,nan,8°C,nan,False,C,2026-02-17,high,
nan,75.32742,3.876461,Paris|2026-02-17|high|C,1,Paris,1,not_evaluable_overlap_or_single,nan,nan,12°C or higher,nan,False,C,2026-02-17,high,
nan,-20.019813,20.02,Sao Paulo|2026-02-17|high|C,1,Sao Paulo,1,not_evaluable_overlap_or_single,nan,nan,33°C,nan,False,C,2026-02-17,high,
nan,34.95621,0.99,Toronto|2026-02-17|high|C,1,Toronto,1,not_evaluable_overlap_or_single,nan,nan,0°C,nan,False,C,2026-02-17,high,
nan,0.8517649999999999,2.46638,Buenos Aires|2026-02-18|high|C,1,Buenos Aires,1,not_evaluable_overlap_or_single,nan,nan,36°C,nan,False,C,2026-02-18,high,
nan,62.266168,2.729832,London|2026-02-18|high|C,1,London,1,not_evaluable_overlap_or_single,nan,nan,8°C,nan,False,C,2026-02-18,high,
-2.1500000000000004,6.78,7.9,Sao Paulo|2026-02-18|high|C,3,Sao Paulo,3,winner_in_basket,-3.7854166666666673,2.648804913873681,31°C,4.44375,True,C,2026-02-18,high,31°C
nan,-0.9,1.0,Seoul|2026-02-18|high|C,1,Seoul,1,not_evaluable_overlap_or_single,nan,nan,7°C,nan,False,C,2026-02-18,high,
-3.016,-2.466,3.016,Ankara|2026-02-19|high|C,2,Ankara,2,winner_outside_visible_yes_basket,-3.016,-3.016,6°C,-3.016,True,C,2026-02-19,high,
-7.790600000000001,2.9622,17.0206,Buenos Aires|2026-02-19|high|C,3,Buenos Aires,3,winner_in_basket,-10.645843445692885,-2.5357032875855996,32°C,2.103669662921348,True,C,2026-02-19,high,32°C
-4.489228000000001,5.294851,10.489228,Dallas|2026-02-19|high|F,3,Dallas,3,winner_in_basket,1.9979481904761904,14.191308470588233,between 80-81°F,-10.489228,True,F,2026-02-19,high,between 78-79°F
nan,-4.737784,7.5725999999999996,Miami|2026-02-19|high|F,1,Miami,1,not_evaluable_overlap_or_single,nan,nan,between 84-85°F,nan,False,F,2026-02-19,high,
nan,-0.6606,2.4956,New York City|2026-02-19|high|F,1,New York City,1,not_evaluable_overlap_or_single,nan,nan,between 38-39°F,nan,False,F,2026-02-19,high,
nan,-0.175,0.25,Sao Paulo|2026-02-19|high|C,1,Sao Paulo,1,not_evaluable_overlap_or_single,nan,nan,33°C or higher,nan,False,C,2026-02-19,high,
nan,-0.46,0.45999999999999996,Seoul|2026-02-19|high|C,1,Seoul,1,not_evaluable_overlap_or_single,nan,nan,3°C,nan,False,C,2026-02-19,high,
nan,-4.75,5.0,Buenos Aires|2026-02-20|high|C,1,Buenos Aires,1,not_evaluable_overlap_or_single,nan,nan,32°C,nan,False,C,2026-02-20,high,
-4.153689997173478,-4.153412,4.153689997173478,Miami|2026-02-20|high|F,2,Miami,2,winner_outside_visible_yes_basket,-4.153689997173478,-4.153689997173478,between 84-85°F,-4.153689997173478,True,F,2026-02-20,high,
14.96999699891159,16.388369,40.89999900108841,Sao Paulo|2026-02-20|high|C,3,Sao Paulo,3,winner_in_basket,4.6605128752961065,49.613090889151415,32°C,95.78153662806514,True,C,2026-02-20,high,32°C
31.90909899222919,39.048266,18.088547007770813,Seoul|2026-02-20|high|C,2,Seoul,2,winner_in_basket,42.20660888035246,82.45056202897754,8°C,-18.088547007770813,True,C,2026-02-20,high,11°C or higher
-6.194309999117,-6.0143,6.194309999117,Ankara|2026-02-21|high|C,2,Ankara,2,winner_outside_visible_yes_basket,-6.194309999117,-6.194309999117,14°C,-6.194309999117,True,C,2026-02-21,high,
16.5912,17.27902,18.5888,Buenos Aires|2026-02-21|high|C,3,Buenos Aires,3,winner_in_basket,5.726276556980849,9.182807056765167,31°C,54.35642967094255,True,C,2026-02-21,high,31°C
26.0944,26.0944,3.9055999999999997,Chicago|2026-02-21|high|F,2,Chicago,2,winner_in_basket,44.91439999999999,25.024770370370366,between 30-31°F,-3.9055999999999997,True,F,2026-02-21,high,29°F or below
nan,6.4355,2.532,Dallas|2026-02-21|high|F,1,Dallas,1,not_evaluable_overlap_or_single,nan,nan,between 62-63°F,nan,False,F,2026-02-21,high,between 62-63°F
-4.625,-2.625,4.625,New York City|2026-02-21|high|F,2,New York City,2,winner_outside_visible_yes_basket,-4.625,-4.625,between 48-49°F,-4.625,True,F,2026-02-21,high,
-9.1461,-7.121599,9.1461,Sao Paulo|2026-02-21|high|C,2,Sao Paulo,2,winner_outside_visible_yes_basket,-9.1461,-9.1461,31°C or higher,-9.1461,True,C,2026-02-21,high,
nan,0.575155,10.6,Buenos Aires|2026-02-22|high|C,1,Buenos Aires,1,not_evaluable_overlap_or_single,nan,nan,32°C,nan,False,C,2026-02-22,high,
-16.459,3.613249,16.459,London|2026-02-22|high|C,2,London,2,winner_outside_visible_yes_basket,-16.459,-16.459,15°C,-16.459,True,C,2026-02-22,high,
36.2763,33.763125,23.6937,Miami|2026-02-22|high|F,3,Miami,3,winner_in_basket,13.915347619047623,58.07748686868687,between 88-89°F,89.13344285714285,True,F,2026-02-22,high,between 88-89°F
-10.060429999484477,86.467439,27.560429999484477,Sao Paulo|2026-02-22|high|C,4,Sao Paulo,4,winner_in_basket,-20.230528403876903,-2.113353618248606,27°C,1.759176382945821,True,C,2026-02-22,high,27°C
-2.88,-1.2,2.88,Ankara|2026-02-23|high|C,2,Ankara,2,winner_outside_visible_yes_basket,-2.88,-2.88,6°C,-2.88,True,C,2026-02-23,high,
nan,-2.02941,3.75,Atlanta|2026-02-23|high|F,1,Atlanta,1,not_evaluable_overlap_or_single,nan,nan,between 42-43°F,nan,False,F,2026-02-23,high,
nan,0.14826,0.447,Dallas|2026-02-23|high|F,1,Dallas,1,not_evaluable_overlap_or_single,nan,nan,between 62-63°F,nan,False,F,2026-02-23,high,
nan,14.584045,19.6678,New York City|2026-02-23|high|F,1,New York City,1,not_evaluable_overlap_or_single,nan,nan,36°F or higher,nan,False,F,2026-02-23,high,36°F or higher
nan,-1.144,1.1440000000000001,Sao Paulo|2026-02-23|high|C,1,Sao Paulo,1,not_evaluable_overlap_or_single,nan,nan,28°C,nan,False,C,2026-02-23,high,
nan,48.850011,0.996939,Wellington|2026-02-23|high|C,1,Wellington,1,not_evaluable_overlap_or_single,nan,nan,16°C,nan,False,C,2026-02-23,high,
1.1173759996073507,17.078573000000002,19.99171200039265,Ankara|2026-02-24|high|C,4,Ankara,4,winner_in_basket,-9.707982939552995,5.941964342745436,8°C,21.143204242965968,True,C,2026-02-24,high,8°C
nan,-13.958779,13.960512,Buenos Aires|2026-02-24|high|C,1,Buenos Aires,1,not_evaluable_overlap_or_single,nan,nan,35°C,nan,False,C,2026-02-24,high,
nan,-1.912,1.9120000000000001,Ankara|2026-02-25|high|C,1,Ankara,1,not_evaluable_overlap_or_single,nan,nan,5°C,nan,False,C,2026-02-25,high,
19.72555,29.384169000000007,14.71445,London|2026-02-25|high|C,3,London,3,winner_in_basket,9.80963333333333,12.557835249624969,19°C,58.8578,True,C,2026-02-25,high,19°C
nan,-0.82415,1.0,Sao Paulo|2026-02-25|high|C,1,Sao Paulo,1,not_evaluable_overlap_or_single,nan,nan,30°C,nan,False,C,2026-02-25,high,
-15.699658000000001,-15.698674,15.699658000000001,Seoul|2026-02-25|high|C,3,Seoul,3,winner_outside_visible_yes_basket,-15.699658000000001,-15.699658000000001,14°C or higher,-15.699658000000001,True,C,2026-02-25,high,
nan,1.4,2.4,Ankara|2026-02-26|high|C,1,Ankara,1,not_evaluable_overlap_or_single,nan,nan,3°C,nan,False,C,2026-02-26,high,
31.234141,30.113265,11.165859,Buenos Aires|2026-02-26|high|C,3,Buenos Aires,3,winner_in_basket,11.011039145025292,34.816310930069925,29°C,55.364835435075875,True,C,2026-02-26,high,29°C
80.058819,68.897754,23.981181,Chicago|2026-02-26|high|F,2,Chicago,2,winner_in_basket,44.26621824941599,83.48764053077636,between 40-41°F,112.51361749883199,True,F,2026-02-26,high,between 40-41°F
nan,-8.600238,8.600309,Paris|2026-02-26|high|C,1,Paris,1,not_evaluable_overlap_or_single,nan,nan,20°C,nan,False,C,2026-02-26,high,
-9.235020995082635,3.9440890000000004,141.97502099508264,Buenos Aires|2026-02-27|high|C,5,Buenos Aires,5,winner_in_basket,-111.2906392124501,-35.66168888314708,29°C,11.44688791808008,True,C,2026-02-27,high,29°C
nan,-0.086111,0.28300000000000003,Chicago|2026-02-27|high|F,1,Chicago,1,not_evaluable_overlap_or_single,nan,nan,between 56-57°F,nan,False,F,2026-02-27,high,
nan,-0.7725220000000002,9.749,Miami|2026-02-27|high|F,1,Miami,1,not_evaluable_overlap_or_single,nan,nan,between 84-85°F,nan,False,F,2026-02-27,high,
79.93427900036173,64.655565,78.91072099963827,Buenos Aires|2026-02-28|high|C,3,Buenos Aires,3,winner_in_basket,-10.783225702755672,91.99281678006656,32°C,125.47176489100957,True,C,2026-02-28,high,32°C
194.313,63.803764,15.687000000000001,Dallas|2026-02-28|high|F,2,Dallas,2,winner_in_basket,123.90071186440677,68.5654296675192,between 82-83°F,263.48842372881353,True,F,2026-02-28,high,between 82-83°F
34.888316999999994,36.137498,55.911683000000004,Sao Paulo|2026-02-28|high|C,2,Sao Paulo,2,winner_in_basket,4.101519013372041,59.70213192649745,25°C,64.11472102674409,True,C,2026-02-28,high,25°C
-73.95790300010083,-43.318019,73.95790300010083,Buenos Aires|2026-03-01|high|C,3,Buenos Aires,3,winner_outside_visible_yes_basket,-73.95790300010083,-73.95790300010083,33°C,-73.95790300010083,True,C,2026-03-01,high,
nan,-1.1,1.0999999999999999,London|2026-03-01|high|C,1,London,1,not_evaluable_overlap_or_single,nan,nan,11°C,nan,False,C,2026-03-01,high,
nan,-1.0281,1.0281,Miami|2026-03-01|high|F,1,Miami,1,not_evaluable_overlap_or_single,nan,nan,between 76-77°F,nan,False,F,2026-03-01,high,
-17.0,10.997290000000001,17.0,Seoul|2026-03-01|high|C,2,Seoul,2,winner_outside_visible_yes_basket,-17.0,-17.0,11°C,-17.0,True,C,2026-03-01,high,
-4.011100000000001,-0.752729,4.011100000000001,Wellington|2026-03-01|high|C,2,Wellington,2,winner_outside_visible_yes_basket,-4.011100000000001,-4.011100000000001,18°C,-4.011100000000001,True,C,2026-03-01,high,
3.2108999999999988,2.536522,16.7891,Ankara|2026-03-02|high|C,3,Ankara,3,winner_in_basket,-5.540121775544387,7.3897792652471885,12°C,16.957834673366836,True,C,2026-03-02,high,12°C
59.81117799939077,54.024995999999994,40.628822000609226,Buenos Aires|2026-03-02|high|C,3,Buenos Aires,3,winner_in_basket,78.27856642034928,131.97631149698483,32°C,-40.628822000609226,True,C,2026-03-02,high,31°C
nan,0.765403,1.23001,Chicago|2026-03-02|high|F,1,Chicago,1,not_evaluable_overlap_or_single,nan,nan,between 44-45°F,nan,False,F,2026-03-02,high,
33.306762000836,41.016627,21.693237999163998,London|2026-03-02|high|C,3,London,3,winner_in_basket,16.147805132901333,70.17313105244624,16°C,91.829891397032,True,C,2026-03-02,high,16°C
5.744,-1.6059999999999999,19.256,New York City|2026-03-02|high|F,3,New York City,3,winner_in_basket,-9.81678431372549,4.6348188585607915,between 32-33°F,9.061647058823528,True,F,2026-03-02,high,between 32-33°F
10.960549998287,15.360002999999999,39.179450001713,Paris|2026-03-02|high|C,3,Paris,3,winner_in_basket,6.201453410438354,15.72539430613665,17°C,96.96326023474106,True,C,2026-03-02,high,17°C
nan,-4.6,4.6,Sao Paulo|2026-03-02|high|C,1,Sao Paulo,1,not_evaluable_overlap_or_single,nan,nan,24°C,nan,False,C,2026-03-02,high,
nan,0.39999999999999997,5.7024,Seattle|2026-03-02|high|F,1,Seattle,1,not_evaluable_overlap_or_single,nan,nan,between 60-61°F,nan,False,F,2026-03-02,high,
nan,19.151258,29.4,Seoul|2026-03-02|high|C,1,Seoul,1,not_evaluable_overlap_or_single,nan,nan,6°C,nan,False,C,2026-03-02,high,6°C
-28.884272997890008,78.60149100000001,66.52427299789001,Buenos Aires|2026-03-03|high|C,8,Buenos Aires,8,winner_in_basket,-35.25587095442623,41.405624072135495,28°C,-66.52427299789001,True,C,2026-03-03,high,29°C
nan,-0.135,0.13499999999999998,Chicago|2026-03-03|high|F,1,Chicago,1,not_evaluable_overlap_or_single,nan,nan,between 36-37°F,nan,False,F,2026-03-03,high,
-9.145489999999999,-0.9761639999999999,9.145489999999999,London|2026-03-03|high|C,2,London,2,winner_outside_visible_yes_basket,-9.145489999999999,-9.145489999999999,15°C,-9.145489999999999,True,C,2026-03-03,high,
-7.513999999999999,-6.01,7.513999999999999,New York City|2026-03-03|high|F,3,New York City,3,winner_outside_visible_yes_basket,-7.513999999999999,-7.513999999999999,between 36-37°F,-7.513999999999999,True,F,2026-03-03,high,
-12.90928,-9.86783,12.90928,Paris|2026-03-03|high|C,3,Paris,3,winner_outside_visible_yes_basket,-12.90928,-12.90928,19°C,-12.90928,True,C,2026-03-03,high,
102.863,8.068382,5.737,Sao Paulo|2026-03-03|high|C,2,Sao Paulo,2,winner_in_basket,98.27605509181969,19.4719095690876,25°C or below,202.28911018363937,True,C,2026-03-03,high,25°C or below
nan,35.942658,28.87616300049306,Seoul|2026-03-03|high|C,1,Seoul,1,not_evaluable_overlap_or_single,nan,nan,9°C,nan,False,C,2026-03-03,high,
70.701972,64.85155400000001,29.298028000000002,Buenos Aires|2026-03-04|high|C,4,Buenos Aires,4,winner_in_basket,27.044333538461537,128.2952665102921,34°C,196.07141815384614,True,C,2026-03-04,high,34°C
nan,12.594,5.0,Chicago|2026-03-04|high|F,1,Chicago,1,not_evaluable_overlap_or_single,nan,nan,between 44-45°F,nan,False,F,2026-03-04,high,between 44-45°F
nan,-49.53426,83.26964099944917,London|2026-03-04|high|C,5,London,4,unresolved_or_partial,nan,nan,17°C,nan,True,C,2026-03-04,high,12°C or below
-15.49335799568892,35.305064,15.49335799568892,New York City|2026-03-04|high|F,2,New York City,2,winner_outside_visible_yes_basket,-15.49335799568892,-15.49335799568892,between 46-47°F,-15.49335799568892,True,F,2026-03-04,high,
53.994817003194996,53.618843000000005,46.805182996805,Paris|2026-03-04|high|C,4,Paris,4,winner_in_basket,76.3149226064875,47.93343784549846,19°C,-46.805182996805,True,C,2026-03-04,high,18°C
13.755471997800484,12.642200999999998,16.074528002199514,Sao Paulo|2026-03-04|high|C,4,Sao Paulo,4,winner_in_basket,10.716352001466344,32.92033689434204,29°C,-16.074528002199514,True,C,2026-03-04,high,26°C
nan,7.3032,0.8168110000000001,Seattle|2026-03-04|high|F,1,Seattle,1,not_evaluable_overlap_or_single,nan,nan,between 50-51°F,nan,False,F,2026-03-04,high,between 50-51°F
-31.049999999999997,-30.29967,31.049999999999997,Seoul|2026-03-04|high|C,2,Seoul,2,winner_outside_visible_yes_basket,-31.049999999999997,-31.049999999999997,10°C or higher,-31.049999999999997,True,C,2026-03-04,high,
-12.891970022453,-5.942557,12.891970022453,Buenos Aires|2026-03-05|high|C,4,Buenos Aires,4,winner_outside_visible_yes_basket,-12.891970022453,-12.891970022453,26°C,-12.891970022453,True,C,2026-03-05,high,
75.1798500010485,98.849838,22.53014999895151,Chicago|2026-03-05|high|F,3,Chicago,3,winner_in_basket,73.48835027321032,51.72486209675256,between 50-51°F,265.52535081753393,True,F,2026-03-05,high,between 50-51°F
-2.0379430001427608,-3.623261999999999,66.08794300014276,London|2026-03-05|high|C,4,London,4,winner_in_basket,12.588179619074808,47.96480343063874,19°C,-66.08794300014276,True,C,2026-03-05,high,18°C
28.59772,39.348303,21.40228,Munich|2026-03-05|high|C,5,Munich,5,winner_in_basket,9.17240571428571,17.285231526784212,13°C,-21.40228,True,C,2026-03-05,high,14°C
23.3801700012,-10.099633999999998,23.1198299988,Paris|2026-03-05|high|C,2,Paris,2,winner_in_basket,17.556374879906016,55.67136013502778,18°C,58.23257975861203,True,C,2026-03-05,high,18°C
nan,-4.928166,10.744999999368,Sao Paulo|2026-03-05|high|C,1,Sao Paulo,1,not_evaluable_overlap_or_single,nan,nan,30°C,nan,False,C,2026-03-05,high,
22.967618000697136,36.317584,46.46238199930287,Seoul|2026-03-05|high|C,6,Seoul,6,winner_in_basket,-1.4234960559317784,48.42751078216772,11°C or higher,-46.46238199930287,True,C,2026-03-05,high,10°C
nan,9.868995,3.9000000000000004,Ankara|2026-03-06|high|C,1,Ankara,1,not_evaluable_overlap_or_single,nan,nan,9°C,nan,False,C,2026-03-06,high,9°C
-14.2419310004,-13.191972,14.2419310004,Buenos Aires|2026-03-06|high|C,3,Buenos Aires,3,winner_outside_visible_yes_basket,-14.2419310004,-14.2419310004,24°C,-14.2419310004,True,C,2026-03-06,high,
71.56528999611399,-2.198149,25.734710003886,Dallas|2026-03-06|high|F,4,Dallas,4,winner_in_basket,7.668711510354143,65.59259935244688,between 82-83°F,107.87897605307458,True,F,2026-03-06,high,between 82-83°F
nan,28.561021,31.16,London|2026-03-06|high|C,1,London,1,not_evaluable_overlap_or_single,nan,nan,13°C or below,nan,False,C,2026-03-06,high,13°C or below
nan,-1.2399999999999998,1.24,Miami|2026-03-06|high|F,1,Miami,1,not_evaluable_overlap_or_single,nan,nan,between 78-79°F,nan,False,F,2026-03-06,high,
nan,8.33,8.350000000000001,Munich|2026-03-06|high|C,1,Munich,1,not_evaluable_overlap_or_single,nan,nan,15°C,nan,False,C,2026-03-06,high,
-11.532580009737998,-3.8679740000000002,11.532580009737998,New York City|2026-03-06|high|F,2,New York City,2,winner_outside_visible_yes_basket,-11.532580009737998,-11.532580009737998,between 46-47°F,-11.532580009737998,True,F,2026-03-06,high,
-6.534487000084255,-6.0122160000000004,6.534487000084255,Paris|2026-03-06|high|C,2,Paris,2,winner_outside_visible_yes_basket,-6.534487000084255,-6.534487000084255,16°C,-6.534487000084255,True,C,2026-03-06,high,
nan,-3.183135,3.1832,Sao Paulo|2026-03-06|high|C,1,Sao Paulo,1,not_evaluable_overlap_or_single,nan,nan,26°C or below,nan,False,C,2026-03-06,high,
nan,30.731999999999996,7.683,Seoul|2026-03-06|high|C,1,Seoul,1,not_evaluable_overlap_or_single,nan,nan,4°C,nan,False,C,2026-03-06,high,4°C
1.7920000000000007,-2.4494000000000002,5.358,Atlanta|2026-03-07|high|F,2,Atlanta,2,winner_in_basket,16.967,20.156285714285712,84°F or higher,-5.358,True,F,2026-03-07,high,between 82-83°F
nan,6.09492,20.86512,Buenos Aires|2026-03-07|high|C,3,Buenos Aires,2,unresolved_or_partial,nan,nan,28°C,nan,True,C,2026-03-07,high,28°C
68.866797001711,58.44928899999999,35.313202998289,London|2026-03-07|high|C,3,London,3,winner_in_basket,47.55217609778978,96.89619243639825,10°C,-35.313202998289,True,C,2026-03-07,high,9°C
-9.117203,105.142586,9.117203,Sao Paulo|2026-03-07|high|C,2,Sao Paulo,2,winner_outside_visible_yes_basket,-9.117203,-9.117203,26°C,-9.117203,True,C,2026-03-07,high,
-15.759700000910001,-15.759635,15.759700000910001,Seoul|2026-03-07|high|C,2,Seoul,2,winner_outside_visible_yes_basket,-15.759700000910001,-15.759700000910001,6°C,-15.759700000910001,True,C,2026-03-07,high,
nan,-1.130894,7.386599999804,Toronto|2026-03-07|high|C,1,Toronto,1,not_evaluable_overlap_or_single,nan,nan,14°C,nan,False,C,2026-03-07,high,
-15.360220000372001,-2.3435360000000003,15.360220000372001,Ankara|2026-03-08|high|C,2,Ankara,2,winner_outside_visible_yes_basket,-15.360220000372001,-15.360220000372001,9°C,-15.360220000372001,True,C,2026-03-08,high,
nan,0.15005000000000002,17.522222,Buenos Aires|2026-03-08|high|C,3,Buenos Aires,2,unresolved_or_partial,nan,nan,28°C,nan,True,C,2026-03-08,high,
61.10675599987705,52.006757,8.893244000122946,Chicago|2026-03-08|high|F,2,Chicago,2,winner_in_basket,31.530592364072263,56.02094513719109,between 62-63°F,71.95442872826747,True,F,2026-03-08,high,between 62-63°F
73.332692,67.709631,26.667308000000002,Paris|2026-03-08|high|C,3,Paris,3,winner_in_basket,100.31987295238095,93.91266871152506,15°C,-26.667308000000002,True,C,2026-03-08,high,16°C
-15.01,3.7201160000000004,15.01,Sao Paulo|2026-03-08|high|C,3,Sao Paulo,3,winner_outside_visible_yes_basket,-15.01,-15.01,27°C,-15.01,True,C,2026-03-08,high,
-26.683300003120003,-26.683085000000002,26.683300003120003,Seoul|2026-03-08|high|C,3,Seoul,3,winner_outside_visible_yes_basket,-26.683300003120003,-26.683300003120003,6°C,-26.683300003120003,True,C,2026-03-08,high,
154.72218299463015,136.72615,35.978598005369854,Buenos Aires|2026-03-09|high|C,3,Buenos Aires,3,winner_in_basket,116.72459892958221,79.70079391998789,28°C,422.1309927994864,True,C,2026-03-09,high,28°C
nan,-2.91972,4.8,Dallas|2026-03-09|high|F,1,Dallas,1,not_evaluable_overlap_or_single,nan,nan,between 78-79°F,nan,False,F,2026-03-09,high,
-49.03502899565913,-49.033716,49.03502899565913,London|2026-03-09|high|C,4,London,4,winner_outside_visible_yes_basket,-49.03502899565913,-49.03502899565913,13°C,-49.03502899565913,True,C,2026-03-09,high,
nan,nan,1.2,Miami|2026-03-09|high|F,1,Miami,0,unresolved_or_partial,nan,nan,between 82-83°F,nan,False,F,2026-03-09,high,
nan,-2.506956,2.507000001,Munich|2026-03-09|high|C,1,Munich,1,not_evaluable_overlap_or_single,nan,nan,12°C,nan,False,C,2026-03-09,high,
nan,-1.5,1.5,Sao Paulo|2026-03-09|high|C,1,Sao Paulo,1,not_evaluable_overlap_or_single,nan,nan,23°C,nan,False,C,2026-03-09,high,
nan,5.644857,57.146314998928,Seoul|2026-03-09|high|C,4,Seoul,3,unresolved_or_partial,nan,nan,7°C,nan,True,C,2026-03-09,high,7°C
-94.54633599869624,170.95720200000002,94.54633599869624,Buenos Aires|2026-03-10|high|C,2,Buenos Aires,2,winner_outside_visible_yes_basket,-94.54633599869624,-94.54633599869624,28°C,-94.54633599869624,True,C,2026-03-10,high,
nan,1.626759,52.7677,Chicago|2026-03-10|high|F,1,Chicago,1,not_evaluable_overlap_or_single,nan,nan,between 60-61°F,nan,False,F,2026-03-10,high,between 60-61°F
nan,nan,16.748710999894012,London|2026-03-10|high|C,1,London,0,unresolved_or_partial,nan,nan,12°C,nan,False,C,2026-03-10,high,
nan,-3.9996,10.999493000265158,Miami|2026-03-10|high|F,1,Miami,1,not_evaluable_overlap_or_single,nan,nan,between 86-87°F,nan,False,F,2026-03-10,high,
nan,nan,20.0,Munich|2026-03-10|high|C,1,Munich,0,unresolved_or_partial,nan,nan,16°C,nan,False,C,2026-03-10,high,
nan,-0.7099010000000001,0.709901,Sao Paulo|2026-03-10|high|C,1,Sao Paulo,1,not_evaluable_overlap_or_single,nan,nan,19°C,nan,False,C,2026-03-10,high,
nan,31.091031,127.366800000912,Ankara|2026-03-11|high|C,1,Ankara,1,not_evaluable_overlap_or_single,nan,nan,14°C or higher,nan,False,C,2026-03-11,high,14°C or higher
-26.371465998709873,15.535139999999998,26.371465998709873,Buenos Aires|2026-03-11|high|C,3,Buenos Aires,3,winner_outside_visible_yes_basket,-26.371465998709873,-26.371465998709873,30°C,-26.371465998709873,True,C,2026-03-11,high,
nan,7.802086,17.854000002524998,Chicago|2026-03-11|high|F,1,Chicago,1,not_evaluable_overlap_or_single,nan,nan,between 46-47°F,nan,False,F,2026-03-11,high,between 46-47°F
-26.96001400025845,-5.209206,26.96001400025845,Dallas|2026-03-11|high|F,2,Dallas,2,winner_outside_visible_yes_basket,-26.96001400025845,-26.96001400025845,between 72-73°F,-26.96001400025845,True,F,2026-03-11,high,
nan,-7.63997,18.819999997500002,Seoul|2026-03-11|high|C,1,Seoul,1,not_evaluable_overlap_or_single,nan,nan,8°C,nan,False,C,2026-03-11,high,
nan,-21.059973,41.52,Tel Aviv|2026-03-11|high|C,1,Tel Aviv,1,not_evaluable_overlap_or_single,nan,nan,24°C or higher,nan,False,C,2026-03-11,high,
-5.0504200004160005,-5.050205999999999,5.0504200004160005,London|2026-03-12|high|C,2,London,2,winner_outside_visible_yes_basket,-5.0504200004160005,-5.0504200004160005,14°C,-5.0504200004160005,True,C,2026-03-12,high,
nan,44.136164,5.222308001036131,Miami|2026-03-12|high|F,1,Miami,1,not_evaluable_overlap_or_single,nan,nan,between 82-83°F,nan,False,F,2026-03-12,high,
nan,-0.259115,5.8253,New York City|2026-03-12|high|F,1,New York City,1,not_evaluable_overlap_or_single,nan,nan,between 58-59°F,nan,False,F,2026-03-12,high,
nan,-1.1,1.1,Paris|2026-03-12|high|C,1,Paris,1,not_evaluable_overlap_or_single,nan,nan,15°C,nan,False,C,2026-03-12,high,
-60.086390996555004,-58.735614,60.086390996555004,Seoul|2026-03-12|high|C,4,Seoul,4,winner_outside_visible_yes_basket,-60.086390996555004,-60.086390996555004,9°C,-60.086390996555004,True,C,2026-03-12,high,
nan,0.099985,6.459666,Tokyo|2026-03-12|high|C,1,Tokyo,1,not_evaluable_overlap_or_single,nan,nan,10°C,nan,False,C,2026-03-12,high,
nan,-0.4925999999999999,8.3742,Ankara|2026-03-13|high|C,1,Ankara,1,not_evaluable_overlap_or_single,nan,nan,15°C or higher,nan,False,C,2026-03-13,high,
nan,43.5048,11.997378999782596,Buenos Aires|2026-03-13|high|C,2,Buenos Aires,1,unresolved_or_partial,nan,nan,30°C,nan,True,C,2026-03-13,high,29°C
-7.199631,-6.169603,7.199631,London|2026-03-13|high|C,2,London,2,winner_outside_visible_yes_basket,-7.199631,-7.199631,10°C,-7.199631,True,C,2026-03-13,high,
nan,47.340597,10.0,Munich|2026-03-13|high|C,1,Munich,1,not_evaluable_overlap_or_single,nan,nan,17°C,nan,False,C,2026-03-13,high,17°C
nan,58.385649,19.1526,New York City|2026-03-13|high|F,1,New York City,1,not_evaluable_overlap_or_single,nan,nan,between 42-43°F,nan,False,F,2026-03-13,high,between 42-43°F
-20.622899994699992,8.320760000000007,96.1328999947,Seoul|2026-03-13|high|C,2,Seoul,2,winner_in_basket,104.14397499425836,132.0911035499526,12°C or higher,-96.1328999947,True,C,2026-03-13,high,11°C
-18.68,-3.109438999999999,18.68,Atlanta|2026-03-14|high|F,2,Atlanta,2,winner_outside_visible_yes_basket,-18.68,-18.68,between 78-79°F,-18.68,True,F,2026-03-14,high,
177.72405700561492,288.851849,74.43594299438507,Buenos Aires|2026-03-14|high|C,3,Buenos Aires,3,winner_in_basket,73.14322068814315,288.26480772876323,29°C,368.30154805319955,True,C,2026-03-14,high,29°C
nan,nan,1.647,Dallas|2026-03-14|high|F,1,Dallas,0,unresolved_or_partial,nan,nan,between 78-79°F,nan,False,F,2026-03-14,high,
-4.199733999896907,-4.199733,4.199733999896907,Munich|2026-03-14|high|C,2,Munich,2,winner_outside_visible_yes_basket,-4.199733999896907,-4.199733999896907,14°C,-4.199733999896907,True,C,2026-03-14,high,
-12.079169999138022,-10.835869,12.079169999138022,Sao Paulo|2026-03-14|high|C,3,Sao Paulo,3,winner_outside_visible_yes_basket,-12.079169999138022,-12.079169999138022,30°C,-12.079169999138022,True,C,2026-03-14,high,
nan,1.632816,12.438,Ankara|2026-03-15|high|C,1,Ankara,1,not_evaluable_overlap_or_single,nan,nan,15°C,nan,False,C,2026-03-15,high,
nan,0.299989,2.9996289999994814,Atlanta|2026-03-15|high|F,1,Atlanta,1,not_evaluable_overlap_or_single,nan,nan,between 70-71°F,nan,False,F,2026-03-15,high,
12.0,15.742999999999999,88.0,Buenos Aires|2026-03-15|high|C,2,Buenos Aires,2,winner_in_basket,-33.0,12.0,32°C or higher,22.0,True,C,2026-03-15,high,32°C or higher
nan,0.049999999999999996,2.51128,Chicago|2026-03-15|high|F,2,Chicago,1,unresolved_or_partial,nan,nan,between 56-57°F,nan,True,F,2026-03-15,high,
28.234419999400004,20.896041,15.8255800006,London|2026-03-15|high|C,2,London,2,winner_in_basket,11.357403334025667,33.460934873310514,13°C,38.54038666865134,True,C,2026-03-15,high,13°C
-18.84039099940952,-5.197639,18.84039099940952,New York City|2026-03-15|high|F,2,New York City,2,winner_outside_visible_yes_basket,-18.84039099940952,-18.84039099940952,between 48-49°F,-18.84039099940952,True,F,2026-03-15,high,
nan,0.73051,13.152299998617,Paris|2026-03-15|high|C,1,Paris,1,not_evaluable_overlap_or_single,nan,nan,13°C,nan,False,C,2026-03-15,high,13°C
31.129828998066472,-9.322695,115.22588400193354,Sao Paulo|2026-03-15|high|C,5,Sao Paulo,5,winner_in_basket,-56.260259313816505,23.916537982907954,30°C,179.60223943865162,True,C,2026-03-15,high,30°C
nan,-5.968251,11.54885199999961,Seoul|2026-03-15|high|C,2,Seoul,1,unresolved_or_partial,nan,nan,9°C,nan,True,C,2026-03-15,high,
214.40037900175594,116.648776,315.3396209982441,Buenos Aires|2026-03-16|high|C,3,Buenos Aires,3,winner_in_basket,-122.88983586565715,101.47687568458787,30°C or higher,262.0097343995168,True,C,2026-03-16,high,30°C or higher
nan,-12.13,14.999999999999998,Chicago|2026-03-16|high|F,1,Chicago,1,not_evaluable_overlap_or_single,nan,nan,between 32-33°F,nan,False,F,2026-03-16,high,
14.3325,2.993388,2.7175000000000002,Dallas|2026-03-16|high|F,2,Dallas,2,winner_in_basket,6.340833333333335,13.26779411764706,between 48-49°F,15.39916666666667,True,F,2026-03-16,high,between 48-49°F
-28.0886,5.258881,28.0886,London|2026-03-16|high|C,2,London,2,winner_outside_visible_yes_basket,-28.0886,-28.0886,13°C,-28.0886,True,C,2026-03-16,high,
nan,-0.252277,0.7072230011277785,Miami|2026-03-16|high|F,1,Miami,1,not_evaluable_overlap_or_single,nan,nan,between 80-81°F,nan,False,F,2026-03-16,high,
nan,-0.058584,5.0836,Paris|2026-03-16|high|C,1,Paris,1,not_evaluable_overlap_or_single,nan,nan,11°C,nan,False,C,2026-03-16,high,
-18.157299999445,-1.364218,18.157299999445,Sao Paulo|2026-03-16|high|C,3,Sao Paulo,3,winner_outside_visible_yes_basket,-18.157299999445,-18.157299999445,33°C,-18.157299999445,True,C,2026-03-16,high,
-2.4,-1.3867,2.4,Buenos Aires|2026-03-17|high|C,2,Buenos Aires,2,winner_outside_visible_yes_basket,-2.4,-2.4,34°C,-2.4,True,C,2026-03-17,high,
nan,39.758648,19.030300001184003,London|2026-03-17|high|C,1,London,1,not_evaluable_overlap_or_single,nan,nan,15°C,nan,False,C,2026-03-17,high,15°C
nan,18.34456,41.760000000000005,Miami|2026-03-17|high|F,1,Miami,1,not_evaluable_overlap_or_single,nan,nan,between 70-71°F,nan,False,F,2026-03-17,high,between 70-71°F
23.35749999552,-6.768529,85.44250000448,New York City|2026-03-17|high|F,2,New York City,2,winner_in_basket,-26.52111978517943,6.531058158685568,50°F or higher,32.40026043412114,True,F,2026-03-17,high,50°F or higher
nan,2.523647,14.975754999772649,Paris|2026-03-17|high|C,1,Paris,1,not_evaluable_overlap_or_single,nan,nan,17°C,nan,False,C,2026-03-17,high,17°C
81.138199999434,75.956492,21.801800000566004,Sao Paulo|2026-03-17|high|C,2,Sao Paulo,2,winner_in_basket,29.934453595620617,68.77433234399236,32°C,81.67070719180724,True,C,2026-03-17,high,32°C
nan,11.58036,6.0200000000000005,Wellington|2026-03-17|high|C,1,Wellington,1,not_evaluable_overlap_or_single,nan,nan,23°C or higher,nan,False,C,2026-03-17,high,
nan,nan,12.5,Buenos Aires|2026-03-18|high|C,1,Buenos Aires,0,unresolved_or_partial,nan,nan,28°C,nan,False,C,2026-03-18,high,
49.17419999586,31.453335,50.82580000414,London|2026-03-18|high|C,3,London,3,winner_in_basket,1.1835241811607062,60.2181000853278,18°C,105.20217255176212,True,C,2026-03-18,high,18°C
-19.214019996079003,-19.211112,19.214019996079003,Miami|2026-03-18|high|F,3,Miami,3,winner_outside_visible_yes_basket,-19.214019996079003,-19.214019996079003,between 66-67°F,-19.214019996079003,True,F,2026-03-18,high,
nan,nan,5.0,New York City|2026-03-18|high|F,1,New York City,0,unresolved_or_partial,nan,nan,between 38-39°F,nan,False,F,2026-03-18,high,
-21.228659999999998,-9.156617,21.228659999999998,Paris|2026-03-18|high|C,2,Paris,2,winner_outside_visible_yes_basket,-21.228659999999998,-21.228659999999998,18°C,-21.228659999999998,True,C,2026-03-18,high,
nan,-0.012649,1.5194,Sao Paulo|2026-03-18|high|C,3,Sao Paulo,1,unresolved_or_partial,nan,nan,31°C,nan,True,C,2026-03-18,high,
nan,0.6621,9.119845000425443,Seoul|2026-03-18|high|C,2,Seoul,1,unresolved_or_partial,nan,nan,9°C,nan,True,C,2026-03-18,high,
nan,46.5,21.0,Singapore|2026-03-18|high|C,1,Singapore,1,not_evaluable_overlap_or_single,nan,nan,32°C,nan,False,C,2026-03-18,high,32°C
nan,38.54,10.0,Taipei|2026-03-18|high|C,1,Taipei,1,not_evaluable_overlap_or_single,nan,nan,28°C,nan,False,C,2026-03-18,high,28°C
-4.0,-4.0,4.0,Wellington|2026-03-18|high|C,2,Wellington,2,winner_outside_visible_yes_basket,-4.0,-4.0,19°C,-4.0,True,C,2026-03-18,high,
nan,4.10274,2.8356899999999996,Ankara|2026-03-19|high|C,1,Ankara,1,not_evaluable_overlap_or_single,nan,nan,12°C or higher,nan,False,C,2026-03-19,high,
nan,-30.502119999999998,55.781982,Buenos Aires|2026-03-19|high|C,3,Buenos Aires,2,unresolved_or_partial,nan,nan,29°C,nan,True,C,2026-03-19,high,
-23.710015,-22.652188,23.710015,Dallas|2026-03-19|high|F,3,Dallas,3,winner_outside_visible_yes_basket,-23.710015,-23.710015,between 88-89°F,-23.710015,True,F,2026-03-19,high,
-34.16121099981997,42.318402999999996,34.16121099981997,London|2026-03-19|high|C,2,London,2,winner_outside_visible_yes_basket,-34.16121099981997,-34.16121099981997,18°C,-34.16121099981997,True,C,2026-03-19,high,
nan,31.836276,54.044500001,Milan|2026-03-19|high|C,1,Milan,1,not_evaluable_overlap_or_single,nan,nan,18°C or higher,nan,False,C,2026-03-19,high,18°C or higher
nan,39.468772,24.90127699796,New York City|2026-03-19|high|F,3,New York City,1,unresolved_or_partial,nan,nan,between 40-41°F,nan,True,F,2026-03-19,high,between 40-41°F
nan,-0.995113,4.525113999862866,Sao Paulo|2026-03-19|high|C,3,Sao Paulo,1,unresolved_or_partial,nan,nan,24°C,nan,True,C,2026-03-19,high,
nan,44.412800000000004,5.2,Taipei|2026-03-19|high|C,1,Taipei,1,not_evaluable_overlap_or_single,nan,nan,21°C,nan,False,C,2026-03-19,high,21°C
nan,15.4977,3.4996679999998905,Tel Aviv|2026-03-19|high|C,1,Tel Aviv,1,not_evaluable_overlap_or_single,nan,nan,23°C,nan,False,C,2026-03-19,high,
nan,-5.7999,5.800000000000001,Tokyo|2026-03-19|high|C,1,Tokyo,1,not_evaluable_overlap_or_single,nan,nan,19°C,nan,False,C,2026-03-19,high,
nan,nan,2.34125,Wellington|2026-03-19|high|C,2,Wellington,0,unresolved_or_partial,nan,nan,20°C,nan,True,C,2026-03-19,high,
nan,1.0,7.000000000000001,Atlanta|2026-03-20|high|F,1,Atlanta,1,not_evaluable_overlap_or_single,nan,nan,between 78-79°F,nan,False,F,2026-03-20,high,
nan,-2.369387,8.594880001984,Buenos Aires|2026-03-20|high|C,1,Buenos Aires,1,not_evaluable_overlap_or_single,nan,nan,27°C,nan,False,C,2026-03-20,high,
nan,-0.5377,40.3422,Chicago|2026-03-20|high|F,3,Chicago,2,unresolved_or_partial,nan,nan,between 60-61°F,nan,True,F,2026-03-20,high,
nan,-7.548634,8.898761999999962,Dallas|2026-03-20|high|F,1,Dallas,1,not_evaluable_overlap_or_single,nan,nan,between 90-91°F,nan,False,F,2026-03-20,high,
nan,-10.312619,34.957699999999996,London|2026-03-20|high|C,1,London,1,not_evaluable_overlap_or_single,nan,nan,13°C,nan,False,C,2026-03-20,high,
nan,9.0,25.943,Madrid|2026-03-20|high|C,3,Madrid,1,unresolved_or_partial,nan,nan,13°C,nan,True,C,2026-03-20,high,
-13.028500000000001,46.789675,13.028500000000001,Sao Paulo|2026-03-20|high|C,2,Sao Paulo,2,winner_outside_visible_yes_basket,-13.028500000000001,-13.028500000000001,28°C,-13.028500000000001,True,C,2026-03-20,high,
nan,nan,5.9994759981368855,Taipei|2026-03-20|high|C,1,Taipei,0,unresolved_or_partial,nan,nan,24°C,nan,False,C,2026-03-20,high,
nan,nan,5.824899998825,Tel Aviv|2026-03-20|high|C,1,Tel Aviv,0,unresolved_or_partial,nan,nan,23°C,nan,False,C,2026-03-20,high,
nan,-60.628248,60.628299998832,Tokyo|2026-03-20|high|C,1,Tokyo,1,not_evaluable_overlap_or_single,nan,nan,12°C,nan,False,C,2026-03-20,high,
nan,-4.73252,8.202880005742,Beijing|2026-03-21|high|C,1,Beijing,1,not_evaluable_overlap_or_single,nan,nan,16°C,nan,False,C,2026-03-21,high,
nan,nan,1.9100000000000001,Buenos Aires|2026-03-21|high|C,2,Buenos Aires,0,unresolved_or_partial,nan,nan,28°C,nan,True,C,2026-03-21,high,
-39.653100009418,-22.870454000000002,39.653100009418,Chicago|2026-03-21|high|F,2,Chicago,2,winner_outside_visible_yes_basket,-39.653100009418,-39.653100009418,between 70-71°F,-39.653100009418,True,F,2026-03-21,high,
nan,nan,0.0933610006680498,Hong Kong|2026-03-21|high|C,1,Hong Kong,0,unresolved_or_partial,nan,nan,23°C,nan,False,C,2026-03-21,high,
nan,nan,10.999146999843797,London|2026-03-21|high|C,1,London,0,unresolved_or_partial,nan,nan,12°C,nan,False,C,2026-03-21,high,
nan,10.485,4.5,Milan|2026-03-21|high|C,1,Milan,1,not_evaluable_overlap_or_single,nan,nan,16°C or higher,nan,False,C,2026-03-21,high,16°C or higher
5.347035999248,22.732323,24.732964000752,Munich|2026-03-21|high|C,2,Munich,2,winner_in_basket,2.1538015357846056,15.816414493630084,11°C,29.04056707232121,True,C,2026-03-21,high,11°C
nan,0.0,3.3447630000000004,New York City|2026-03-21|high|F,1,New York City,1,not_evaluable_overlap_or_single,nan,nan,between 52-53°F,nan,False,F,2026-03-21,high,
nan,3.445741,3.8715,Paris|2026-03-21|high|C,1,Paris,1,not_evaluable_overlap_or_single,nan,nan,16°C,nan,False,C,2026-03-21,high,16°C
-25.80960199709665,-4.604839,25.80960199709665,Sao Paulo|2026-03-21|high|C,2,Sao Paulo,2,winner_outside_visible_yes_basket,-25.80960199709665,-25.80960199709665,31°C,-25.80960199709665,True,C,2026-03-21,high,
nan,-15.0,15.0,Taipei|2026-03-21|high|C,1,Taipei,1,not_evaluable_overlap_or_single,nan,nan,21°C,nan,False,C,2026-03-21,high,
nan,58.114324,14.000000000000002,Beijing|2026-03-22|high|C,1,Beijing,1,not_evaluable_overlap_or_single,nan,nan,23°C,nan,False,C,2026-03-22,high,23°C
233.89808801577817,222.22225400000002,54.91191198422184,Buenos Aires|2026-03-22|high|C,3,Buenos Aires,3,winner_in_basket,58.595509002830575,251.76103539978652,26°C,285.61035097693536,True,C,2026-03-22,high,26°C
-33.89424999843565,-15.372414000000001,33.89424999843565,London|2026-03-22|high|C,2,London,2,winner_outside_visible_yes_basket,-33.89424999843565,-33.89424999843565,12°C,-33.89424999843565,True,C,2026-03-22,high,
-35.105000999774326,-35.104952999999995,35.105000999774326,Milan|2026-03-22|high|C,2,Milan,2,winner_outside_visible_yes_basket,-35.105000999774326,-35.105000999774326,12°C,-35.105000999774326,True,C,2026-03-22,high,
nan,-0.877792,20.69539999908,Munich|2026-03-22|high|C,1,Munich,1,not_evaluable_overlap_or_single,nan,nan,14°C,nan,False,C,2026-03-22,high,
nan,61.473888,13.072105,New York City|2026-03-22|high|F,2,New York City,1,unresolved_or_partial,nan,nan,between 56-57°F,nan,True,F,2026-03-22,high,between 56-57°F
nan,42.099997,20.0,Tokyo|2026-03-22|high|C,1,Tokyo,1,not_evaluable_overlap_or_single,nan,nan,15°C,nan,False,C,2026-03-22,high,15°C
nan,12.907991,4.2,Wuhan|2026-03-22|high|C,1,Wuhan,1,not_evaluable_overlap_or_single,nan,nan,20°C,nan,False,C,2026-03-22,high,20°C
nan,-13.23152,13.231999999019,Beijing|2026-03-23|high|C,1,Beijing,1,not_evaluable_overlap_or_single,nan,nan,20°C,nan,False,C,2026-03-23,high,
nan,-1.2,9.4850370001419,Buenos Aires|2026-03-23|high|C,3,Buenos Aires,1,unresolved_or_partial,nan,nan,23°C,nan,True,C,2026-03-23,high,
nan,-6.684496,12.049224994848,Hong Kong|2026-03-23|high|C,3,Hong Kong,2,unresolved_or_partial,nan,nan,25°C,nan,True,C,2026-03-23,high,
nan,nan,1.9999999979999998,London|2026-03-23|high|C,1,London,0,unresolved_or_partial,nan,nan,14°C,nan,False,C,2026-03-23,high,
-22.11149999971,-10.358201,22.11149999971,Sao Paulo|2026-03-23|high|C,3,Sao Paulo,3,winner_outside_visible_yes_basket,-22.11149999971,-22.11149999971,30°C,-22.11149999971,True,C,2026-03-23,high,
nan,-34.323492,39.07757000072,Taipei|2026-03-23|high|C,3,Taipei,2,unresolved_or_partial,nan,nan,26°C,nan,True,C,2026-03-23,high,
nan,12.7628,15.173800000079002,Tokyo|2026-03-23|high|C,1,Tokyo,1,not_evaluable_overlap_or_single,nan,nan,14°C,nan,False,C,2026-03-23,high,
-33.21289000008801,-22.706495,33.21289000008801,Warsaw|2026-03-23|high|C,2,Warsaw,2,winner_outside_visible_yes_basket,-33.21289000008801,-33.21289000008801,16°C,-33.21289000008801,True,C,2026-03-23,high,
nan,0.110651,4.71405,Wellington|2026-03-23|high|C,1,Wellington,1,not_evaluable_overlap_or_single,nan,nan,23°C or higher,nan,False,C,2026-03-23,high,
nan,0.4836000000000001,9.025070001907999,Atlanta|2026-03-24|high|F,2,Atlanta,1,unresolved_or_partial,nan,nan,between 70-71°F,nan,True,F,2026-03-24,high,
nan,nan,0.030926999999999996,Austin|2026-03-24|high|F,1,Austin,0,unresolved_or_partial,nan,nan,between 90-91°F,nan,False,F,2026-03-24,high,
nan,-9.99933,28.410660998929863,Beijing|2026-03-24|high|C,2,Beijing,1,unresolved_or_partial,nan,nan,20°C,nan,True,C,2026-03-24,high,
-60.82846600641583,-39.280903,60.82846600641583,Buenos Aires|2026-03-24|high|C,3,Buenos Aires,3,winner_outside_visible_yes_basket,-60.82846600641583,-60.82846600641583,27°C,-60.82846600641583,True,C,2026-03-24,high,
nan,-11.42576,15.0,Denver|2026-03-24|high|F,1,Denver,1,not_evaluable_overlap_or_single,nan,nan,between 82-83°F,nan,False,F,2026-03-24,high,
nan,-8.0,8.0,Hong Kong|2026-03-24|high|C,1,Hong Kong,1,not_evaluable_overlap_or_single,nan,nan,28°C or higher,nan,False,C,2026-03-24,high,
nan,23.963997,10.954,London|2026-03-24|high|C,2,London,1,unresolved_or_partial,nan,nan,13°C,nan,True,C,2026-03-24,high,13°C
nan,nan,3.181500000153,Lucknow|2026-03-24|high|C,1,Lucknow,0,unresolved_or_partial,nan,nan,33°C,nan,False,C,2026-03-24,high,
nan,2.930092,10.804104999487459,Milan|2026-03-24|high|C,1,Milan,1,not_evaluable_overlap_or_single,nan,nan,18°C,nan,False,C,2026-03-24,high,
nan,36.152412,12.9131,Paris|2026-03-24|high|C,1,Paris,1,not_evaluable_overlap_or_single,nan,nan,19°C,nan,False,C,2026-03-24,high,19°C
20.11130599961102,38.876771,110.47869400038898,San Francisco|2026-03-24|high|F,3,San Francisco,3,winner_in_basket,-52.856421814816215,29.452117705263547,74°F or higher,62.38812255632932,True,F,2026-03-24,high,74°F or higher
nan,nan,4.0,Sao Paulo|2026-03-24|high|C,1,Sao Paulo,0,unresolved_or_partial,nan,nan,31°C,nan,False,C,2026-03-24,high,
nan,-20.0,20.0,Taipei|2026-03-24|high|C,1,Taipei,1,not_evaluable_overlap_or_single,nan,nan,23°C,nan,False,C,2026-03-24,high,
nan,-0.260822,4.4108899952,Tel Aviv|2026-03-24|high|C,2,Tel Aviv,1,unresolved_or_partial,nan,nan,22°C,nan,True,C,2026-03-24,high,
-26.785149998315003,5.746162,26.785149998315003,Buenos Aires|2026-03-25|high|C,2,Buenos Aires,2,winner_outside_visible_yes_basket,-26.785149998315003,-26.785149998315003,28°C,-26.785149998315003,True,C,2026-03-25,high,
nan,-3.406594,5.1146000005,Los Angeles|2026-03-25|high|F,1,Los Angeles,1,not_evaluable_overlap_or_single,nan,nan,between 70-71°F,nan,False,F,2026-03-25,high,
nan,-5.259314,5.259509,Lucknow|2026-03-25|high|C,1,Lucknow,1,not_evaluable_overlap_or_single,nan,nan,35°C,nan,False,C,2026-03-25,high,
nan,20.0,16.0,New York City|2026-03-25|high|F,1,New York City,1,not_evaluable_overlap_or_single,nan,nan,between 50-51°F,nan,False,F,2026-03-25,high,between 50-51°F
53.25914999861,50.691316,8.93085000139,Paris|2026-03-25|high|C,2,Paris,2,winner_in_basket,26.09374760665378,57.96992457114648,13°C,61.118345214697555,True,C,2026-03-25,high,13°C
-35.68418498973828,-1.2571140000000005,35.68418498973828,Sao Paulo|2026-03-25|high|C,3,Sao Paulo,3,winner_outside_visible_yes_basket,-35.68418498973828,-35.68418498973828,31°C,-35.68418498973828,True,C,2026-03-25,high,
30.398000004864997,3.7129009999999996,74.811999995135,Seoul|2026-03-25|high|C,2,Seoul,2,winner_in_basket,-11.820046924009532,31.39333462565743,13°C,51.17190614711593,True,C,2026-03-25,high,13°C
nan,28.10169,1.9200959999999998,Taipei|2026-03-25|high|C,2,Taipei,1,unresolved_or_partial,nan,nan,24°C,nan,True,C,2026-03-25,high,24°C
nan,64.431225,44.739600001564,Wellington|2026-03-25|high|C,1,Wellington,1,not_evaluable_overlap_or_single,nan,nan,18°C,nan,False,C,2026-03-25,high,18°C
nan,-0.207502,24.350399997714003,Buenos Aires|2026-03-26|high|C,1,Buenos Aires,1,not_evaluable_overlap_or_single,nan,nan,27°C,nan,False,C,2026-03-26,high,
nan,79.53209600000001,10.068,Dallas|2026-03-26|high|F,1,Dallas,1,not_evaluable_overlap_or_single,nan,nan,between 84-85°F,nan,False,F,2026-03-26,high,between 84-85°F
nan,-0.0589,10.5,Denver|2026-03-26|high|F,1,Denver,1,not_evaluable_overlap_or_single,nan,nan,between 78-79°F,nan,False,F,2026-03-26,high,
12.858339998878002,14.611389999999995,39.011660001121996,Hong Kong|2026-03-26|high|C,4,Hong Kong,4,winner_in_basket,195.2588321734163,13.394473028326445,27°C,-39.011660001121996,True,C,2026-03-26,high,28°C or higher
nan,9.690371999999998,41.36252999952,Madrid|2026-03-26|high|C,3,Madrid,2,unresolved_or_partial,nan,nan,17°C,nan,True,C,2026-03-26,high,17°C
nan,-3.4205949999999996,15.380650000192,Munich|2026-03-26|high|C,2,Munich,1,unresolved_or_partial,nan,nan,5°C,nan,True,C,2026-03-26,high,
-21.681299999204,22.687198999999996,101.769099999204,San Francisco|2026-03-26|high|F,3,San Francisco,3,winner_in_basket,-33.923033333068005,-15.661857503153414,74°F or higher,-101.769099999204,True,F,2026-03-26,high,between 70-71°F
nan,22.048292000000004,59.241160005085995,Sao Paulo|2026-03-26|high|C,3,Sao Paulo,1,unresolved_or_partial,nan,nan,29°C,nan,True,C,2026-03-26,high,
nan,-3.9,17.9,Seoul|2026-03-26|high|C,3,Seoul,1,unresolved_or_partial,nan,nan,14°C,nan,True,C,2026-03-26,high,
88.79724,80.765499,18.00276,Taipei|2026-03-26|high|C,2,Taipei,2,winner_in_basket,211.80542404784782,100.18520985561375,26°C,-18.00276,True,C,2026-03-26,high,27°C or higher
85.39892000136699,57.390676,19.231079998633003,Toronto|2026-03-26|high|C,2,Toronto,2,winner_in_basket,39.056534345322206,61.670788680147496,10°C,97.3441486892774,True,C,2026-03-26,high,10°C
nan,nan,11.132100000000001,Wellington|2026-03-26|high|C,1,Wellington,0,unresolved_or_partial,nan,nan,20°C or higher,nan,False,C,2026-03-26,high,
nan,26.316263999999997,26.388259999132,Buenos Aires|2026-03-27|high|C,4,Buenos Aires,3,unresolved_or_partial,nan,nan,28°C,nan,True,C,2026-03-27,high,26°C
nan,-6.736479,6.73659999926,Houston|2026-03-27|high|F,1,Houston,1,not_evaluable_overlap_or_single,nan,nan,between 82-83°F,nan,False,F,2026-03-27,high,
nan,nan,17.4295,Los Angeles|2026-03-27|high|F,1,Los Angeles,0,unresolved_or_partial,nan,nan,between 72-73°F,nan,False,F,2026-03-27,high,
-21.85674300575195,-13.807295999999997,121.85315800575195,Seoul|2026-03-27|high|C,8,Seoul,8,winner_in_basket,-41.68660731336463,72.5778476303001,9°C,-121.85315800575195,True,C,2026-03-27,high,13°C
32.992000000000004,32.938508,20.528,Buenos Aires|2026-03-28|high|C,2,Buenos Aires,2,winner_in_basket,14.848692426584236,49.0267215680316,27°C or higher,50.22538485316847,True,C,2026-03-28,high,27°C or higher
-20.958508998469423,-4.886546,20.958508998469423,Dallas|2026-03-28|high|F,2,Dallas,2,winner_outside_visible_yes_basket,-20.958508998469423,-20.958508998469423,between 58-59°F,-20.958508998469423,True,F,2026-03-28,high,
10.190099995749009,1.334193,110.679900004251,Denver|2026-03-28|high|F,2,Denver,2,winner_in_basket,-47.77857241095546,-2.7075257622055346,80°F or higher,15.122755182340072,True,F,2026-03-28,high,80°F or higher
nan,3.483136,54.283099999074,New York City|2026-03-28|high|F,1,New York City,1,not_evaluable_overlap_or_single,nan,nan,between 42-43°F,nan,False,F,2026-03-28,high,between 42-43°F
nan,-0.35009999999999997,1.2837,Paris|2026-03-28|high|C,1,Paris,1,not_evaluable_overlap_or_single,nan,nan,9°C,nan,False,C,2026-03-28,high,
38.85,31.7,11.15,San Francisco|2026-03-28|high|F,2,San Francisco,2,winner_in_basket,15.39761904761905,21.644117647058827,between 72-73°F,41.9452380952381,True,F,2026-03-28,high,between 72-73°F
nan,-3.988,4.21865,Seoul|2026-03-28|high|C,3,Seoul,2,unresolved_or_partial,nan,nan,9°C,nan,True,C,2026-03-28,high,
nan,19.471018,11.49427899817543,Taipei|2026-03-28|high|C,2,Taipei,1,unresolved_or_partial,nan,nan,21°C,nan,True,C,2026-03-28,high,21°C
nan,0.4585,91.24120000187,Ankara|2026-03-29|high|C,2,Ankara,1,unresolved_or_partial,nan,nan,10°C,nan,True,C,2026-03-29,high,10°C
nan,-10.269291,38.296913000008544,Buenos Aires|2026-03-29|high|C,5,Buenos Aires,4,unresolved_or_partial,nan,nan,27°C,nan,True,C,2026-03-29,high,27°C
nan,128.312661,25.273016997890167,Hong Kong|2026-03-29|high|C,3,Hong Kong,2,unresolved_or_partial,nan,nan,25°C,nan,True,C,2026-03-29,high,25°C
138.887384002246,124.88508299999998,30.106140997753997,Seoul|2026-03-29|high|C,3,Seoul,3,winner_in_basket,136.00133392439682,64.20012597139706,17°C or higher,-30.106140997753997,True,C,2026-03-29,high,16°C
nan,24.869016,10.100899999687,Shanghai|2026-03-29|high|C,2,Shanghai,1,unresolved_or_partial,nan,nan,19°C,nan,True,C,2026-03-29,high,18°C
nan,117.045839,47.754020001468,Taipei|2026-03-29|high|C,2,Taipei,1,unresolved_or_partial,nan,nan,23°C,nan,True,C,2026-03-29,high,22°C or below
nan,1.165021,25.1844609998,Warsaw|2026-03-29|high|C,1,Warsaw,1,not_evaluable_overlap_or_single,nan,nan,16°C,nan,False,C,2026-03-29,high,
nan,-1.0,3.0,Atlanta|2026-03-30|high|F,1,Atlanta,1,not_evaluable_overlap_or_single,nan,nan,between 70-71°F,nan,False,F,2026-03-30,high,
nan,59.424596,38.008710998000126,Buenos Aires|2026-03-30|high|C,2,Buenos Aires,1,unresolved_or_partial,nan,nan,31°C,nan,True,C,2026-03-30,high,30°C
nan,-5.492872,5.47810617083568,Dallas|2026-03-30|high|F,1,Dallas,1,not_evaluable_overlap_or_single,nan,nan,between 80-81°F,nan,False,F,2026-03-30,high,
-19.143036864765868,-19.304605000000002,19.143036864765868,Denver|2026-03-30|high|F,2,Denver,2,winner_outside_visible_yes_basket,-19.143036864765868,-19.143036864765868,between 76-77°F,-19.143036864765868,True,F,2026-03-30,high,
nan,-5.0,5.0,Hong Kong|2026-03-30|high|C,1,Hong Kong,1,not_evaluable_overlap_or_single,nan,nan,25°C,nan,False,C,2026-03-30,high,
nan,nan,0.4,Istanbul|2026-03-30|high|C,1,Istanbul,0,unresolved_or_partial,nan,nan,12°C,nan,False,C,2026-03-30,high,
nan,-3.0,3.0,Mexico City|2026-03-30|high|C,1,Mexico City,1,not_evaluable_overlap_or_single,nan,nan,19°C,nan,False,C,2026-03-30,high,
nan,121.490482,135.0,Moscow|2026-03-30|high|C,1,Moscow,1,not_evaluable_overlap_or_single,nan,nan,12°C or higher,nan,False,C,2026-03-30,high,12°C or higher
-18.424866176640002,-1.754806,18.424866176640002,San Francisco|2026-03-30|high|F,4,San Francisco,4,winner_outside_visible_yes_basket,-18.424866176640002,-18.424866176640002,between 74-75°F,-18.424866176640002,True,F,2026-03-30,high,
nan,115.042019,53.06976299978586,Seoul|2026-03-30|high|C,4,Seoul,2,unresolved_or_partial,nan,nan,17°C,nan,True,C,2026-03-30,high,18°C
nan,-9.068005,10.9131,Shanghai|2026-03-30|high|C,1,Shanghai,1,not_evaluable_overlap_or_single,nan,nan,23°C or higher,nan,False,C,2026-03-30,high,
nan,-4.0,4.0,Shenzhen|2026-03-30|high|C,1,Shenzhen,1,not_evaluable_overlap_or_single,nan,nan,30°C,nan,False,C,2026-03-30,high,
199.6021960000872,176.64217,66.1923449999128,Taipei|2026-03-30|high|C,2,Taipei,2,winner_in_basket,70.45384046610967,139.2441659718313,25°C or below,207.10002593213216,True,C,2026-03-30,high,25°C or below
1.1440450000000006,1.1218460000000001,3.2959549999999997,Tokyo|2026-03-30|high|C,2,Tokyo,2,winner_in_basket,13.183819999999997,24.170336666666664,21°C,-3.2959549999999997,True,C,2026-03-30,high,20°C
nan,42.816027,23.111781996744,Beijing|2026-04-01|high|C,2,Beijing,1,unresolved_or_partial,nan,nan,19°C,nan,True,C,2026-04-01,high,19°C
55.79056823696875,52.591002,74.62567176303124,Buenos Aires|2026-04-01|high|C,6,Buenos Aires,6,winner_in_basket,-28.464144397480496,41.91321026994002,29°C,202.34349243027322,True,C,2026-04-01,high,29°C
nan,-2.322983,13.552014992094962,Istanbul|2026-04-01|high|C,1,Istanbul,1,not_evaluable_overlap_or_single,nan,nan,13°C,nan,False,C,2026-04-01,high,13°C
nan,-2.389044,16.494777000044593,Mexico City|2026-04-01|high|C,1,Mexico City,1,not_evaluable_overlap_or_single,nan,nan,23°C,nan,False,C,2026-04-01,high,23°C
39.20736273725999,68.567819,47.29263726274001,Moscow|2026-04-01|high|C,2,Moscow,2,winner_in_basket,84.16022659416907,28.94047919079717,17°C or higher,-47.29263726274001,True,C,2026-04-01,high,16°C
nan,nan,6.84983500070203,New York City|2026-04-01|high|F,1,New York City,0,unresolved_or_partial,nan,nan,between 72-73°F,nan,False,F,2026-04-01,high,
nan,38.362,28.295082999153887,Paris|2026-04-01|high|C,3,Paris,2,unresolved_or_partial,nan,nan,12°C,nan,True,C,2026-04-01,high,11°C
nan,-10.720615,10.48791956586791,Sao Paulo|2026-04-01|high|C,1,Sao Paulo,1,not_evaluable_overlap_or_single,nan,nan,25°C,nan,False,C,2026-04-01,high,
nan,-8.358862,14.359220999919092,Seoul|2026-04-01|high|C,4,Seoul,3,unresolved_or_partial,nan,nan,11°C,nan,True,C,2026-04-01,high,
nan,nan,7.182538,Shanghai|2026-04-01|high|C,1,Shanghai,0,unresolved_or_partial,nan,nan,19°C,nan,False,C,2026-04-01,high,
nan,15.11496,73.8208806,Taipei|2026-04-01|high|C,1,Taipei,1,not_evaluable_overlap_or_single,nan,nan,22°C,nan,False,C,2026-04-01,high,22°C
nan,nan,4.25595,Toronto|2026-04-01|high|C,1,Toronto,0,unresolved_or_partial,nan,nan,12°C,nan,False,C,2026-04-01,high,
nan,-26.738152999999997,28.956917135479987,Ankara|2026-04-02|high|C,3,Ankara,2,unresolved_or_partial,nan,nan,14°C,nan,True,C,2026-04-02,high,
nan,4.758943999999996,44.948420055877186,Buenos Aires|2026-04-02|high|C,5,Buenos Aires,4,unresolved_or_partial,nan,nan,27°C,nan,True,C,2026-04-02,high,28°C
nan,-9.7557,29.999,Chengdu|2026-04-02|high|C,2,Chengdu,1,unresolved_or_partial,nan,nan,23°C,nan,True,C,2026-04-02,high,
40.71888725190368,32.444100999999996,15.99495274809632,Hong Kong|2026-04-02|high|C,2,Hong Kong,2,winner_in_basket,24.111182199514705,61.56619447766286,24°C,64.21731714712573,True,C,2026-04-02,high,24°C
nan,-2.4,8.90328,Paris|2026-04-02|high|C,2,Paris,1,unresolved_or_partial,nan,nan,12°C,nan,True,C,2026-04-02,high,
nan,nan,4.607108966859635,Sao Paulo|2026-04-02|high|C,1,Sao Paulo,0,unresolved_or_partial,nan,nan,30°C,nan,False,C,2026-04-02,high,
nan,-4.171076,18.0795806,Seoul|2026-04-02|high|C,1,Seoul,1,not_evaluable_overlap_or_single,nan,nan,15°C,nan,False,C,2026-04-02,high,
39.03031338809514,48.688975,52.21328661190486,Taipei|2026-04-02|high|C,8,Taipei,8,winner_in_basket,0.2691298315219015,45.66134713888724,24°C,-52.21328661190486,True,C,2026-04-02,high,25°C
nan,nan,3.9999330000000004,Tel Aviv|2026-04-02|high|C,1,Tel Aviv,0,unresolved_or_partial,nan,nan,23°C,nan,False,C,2026-04-02,high,
153.78608274743576,128.218633,14.532777252564241,Tokyo|2026-04-02|high|C,3,Tokyo,3,winner_in_basket,96.84612944884911,131.94295825546342,16°C,319.6039428516758,True,C,2026-04-02,high,16°C
nan,-4.635343,16.1050473988198,Toronto|2026-04-02|high|C,3,Toronto,1,unresolved_or_partial,nan,nan,4°C,nan,True,C,2026-04-02,high,
nan,0.1888,15.196154869507133,Beijing|2026-04-03|high|C,2,Beijing,1,unresolved_or_partial,nan,nan,22°C,nan,True,C,2026-04-03,high,
nan,78.9,21.0,Buenos Aires|2026-04-03|high|C,1,Buenos Aires,1,not_evaluable_overlap_or_single,nan,nan,29°C or higher,nan,False,C,2026-04-03,high,29°C or higher
nan,3.724576,21.29797617634322,Busan|2026-04-03|high|C,1,Busan,1,not_evaluable_overlap_or_single,nan,nan,20°C,nan,False,C,2026-04-03,high,20°C
nan,nan,5.499084999861728,Hong Kong|2026-04-03|high|C,1,Hong Kong,0,unresolved_or_partial,nan,nan,25°C,nan,False,C,2026-04-03,high,
nan,4.039901,1.2244152,Kuala Lumpur|2026-04-03|high|C,1,Kuala Lumpur,1,not_evaluable_overlap_or_single,nan,nan,34°C,nan,False,C,2026-04-03,high,34°C
nan,28.9037,18.111345789700344,Milan|2026-04-03|high|C,2,Milan,1,unresolved_or_partial,nan,nan,22°C,nan,True,C,2026-04-03,high,22°C
28.616234107838835,96.36899299999999,76.49376589216116,Seoul|2026-04-03|high|C,3,Seoul,3,winner_in_basket,105.63424813679397,65.10008133219132,18°C,-76.49376589216116,True,C,2026-04-03,high,19°C or higher
36.75854153563162,-14.310165000000005,78.45869846436838,Taipei|2026-04-03|high|C,3,Taipei,3,winner_in_basket,18.085051123506787,85.92824008323461,25°C,211.17255029925715,True,C,2026-04-03,high,25°C
nan,nan,7.645765,Wellington|2026-04-03|high|C,1,Wellington,0,unresolved_or_partial,nan,nan,18°C,nan,False,C,2026-04-03,high,
nan,11.235226,9.883575624999999,Amsterdam|2026-04-04|high|C,1,Amsterdam,1,not_evaluable_overlap_or_single,nan,nan,14°C,nan,False,C,2026-04-04,high,
nan,-10.941112,10.4435344,Beijing|2026-04-04|high|C,1,Beijing,1,not_evaluable_overlap_or_single,nan,nan,20°C,nan,False,C,2026-04-04,high,
nan,-8.730732,19.836591000000002,Buenos Aires|2026-04-04|high|C,3,Buenos Aires,1,unresolved_or_partial,nan,nan,22°C,nan,True,C,2026-04-04,high,
nan,-5.875357,5.817915,Busan|2026-04-04|high|C,1,Busan,1,not_evaluable_overlap_or_single,nan,nan,21°C,nan,False,C,2026-04-04,high,
nan,80.803453,64.8262634620219,Chicago|2026-04-04|high|F,1,Chicago,1,not_evaluable_overlap_or_single,nan,nan,57°F or below,nan,False,F,2026-04-04,high,57°F or below
nan,-0.911125,7.45382,Los Angeles|2026-04-04|high|F,1,Los Angeles,1,not_evaluable_overlap_or_single,nan,nan,between 78-79°F,nan,False,F,2026-04-04,high,
nan,nan,3.5904000000000003,Madrid|2026-04-04|high|C,1,Madrid,0,unresolved_or_partial,nan,nan,24°C,nan,False,C,2026-04-04,high,
nan,42.720645999999995,35.172171067709385,Milan|2026-04-04|high|C,2,Milan,1,unresolved_or_partial,nan,nan,23°C or higher,nan,True,C,2026-04-04,high,23°C or higher
nan,-8.159369,7.7785554,Moscow|2026-04-04|high|C,1,Moscow,1,not_evaluable_overlap_or_single,nan,nan,13°C,nan,False,C,2026-04-04,high,
-22.109358602934556,-23.088898999999998,22.109358602934556,Paris|2026-04-04|high|C,3,Paris,3,winner_outside_visible_yes_basket,-22.109358602934556,-22.109358602934556,16°C,-22.109358602934556,True,C,2026-04-04,high,
nan,nan,9.0944,Sao Paulo|2026-04-04|high|C,2,Sao Paulo,0,unresolved_or_partial,nan,nan,30°C,nan,True,C,2026-04-04,high,
-13.874546268527151,-14.500869,13.874546268527151,Seoul|2026-04-04|high|C,2,Seoul,2,winner_outside_visible_yes_basket,-13.874546268527151,-13.874546268527151,14°C,-13.874546268527151,True,C,2026-04-04,high,
nan,nan,0.6993,Taipei|2026-04-04|high|C,1,Taipei,0,unresolved_or_partial,nan,nan,24°C,nan,False,C,2026-04-04,high,
68.25899070578447,86.708574,16.435169294215527,Beijing|2026-04-05|high|C,2,Beijing,2,winner_in_basket,48.012035317357004,33.74720788850819,21°C,112.45923992892953,True,C,2026-04-05,high,21°C
nan,-11.570094,11.124513887088073,Busan|2026-04-05|high|C,1,Busan,1,not_evaluable_overlap_or_single,nan,nan,18°C,nan,False,C,2026-04-05,high,
61.982470760128244,55.78467500000001,36.442883239871755,Hong Kong|2026-04-05|high|C,3,Hong Kong,3,winner_in_basket,10.392610442638684,81.97393331444584,25°C,104.06359780765956,True,C,2026-04-05,high,25°C
nan,nan,8.156826999764306,Milan|2026-04-05|high|C,1,Milan,0,unresolved_or_partial,nan,nan,25°C,nan,False,C,2026-04-05,high,
nan,38.939172,52.789184000000006,Moscow|2026-04-05|high|C,1,Moscow,1,not_evaluable_overlap_or_single,nan,nan,7°C or below,nan,False,C,2026-04-05,high,7°C or below
16.028106653199693,38.206739,61.48577334680031,Munich|2026-04-05|high|C,3,Munich,3,winner_in_basket,48.30768423447825,41.95845944751023,22°C,-61.48577334680031,True,C,2026-04-05,high,23°C
nan,2.141946,57.20003963446084,Seoul|2026-04-05|high|C,1,Seoul,1,not_evaluable_overlap_or_single,nan,nan,11°C,nan,False,C,2026-04-05,high,
20.267233935177423,41.40148799999999,49.539826064822584,Taipei|2026-04-05|high|C,5,Taipei,5,winner_in_basket,28.909556405603233,67.04981061394656,24°C,-49.539826064822584,True,C,2026-04-05,high,28°C
nan,nan,16.482472725416002,Tokyo|2026-04-05|high|C,2,Tokyo,0,unresolved_or_partial,nan,nan,22°C,nan,True,C,2026-04-05,high,
nan,-4.2,17.461288,Toronto|2026-04-05|high|C,4,Toronto,2,unresolved_or_partial,nan,nan,8°C,nan,True,C,2026-04-05,high,
nan,nan,9.926728,Wuhan|2026-04-05|high|C,1,Wuhan,0,unresolved_or_partial,nan,nan,25°C,nan,False,C,2026-04-05,high,
nan,1.827892,4.911816999995407,Atlanta|2026-04-06|high|F,1,Atlanta,1,not_evaluable_overlap_or_single,nan,nan,between 70-71°F,nan,False,F,2026-04-06,high,
nan,-20.006668,19.1947492,Beijing|2026-04-06|high|C,1,Beijing,1,not_evaluable_overlap_or_single,nan,nan,19°C,nan,False,C,2026-04-06,high,
nan,-10.180463,17.68162514490046,Busan|2026-04-06|high|C,4,Busan,3,unresolved_or_partial,nan,nan,16°C,nan,True,C,2026-04-06,high,
nan,1.635986,5.17848,Hong Kong|2026-04-06|high|C,1,Hong Kong,1,not_evaluable_overlap_or_single,nan,nan,29°C,nan,False,C,2026-04-06,high,
nan,-1.098309,17.08488385200744,Istanbul|2026-04-06|high|C,1,Istanbul,1,not_evaluable_overlap_or_single,nan,nan,18°C,nan,False,C,2026-04-06,high,18°C
8.444160932421084,7.108745,41.92365906757892,London|2026-04-06|high|C,3,London,3,winner_in_basket,0.7829341642496175,46.353630541006346,16°C,86.19612062790668,True,C,2026-04-06,high,16°C
nan,5.3606,9.575025199999999,Los Angeles|2026-04-06|high|F,1,Los Angeles,1,not_evaluable_overlap_or_single,nan,nan,between 72-73°F,nan,False,F,2026-04-06,high,
nan,nan,24.195978569713322,Munich|2026-04-06|high|C,2,Munich,0,unresolved_or_partial,nan,nan,17°C,nan,True,C,2026-04-06,high,
nan,0.688361,15.8256,Paris|2026-04-06|high|C,1,Paris,1,not_evaluable_overlap_or_single,nan,nan,17°C,nan,False,C,2026-04-06,high,
55.06691327687209,23.126165,11.6550867231279,Sao Paulo|2026-04-06|high|C,2,Sao Paulo,2,winner_in_basket,29.97022300232888,47.57460299810595,29°C,71.59553272778567,True,C,2026-04-06,high,29°C
nan,-14.313393,25.04114523434296,Seoul|2026-04-06|high|C,4,Seoul,3,unresolved_or_partial,nan,nan,11°C,nan,True,C,2026-04-06,high,
-12.998900000279509,-5.889221,12.998900000279509,Toronto|2026-04-06|high|C,2,Toronto,2,winner_outside_visible_yes_basket,-12.998900000279509,-12.998900000279509,9°C,-12.998900000279509,True,C,2026-04-06,high,
31.109933352122376,129.27051899999998,19.720066647877623,Warsaw|2026-04-06|high|C,3,Warsaw,3,winner_in_basket,74.44702161392834,78.83490007314927,10°C,-19.720066647877623,True,C,2026-04-06,high,11°C
nan,-2.66392,19.990230356105382,Beijing|2026-04-07|high|C,4,Beijing,1,unresolved_or_partial,nan,nan,15°C,nan,True,C,2026-04-07,high,
66.10436136729561,67.757892,33.89563863270438,Busan|2026-04-07|high|C,3,Busan,3,winner_in_basket,41.42800277330536,86.9528301406227,16°C,192.07528558532485,True,C,2026-04-07,high,16°C
nan,nan,2.950875,Helsinki|2026-04-07|high|C,1,Helsinki,0,unresolved_or_partial,nan,nan,7°C,nan,False,C,2026-04-07,high,
-16.9116788504354,7.593914000000001,16.9116788504354,Hong Kong|2026-04-07|high|C,2,Hong Kong,2,winner_outside_visible_yes_basket,-16.9116788504354,-16.9116788504354,30°C or higher,-16.9116788504354,True,C,2026-04-07,high,
29.65598449772901,50.913938,99.13114550227098,London|2026-04-07|high|C,4,London,4,winner_in_basket,108.31102649450352,40.60992870463227,20°C,-99.13114550227098,True,C,2026-04-07,high,18°C
nan,32.504,5.4719999999999995,Moscow|2026-04-07|high|C,1,Moscow,1,not_evaluable_overlap_or_single,nan,nan,7°C,nan,False,C,2026-04-07,high,7°C
nan,-16.585126,27.729,Munich|2026-04-07|high|C,1,Munich,1,not_evaluable_overlap_or_single,nan,nan,19°C,nan,False,C,2026-04-07,high,
nan,-19.213687,18.826607999999855,Sao Paulo|2026-04-07|high|C,1,Sao Paulo,1,not_evaluable_overlap_or_single,nan,nan,31°C,nan,False,C,2026-04-07,high,
82.65597183934963,48.568020000000004,17.231597160650374,Seoul|2026-04-07|high|C,2,Seoul,2,winner_in_basket,61.0938344310588,97.76510827156483,11°C,139.41926602276797,True,C,2026-04-07,high,11°C
nan,-3.853574,3.8180377982596934,Shenzhen|2026-04-07|high|C,1,Shenzhen,1,not_evaluable_overlap_or_single,nan,nan,31°C,nan,False,C,2026-04-07,high,
nan,70.103869,17.48091687757245,Taipei|2026-04-07|high|C,1,Taipei,1,not_evaluable_overlap_or_single,nan,nan,23°C,nan,False,C,2026-04-07,high,23°C
nan,30.726711,56.19816992644,Ankara|2026-04-08|high|C,1,Ankara,1,not_evaluable_overlap_or_single,nan,nan,9°C,nan,False,C,2026-04-08,high,9°C
nan,-17.685513,27.593445852442766,Beijing|2026-04-08|high|C,4,Beijing,3,unresolved_or_partial,nan,nan,19°C,nan,True,C,2026-04-08,high,
nan,nan,9.703925,Busan|2026-04-08|high|C,1,Busan,0,unresolved_or_partial,nan,nan,15°C,nan,False,C,2026-04-08,high,
nan,-15.285466,24.967011347365535,Dallas|2026-04-08|high|F,3,Dallas,2,unresolved_or_partial,nan,nan,between 80-81°F,nan,True,F,2026-04-08,high,
44.84693,42.814023,55.15307,Hong Kong|2026-04-08|high|C,2,Hong Kong,2,winner_in_basket,-2.1212719230769252,49.15533251351103,26°C,50.91052615384615,True,C,2026-04-08,high,26°C
nan,134.295658,24.177868799448458,London|2026-04-08|high|C,2,London,1,unresolved_or_partial,nan,nan,24°C or higher,nan,True,C,2026-04-08,high,24°C or higher
nan,28.124800000000004,11.0594,Los Angeles|2026-04-08|high|F,2,Los Angeles,1,unresolved_or_partial,nan,nan,between 70-71°F,nan,True,F,2026-04-08,high,between 70-71°F
nan,nan,4.93306,Mexico City|2026-04-08|high|C,1,Mexico City,0,unresolved_or_partial,nan,nan,24°C,nan,False,C,2026-04-08,high,
nan,-1.22334,11.946990234569896,Munich|2026-04-08|high|C,2,Munich,1,unresolved_or_partial,nan,nan,18°C,nan,True,C,2026-04-08,high,
nan,-8.198156,8.27645636,Sao Paulo|2026-04-08|high|C,1,Sao Paulo,1,not_evaluable_overlap_or_single,nan,nan,28°C,nan,False,C,2026-04-08,high,
-32.104510000000005,-23.759298,32.104510000000005,Seoul|2026-04-08|high|C,2,Seoul,2,winner_outside_visible_yes_basket,-32.104510000000005,-32.104510000000005,14°C,-32.104510000000005,True,C,2026-04-08,high,
nan,16.908389,3.9439900000000003,Taipei|2026-04-08|high|C,1,Taipei,1,not_evaluable_overlap_or_single,nan,nan,25°C,nan,False,C,2026-04-08,high,25°C
32.95554055814111,10.891616,17.044459441858894,Atlanta|2026-04-09|high|F,2,Atlanta,2,winner_in_basket,14.519354339361279,41.52537707723715,between 70-71°F,46.08316812058145,True,F,2026-04-09,high,between 70-71°F
225.89960748173132,46.882801,25.510392518268688,Busan|2026-04-09|high|C,3,Busan,3,winner_in_basket,187.07621180063705,88.46959867886669,17°C,-25.510392518268688,True,C,2026-04-09,high,18°C or higher
nan,nan,4.078566338,Istanbul|2026-04-09|high|C,1,Istanbul,0,unresolved_or_partial,nan,nan,10°C,nan,False,C,2026-04-09,high,
nan,-20.256375,70.36994915792623,Madrid|2026-04-09|high|C,3,Madrid,2,unresolved_or_partial,nan,nan,27°C or higher,nan,True,C,2026-04-09,high,
nan,17.583391,10.879186000534,Moscow|2026-04-09|high|C,3,Moscow,1,unresolved_or_partial,nan,nan,1°C,nan,True,C,2026-04-09,high,3°C
nan,1.8,12.23271399999999,Munich|2026-04-09|high|C,2,Munich,1,unresolved_or_partial,nan,nan,14°C,nan,True,C,2026-04-09,high,15°C
nan,-0.933525,0.9124519200000001,San Francisco|2026-04-09|high|F,1,San Francisco,1,not_evaluable_overlap_or_single,nan,nan,between 72-73°F,nan,False,F,2026-04-09,high,
nan,nan,1.213396411669104,Seoul|2026-04-09|high|C,1,Seoul,0,unresolved_or_partial,nan,nan,9°C,nan,False,C,2026-04-09,high,
nan,nan,14.34330319999959,Shanghai|2026-04-09|high|C,1,Shanghai,0,unresolved_or_partial,nan,nan,28°C,nan,False,C,2026-04-09,high,
nan,203.204271,35.35355077944195,Beijing|2026-04-10|high|C,4,Beijing,2,unresolved_or_partial,nan,nan,28°C,nan,True,C,2026-04-10,high,29°C
109.43554113224835,103.307812,45.53191586775166,Buenos Aires|2026-04-10|high|C,3,Buenos Aires,3,winner_in_basket,45.99722382042696,186.22933192869752,24°C,229.05550319678417,True,C,2026-04-10,high,24°C
nan,26.078308,8.754798371045847,Chongqing|2026-04-10|high|C,1,Chongqing,1,not_evaluable_overlap_or_single,nan,nan,27°C,nan,False,C,2026-04-10,high,27°C
nan,nan,1.4921992799994401,Madrid|2026-04-10|high|C,2,Madrid,0,unresolved_or_partial,nan,nan,29°C,nan,True,C,2026-04-10,high,
-0.24802818783998504,-1.0876669999999997,38.033480187839984,Moscow|2026-04-10|high|C,5,Moscow,5,winner_in_basket,-1.823480610555933,59.28118092802801,3°C,-38.033480187839984,True,C,2026-04-10,high,4°C
nan,nan,2.9993480000169144,Sao Paulo|2026-04-10|high|C,1,Sao Paulo,0,unresolved_or_partial,nan,nan,24°C,nan,False,C,2026-04-10,high,
14.31877417691421,19.012525000000004,31.731225823085786,Seoul|2026-04-10|high|C,4,Seoul,4,winner_in_basket,6.0440430139211045,23.956542728662576,17°C or higher,-31.731225823085786,True,C,2026-04-10,high,12°C
nan,0.53892,0.52725,Shanghai|2026-04-10|high|C,1,Shanghai,1,not_evaluable_overlap_or_single,nan,nan,19°C or higher,nan,False,C,2026-04-10,high,19°C or higher
nan,nan,0.9401600000000001,Shenzhen|2026-04-10|high|C,1,Shenzhen,0,unresolved_or_partial,nan,nan,31°C,nan,False,C,2026-04-10,high,
nan,-7.578913,7.40659959,Taipei|2026-04-10|high|C,1,Taipei,1,not_evaluable_overlap_or_single,nan,nan,34°C,nan,False,C,2026-04-10,high,
nan,nan,2.0105834579999997,Atlanta|2026-04-11|high|F,1,Atlanta,0,unresolved_or_partial,nan,nan,between 82-83°F,nan,False,F,2026-04-11,high,
nan,nan,10.0,Beijing|2026-04-11|high|C,1,Beijing,0,unresolved_or_partial,nan,nan,25°C,nan,False,C,2026-04-11,high,
nan,-0.351791,10.0204305571301,Buenos Aires|2026-04-11|high|C,1,Buenos Aires,1,not_evaluable_overlap_or_single,nan,nan,23°C,nan,False,C,2026-04-11,high,23°C
56.319200000140526,50.890596,52.20460599985947,Busan|2026-04-11|high|C,2,Busan,2,winner_in_basket,80.38978608307184,121.71823901637353,24°C or higher,-52.20460599985947,True,C,2026-04-11,high,23°C
nan,76.494684,21.03698588,London|2026-04-11|high|C,2,London,1,unresolved_or_partial,nan,nan,14°C,nan,True,C,2026-04-11,high,14°C
nan,-3.179956,2.9867796,Milan|2026-04-11|high|C,1,Milan,1,not_evaluable_overlap_or_single,nan,nan,22°C,nan,False,C,2026-04-11,high,
nan,4.970284,18.470067351321795,Panama City|2026-04-11|high|C,2,Panama City,1,unresolved_or_partial,nan,nan,29°C,nan,True,C,2026-04-11,high,
nan,-5.050217,4.790082205241528,San Francisco|2026-04-11|high|F,1,San Francisco,1,not_evaluable_overlap_or_single,nan,nan,between 56-57°F,nan,False,F,2026-04-11,high,
nan,-13.0,13.0,Sao Paulo|2026-04-11|high|C,1,Sao Paulo,1,not_evaluable_overlap_or_single,nan,nan,26°C,nan,False,C,2026-04-11,high,
nan,-27.96539,73.63398611475799,Seoul|2026-04-11|high|C,4,Seoul,2,unresolved_or_partial,nan,nan,17°C or higher,nan,True,C,2026-04-11,high,
nan,nan,11.414044150510032,Shanghai|2026-04-11|high|C,1,Shanghai,0,unresolved_or_partial,nan,nan,19°C,nan,False,C,2026-04-11,high,
45.73841940042256,35.128994999999996,55.126423599577436,Tokyo|2026-04-11|high|C,2,Tokyo,2,winner_in_basket,39.919133909688455,63.25098459187129,25°C,134.96469141895435,True,C,2026-04-11,high,25°C
-6.257477399928564,8.809812,6.761517399928564,Amsterdam|2026-04-12|high|C,2,Amsterdam,2,winner_in_basket,-0.1325787725476193,3.330299600096134,14°C,-6.761517399928564,True,C,2026-04-12,high,15°C
nan,38.317364000000005,15.497960472650345,Beijing|2026-04-12|high|C,4,Beijing,3,unresolved_or_partial,nan,nan,25°C,nan,True,C,2026-04-12,high,27°C
62.10464980990466,68.44541799999999,30.14403419009534,Buenos Aires|2026-04-12|high|C,2,Buenos Aires,2,winner_in_basket,29.594378870244753,82.15043202141187,26°C,89.33279193058485,True,C,2026-04-12,high,26°C
nan,6.2064,1.7368218000000002,Cape Town|2026-04-12|high|C,1,Cape Town,1,not_evaluable_overlap_or_single,nan,nan,25°C,nan,False,C,2026-04-12,high,25°C
nan,35.4228,3.3736,Chongqing|2026-04-12|high|C,1,Chongqing,1,not_evaluable_overlap_or_single,nan,nan,24°C,nan,False,C,2026-04-12,high,24°C
nan,nan,2.5515,Helsinki|2026-04-12|high|C,1,Helsinki,0,unresolved_or_partial,nan,nan,12°C,nan,False,C,2026-04-12,high,
-2.677321279454194,-3.774413000000001,26.034761279454194,London|2026-04-12|high|C,2,London,2,winner_in_basket,-5.941497572481467,13.301999774666626,15°C,14.151766134491261,True,C,2026-04-12,high,15°C
nan,nan,2.813825973942846,Madrid|2026-04-12|high|C,1,Madrid,0,unresolved_or_partial,nan,nan,17°C,nan,False,C,2026-04-12,high,
-14.426281823671111,-14.623368,14.426281823671111,Milan|2026-04-12|high|C,2,Milan,2,winner_outside_visible_yes_basket,-14.426281823671111,-14.426281823671111,19°C,-14.426281823671111,True,C,2026-04-12,high,
-19.88467216,-20.080679,19.88467216,Moscow|2026-04-12|high|C,3,Moscow,3,winner_outside_visible_yes_basket,-19.88467216,-19.88467216,9°C,-19.88467216,True,C,2026-04-12,high,
66.06176748439232,73.95662,15.459672515607679,Munich|2026-04-12|high|C,3,Munich,3,winner_in_basket,163.20390068186265,44.266347669339204,14°C,-15.459672515607679,True,C,2026-04-12,high,11°C
63.96776600469179,88.169815,16.760813995308204,New York City|2026-04-12|high|F,3,New York City,3,winner_in_basket,56.036845686228894,51.23758963386759,between 58-59°F,-16.760813995308204,True,F,2026-04-12,high,between 54-55°F
nan,21.17,5.22,Sao Paulo|2026-04-12|high|C,1,Sao Paulo,1,not_evaluable_overlap_or_single,nan,nan,26°C,nan,False,C,2026-04-12,high,26°C
139.61569409601475,139.42698399999998,254.06568590398524,Seoul|2026-04-12|high|C,8,Seoul,8,winner_in_basket,-33.16215567969306,238.58665813608002,20°C,-254.06568590398524,True,C,2026-04-12,high,19°C
-18.35600399844209,-5.9511330000000005,18.35600399844209,Shanghai|2026-04-12|high|C,2,Shanghai,2,winner_outside_visible_yes_basket,-18.35600399844209,-18.35600399844209,18°C,-18.35600399844209,True,C,2026-04-12,high,
-9.766401541373934,6.418923,9.766401541373934,Taipei|2026-04-12|high|C,2,Taipei,2,winner_outside_visible_yes_basket,-9.766401541373934,-9.766401541373934,35°C or higher,-9.766401541373934,True,C,2026-04-12,high,
nan,-2.4408109999999996,20.497428000677928,Tokyo|2026-04-12|high|C,1,Tokyo,1,not_evaluable_overlap_or_single,nan,nan,21°C,nan,False,C,2026-04-12,high,
nan,50.863319,37.9684336,Warsaw|2026-04-12|high|C,1,Warsaw,1,not_evaluable_overlap_or_single,nan,nan,15°C or higher,nan,False,C,2026-04-12,high,15°C or higher
nan,nan,13.998632001488366,Wellington|2026-04-12|high|C,1,Wellington,0,unresolved_or_partial,nan,nan,19°C,nan,False,C,2026-04-12,high,
nan,32.1436,21.48464,Ankara|2026-04-13|high|C,1,Ankara,1,not_evaluable_overlap_or_single,nan,nan,12°C,nan,False,C,2026-04-13,high,12°C
nan,7.066106,33.31093158433708,Buenos Aires|2026-04-13|high|C,2,Buenos Aires,1,unresolved_or_partial,nan,nan,26°C,nan,True,C,2026-04-13,high,
nan,nan,0.6214000000000001,Busan|2026-04-13|high|C,1,Busan,0,unresolved_or_partial,nan,nan,15°C,nan,False,C,2026-04-13,high,
nan,nan,12.5,Cape Town|2026-04-13|high|C,1,Cape Town,0,unresolved_or_partial,nan,nan,27°C,nan,False,C,2026-04-13,high,
nan,-4.061604,14.564612799294874,Istanbul|2026-04-13|high|C,1,Istanbul,1,not_evaluable_overlap_or_single,nan,nan,15°C,nan,False,C,2026-04-13,high,
120.1316123001616,110.67859,52.5811676998384,London|2026-04-13|high|C,2,London,2,winner_in_basket,62.41389551282245,114.77584246764806,13°C,177.4089587254833,True,C,2026-04-13,high,13°C
nan,nan,0.9795,Lucknow|2026-04-13|high|C,1,Lucknow,0,unresolved_or_partial,nan,nan,37°C,nan,False,C,2026-04-13,high,
nan,nan,1.4384909999999551,Madrid|2026-04-13|high|C,1,Madrid,0,unresolved_or_partial,nan,nan,18°C,nan,False,C,2026-04-13,high,
37.22740753253494,33.00560099999999,67.85787246746506,Milan|2026-04-13|high|C,2,Milan,2,winner_in_basket,-5.150078287087958,36.36822822925565,15°C,57.55771589328914,True,C,2026-04-13,high,15°C
nan,0.667148,4.999631,Moscow|2026-04-13|high|C,1,Moscow,1,not_evaluable_overlap_or_single,nan,nan,10°C,nan,False,C,2026-04-13,high,
-91.807848533585,63.226205,262.850648533585,Seoul|2026-04-13|high|C,4,Seoul,4,winner_in_basket,16.49633639079525,218.09553207279367,23°C or higher,-262.850648533585,True,C,2026-04-13,high,20°C
nan,87.729622,5.9159999999999995,Taipei|2026-04-13|high|C,1,Taipei,1,not_evaluable_overlap_or_single,nan,nan,33°C,nan,False,C,2026-04-13,high,33°C
nan,13.6963,10.766764245545712,Ankara|2026-04-14|high|C,1,Ankara,1,not_evaluable_overlap_or_single,nan,nan,17°C,nan,False,C,2026-04-14,high,17°C
nan,-18.244127,17.74658791943948,Busan|2026-04-14|high|C,1,Busan,1,not_evaluable_overlap_or_single,nan,nan,20°C,nan,False,C,2026-04-14,high,
-46.77880274190221,-15.697979,46.77880274190221,Cape Town|2026-04-14|high|C,2,Cape Town,2,winner_outside_visible_yes_basket,-46.77880274190221,-46.77880274190221,25°C,-46.77880274190221,True,C,2026-04-14,high,
nan,-9.153855,42.66532297662122,Dallas|2026-04-14|high|F,1,Dallas,1,not_evaluable_overlap_or_single,nan,nan,82°F or higher,nan,False,F,2026-04-14,high,
nan,nan,2.76643139705408,Helsinki|2026-04-14|high|C,1,Helsinki,0,unresolved_or_partial,nan,nan,12°C,nan,False,C,2026-04-14,high,
nan,99.79814,23.850870486315046,Istanbul|2026-04-14|high|C,2,Istanbul,1,unresolved_or_partial,nan,nan,14°C,nan,True,C,2026-04-14,high,13°C
nan,25.468044999999996,28.64745512112,London|2026-04-14|high|C,3,London,2,unresolved_or_partial,nan,nan,16°C,nan,True,C,2026-04-14,high,17°C
nan,-16.443224,32.63647988463421,Lucknow|2026-04-14|high|C,1,Lucknow,1,not_evaluable_overlap_or_single,nan,nan,39°C,nan,False,C,2026-04-14,high,
nan,0.0,22.858368000000002,Milan|2026-04-14|high|C,1,Milan,1,not_evaluable_overlap_or_single,nan,nan,19°C or higher,nan,False,C,2026-04-14,high,19°C or higher
-47.09862565540935,-38.323907999999996,47.09862565540935,Moscow|2026-04-14|high|C,5,Moscow,5,winner_outside_visible_yes_basket,-47.09862565540935,-47.09862565540935,11°C,-47.09862565540935,True,C,2026-04-14,high,
nan,1.10374,2.3170048000000003,Panama City|2026-04-14|high|C,1,Panama City,1,not_evaluable_overlap_or_single,nan,nan,33°C or higher,nan,False,C,2026-04-14,high,33°C or higher
26.115221931886865,93.996742,79.82920006811312,Seoul|2026-04-14|high|C,2,Seoul,2,winner_in_basket,155.74110988809525,215.4926057950245,24°C or higher,-79.82920006811312,True,C,2026-04-14,high,23°C
nan,-19.702665,31.3407872,Shanghai|2026-04-14|high|C,1,Shanghai,1,not_evaluable_overlap_or_single,nan,nan,18°C,nan,False,C,2026-04-14,high,
nan,27.732055000000003,18.747592639727614,Taipei|2026-04-14|high|C,1,Taipei,1,not_evaluable_overlap_or_single,nan,nan,34°C or higher,nan,False,C,2026-04-14,high,34°C or higher
nan,-27.361038,44.16263253885882,Tel Aviv|2026-04-14|high|C,3,Tel Aviv,1,unresolved_or_partial,nan,nan,27°C,nan,True,C,2026-04-14,high,
nan,nan,10.5,Warsaw|2026-04-14|high|C,1,Warsaw,0,unresolved_or_partial,nan,nan,16°C,nan,False,C,2026-04-14,high,
nan,nan,3.988359000296604,Busan|2026-04-15|high|C,2,Busan,0,unresolved_or_partial,nan,nan,21°C,nan,True,C,2026-04-15,high,
nan,-0.077789,11.423548236403201,Chicago|2026-04-15|high|F,1,Chicago,1,not_evaluable_overlap_or_single,nan,nan,74°F or higher,nan,False,F,2026-04-15,high,
-20.649755000607744,-4.149754,20.649755000607744,London|2026-04-15|high|C,2,London,2,winner_outside_visible_yes_basket,-20.649755000607744,-20.649755000607744,16°C,-20.649755000607744,True,C,2026-04-15,high,
nan,33.740661,2.7309160459609703,London|2026-04-15|low|C,2,London,1,unresolved_or_partial,nan,nan,12°C,nan,True,C,2026-04-15,low,11°C
16.371070294669558,8.324851,8.371669705330445,Moscow|2026-04-15|high|C,2,Moscow,2,winner_in_basket,13.917535050443908,22.35619280196544,10°C,36.20673980621826,True,C,2026-04-15,high,10°C
-14.24889,-4.7546610000000005,14.24889,New York City|2026-04-15|high|F,2,New York City,2,winner_outside_visible_yes_basket,-14.24889,-14.24889,between 88-89°F,-14.24889,True,F,2026-04-15,high,
nan,nan,2.0643542320144377,New York City|2026-04-15|low|F,1,New York City,0,unresolved_or_partial,nan,nan,between 64-65°F,nan,False,F,2026-04-15,low,
nan,-3.33352,3.1654464000000004,Sao Paulo|2026-04-15|high|C,1,Sao Paulo,1,not_evaluable_overlap_or_single,nan,nan,28°C,nan,False,C,2026-04-15,high,
nan,-10.401267,22.66853004396962,Seoul|2026-04-15|high|C,3,Seoul,2,unresolved_or_partial,nan,nan,18°C,nan,True,C,2026-04-15,high,
nan,-2.8167040000000005,48.64855573486738,Seoul|2026-04-15|low|C,6,Seoul,4,unresolved_or_partial,nan,nan,10°C,nan,True,C,2026-04-15,low,10°C
nan,nan,5.999859,Tel Aviv|2026-04-15|high|C,1,Tel Aviv,0,unresolved_or_partial,nan,nan,31°C,nan,False,C,2026-04-15,high,
-15.879731494318442,-16.644368,15.879731494318442,Tokyo|2026-04-15|high|C,2,Tokyo,2,winner_outside_visible_yes_basket,-15.879731494318442,-15.879731494318442,19°C,-15.879731494318442,True,C,2026-04-15,high,
nan,83.908,17.983242725000004,Tokyo|2026-04-15|low|C,3,Tokyo,1,unresolved_or_partial,nan,nan,15°C,nan,True,C,2026-04-15,low,15°C
nan,-33.648421,39.207004520079835,Ankara|2026-04-16|high|C,1,Ankara,1,not_evaluable_overlap_or_single,nan,nan,22°C,nan,False,C,2026-04-16,high,
36.665589017405,-23.200438,46.650030982595,Buenos Aires|2026-04-16|high|C,2,Buenos Aires,2,winner_in_basket,17.906327126299743,55.64773080807815,24°C,82.46268523519448,True,C,2026-04-16,high,24°C
nan,-4.263132,4.2633,Chongqing|2026-04-16|high|C,1,Chongqing,1,not_evaluable_overlap_or_single,nan,nan,26°C,nan,False,C,2026-04-16,high,
nan,-0.282064,6.21248,Helsinki|2026-04-16|high|C,1,Helsinki,1,not_evaluable_overlap_or_single,nan,nan,10°C,nan,False,C,2026-04-16,high,
nan,-1.027828,3.298917290605878,Istanbul|2026-04-16|high|C,1,Istanbul,1,not_evaluable_overlap_or_single,nan,nan,13°C,nan,False,C,2026-04-16,high,
nan,nan,1.1901258,Karachi|2026-04-16|high|C,1,Karachi,0,unresolved_or_partial,nan,nan,34°C or higher,nan,False,C,2026-04-16,high,
-23.68344992,-24.511089,23.68344992,Lagos|2026-04-16|high|C,2,Lagos,2,winner_outside_visible_yes_basket,-23.68344992,-23.68344992,28°C or below,-23.68344992,True,C,2026-04-16,high,
200.25402921964076,24.716888000000004,45.36219078035925,London|2026-04-16|high|C,3,London,3,winner_in_basket,105.48247602286014,293.09682186252155,18°C,407.17180962929893,True,C,2026-04-16,high,18°C
nan,65.016411,28.398469761532553,Madrid|2026-04-16|high|C,1,Madrid,1,not_evaluable_overlap_or_single,nan,nan,26°C,nan,False,C,2026-04-16,high,26°C
nan,-2.4761540000000006,8.135037396567318,Moscow|2026-04-16|high|C,3,Moscow,2,unresolved_or_partial,nan,nan,9°C,nan,True,C,2026-04-16,high,
nan,-17.678727,16.96491433987797,New York City|2026-04-16|high|F,1,New York City,1,not_evaluable_overlap_or_single,nan,nan,between 84-85°F,nan,False,F,2026-04-16,high,
8.719904575936603,7.678656000000002,45.9950954240634,Paris|2026-04-16|high|C,5,Paris,5,winner_in_basket,-25.04720751979034,42.24780305967963,19°C,58.74434409730191,True,C,2026-04-16,high,19°C
1.018375095083579,3.174213,9.929864904916421,Sao Paulo|2026-04-16|high|C,2,Sao Paulo,2,winner_in_basket,1.6164896356840668,8.813882024858145,30°C,-9.929864904916421,True,C,2026-04-16,high,28°C
nan,36.683358,30.414786717434723,Seoul|2026-04-16|high|C,1,Seoul,1,not_evaluable_overlap_or_single,nan,nan,24°C or higher,nan,False,C,2026-04-16,high,24°C or higher
nan,192.4036,6.664876999597425,Wuhan|2026-04-16|high|C,2,Wuhan,1,unresolved_or_partial,nan,nan,23°C,nan,True,C,2026-04-16,high,23°C
nan,-11.263117,10.845770801683578,Amsterdam|2026-04-17|high|C,1,Amsterdam,1,not_evaluable_overlap_or_single,nan,nan,20°C,nan,False,C,2026-04-17,high,
nan,-25.116551,39.953180717315966,Ankara|2026-04-17|high|C,1,Ankara,1,not_evaluable_overlap_or_single,nan,nan,21°C,nan,False,C,2026-04-17,high,
-52.056088,-45.086169,52.056088,Beijing|2026-04-17|high|C,2,Beijing,2,winner_outside_visible_yes_basket,-52.056088,-52.056088,23°C,-52.056088,True,C,2026-04-17,high,
-38.374497855408,-30.114067,38.374497855408,Buenos Aires|2026-04-17|high|C,2,Buenos Aires,2,winner_outside_visible_yes_basket,-38.374497855408,-38.374497855408,26°C,-38.374497855408,True,C,2026-04-17,high,
-38.1954180029031,-30.983501999999998,38.1954180029031,London|2026-04-17|high|C,2,London,2,winner_outside_visible_yes_basket,-38.1954180029031,-38.1954180029031,19°C,-38.1954180029031,True,C,2026-04-17,high,
nan,nan,0.27045,Los Angeles|2026-04-17|high|F,1,Los Angeles,0,unresolved_or_partial,nan,nan,between 76-77°F,nan,False,F,2026-04-17,high,
nan,-24.67015,27.581507066338474,Madrid|2026-04-17|high|C,1,Madrid,1,not_evaluable_overlap_or_single,nan,nan,27°C,nan,False,C,2026-04-17,high,
nan,nan,6.3215809,Miami|2026-04-17|high|F,1,Miami,0,unresolved_or_partial,nan,nan,between 86-87°F,nan,False,F,2026-04-17,high,
nan,0.728,3.64,Munich|2026-04-17|high|C,1,Munich,1,not_evaluable_overlap_or_single,nan,nan,21°C,nan,False,C,2026-04-17,high,
nan,-3.672033,6.106561968733434,New York City|2026-04-17|high|F,1,New York City,1,not_evaluable_overlap_or_single,nan,nan,between 80-81°F,nan,False,F,2026-04-17,high,
nan,-1.08475,1.0847499999999999,Sao Paulo|2026-04-17|high|C,1,Sao Paulo,1,not_evaluable_overlap_or_single,nan,nan,31°C,nan,False,C,2026-04-17,high,
nan,49.708026999999994,117.27690122136566,Tel Aviv|2026-04-17|high|C,4,Tel Aviv,2,unresolved_or_partial,nan,nan,33°C,nan,True,C,2026-04-17,high,33°C
nan,-14.574448,43.437731743341416,Tokyo|2026-04-17|high|C,3,Tokyo,2,unresolved_or_partial,nan,nan,19°C,nan,True,C,2026-04-17,high,
nan,44.636679,44.730823620947874,Wellington|2026-04-17|high|C,2,Wellington,1,unresolved_or_partial,nan,nan,18°C,nan,True,C,2026-04-17,high,18°C
nan,-0.8817,2.6999999999999997,Wuhan|2026-04-17|high|C,1,Wuhan,1,not_evaluable_overlap_or_single,nan,nan,29°C,nan,False,C,2026-04-17,high,
-3.128310033063844,-3.205362,3.128310033063844,Amsterdam|2026-04-18|high|C,2,Amsterdam,2,winner_outside_visible_yes_basket,-3.128310033063844,-3.128310033063844,15°C,-3.128310033063844,True,C,2026-04-18,high,
nan,-3.692104,13.194203220000002,Ankara|2026-04-18|high|C,1,Ankara,1,not_evaluable_overlap_or_single,nan,nan,15°C,nan,False,C,2026-04-18,high,
nan,-12.990847,12.991077000404106,Beijing|2026-04-18|high|C,1,Beijing,1,not_evaluable_overlap_or_single,nan,nan,25°C or below,nan,False,C,2026-04-18,high,
191.39138349399383,162.518797,65.21986550600616,Buenos Aires|2026-04-18|high|C,3,Buenos Aires,3,winner_in_basket,30.777567224594264,191.97036382365394,28°C,222.77243268579514,True,C,2026-04-18,high,28°C
nan,nan,15.99878,Busan|2026-04-18|high|C,1,Busan,0,unresolved_or_partial,nan,nan,22°C,nan,False,C,2026-04-18,high,
nan,-3.984,4.300000000000001,Chengdu|2026-04-18|high|C,1,Chengdu,1,not_evaluable_overlap_or_single,nan,nan,28°C,nan,False,C,2026-04-18,high,
nan,42.424147,56.40403528015544,Chongqing|2026-04-18|high|C,1,Chongqing,1,not_evaluable_overlap_or_single,nan,nan,31°C,nan,False,C,2026-04-18,high,31°C
nan,8.182477,34.84084000002292,London|2026-04-18|high|C,2,London,1,unresolved_or_partial,nan,nan,16°C,nan,True,C,2026-04-18,high,16°C
37.538678,39.922547,18.398322,Madrid|2026-04-18|high|C,2,Madrid,2,winner_in_basket,35.71438976470588,69.21273514285713,28°C,89.82710152941175,True,C,2026-04-18,high,28°C
-8.42983328,-8.447716,8.42983328,Milan|2026-04-18|high|C,2,Milan,2,winner_outside_visible_yes_basket,-8.42983328,-8.42983328,26°C,-8.42983328,True,C,2026-04-18,high,
-23.364338779070238,-3.130626,23.364338779070238,Munich|2026-04-18|high|C,2,Munich,2,winner_outside_visible_yes_basket,-23.364338779070238,-23.364338779070238,23°C,-23.364338779070238,True,C,2026-04-18,high,
-104.73498289065826,-61.7963,104.73498289065826,New York City|2026-04-18|high|F,6,New York City,6,winner_outside_visible_yes_basket,-104.73498289065826,-104.73498289065826,between 62-63°F,-104.73498289065826,True,F,2026-04-18,high,
nan,0.18785300000000002,4.024283521814784,Paris|2026-04-18|high|C,1,Paris,1,not_evaluable_overlap_or_single,nan,nan,23°C or higher,nan,False,C,2026-04-18,high,
nan,123.99611599999999,27.939368710343608,Sao Paulo|2026-04-18|high|C,3,Sao Paulo,2,unresolved_or_partial,nan,nan,30°C,nan,True,C,2026-04-18,high,30°C
nan,33.9,66.0,Seoul|2026-04-18|high|C,1,Seoul,1,not_evaluable_overlap_or_single,nan,nan,21°C or higher,nan,False,C,2026-04-18,high,21°C or higher
nan,nan,12.999774999999941,Taipei|2026-04-18|high|C,1,Taipei,0,unresolved_or_partial,nan,nan,24°C,nan,False,C,2026-04-18,high,
nan,29.811058,7.182821000000001,Toronto|2026-04-18|high|C,3,Toronto,1,unresolved_or_partial,nan,nan,18°C,nan,True,C,2026-04-18,high,
nan,-1.190529,1.498717206965832,Wuhan|2026-04-18|high|C,2,Wuhan,1,unresolved_or_partial,nan,nan,27°C,nan,True,C,2026-04-18,high,
nan,nan,2.8213360000000005,Ankara|2026-04-19|high|C,1,Ankara,0,unresolved_or_partial,nan,nan,11°C,nan,False,C,2026-04-19,high,
nan,-0.413026,0.3914024,Beijing|2026-04-19|high|C,1,Beijing,1,not_evaluable_overlap_or_single,nan,nan,24°C,nan,False,C,2026-04-19,high,
85.12058181294897,85.491934,89.31241818705102,Buenos Aires|2026-04-19|high|C,3,Buenos Aires,3,winner_in_basket,27.563507938457363,115.07500998830388,26°C,261.3153601894741,True,C,2026-04-19,high,26°C
-2.262181,1.470081,2.262181,Busan|2026-04-19|high|C,2,Busan,2,winner_outside_visible_yes_basket,-2.262181,-2.262181,27°C or higher,-2.262181,True,C,2026-04-19,high,
nan,-3.1669160000000005,17.056275834045966,Chongqing|2026-04-19|high|C,2,Chongqing,1,unresolved_or_partial,nan,nan,30°C,nan,True,C,2026-04-19,high,
nan,-4.054962,6.844508560011603,Dallas|2026-04-19|high|F,2,Dallas,1,unresolved_or_partial,nan,nan,between 78-79°F,nan,True,F,2026-04-19,high,
nan,-4.879969,5.8216391681481845,Istanbul|2026-04-19|high|C,1,Istanbul,1,not_evaluable_overlap_or_single,nan,nan,16°C,nan,False,C,2026-04-19,high,
nan,nan,1.9448470000000002,London|2026-04-19|high|C,1,London,0,unresolved_or_partial,nan,nan,16°C,nan,False,C,2026-04-19,high,
nan,nan,4.93016,Madrid|2026-04-19|high|C,1,Madrid,0,unresolved_or_partial,nan,nan,29°C,nan,False,C,2026-04-19,high,
nan,27.017846,2.7936804771109345,Milan|2026-04-19|high|C,1,Milan,1,not_evaluable_overlap_or_single,nan,nan,25°C,nan,False,C,2026-04-19,high,
nan,78.01244,14.299594999148924,Moscow|2026-04-19|high|C,2,Moscow,1,unresolved_or_partial,nan,nan,5°C,nan,True,C,2026-04-19,high,4°C
nan,15.621079000000002,25.668460854934132,Munich|2026-04-19|high|C,3,Munich,2,unresolved_or_partial,nan,nan,18°C,nan,True,C,2026-04-19,high,17°C
nan,38.697728000000005,34.93474499999998,Paris|2026-04-19|high|C,2,Paris,1,unresolved_or_partial,nan,nan,18°C,nan,True,C,2026-04-19,high,18°C
-16.263118050442202,-16.716575999999996,16.263118050442202,Sao Paulo|2026-04-19|high|C,2,Sao Paulo,2,winner_outside_visible_yes_basket,-16.263118050442202,-16.263118050442202,29°C,-16.263118050442202,True,C,2026-04-19,high,
nan,-31.505822000000002,50.8840505,Seoul|2026-04-19|high|C,5,Seoul,3,unresolved_or_partial,nan,nan,22°C,nan,True,C,2026-04-19,high,
nan,2.616271,3.3842976,Warsaw|2026-04-19|high|C,1,Warsaw,1,not_evaluable_overlap_or_single,nan,nan,20°C,nan,False,C,2026-04-19,high,
nan,nan,0.04088,Wuhan|2026-04-19|high|C,1,Wuhan,0,unresolved_or_partial,nan,nan,32°C,nan,False,C,2026-04-19,high,
nan,51.242235,15.3759744,Ankara|2026-04-20|high|C,1,Ankara,1,not_evaluable_overlap_or_single,nan,nan,14°C,nan,False,C,2026-04-20,high,14°C
1.8136530799999964,2.061359,15.001706920000002,Beijing|2026-04-20|high|C,3,Beijing,3,winner_in_basket,2.8574679847619056,35.70407814307828,25°C,-15.001706920000002,True,C,2026-04-20,high,24°C
252.27657265112833,180.952091,56.37672734887167,Buenos Aires|2026-04-20|high|C,4,Buenos Aires,4,winner_in_basket,14037.805109869045,138.31696136235405,21°C,-56.37672734887167,True,C,2026-04-20,high,19°C
nan,-2.341737,14.6598056947868,Dallas|2026-04-20|high|F,2,Dallas,1,unresolved_or_partial,nan,nan,between 72-73°F,nan,True,F,2026-04-20,high,
nan,nan,4.74498,Houston|2026-04-20|high|F,1,Houston,0,unresolved_or_partial,nan,nan,between 74-75°F,nan,False,F,2026-04-20,high,
nan,42.997463,56.99668499989502,Istanbul|2026-04-20|high|C,1,Istanbul,1,not_evaluable_overlap_or_single,nan,nan,19°C or higher,nan,False,C,2026-04-20,high,19°C or higher
nan,nan,10.081148,London|2026-04-20|high|C,1,London,0,unresolved_or_partial,nan,nan,14°C,nan,False,C,2026-04-20,high,
nan,-8.59717,8.503899804515807,Moscow|2026-04-20|high|C,1,Moscow,1,not_evaluable_overlap_or_single,nan,nan,3°C,nan,False,C,2026-04-20,high,
nan,-5.075031000000001,11.686940681762646,Munich|2026-04-20|high|C,2,Munich,1,unresolved_or_partial,nan,nan,15°C,nan,True,C,2026-04-20,high,
nan,-8.931089,18.3854879349729,Paris|2026-04-20|high|C,1,Paris,1,not_evaluable_overlap_or_single,nan,nan,16°C,nan,False,C,2026-04-20,high,
nan,nan,1.517833,San Francisco|2026-04-20|high|F,1,San Francisco,0,unresolved_or_partial,nan,nan,between 60-61°F,nan,False,F,2026-04-20,high,
nan,-16.467303,16.241907652129882,Sao Paulo|2026-04-20|high|C,2,Sao Paulo,1,unresolved_or_partial,nan,nan,25°C,nan,True,C,2026-04-20,high,
-20.681928637903194,-20.914892,20.681928637903194,Seoul|2026-04-20|high|C,2,Seoul,2,winner_outside_visible_yes_basket,-20.681928637903194,-20.681928637903194,13°C,-20.681928637903194,True,C,2026-04-20,high,
nan,-6.400192,6.0915904,Tel Aviv|2026-04-20|high|C,1,Tel Aviv,1,not_evaluable_overlap_or_single,nan,nan,22°C,nan,False,C,2026-04-20,high,
nan,29.577457,20.141550000000002,Tokyo|2026-04-20|high|C,1,Tokyo,1,not_evaluable_overlap_or_single,nan,nan,22°C,nan,False,C,2026-04-20,high,22°C
nan,-1.7594,4.2392900000000004,Warsaw|2026-04-20|high|C,2,Warsaw,1,unresolved_or_partial,nan,nan,14°C,nan,True,C,2026-04-20,high,
-21.6538342,-8.198078,21.6538342,Ankara|2026-04-21|high|C,2,Ankara,2,winner_outside_visible_yes_basket,-21.6538342,-21.6538342,18°C,-21.6538342,True,C,2026-04-21,high,
nan,nan,2.4999610000000003,Atlanta|2026-04-21|high|F,1,Atlanta,0,unresolved_or_partial,nan,nan,between 82-83°F,nan,False,F,2026-04-21,high,
nan,40.862115,51.16681570822555,Buenos Aires|2026-04-21|high|C,5,Buenos Aires,4,unresolved_or_partial,nan,nan,21°C,nan,True,C,2026-04-21,high,23°C or higher
nan,-3.107721,6.606892000306903,Busan|2026-04-21|high|C,2,Busan,1,unresolved_or_partial,nan,nan,23°C,nan,True,C,2026-04-21,high,
28.018596775823212,20.456393,26.768283224176784,Chengdu|2026-04-21|high|C,3,Chengdu,3,winner_in_basket,7.861059824566375,64.91863184813572,21°C,77.1197459220527,True,C,2026-04-21,high,21°C
nan,0.014979,3.3027498,Helsinki|2026-04-21|high|C,1,Helsinki,1,not_evaluable_overlap_or_single,nan,nan,14°C,nan,False,C,2026-04-21,high,
nan,-3.5,3.5,Houston|2026-04-21|high|F,1,Houston,1,not_evaluable_overlap_or_single,nan,nan,between 66-67°F,nan,False,F,2026-04-21,high,
nan,-0.540435,3.49137726,London|2026-04-21|high|C,2,London,1,unresolved_or_partial,nan,nan,12°C,nan,True,C,2026-04-21,high,
nan,-35.737368000000004,61.641461859131745,Madrid|2026-04-21|high|C,3,Madrid,2,unresolved_or_partial,nan,nan,28°C,nan,True,C,2026-04-21,high,
-12.60365,-9.19055,12.60365,Moscow|2026-04-21|high|C,2,Moscow,2,winner_outside_visible_yes_basket,-12.60365,-12.60365,7°C,-12.60365,True,C,2026-04-21,high,
nan,-3.9920480000000005,12.525758423320616,Munich|2026-04-21|high|C,3,Munich,2,unresolved_or_partial,nan,nan,9°C,nan,True,C,2026-04-21,high,
nan,nan,0.09461256,Panama City|2026-04-21|high|C,1,Panama City,0,unresolved_or_partial,nan,nan,30°C,nan,False,C,2026-04-21,high,
nan,6.975502,14.03315099912,Paris|2026-04-21|high|C,1,Paris,1,not_evaluable_overlap_or_single,nan,nan,15°C,nan,False,C,2026-04-21,high,15°C
nan,nan,17.772052944416235,Sao Paulo|2026-04-21|high|C,1,Sao Paulo,0,unresolved_or_partial,nan,nan,25°C,nan,False,C,2026-04-21,high,
nan,-4.1,4.1000000000000005,Seattle|2026-04-21|high|F,1,Seattle,1,not_evaluable_overlap_or_single,nan,nan,between 62-63°F,nan,False,F,2026-04-21,high,
nan,-6.972558,26.649225717204477,Seoul|2026-04-21|high|C,5,Seoul,4,unresolved_or_partial,nan,nan,14°C,nan,True,C,2026-04-21,high,14°C
nan,nan,5.261202,Shanghai|2026-04-21|high|C,1,Shanghai,0,unresolved_or_partial,nan,nan,17°C,nan,False,C,2026-04-21,high,
nan,nan,6.175163200000001,Tel Aviv|2026-04-21|high|C,2,Tel Aviv,0,unresolved_or_partial,nan,nan,23°C,nan,True,C,2026-04-21,high,
nan,-6.67082,6.731966300021143,Warsaw|2026-04-21|high|C,2,Warsaw,1,unresolved_or_partial,nan,nan,13°C,nan,True,C,2026-04-21,high,
nan,nan,4.9522200000000005,Wuhan|2026-04-21|high|C,1,Wuhan,0,unresolved_or_partial,nan,nan,18°C or higher,nan,False,C,2026-04-21,high,
-17.76263791184085,-5.53259,17.76263791184085,Buenos Aires|2026-04-22|high|C,3,Buenos Aires,3,winner_outside_visible_yes_basket,-17.76263791184085,-17.76263791184085,22°C,-17.76263791184085,True,C,2026-04-22,high,
99.07259188011349,86.722649,25.157788119886508,Busan|2026-04-22|high|C,4,Busan,4,winner_in_basket,30.53637186128034,94.66736943974546,20°C,197.6188518047809,True,C,2026-04-22,high,20°C
nan,nan,2.0500000000000003,Chengdu|2026-04-22|high|C,1,Chengdu,0,unresolved_or_partial,nan,nan,21°C,nan,False,C,2026-04-22,high,
nan,-1.416492,19.25093274012,Hong Kong|2026-04-22|high|C,1,Hong Kong,1,not_evaluable_overlap_or_single,nan,nan,30°C,nan,False,C,2026-04-22,high,
nan,nan,4.0,Moscow|2026-04-22|high|C,1,Moscow,0,unresolved_or_partial,nan,nan,14°C,nan,False,C,2026-04-22,high,
nan,nan,7.5,Munich|2026-04-22|high|C,1,Munich,0,unresolved_or_partial,nan,nan,15°C,nan,False,C,2026-04-22,high,
nan,nan,8.26963000041998,Paris|2026-04-22|high|C,1,Paris,0,unresolved_or_partial,nan,nan,18°C,nan,False,C,2026-04-22,high,
-12.980227082708296,-18.680099,156.1089270827083,Seoul|2026-04-22|high|C,6,Seoul,6,winner_in_basket,-2.190940197192333,14.209753723454838,14°C,-156.1089270827083,True,C,2026-04-22,high,18°C
203.7414618023533,23.695589999999996,158.78553819764667,Shenzhen|2026-04-22|high|C,4,Shenzhen,4,winner_in_basket,82.12763982739182,100.46822622075499,30°C,-158.78553819764667,True,C,2026-04-22,high,31°C
nan,nan,3.0534079992128547,Taipei|2026-04-22|high|C,1,Taipei,0,unresolved_or_partial,nan,nan,34°C,nan,False,C,2026-04-22,high,
nan,-4.954989,4.71209,Tokyo|2026-04-22|high|C,1,Tokyo,1,not_evaluable_overlap_or_single,nan,nan,20°C,nan,False,C,2026-04-22,high,
nan,0.2225299999999999,21.966584778732745,Ankara|2026-04-23|high|C,3,Ankara,2,unresolved_or_partial,nan,nan,6°C,nan,True,C,2026-04-23,high,
nan,-6.849883999999999,13.48734762817234,Beijing|2026-04-23|high|C,2,Beijing,1,unresolved_or_partial,nan,nan,24°C,nan,True,C,2026-04-23,high,
336.38903699630583,213.20071099999998,99.10222300369418,Buenos Aires|2026-04-23|high|C,3,Buenos Aires,3,winner_in_basket,228.90992141238297,195.63406573009723,25°C,884.9342102445371,True,C,2026-04-23,high,25°C
nan,5.016741000000002,39.043291371378054,Busan|2026-04-23|high|C,6,Busan,5,unresolved_or_partial,nan,nan,18°C,nan,True,C,2026-04-23,high,18°C
nan,nan,4.0014,Hong Kong|2026-04-23|high|C,1,Hong Kong,0,unresolved_or_partial,nan,nan,27°C,nan,False,C,2026-04-23,high,
nan,-0.125655,0.2773850000433889,Lagos|2026-04-23|high|C,1,Lagos,1,not_evaluable_overlap_or_single,nan,nan,31°C,nan,False,C,2026-04-23,high,
nan,0.864127,7.5992249991698015,London|2026-04-23|high|C,1,London,1,not_evaluable_overlap_or_single,nan,nan,16°C,nan,False,C,2026-04-23,high,
nan,-6.635826,21.5731496,Moscow|2026-04-23|high|C,2,Moscow,1,unresolved_or_partial,nan,nan,6°C,nan,True,C,2026-04-23,high,
nan,-10.915495,10.915526999999999,Munich|2026-04-23|high|C,1,Munich,1,not_evaluable_overlap_or_single,nan,nan,19°C,nan,False,C,2026-04-23,high,
-15.391689069243169,-1.901239,15.391689069243169,Sao Paulo|2026-04-23|high|C,2,Sao Paulo,2,winner_outside_visible_yes_basket,-15.391689069243169,-15.391689069243169,28°C,-15.391689069243169,True,C,2026-04-23,high,
nan,-0.9501,0.9002000000000001,Seoul|2026-04-23|high|C,1,Seoul,1,not_evaluable_overlap_or_single,nan,nan,15°C,nan,False,C,2026-04-23,high,
-6.2817726799999996,-6.623005,6.2817726799999996,Wuhan|2026-04-23|high|C,2,Wuhan,2,winner_outside_visible_yes_basket,-6.2817726799999996,-6.2817726799999996,18°C,-6.2817726799999996,True,C,2026-04-23,high,
nan,97.96554,12.661299999999999,Ankara|2026-04-24|high|C,1,Ankara,1,not_evaluable_overlap_or_single,nan,nan,14°C,nan,False,C,2026-04-24,high,14°C
-67.75752621905279,-3.276678999999999,67.75752621905279,Buenos Aires|2026-04-24|high|C,2,Buenos Aires,2,winner_outside_visible_yes_basket,-67.75752621905279,-67.75752621905279,25°C,-67.75752621905279,True,C,2026-04-24,high,
30.4645351049645,25.477786000000002,26.9404648950355,Istanbul|2026-04-24|high|C,2,Istanbul,2,winner_in_basket,13.371909578523567,44.17971265325809,18°C,53.68428405208263,True,C,2026-04-24,high,18°C
-16.72836548441674,-4.867851,16.72836548441674,London|2026-04-24|high|C,2,London,2,winner_outside_visible_yes_basket,-16.72836548441674,-16.72836548441674,19°C,-16.72836548441674,True,C,2026-04-24,high,
nan,-1.575684,13.944802323900696,New York City|2026-04-24|high|F,1,New York City,1,not_evaluable_overlap_or_single,nan,nan,66°F or higher,nan,False,F,2026-04-24,high,
nan,nan,0.70257,Sao Paulo|2026-04-24|high|C,1,Sao Paulo,0,unresolved_or_partial,nan,nan,30°C,nan,False,C,2026-04-24,high,
nan,89.999995,110.00000000000001,Seoul|2026-04-24|high|C,1,Seoul,1,not_evaluable_overlap_or_single,nan,nan,21°C or higher,nan,False,C,2026-04-24,high,21°C or higher
nan,-19.1,21.3745,Beijing|2026-04-25|high|C,2,Beijing,1,unresolved_or_partial,nan,nan,29°C,nan,True,C,2026-04-25,high,
-33.71548900440636,-14.852116,33.71548900440636,Buenos Aires|2026-04-25|high|C,3,Buenos Aires,3,winner_outside_visible_yes_basket,-33.71548900440636,-33.71548900440636,25°C,-33.71548900440636,True,C,2026-04-25,high,
nan,0.0,2.459894999999981,Hong Kong|2026-04-25|high|C,1,Hong Kong,1,not_evaluable_overlap_or_single,nan,nan,24°C,nan,False,C,2026-04-25,high,
nan,5.88,9.5370756,Hong Kong|2026-04-25|low|C,1,Hong Kong,1,not_evaluable_overlap_or_single,nan,nan,20°C,nan,False,C,2026-04-25,low,20°C
nan,-24.981976,49.333134790801324,Istanbul|2026-04-25|high|C,3,Istanbul,2,unresolved_or_partial,nan,nan,21°C,nan,True,C,2026-04-25,high,
nan,-4.244847,4.03245138596846,London|2026-04-25|high|C,1,London,1,not_evaluable_overlap_or_single,nan,nan,22°C,nan,False,C,2026-04-25,high,
nan,33.138529,39.709762399999995,Seoul|2026-04-25|high|C,1,Seoul,1,not_evaluable_overlap_or_single,nan,nan,20°C,nan,False,C,2026-04-25,high,20°C
nan,-0.806431,15.673684312203001,Seoul|2026-04-25|low|C,1,Seoul,1,not_evaluable_overlap_or_single,nan,nan,8°C or below,nan,False,C,2026-04-25,low,
nan,3.939999,4.420041200061164,Shenzhen|2026-04-25|high|C,2,Shenzhen,1,unresolved_or_partial,nan,nan,28°C,nan,True,C,2026-04-25,high,27°C
-24.210707503925747,-20.498269,24.210707503925747,Tokyo|2026-04-25|high|C,2,Tokyo,2,winner_outside_visible_yes_basket,-24.210707503925747,-24.210707503925747,17°C,-24.210707503925747,True,C,2026-04-25,high,
nan,15.045401000000002,11.963582711948032,Wellington|2026-04-25|high|C,1,Wellington,1,not_evaluable_overlap_or_single,nan,nan,16°C,nan,False,C,2026-04-25,high,16°C
nan,-5.117095,4.861895230046,Hong Kong|2026-04-26|high|C,1,Hong Kong,1,not_evaluable_overlap_or_single,nan,nan,26°C,nan,False,C,2026-04-26,high,
nan,-0.766359,1.09433499927835,Hong Kong|2026-04-26|low|C,1,Hong Kong,1,not_evaluable_overlap_or_single,nan,nan,21°C,nan,False,C,2026-04-26,low,
nan,-1.447358,7.602153124999999,London|2026-04-26|high|C,1,London,1,not_evaluable_overlap_or_single,nan,nan,17°C,nan,False,C,2026-04-26,high,17°C
nan,nan,2.6,Sao Paulo|2026-04-26|high|C,1,Sao Paulo,0,unresolved_or_partial,nan,nan,32°C,nan,False,C,2026-04-26,high,
nan,141.360075,16.0624308431126,Seoul|2026-04-26|low|C,1,Seoul,1,not_evaluable_overlap_or_single,nan,nan,8°C or below,nan,False,C,2026-04-26,low,8°C or below
-138.5883639477134,-6.933842,138.5883639477134,Shenzhen|2026-04-26|high|C,3,Shenzhen,3,winner_outside_visible_yes_basket,-138.5883639477134,-138.5883639477134,30°C,-138.5883639477134,True,C,2026-04-26,high,
nan,-3.599931,3.5999319980366105,Taipei|2026-04-26|high|C,1,Taipei,1,not_evaluable_overlap_or_single,nan,nan,31°C,nan,False,C,2026-04-26,high,
nan,0.0,0.28332799999999997,Tel Aviv|2026-04-26|high|C,1,Tel Aviv,1,not_evaluable_overlap_or_single,nan,nan,28°C,nan,False,C,2026-04-26,high,
nan,nan,11.9046796,Tokyo|2026-04-26|high|C,1,Tokyo,0,unresolved_or_partial,nan,nan,19°C,nan,False,C,2026-04-26,high,
nan,-0.317031,66.20344728,Warsaw|2026-04-26|high|C,2,Warsaw,1,unresolved_or_partial,nan,nan,9°C,nan,True,C,2026-04-26,high,
nan,-21.271936,43.99847599999959,Ankara|2026-04-27|high|C,1,Ankara,1,not_evaluable_overlap_or_single,nan,nan,18°C,nan,False,C,2026-04-27,high,
nan,248.782904,13.448915485284816,Beijing|2026-04-27|high|C,4,Beijing,2,unresolved_or_partial,nan,nan,24°C,nan,True,C,2026-04-27,high,25°C
nan,nan,10.199597002439244,Busan|2026-04-27|high|C,2,Busan,0,unresolved_or_partial,nan,nan,27°C,nan,True,C,2026-04-27,high,
nan,nan,42.30460380074638,London|2026-04-27|high|C,2,London,0,unresolved_or_partial,nan,nan,20°C,nan,True,C,2026-04-27,high,
nan,0.981166,54.456889001384916,Milan|2026-04-27|high|C,1,Milan,1,not_evaluable_overlap_or_single,nan,nan,26°C or higher,nan,False,C,2026-04-27,high,26°C or higher
nan,40.385473999999995,8.987756637526239,Moscow|2026-04-27|high|C,1,Moscow,1,not_evaluable_overlap_or_single,nan,nan,2°C,nan,False,C,2026-04-27,high,2°C
nan,30.088799999999996,9.77816,Munich|2026-04-27|high|C,1,Munich,1,not_evaluable_overlap_or_single,nan,nan,19°C,nan,False,C,2026-04-27,high,
nan,nan,14.193941763959636,Sao Paulo|2026-04-27|high|C,2,Sao Paulo,0,unresolved_or_partial,nan,nan,30°C,nan,True,C,2026-04-27,high,
nan,8.451236,19.111804730232897,Seoul|2026-04-27|low|C,1,Seoul,1,not_evaluable_overlap_or_single,nan,nan,11°C,nan,False,C,2026-04-27,low,11°C
41.41406800915021,40.394174,51.04279199084979,Shenzhen|2026-04-27|high|C,2,Shenzhen,2,winner_in_basket,21.577084464390083,47.39132883912447,29°C,94.19696091962996,True,C,2026-04-27,high,29°C
72.14463506970405,-0.559376,27.85536493029595,Taipei|2026-04-27|high|C,2,Taipei,2,winner_in_basket,30.176645341153943,71.75325509760614,32°C,88.20865561260383,True,C,2026-04-27,high,32°C
nan,-11.280356,27.071182956073883,Tokyo|2026-04-27|high|C,1,Tokyo,1,not_evaluable_overlap_or_single,nan,nan,21°C or higher,nan,False,C,2026-04-27,high,
nan,nan,0.9706059732517699,Beijing|2026-04-28|high|C,1,Beijing,0,unresolved_or_partial,nan,nan,22°C,nan,False,C,2026-04-28,high,
nan,10.03857,134.9468502093349,Buenos Aires|2026-04-28|high|C,2,Buenos Aires,1,unresolved_or_partial,nan,nan,21°C or higher,nan,True,C,2026-04-28,high,
nan,nan,21.447294327333783,Busan|2026-04-28|high|C,2,Busan,0,unresolved_or_partial,nan,nan,25°C,nan,True,C,2026-04-28,high,
nan,nan,20.98956052546223,Istanbul|2026-04-28|high|C,1,Istanbul,0,unresolved_or_partial,nan,nan,15°C,nan,False,C,2026-04-28,high,
nan,nan,6.711370321486401,Lucknow|2026-04-28|high|C,1,Lucknow,0,unresolved_or_partial,nan,nan,43°C,nan,False,C,2026-04-28,high,
nan,nan,8.3155861,Munich|2026-04-28|high|C,2,Munich,0,unresolved_or_partial,nan,nan,19°C,nan,True,C,2026-04-28,high,
nan,137.056156,37.39538888056815,Paris|2026-04-28|high|C,3,Paris,1,unresolved_or_partial,nan,nan,20°C,nan,True,C,2026-04-28,high,20°C
nan,56.622906,47.115283250277955,Sao Paulo|2026-04-28|high|C,3,Sao Paulo,1,unresolved_or_partial,nan,nan,28°C,nan,True,C,2026-04-28,high,27°C
nan,78.21041699999999,62.89781093258459,Seoul|2026-04-28|high|C,3,Seoul,2,unresolved_or_partial,nan,nan,15°C,nan,True,C,2026-04-28,high,15°C
nan,0.599979,29.963725179104518,Seoul|2026-04-28|low|C,3,Seoul,1,unresolved_or_partial,nan,nan,11°C,nan,True,C,2026-04-28,low,
nan,nan,5.179482785721324,Shenzhen|2026-04-28|high|C,1,Shenzhen,0,unresolved_or_partial,nan,nan,28°C,nan,False,C,2026-04-28,high,
nan,nan,2.251237430474496,Tokyo|2026-04-28|high|C,1,Tokyo,0,unresolved_or_partial,nan,nan,24°C,nan,False,C,2026-04-28,high,
nan,7.812191,57.196792741623995,Buenos Aires|2026-04-29|high|C,2,Buenos Aires,1,unresolved_or_partial,nan,nan,23°C,nan,True,C,2026-04-29,high,23°C
nan,70.9929,17.998857999878027,Hong Kong|2026-04-29|high|C,1,Hong Kong,1,not_evaluable_overlap_or_single,nan,nan,27°C,nan,False,C,2026-04-29,high,
nan,nan,1.3,London|2026-04-29|high|C,1,London,0,unresolved_or_partial,nan,nan,15°C,nan,False,C,2026-04-29,high,
nan,nan,0.7343999999999999,Paris|2026-04-29|high|C,1,Paris,0,unresolved_or_partial,nan,nan,22°C,nan,False,C,2026-04-29,high,
nan,57.0,54.9003999986,Seoul|2026-04-29|high|C,2,Seoul,1,unresolved_or_partial,nan,nan,18°C,nan,True,C,2026-04-29,high,18°C
nan,nan,0.30968,Beijing|2026-04-30|high|C,1,Beijing,0,unresolved_or_partial,nan,nan,29°C,nan,False,C,2026-04-30,high,
nan,111.707745,58.996265998519874,Buenos Aires|2026-04-30|high|C,3,Buenos Aires,2,unresolved_or_partial,nan,nan,24°C,nan,True,C,2026-04-30,high,24°C
nan,nan,13.2,Busan|2026-04-30|high|C,2,Busan,0,unresolved_or_partial,nan,nan,20°C,nan,True,C,2026-04-30,high,
-58.564749994799996,-22.062388,58.564749994799996,London|2026-04-30|high|C,2,London,2,winner_outside_visible_yes_basket,-58.564749994799996,-58.564749994799996,20°C,-58.564749994799996,True,C,2026-04-30,high,
nan,64.976103,16.85651,Madrid|2026-04-30|high|C,2,Madrid,1,unresolved_or_partial,nan,nan,21°C,nan,True,C,2026-04-30,high,
-29.823400001307988,12.309004999999999,79.82340000130799,Miami|2026-04-30|high|F,3,Miami,3,winner_in_basket,-11.422885861369693,12.39171031224788,between 88-89°F,-79.82340000130799,True,F,2026-04-30,high,between 86-87°F
nan,-1.53274,34.088499999,Milan|2026-04-30|high|C,2,Milan,1,unresolved_or_partial,nan,nan,20°C,nan,True,C,2026-04-30,high,
nan,-2.16,5.4,Munich|2026-04-30|high|C,1,Munich,1,not_evaluable_overlap_or_single,nan,nan,16°C,nan,False,C,2026-04-30,high,
nan,1.298286,13.458699998322,Paris|2026-04-30|high|C,1,Paris,1,not_evaluable_overlap_or_single,nan,nan,23°C,nan,False,C,2026-04-30,high,23°C
nan,nan,37.615733997664414,Shanghai|2026-04-30|high|C,2,Shanghai,0,unresolved_or_partial,nan,nan,20°C,nan,True,C,2026-04-30,high,
nan,3.81678,53.25489999999999,Warsaw|2026-04-30|high|C,1,Warsaw,1,not_evaluable_overlap_or_single,nan,nan,12°C,nan,False,C,2026-04-30,high,12°C
nan,6.38705,0.556,Ankara|2026-05-01|high|C,1,Ankara,1,not_evaluable_overlap_or_single,nan,nan,15°C,nan,False,C,2026-05-01,high,15°C
nan,6.453598,26.776599997791,Buenos Aires|2026-05-01|high|C,1,Buenos Aires,1,not_evaluable_overlap_or_single,nan,nan,23°C,nan,False,C,2026-05-01,high,
nan,313.107191,92.19395999939,Busan|2026-05-01|high|C,5,Busan,3,unresolved_or_partial,nan,nan,24°C,nan,True,C,2026-05-01,high,24°C
nan,nan,0.791060003148,Helsinki|2026-05-01|high|C,1,Helsinki,0,unresolved_or_partial,nan,nan,18°C,nan,False,C,2026-05-01,high,
nan,0.0,0.005399999999999999,Hong Kong|2026-05-01|high|C,1,Hong Kong,1,not_evaluable_overlap_or_single,nan,nan,26°C,nan,False,C,2026-05-01,high,26°C
nan,nan,5.5682,Jakarta|2026-05-01|high|C,3,Jakarta,0,unresolved_or_partial,nan,nan,34°C,nan,True,C,2026-05-01,high,
nan,92.780932,155.8050630043675,London|2026-05-01|high|C,4,London,1,unresolved_or_partial,nan,nan,25°C,nan,True,C,2026-05-01,high,24°C
nan,nan,1.50426,Madrid|2026-05-01|high|C,1,Madrid,0,unresolved_or_partial,nan,nan,26°C,nan,False,C,2026-05-01,high,
nan,nan,19.172632997212,Moscow|2026-05-01|high|C,2,Moscow,0,unresolved_or_partial,nan,nan,9°C,nan,True,C,2026-05-01,high,
nan,-0.965801,23.4554,Munich|2026-05-01|high|C,1,Munich,1,not_evaluable_overlap_or_single,nan,nan,20°C,nan,False,C,2026-05-01,high,20°C
nan,-3.2619,22.3625,Paris|2026-05-01|high|C,1,Paris,1,not_evaluable_overlap_or_single,nan,nan,24°C,nan,False,C,2026-05-01,high,
-276.35035499118965,-144.752776,392.61035499118964,Seoul|2026-05-01|high|C,3,Seoul,3,winner_in_basket,-115.45669400743043,-77.8573514068105,20°C or higher,-392.61035499118964,True,C,2026-05-01,high,19°C
nan,nan,40.213790002838,Shanghai|2026-05-01|high|C,1,Shanghai,0,unresolved_or_partial,nan,nan,26°C,nan,False,C,2026-05-01,high,
nan,86.8,17.700000000000003,Tokyo|2026-05-01|high|C,2,Tokyo,1,unresolved_or_partial,nan,nan,21°C or higher,nan,True,C,2026-05-01,high,21°C or higher
nan,nan,9.3,Warsaw|2026-05-01|high|C,2,Warsaw,0,unresolved_or_partial,nan,nan,19°C,nan,True,C,2026-05-01,high,
nan,nan,7.544899998384,Beijing|2026-05-02|high|C,2,Beijing,0,unresolved_or_partial,nan,nan,26°C,nan,True,C,2026-05-02,high,
nan,-2.89287,20.649199997694,Hong Kong|2026-05-02|high|C,1,Hong Kong,1,not_evaluable_overlap_or_single,nan,nan,28°C,nan,False,C,2026-05-02,high,
nan,-9.25162,32.3559999981,London|2026-05-02|high|C,2,London,1,unresolved_or_partial,nan,nan,20°C,nan,True,C,2026-05-02,high,
33.929500003676,-6.49241,18.190499996324,Madrid|2026-05-02|high|C,2,Madrid,2,winner_in_basket,60.79057798930541,69.28129770408637,22°C,-18.190499996324,True,C,2026-05-02,high,21°C
nan,nan,8.993199999371999,Milan|2026-05-02|high|C,1,Milan,0,unresolved_or_partial,nan,nan,23°C,nan,False,C,2026-05-02,high,
nan,144.027777,54.08833900429473,Moscow|2026-05-02|high|C,3,Moscow,1,unresolved_or_partial,nan,nan,15°C,nan,True,C,2026-05-02,high,15°C
nan,nan,12.792580001153999,Munich|2026-05-02|high|C,1,Munich,0,unresolved_or_partial,nan,nan,24°C,nan,False,C,2026-05-02,high,
nan,nan,7.000000000000001,San Francisco|2026-05-02|high|F,1,San Francisco,0,unresolved_or_partial,nan,nan,between 64-65°F,nan,False,F,2026-05-02,high,
nan,nan,4.4124,Sao Paulo|2026-05-02|high|C,1,Sao Paulo,0,unresolved_or_partial,nan,nan,30°C,nan,False,C,2026-05-02,high,
nan,nan,10.95115,Seoul|2026-05-02|high|C,3,Seoul,0,unresolved_or_partial,nan,nan,15°C,nan,True,C,2026-05-02,high,
nan,-9.761286,31.192999998860003,Shenzhen|2026-05-02|high|C,1,Shenzhen,1,not_evaluable_overlap_or_single,nan,nan,30°C,nan,False,C,2026-05-02,high,
130.788450021894,153.268424,35.521549978106,Taipei|2026-05-02|high|C,3,Taipei,3,winner_in_basket,91.51026130003868,222.42506594612865,33°C,-35.521549978106,True,C,2026-05-02,high,32°C
nan,15.491644,117.99480000000001,Tokyo|2026-05-02|high|C,1,Tokyo,1,not_evaluable_overlap_or_single,nan,nan,25°C or higher,nan,False,C,2026-05-02,high,25°C or higher
nan,-6.327827,17.123028000467446,Warsaw|2026-05-02|high|C,1,Warsaw,1,not_evaluable_overlap_or_single,nan,nan,26°C,nan,False,C,2026-05-02,high,
nan,41.938236,54.418240997163004,Buenos Aires|2026-05-03|high|C,4,Buenos Aires,3,unresolved_or_partial,nan,nan,17°C,nan,True,C,2026-05-03,high,17°C
nan,nan,31.680441992584466,Busan|2026-05-03|high|C,3,Busan,0,unresolved_or_partial,nan,nan,19°C,nan,True,C,2026-05-03,high,
nan,nan,36.552831004065,Seoul|2026-05-03|high|C,2,Seoul,0,unresolved_or_partial,nan,nan,16°C,nan,True,C,2026-05-03,high,
nan,212.888054,32.606329005488405,Toronto|2026-05-03|high|C,1,Toronto,1,not_evaluable_overlap_or_single,nan,nan,15°C or higher,nan,False,C,2026-05-03,high,15°C or higher
nan,19.10196,5.714902,Wellington|2026-05-03|high|C,1,Wellington,1,not_evaluable_overlap_or_single,nan,nan,16°C,nan,False,C,2026-05-03,high,16°C
nan,nan,15.340191003764,Beijing|2026-05-04|high|C,1,Beijing,0,unresolved_or_partial,nan,nan,27°C,nan,False,C,2026-05-04,high,
nan,-18.409248,34.811400006545995,Buenos Aires|2026-05-04|high|C,1,Buenos Aires,1,not_evaluable_overlap_or_single,nan,nan,23°C,nan,False,C,2026-05-04,high,
nan,nan,3.840319996415,Busan|2026-05-04|high|C,1,Busan,0,unresolved_or_partial,nan,nan,24°C or higher,nan,False,C,2026-05-04,high,
nan,62.094513,58.4572000025,Hong Kong|2026-05-04|high|C,1,Hong Kong,1,not_evaluable_overlap_or_single,nan,nan,26°C or higher,nan,False,C,2026-05-04,high,26°C or higher
nan,128.697132,10.651359994938002,Istanbul|2026-05-04|high|C,2,Istanbul,1,unresolved_or_partial,nan,nan,14°C,nan,True,C,2026-05-04,high,14°C
nan,303.287948,62.166310000611,London|2026-05-04|high|C,3,London,1,unresolved_or_partial,nan,nan,16°C,nan,True,C,2026-05-04,high,15°C
nan,57.883972,31.537700000744003,Madrid|2026-05-04|high|C,2,Madrid,1,unresolved_or_partial,nan,nan,21°C,nan,True,C,2026-05-04,high,21°C
nan,nan,18.914631992476618,Miami|2026-05-04|high|F,2,Miami,0,unresolved_or_partial,nan,nan,between 78-79°F,nan,True,F,2026-05-04,high,
nan,113.168579,21.187569998184244,Milan|2026-05-04|high|C,2,Milan,1,unresolved_or_partial,nan,nan,22°C,nan,True,C,2026-05-04,high,22°C
nan,-0.038117,32.062200003116004,Moscow|2026-05-04|high|C,1,Moscow,1,not_evaluable_overlap_or_single,nan,nan,25°C,nan,False,C,2026-05-04,high,25°C
nan,nan,13.391100003804,Munich|2026-05-04|high|C,1,Munich,0,unresolved_or_partial,nan,nan,25°C,nan,False,C,2026-05-04,high,
nan,nan,15.065839996229998,Paris|2026-05-04|high|C,2,Paris,0,unresolved_or_partial,nan,nan,16°C,nan,True,C,2026-05-04,high,
nan,nan,28.346759998592002,Sao Paulo|2026-05-04|high|C,5,Sao Paulo,0,unresolved_or_partial,nan,nan,24°C,nan,True,C,2026-05-04,high,
nan,nan,23.0,Seoul|2026-05-04|high|C,2,Seoul,0,unresolved_or_partial,nan,nan,16°C,nan,True,C,2026-05-04,high,
-2.107650026757,4.3791329999999995,2.107650026757,Seoul|2026-05-04|low|C,2,Seoul,2,winner_outside_visible_yes_basket,-2.107650026757,-2.107650026757,7°C,-2.107650026757,True,C,2026-05-04,low,
nan,-11.65467,26.492642001796,Shenzhen|2026-05-04|high|C,2,Shenzhen,1,unresolved_or_partial,nan,nan,27°C,nan,True,C,2026-05-04,high,
nan,nan,3.4362600000000003,Taipei|2026-05-04|high|C,1,Taipei,0,unresolved_or_partial,nan,nan,25°C,nan,False,C,2026-05-04,high,
nan,nan,26.81995900164323,Warsaw|2026-05-04|high|C,1,Warsaw,0,unresolved_or_partial,nan,nan,28°C,nan,False,C,2026-05-04,high,
nan,1.941554,8.253794998662272,Ankara|2026-05-05|high|C,2,Ankara,1,unresolved_or_partial,nan,nan,10°C,nan,True,C,2026-05-05,high,
nan,16.952,64.4575999993,Beijing|2026-05-05|high|C,5,Beijing,1,unresolved_or_partial,nan,nan,29°C,nan,True,C,2026-05-05,high,30°C
nan,10.432174,103.829290012412,Buenos Aires|2026-05-05|high|C,4,Buenos Aires,3,unresolved_or_partial,nan,nan,25°C,nan,True,C,2026-05-05,high,
nan,33.836595,0.8676050000000001,Guangzhou|2026-05-05|high|C,1,Guangzhou,1,not_evaluable_overlap_or_single,nan,nan,23°C,nan,False,C,2026-05-05,high,23°C
nan,2.775162,37.362400000944,Hong Kong|2026-05-05|high|C,1,Hong Kong,1,not_evaluable_overlap_or_single,nan,nan,23°C,nan,False,C,2026-05-05,high,23°C
nan,52.47,28.52960899720572,Hong Kong|2026-05-05|low|C,2,Hong Kong,1,unresolved_or_partial,nan,nan,20°C,nan,True,C,2026-05-05,low,19°C
nan,-2.3236,18.009247000004287,London|2026-05-05|high|C,1,London,1,not_evaluable_overlap_or_single,nan,nan,16°C,nan,False,C,2026-05-05,high,16°C
nan,nan,17.56087,Moscow|2026-05-05|high|C,1,Moscow,0,unresolved_or_partial,nan,nan,26°C,nan,False,C,2026-05-05,high,
nan,171.518295,43.72918799830735,Qingdao|2026-05-05|high|C,3,Qingdao,2,unresolved_or_partial,nan,nan,21°C,nan,True,C,2026-05-05,high,21°C
nan,nan,3.3255099998999995,Seoul|2026-05-05|low|C,1,Seoul,0,unresolved_or_partial,nan,nan,7°C,nan,False,C,2026-05-05,low,
nan,-0.23293,4.328796999830249,Warsaw|2026-05-05|high|C,1,Warsaw,1,not_evaluable_overlap_or_single,nan,nan,27°C,nan,False,C,2026-05-05,high,
nan,0.153533,9.627548998302098,Amsterdam|2026-05-06|high|C,1,Amsterdam,1,not_evaluable_overlap_or_single,nan,nan,16°C,nan,False,C,2026-05-06,high,
-2.37979,-0.277473,2.37979,Beijing|2026-05-06|high|C,3,Beijing,3,winner_outside_visible_yes_basket,-2.37979,-2.37979,27°C,-2.37979,True,C,2026-05-06,high,
nan,169.409844,80.68737499091507,Buenos Aires|2026-05-06|high|C,5,Buenos Aires,3,unresolved_or_partial,nan,nan,26°C,nan,True,C,2026-05-06,high,27°C or higher
15.713150004853002,21.569233,25.166849995147,Busan|2026-05-06|high|C,2,Busan,2,winner_in_basket,0.6181331593678756,22.499410507899437,22°C,26.40311631388275,True,C,2026-05-06,high,22°C
nan,57.825075,50.11575499576267,Hong Kong|2026-05-06|high|C,2,Hong Kong,1,unresolved_or_partial,nan,nan,25°C,nan,True,C,2026-05-06,high,24°C
nan,20.32435,16.58149999993815,London|2026-05-06|high|C,2,London,1,unresolved_or_partial,nan,nan,12°C,nan,True,C,2026-05-06,high,
nan,0.600889,12.592,Milan|2026-05-06|high|C,2,Milan,1,unresolved_or_partial,nan,nan,16°C,nan,True,C,2026-05-06,high,
nan,-0.258248,75.93096700286934,Qingdao|2026-05-06|high|C,3,Qingdao,1,unresolved_or_partial,nan,nan,22°C or below,nan,True,C,2026-05-06,high,
67.86149699767248,5.611828,793.2068090023275,Seoul|2026-05-06|high|C,2,Seoul,2,winner_in_basket,-359.05966544744035,-20.708905274675658,21°C or higher,75.08747810744683,True,C,2026-05-06,high,21°C or higher
nan,nan,2.0,Shanghai|2026-05-06|high|C,1,Shanghai,0,unresolved_or_partial,nan,nan,24°C,nan,False,C,2026-05-06,high,
6.266135001500004,59.985834000000004,64.3238649985,Shenzhen|2026-05-06|high|C,3,Shenzhen,3,winner_in_basket,2.760018574121162,67.59001112763522,27°C,-64.3238649985,True,C,2026-05-06,high,26°C
nan,nan,0.70413,Taipei|2026-05-06|high|C,1,Taipei,0,unresolved_or_partial,nan,nan,30°C,nan,False,C,2026-05-06,high,
nan,nan,2.3679750000000004,Tokyo|2026-05-06|high|C,2,Tokyo,0,unresolved_or_partial,nan,nan,18°C,nan,True,C,2026-05-06,high,
nan,5.402795,44.848670000676,Warsaw|2026-05-06|high|C,1,Warsaw,1,not_evaluable_overlap_or_single,nan,nan,24°C,nan,False,C,2026-05-06,high,24°C
89.31899999999999,-2.276657,6.7010000000000005,Amsterdam|2026-05-07|high|C,2,Amsterdam,2,winner_in_basket,60.309000000000005,90.41494202898551,17°C,127.31900000000002,True,C,2026-05-07,high,17°C
nan,nan,19.959600000000002,Beijing|2026-05-07|high|C,1,Beijing,0,unresolved_or_partial,nan,nan,26°C,nan,False,C,2026-05-07,high,
nan,75.37,35.03571400016477,Madrid|2026-05-07|high|C,4,Madrid,1,unresolved_or_partial,nan,nan,17°C or below,nan,True,C,2026-05-07,high,17°C or below
nan,nan,5.853,Moscow|2026-05-07|high|C,2,Moscow,0,unresolved_or_partial,nan,nan,29°C,nan,True,C,2026-05-07,high,
nan,-10.099813,21.281959999362,Munich|2026-05-07|high|C,3,Munich,1,unresolved_or_partial,nan,nan,16°C,nan,True,C,2026-05-07,high,
nan,nan,2.45,New York City|2026-05-07|high|F,1,New York City,0,unresolved_or_partial,nan,nan,between 66-67°F,nan,False,F,2026-05-07,high,
nan,nan,4.999331000000001,Seoul|2026-05-07|low|C,1,Seoul,0,unresolved_or_partial,nan,nan,13°C,nan,False,C,2026-05-07,low,
nan,nan,1.7352799926,Beijing|2026-05-08|high|C,1,Beijing,0,unresolved_or_partial,nan,nan,29°C,nan,False,C,2026-05-08,high,
nan,2.642412,7.1794900008,Buenos Aires|2026-05-08|high|C,1,Buenos Aires,1,not_evaluable_overlap_or_single,nan,nan,11°C,nan,False,C,2026-05-08,high,
nan,nan,62.92214999419,London|2026-05-08|high|C,4,London,0,unresolved_or_partial,nan,nan,17°C,nan,True,C,2026-05-08,high,
nan,42.72326,22.006800002612003,Qingdao|2026-05-08|high|C,2,Qingdao,1,unresolved_or_partial,nan,nan,25°C,nan,True,C,2026-05-08,high,25°C
nan,42.263672,77.1245349992005,Sao Paulo|2026-05-08|high|C,5,Sao Paulo,3,unresolved_or_partial,nan,nan,30°C,nan,True,C,2026-05-08,high,29°C
nan,84.71687,75.645649994268,Seoul|2026-05-08|high|C,3,Seoul,2,unresolved_or_partial,nan,nan,21°C,nan,True,C,2026-05-08,high,20°C
nan,175.036802,66.79571000018001,Shanghai|2026-05-08|high|C,3,Shanghai,1,unresolved_or_partial,nan,nan,18°C,nan,True,C,2026-05-08,high,19°C
39.09484999805,45.695682,61.40515000195,Shenzhen|2026-05-08|high|C,2,Shenzhen,2,winner_in_basket,-6.476644661658462,25.82362239320006,30°C,48.451860678633075,True,C,2026-05-08,high,30°C
nan,65.232232,21.477579,Warsaw|2026-05-08|high|C,1,Warsaw,1,not_evaluable_overlap_or_single,nan,nan,12°C,nan,False,C,2026-05-08,high,12°C
nan,2.472643,15.663799997800002,Ankara|2026-05-09|high|C,1,Ankara,1,not_evaluable_overlap_or_single,nan,nan,19°C,nan,False,C,2026-05-09,high,
nan,nan,2.682739998994,Buenos Aires|2026-05-09|high|C,3,Buenos Aires,0,unresolved_or_partial,nan,nan,10°C,nan,True,C,2026-05-09,high,
nan,nan,44.179412,Hong Kong|2026-05-09|low|C,3,Hong Kong,0,unresolved_or_partial,nan,nan,22°C,nan,True,C,2026-05-09,low,
nan,9.291373,24.071000003899996,Istanbul|2026-05-09|high|C,2,Istanbul,1,unresolved_or_partial,nan,nan,24°C,nan,True,C,2026-05-09,high,24°C
nan,9.524263,41.57789301180229,Madrid|2026-05-09|high|C,3,Madrid,1,unresolved_or_partial,nan,nan,15°C,nan,True,C,2026-05-09,high,
nan,nan,50.366141990305,Qingdao|2026-05-09|high|C,4,Qingdao,0,unresolved_or_partial,nan,nan,25°C,nan,True,C,2026-05-09,high,
nan,1.813152,12.07699999762,Sao Paulo|2026-05-09|high|C,1,Sao Paulo,1,not_evaluable_overlap_or_single,nan,nan,29°C,nan,False,C,2026-05-09,high,
nan,nan,64.253879995,Seoul|2026-05-09|high|C,2,Seoul,0,unresolved_or_partial,nan,nan,21°C,nan,True,C,2026-05-09,high,
-36.53519999197,34.751619,36.53519999197,Seoul|2026-05-09|low|C,2,Seoul,2,winner_outside_visible_yes_basket,-36.53519999197,-36.53519999197,9°C,-36.53519999197,True,C,2026-05-09,low,
nan,299.141769,17.77020699803916,Shenzhen|2026-05-09|high|C,1,Shenzhen,1,not_evaluable_overlap_or_single,nan,nan,25°C,nan,False,C,2026-05-09,high,25°C
nan,nan,4.5,Toronto|2026-05-09|high|C,1,Toronto,0,unresolved_or_partial,nan,nan,17°C or higher,nan,False,C,2026-05-09,high,
nan,1.397176,14.252459997999999,Warsaw|2026-05-09|high|C,3,Warsaw,1,unresolved_or_partial,nan,nan,12°C,nan,True,C,2026-05-09,high,
nan,nan,20.63031099687211,Busan|2026-05-10|high|C,1,Busan,0,unresolved_or_partial,nan,nan,21°C,nan,False,C,2026-05-10,high,
16.762920001349997,17.588427,59.047079998650005,Hong Kong|2026-05-10|high|C,3,Hong Kong,3,winner_in_basket,26.52839826026303,44.79971585968684,24°C,-59.047079998650005,True,C,2026-05-10,high,26°C
nan,87.478836,27.613075999610494,London|2026-05-10|high|C,3,London,2,unresolved_or_partial,nan,nan,13°C,nan,True,C,2026-05-10,high,13°C
nan,518.841193,89.39809999627501,Qingdao|2026-05-10|high|C,5,Qingdao,4,unresolved_or_partial,nan,nan,23°C,nan,True,C,2026-05-10,high,23°C
42.941090003384005,81.649192,157.01890999661597,Sao Paulo|2026-05-10|high|C,5,Sao Paulo,5,winner_in_basket,-111.55639892968205,40.28025097041959,20°C,70.2936453380537,True,C,2026-05-10,high,20°C
nan,3.615497,359.41529998503,Seoul|2026-05-10|high|C,1,Seoul,1,not_evaluable_overlap_or_single,nan,nan,22°C or higher,nan,False,C,2026-05-10,high,22°C or higher
-24.094000001599998,-2.4021120000000002,24.094000001599998,Shenzhen|2026-05-10|high|C,2,Shenzhen,2,winner_outside_visible_yes_basket,-24.094000001599998,-24.094000001599998,26°C,-24.094000001599998,True,C,2026-05-10,high,
nan,0.2076,0.6228,Tokyo|2026-05-10|high|C,1,Tokyo,1,not_evaluable_overlap_or_single,nan,nan,25°C or higher,nan,False,C,2026-05-10,high,25°C or higher
nan,10.281176,37.362400028778,Ankara|2026-05-11|high|C,3,Ankara,1,unresolved_or_partial,nan,nan,20°C,nan,True,C,2026-05-11,high,
nan,nan,10.979509977002001,Beijing|2026-05-11|high|C,2,Beijing,0,unresolved_or_partial,nan,nan,29°C,nan,True,C,2026-05-11,high,
-93.519019982334,36.479914,93.519019982334,Buenos Aires|2026-05-11|high|C,4,Buenos Aires,4,winner_outside_visible_yes_basket,-93.519019982334,-93.519019982334,19°C,-93.519019982334,True,C,2026-05-11,high,
-21.553300031848,31.906675,21.553300031848,Busan|2026-05-11|high|C,2,Busan,2,winner_outside_visible_yes_basket,-21.553300031848,-21.553300031848,19°C,-21.553300031848,True,C,2026-05-11,high,
nan,147.0,3.0,London|2026-05-11|high|C,1,London,1,not_evaluable_overlap_or_single,nan,nan,11°C,nan,False,C,2026-05-11,high,
nan,9.128738,512.902020004,Munich|2026-05-11|high|C,1,Munich,1,not_evaluable_overlap_or_single,nan,nan,19°C or higher,nan,False,C,2026-05-11,high,19°C or higher
nan,nan,18.95768999894,Paris|2026-05-11|high|C,2,Paris,0,unresolved_or_partial,nan,nan,13°C,nan,True,C,2026-05-11,high,
-56.995669972688,178.212326,56.995669972688,Qingdao|2026-05-11|high|C,5,Qingdao,5,winner_outside_visible_yes_basket,-56.995669972688,-56.995669972688,17°C or below,-56.995669972688,True,C,2026-05-11,high,
nan,25.759189,28.293030000081,Sao Paulo|2026-05-11|high|C,4,Sao Paulo,2,unresolved_or_partial,nan,nan,16°C,nan,True,C,2026-05-11,high,17°C
nan,-3.236116,36.836000012693994,Seoul|2026-05-11|high|C,3,Seoul,2,unresolved_or_partial,nan,nan,18°C,nan,True,C,2026-05-11,high,
-49.608679987326,12.581249999999999,49.608679987326,Shenzhen|2026-05-11|high|C,3,Shenzhen,3,winner_outside_visible_yes_basket,-49.608679987326,-49.608679987326,30°C,-49.608679987326,True,C,2026-05-11,high,
-18.533449994663002,9.071543,18.533449994663002,Taipei|2026-05-11|high|C,2,Taipei,2,winner_outside_visible_yes_basket,-18.533449994663002,-18.533449994663002,32°C or higher,-18.533449994663002,True,C,2026-05-11,high,
nan,-0.134294,1.78476,Beijing|2026-05-12|high|C,1,Beijing,1,not_evaluable_overlap_or_single,nan,nan,30°C,nan,False,C,2026-05-12,high,
nan,10.458108,37.222510006101544,Buenos Aires|2026-05-12|high|C,1,Buenos Aires,1,not_evaluable_overlap_or_single,nan,nan,23°C or higher,nan,False,C,2026-05-12,high,
nan,97.0,98.483699978483,Busan|2026-05-12|high|C,9,Busan,1,unresolved_or_partial,nan,nan,24°C,nan,True,C,2026-05-12,high,21°C
nan,69.894089,19.885999995628,Istanbul|2026-05-12|high|C,1,Istanbul,1,not_evaluable_overlap_or_single,nan,nan,27°C or higher,nan,False,C,2026-05-12,high,27°C or higher
nan,nan,4.817129993079,Moscow|2026-05-12|high|C,2,Moscow,0,unresolved_or_partial,nan,nan,13°C,nan,True,C,2026-05-12,high,
nan,nan,2.2398970020133184,Munich|2026-05-12|high|C,1,Munich,0,unresolved_or_partial,nan,nan,9°C,nan,False,C,2026-05-12,high,
nan,0.01,1.05,Qingdao|2026-05-12|high|C,1,Qingdao,1,not_evaluable_overlap_or_single,nan,nan,31°C or higher,nan,False,C,2026-05-12,high,
nan,nan,2.5500000000000003,Sao Paulo|2026-05-12|high|C,1,Sao Paulo,0,unresolved_or_partial,nan,nan,19°C or below,nan,False,C,2026-05-12,high,
nan,1.369974,26.652199997215998,Seoul|2026-05-12|high|C,5,Seoul,1,unresolved_or_partial,nan,nan,22°C or higher,nan,True,C,2026-05-12,high,
nan,8.60927,3.1262699761920003,Seoul|2026-05-12|low|C,1,Seoul,1,not_evaluable_overlap_or_single,nan,nan,11°C,nan,False,C,2026-05-12,low,
nan,49.920052,41.079999997399995,Taipei|2026-05-12|high|C,1,Taipei,1,not_evaluable_overlap_or_single,nan,nan,29°C or higher,nan,False,C,2026-05-12,high,29°C or higher
nan,45.614121,60.218200006315,Tokyo|2026-05-12|high|C,1,Tokyo,1,not_evaluable_overlap_or_single,nan,nan,25°C or higher,nan,False,C,2026-05-12,high,25°C or higher
nan,33.429639,92.426320025413,Busan|2026-05-13|high|C,4,Busan,3,unresolved_or_partial,nan,nan,26°C,nan,True,C,2026-05-13,high,
nan,8.285672,8.95550000225,Helsinki|2026-05-13|high|C,1,Helsinki,1,not_evaluable_overlap_or_single,nan,nan,14°C,nan,False,C,2026-05-13,high,
17.49199900000012,33.893531,65.81466599999987,Hong Kong|2026-05-13|high|C,2,Hong Kong,2,winner_in_basket,-18.804190688790072,21.938221297752293,31°C or higher,28.20628462241973,True,C,2026-05-13,high,31°C or higher
nan,nan,47.336259997154,London|2026-05-13|high|C,2,London,0,unresolved_or_partial,nan,nan,12°C,nan,True,C,2026-05-13,high,
22.631400003674,13.154888,18.228599996326,Moscow|2026-05-13|high|C,2,Moscow,2,winner_in_basket,38.004646453761296,70.59380128130817,18°C or below,-18.228599996326,True,C,2026-05-13,high,22°C
79.552850012532,90.890948,20.447149987468,Qingdao|2026-05-13|high|C,2,Qingdao,2,winner_in_basket,47.71001663742534,99.57004259999586,23°C or below,115.86718326231868,True,C,2026-05-13,high,23°C or below
nan,-0.460729,28.558730010578003,Seoul|2026-05-13|high|C,3,Seoul,1,unresolved_or_partial,nan,nan,23°C or higher,nan,True,C,2026-05-13,high,
nan,7.003085,57.664169995322,Shenzhen|2026-05-13|high|C,2,Shenzhen,1,unresolved_or_partial,nan,nan,32°C,nan,True,C,2026-05-13,high,33°C or higher
nan,nan,10.568159984444998,Tel Aviv|2026-05-13|high|C,2,Tel Aviv,0,unresolved_or_partial,nan,nan,25°C,nan,True,C,2026-05-13,high,
13.643649994253998,20.815665000000003,36.356350005746,Beijing|2026-05-14|high|C,2,Beijing,2,winner_in_basket,3.161421739630086,36.51367553269768,33°C or below,42.679193485006174,True,C,2026-05-14,high,33°C or below
-73.33788999691399,-19.799429,73.33788999691399,Busan|2026-05-14|high|C,2,Busan,2,winner_outside_visible_yes_basket,-73.33788999691399,-73.33788999691399,27°C,-73.33788999691399,True,C,2026-05-14,high,
nan,nan,33.042799991942005,Istanbul|2026-05-14|high|C,2,Istanbul,0,unresolved_or_partial,nan,nan,14°C,nan,True,C,2026-05-14,high,
nan,nan,17.339739999205,London|2026-05-14|high|C,3,London,0,unresolved_or_partial,nan,nan,10°C,nan,True,C,2026-05-14,high,
452.60516002216303,18.292088,61.484839977837,Miami|2026-05-14|high|F,2,Miami,2,winner_in_basket,302.8356987433089,372.337826526176,between 94-95°F,667.1562374644548,True,F,2026-05-14,high,between 94-95°F
nan,3.951683,10.774279990705,Milan|2026-05-14|high|C,1,Milan,1,not_evaluable_overlap_or_single,nan,nan,14°C,nan,False,C,2026-05-14,high,
nan,10.066854,5.65123000052,Moscow|2026-05-14|high|C,1,Moscow,1,not_evaluable_overlap_or_single,nan,nan,25°C,nan,False,C,2026-05-14,high,
nan,nan,9.334999999,Paris|2026-05-14|high|C,1,Paris,0,unresolved_or_partial,nan,nan,11°C,nan,False,C,2026-05-14,high,
-199.88756400489896,49.788516,222.07756400489896,Seoul|2026-05-14|high|C,4,Seoul,4,winner_in_basket,1.2479660196416091,-20.149807441810594,27°C or higher,-222.07756400489896,True,C,2026-05-14,high,26°C
nan,nan,58.62195996047999,Seoul|2026-05-14|low|C,1,Seoul,0,unresolved_or_partial,nan,nan,11°C or below,nan,False,C,2026-05-14,low,
nan,-28.462799,37.781329990171,Shanghai|2026-05-14|high|C,2,Shanghai,1,unresolved_or_partial,nan,nan,23°C,nan,True,C,2026-05-14,high,
nan,nan,19.597079999358,Tokyo|2026-05-14|high|C,2,Tokyo,0,unresolved_or_partial,nan,nan,23°C,nan,True,C,2026-05-14,high,
nan,4.976401,10.529219995239998,Busan|2026-05-15|high|C,1,Busan,1,not_evaluable_overlap_or_single,nan,nan,28°C,nan,False,C,2026-05-15,high,
nan,0.488053,13.01564997243,Lucknow|2026-05-15|high|C,1,Lucknow,1,not_evaluable_overlap_or_single,nan,nan,43°C,nan,False,C,2026-05-15,high,
nan,72.0375,18.676469999965,Moscow|2026-05-15|high|C,4,Moscow,1,unresolved_or_partial,nan,nan,23°C,nan,True,C,2026-05-15,high,23°C
nan,54.0,46.0,Seoul|2026-05-15|high|C,1,Seoul,1,not_evaluable_overlap_or_single,nan,nan,26°C or higher,nan,False,C,2026-05-15,high,26°C or higher
33.64730000147097,84.63591100000001,553.752699998529,Shenzhen|2026-05-15|high|C,2,Shenzhen,2,winner_in_basket,-232.96192831685437,-67.12185230978633,28°C,87.82884336482027,True,C,2026-05-15,high,28°C
nan,13.959001,11.017100005495,Wellington|2026-05-15|high|C,1,Wellington,1,not_evaluable_overlap_or_single,nan,nan,16°C,nan,False,C,2026-05-15,high,
nan,1.652007,30.877519992167997,Ankara|2026-05-16|high|C,4,Ankara,3,unresolved_or_partial,nan,nan,21°C,nan,True,C,2026-05-16,high,
nan,13.269296,12.254350002884,Buenos Aires|2026-05-16|high|C,2,Buenos Aires,1,unresolved_or_partial,nan,nan,15°C,nan,True,C,2026-05-16,high,
-0.8238800000000001,2.29822,0.8238800000000001,Los Angeles|2026-05-16|high|F,2,Los Angeles,2,winner_outside_visible_yes_basket,-0.8238800000000001,-0.8238800000000001,between 70-71°F,-0.8238800000000001,True,F,2026-05-16,high,
-10.503600002164,-0.7942949999999998,10.503600002164,Moscow|2026-05-16|high|C,2,Moscow,2,winner_outside_visible_yes_basket,-10.503600002164,-10.503600002164,21°C,-10.503600002164,True,C,2026-05-16,high,
nan,nan,0.400408,Munich|2026-05-16|high|C,1,Munich,0,unresolved_or_partial,nan,nan,14°C,nan,False,C,2026-05-16,high,
nan,0.453242,9.527000000000001,Paris|2026-05-16|high|C,1,Paris,1,not_evaluable_overlap_or_single,nan,nan,14°C,nan,False,C,2026-05-16,high,
nan,596.4,4.0,Qingdao|2026-05-16|high|C,2,Qingdao,1,unresolved_or_partial,nan,nan,21°C,nan,True,C,2026-05-16,high,21°C
nan,nan,17.394919998592,Sao Paulo|2026-05-16|high|C,2,Sao Paulo,0,unresolved_or_partial,nan,nan,24°C,nan,True,C,2026-05-16,high,
124.04895999687001,63.157116,36.851040003129995,Seoul|2026-05-16|high|C,3,Seoul,3,winner_in_basket,100.59291772759825,93.41494170227172,25°C,-36.851040003129995,True,C,2026-05-16,high,24°C
nan,146.038813,71.440159993227,Shenzhen|2026-05-16|high|C,3,Shenzhen,1,unresolved_or_partial,nan,nan,26°C,nan,True,C,2026-05-16,high,26°C
-24.00876399720429,-1.5598889999999999,24.00876399720429,Tokyo|2026-05-16|high|C,2,Tokyo,2,winner_outside_visible_yes_basket,-24.00876399720429,-24.00876399720429,27°C,-24.00876399720429,True,C,2026-05-16,high,
-9.18231602388897,2.791882,9.18231602388897,Toronto|2026-05-16|high|C,2,Toronto,2,winner_outside_visible_yes_basket,-9.18231602388897,-9.18231602388897,25°C,-9.18231602388897,True,C,2026-05-16,high,
nan,3.445033,10.325950004017,Ankara|2026-05-17|high|C,1,Ankara,1,not_evaluable_overlap_or_single,nan,nan,21°C,nan,False,C,2026-05-17,high,
nan,5.677997,18.696549988567,Beijing|2026-05-17|high|C,1,Beijing,1,not_evaluable_overlap_or_single,nan,nan,20°C,nan,False,C,2026-05-17,high,
nan,87.290686,22.84939999934,Busan|2026-05-17|high|C,1,Busan,1,not_evaluable_overlap_or_single,nan,nan,30°C,nan,False,C,2026-05-17,high,30°C
nan,80.998036,39.49699998675,London|2026-05-17|high|C,2,London,1,unresolved_or_partial,nan,nan,18°C,nan,True,C,2026-05-17,high,18°C
nan,1.579163,104.675389990921,Miami|2026-05-17|high|F,5,Miami,1,unresolved_or_partial,nan,nan,between 84-85°F,nan,True,F,2026-05-17,high,
nan,3.630675,17.096600002271998,Milan|2026-05-17|high|C,1,Milan,1,not_evaluable_overlap_or_single,nan,nan,22°C,nan,False,C,2026-05-17,high,
-7.79500000675,7.286917,7.79500000675,Moscow|2026-05-17|high|C,2,Moscow,2,winner_outside_visible_yes_basket,-7.79500000675,-7.79500000675,27°C,-7.79500000675,True,C,2026-05-17,high,
-13.437892971649001,1.039409,13.437892971649001,Paris|2026-05-17|high|C,2,Paris,2,winner_outside_visible_yes_basket,-13.437892971649001,-13.437892971649001,18°C,-13.437892971649001,True,C,2026-05-17,high,
nan,4.831571,9.73548999602,Qingdao|2026-05-17|high|C,1,Qingdao,1,not_evaluable_overlap_or_single,nan,nan,20°C or below,nan,False,C,2026-05-17,high,
nan,-17.1858,38.044719994248,Sao Paulo|2026-05-17|high|C,2,Sao Paulo,1,unresolved_or_partial,nan,nan,23°C or higher,nan,True,C,2026-05-17,high,
nan,21.814118,27.998565000000003,Seoul|2026-05-17|high|C,1,Seoul,1,not_evaluable_overlap_or_single,nan,nan,26°C or higher,nan,False,C,2026-05-17,high,
nan,0.25161599999999995,15.690549999724999,Shenzhen|2026-05-17|high|C,3,Shenzhen,2,unresolved_or_partial,nan,nan,26°C,nan,True,C,2026-05-17,high,
nan,-7.695493,29.464880000213,Tel Aviv|2026-05-17|high|C,1,Tel Aviv,1,not_evaluable_overlap_or_single,nan,nan,32°C,nan,False,C,2026-05-17,high,
nan,nan,2.4425000000000003,Chongqing|2026-05-18|high|C,1,Chongqing,0,unresolved_or_partial,nan,nan,22°C,nan,False,C,2026-05-18,high,
nan,nan,41.11553000587,Jeddah|2026-05-18|high|C,3,Jeddah,0,unresolved_or_partial,nan,nan,44°C,nan,True,C,2026-05-18,high,
nan,nan,15.4,Qingdao|2026-05-18|high|C,1,Qingdao,0,unresolved_or_partial,nan,nan,19°C,nan,False,C,2026-05-18,high,
nan,nan,27.453079997798003,Sao Paulo|2026-05-18|high|C,3,Sao Paulo,0,unresolved_or_partial,nan,nan,20°C,nan,True,C,2026-05-18,high,
nan,nan,25.042850004561,Taipei|2026-05-18|high|C,2,Taipei,0,unresolved_or_partial,nan,nan,33°C,nan,True,C,2026-05-18,high,
nan,nan,4.4270150004305115,Wuhan|2026-05-18|high|C,1,Wuhan,0,unresolved_or_partial,nan,nan,23°C,nan,False,C,2026-05-18,high,
5.5942,0.673199,4.4058,Shanghai|2026-05-20|high|C,2,Shanghai,2,winner_in_basket,4.4058,7.188410526315789,27°C,13.217400000000001,True,C,2026-05-20,high,27°C
nan,91.168095,69.9827260019,Shenzhen|2026-05-20|high|C,3,Shenzhen,1,unresolved_or_partial,nan,nan,30°C,nan,True,C,2026-05-20,high,31°C or higher
nan,3.72,0.36000000000000004,Taipei|2026-05-20|high|C,2,Taipei,1,unresolved_or_partial,nan,nan,35°C,nan,True,C,2026-05-20,high,35°C
nan,0.309484,16.267450011570002,Ankara|2026-05-21|high|C,1,Ankara,1,not_evaluable_overlap_or_single,nan,nan,14°C,nan,False,C,2026-05-21,high,
-53.776603037080086,19.264678,53.776603037080086,Beijing|2026-05-21|high|C,2,Beijing,2,winner_outside_visible_yes_basket,-53.776603037080086,-53.776603037080086,31°C,-53.776603037080086,True,C,2026-05-21,high,
315.493890034598,226.741546,110.756109965402,Busan|2026-05-21|high|C,6,Busan,6,winner_in_basket,564.8372985798685,284.6940648954835,19°C,-110.756109965402,True,C,2026-05-21,high,21°C
nan,136.354426,92.30519998312,London|2026-05-21|high|C,3,London,1,unresolved_or_partial,nan,nan,24°C,nan,True,C,2026-05-21,high,24°C
nan,10.720179,13.543229983045,Mexico City|2026-05-21|high|C,1,Mexico City,1,not_evaluable_overlap_or_single,nan,nan,21°C,nan,False,C,2026-05-21,high,
nan,nan,1.199988,Moscow|2026-05-21|high|C,1,Moscow,0,unresolved_or_partial,nan,nan,33°C or higher,nan,False,C,2026-05-21,high,
nan,8.268253,24.477509999566003,New York City|2026-05-21|high|F,1,New York City,1,not_evaluable_overlap_or_single,nan,nan,between 64-65°F,nan,False,F,2026-05-21,high,
-11.651649997576001,10.23112,11.651649997576001,Panama City|2026-05-21|high|C,2,Panama City,2,winner_outside_visible_yes_basket,-11.651649997576001,-11.651649997576001,29°C,-11.651649997576001,True,C,2026-05-21,high,
nan,nan,24.0,Paris|2026-05-21|high|C,1,Paris,0,unresolved_or_partial,nan,nan,25°C,nan,False,C,2026-05-21,high,
nan,37.81666,34.314629998545996,Qingdao|2026-05-21|high|C,1,Qingdao,1,not_evaluable_overlap_or_single,nan,nan,19°C or below,nan,False,C,2026-05-21,high,
nan,78.712118,96.47883598040272,Seoul|2026-05-21|high|C,4,Seoul,3,unresolved_or_partial,nan,nan,18°C,nan,True,C,2026-05-21,high,20°C
nan,-40.732943999999996,134.541259957617,Shenzhen|2026-05-21|high|C,6,Shenzhen,5,unresolved_or_partial,nan,nan,27°C,nan,True,C,2026-05-21,high,29°C
-7.329999999499998,6.17762,13.329999999499998,Taipei|2026-05-21|high|C,3,Taipei,3,winner_in_basket,31.103333332166663,18.54089061591754,37°C,-13.329999999499998,True,C,2026-05-21,high,36°C
nan,-6.0066,28.67500000165,Warsaw|2026-05-21|high|C,2,Warsaw,1,unresolved_or_partial,nan,nan,24°C,nan,True,C,2026-05-21,high,24°C
nan,nan,13.460899997004999,Amsterdam|2026-05-22|high|C,1,Amsterdam,0,unresolved_or_partial,nan,nan,26°C,nan,False,C,2026-05-22,high,
nan,nan,6.253819989456001,Beijing|2026-05-22|high|C,1,Beijing,0,unresolved_or_partial,nan,nan,23°C,nan,False,C,2026-05-22,high,
-64.04628704101201,37.122652,64.04628704101201,Buenos Aires|2026-05-22|high|C,5,Buenos Aires,5,winner_outside_visible_yes_basket,-64.04628704101201,-64.04628704101201,12°C,-64.04628704101201,True,C,2026-05-22,high,
-28.987560017042004,8.229837,28.987560017042004,Busan|2026-05-22|high|C,3,Busan,3,winner_outside_visible_yes_basket,-28.987560017042004,-28.987560017042004,21°C,-28.987560017042004,True,C,2026-05-22,high,
nan,7.201128,88.94400000000002,Hong Kong|2026-05-22|high|C,1,Hong Kong,1,not_evaluable_overlap_or_single,nan,nan,31°C or higher,nan,False,C,2026-05-22,high,31°C or higher
nan,400.775769,245.05597800452512,London|2026-05-22|high|C,4,London,1,unresolved_or_partial,nan,nan,28°C,nan,True,C,2026-05-22,high,28°C
nan,nan,1.901029998,Madrid|2026-05-22|high|C,1,Madrid,0,unresolved_or_partial,nan,nan,33°C,nan,False,C,2026-05-22,high,
nan,0.140913,2.5486400049599998,Moscow|2026-05-22|high|C,1,Moscow,1,not_evaluable_overlap_or_single,nan,nan,31°C,nan,False,C,2026-05-22,high,
nan,-12.839158,45.998863999896095,Seoul|2026-05-22|high|C,1,Seoul,1,not_evaluable_overlap_or_single,nan,nan,27°C or higher,nan,False,C,2026-05-22,high,
380.1798959916822,51.073983999999996,215.64294300831784,Shenzhen|2026-05-22|high|C,3,Shenzhen,3,winner_in_basket,-6.860480134693887,271.347401007105,32°C or higher,410.7044456125541,True,C,2026-05-22,high,32°C or higher
-28.13901199761768,5.497022,28.13901199761768,Taipei|2026-05-22|high|C,2,Taipei,2,winner_outside_visible_yes_basket,-28.13901199761768,-28.13901199761768,36°C or higher,-28.13901199761768,True,C,2026-05-22,high,
nan,4.859733,27.466599995456,Toronto|2026-05-22|high|C,1,Toronto,1,not_evaluable_overlap_or_single,nan,nan,17°C,nan,False,C,2026-05-22,high,
nan,-3.716021,31.93469999446,Warsaw|2026-05-22|high|C,1,Warsaw,1,not_evaluable_overlap_or_single,nan,nan,24°C,nan,False,C,2026-05-22,high,
nan,nan,12.849215,Beijing|2026-05-23|high|C,1,Beijing,0,unresolved_or_partial,nan,nan,27°C,nan,False,C,2026-05-23,high,
nan,3.627518,21.511750045832,Busan|2026-05-23|high|C,1,Busan,1,not_evaluable_overlap_or_single,nan,nan,18°C,nan,False,C,2026-05-23,high,
nan,-14.749991,18.40632500267433,Helsinki|2026-05-23|high|C,1,Helsinki,1,not_evaluable_overlap_or_single,nan,nan,26°C or higher,nan,False,C,2026-05-23,high,
nan,nan,11.80896699961538,Hong Kong|2026-05-23|high|C,2,Hong Kong,0,unresolved_or_partial,nan,nan,32°C,nan,True,C,2026-05-23,high,
nan,1.7159209999999998,93.7584759953587,London|2026-05-23|high|C,3,London,2,unresolved_or_partial,nan,nan,28°C,nan,True,C,2026-05-23,high,30°C
nan,-7.99984,8.999897993057107,Qingdao|2026-05-23|high|C,1,Qingdao,1,not_evaluable_overlap_or_single,nan,nan,20°C or below,nan,False,C,2026-05-23,high,
nan,180.384089,29.000127992500904,Sao Paulo|2026-05-23|high|C,4,Sao Paulo,1,unresolved_or_partial,nan,nan,18°C,nan,True,C,2026-05-23,high,18°C
nan,-2.750376,48.364299002355004,Seoul|2026-05-23|high|C,2,Seoul,1,unresolved_or_partial,nan,nan,20°C,nan,True,C,2026-05-23,high,
nan,nan,176.88675200530378,Shenzhen|2026-05-23|high|C,3,Shenzhen,0,unresolved_or_partial,nan,nan,33°C,nan,True,C,2026-05-23,high,
nan,1.739556,4.49928,Wuhan|2026-05-23|high|C,1,Wuhan,1,not_evaluable_overlap_or_single,nan,nan,30°C,nan,False,C,2026-05-23,high,
nan,nan,11.649600000816,Amsterdam|2026-05-24|high|C,1,Amsterdam,0,unresolved_or_partial,nan,nan,25°C,nan,False,C,2026-05-24,high,
nan,nan,15.320360004892,Ankara|2026-05-24|high|C,1,Ankara,0,unresolved_or_partial,nan,nan,20°C,nan,False,C,2026-05-24,high,
nan,-4.433229,35.859319995732,Buenos Aires|2026-05-24|high|C,2,Buenos Aires,1,unresolved_or_partial,nan,nan,14°C,nan,True,C,2026-05-24,high,
nan,nan,4.0,Busan|2026-05-24|high|C,1,Busan,0,unresolved_or_partial,nan,nan,23°C,nan,False,C,2026-05-24,high,
nan,nan,0.9211,Helsinki|2026-05-24|high|C,1,Helsinki,0,unresolved_or_partial,nan,nan,22°C or higher,nan,False,C,2026-05-24,high,
nan,-15.59571,69.988000004394,London|2026-05-24|high|C,4,London,3,unresolved_or_partial,nan,nan,28°C,nan,True,C,2026-05-24,high,
nan,nan,0.7320099992001665,Miami|2026-05-24|high|F,1,Miami,0,unresolved_or_partial,nan,nan,between 84-85°F,nan,False,F,2026-05-24,high,
nan,1.39841,14.364700000524998,Milan|2026-05-24|high|C,1,Milan,1,not_evaluable_overlap_or_single,nan,nan,31°C,nan,False,C,2026-05-24,high,
nan,168.559,72.22288499828224,Moscow|2026-05-24|high|C,2,Moscow,1,unresolved_or_partial,nan,nan,21°C,nan,True,C,2026-05-24,high,21°C
nan,nan,13.188460000000001,New York City|2026-05-24|high|F,2,New York City,0,unresolved_or_partial,nan,nan,between 54-55°F,nan,True,F,2026-05-24,high,
nan,-1.632145,4.976067997092233,Paris|2026-05-24|high|C,1,Paris,1,not_evaluable_overlap_or_single,nan,nan,32°C,nan,False,C,2026-05-24,high,
nan,nan,13.728641995283121,Qingdao|2026-05-24|high|C,3,Qingdao,0,unresolved_or_partial,nan,nan,20°C,nan,True,C,2026-05-24,high,
151.811799992358,0.3825749999999999,21.688200007642,Sao Paulo|2026-05-24|high|C,2,Sao Paulo,2,winner_in_basket,253.0885481306265,135.0947693732568,24°C,-21.688200007642,True,C,2026-05-24,high,25°C or higher
127.937700002838,-1.365868,36.82229999716199,Seattle|2026-05-24|high|F,2,Seattle,2,winner_in_basket,69.41744958834795,138.12320168121002,between 72-73°F,175.6571991738579,True,F,2026-05-24,high,between 72-73°F
nan,0.095,0.10999999999999999,Seoul|2026-05-24|high|C,1,Seoul,1,not_evaluable_overlap_or_single,nan,nan,24°C,nan,False,C,2026-05-24,high,24°C
nan,nan,0.7994,Shanghai|2026-05-24|low|C,1,Shanghai,0,unresolved_or_partial,nan,nan,21°C,nan,False,C,2026-05-24,low,
nan,-8.748072,35.25139999446,Shenzhen|2026-05-24|high|C,1,Shenzhen,1,not_evaluable_overlap_or_single,nan,nan,33°C,nan,False,C,2026-05-24,high,
nan,nan,2.9450000015,Taipei|2026-05-24|high|C,1,Taipei,0,unresolved_or_partial,nan,nan,32°C,nan,False,C,2026-05-24,high,
nan,48.586887,3.078140001496,Toronto|2026-05-24|high|C,2,Toronto,1,unresolved_or_partial,nan,nan,14°C,nan,True,C,2026-05-24,high,14°C
nan,0.275247,14.49,Warsaw|2026-05-24|high|C,1,Warsaw,1,not_evaluable_overlap_or_single,nan,nan,26°C,nan,False,C,2026-05-24,high,
nan,nan,3.2,Wuhan|2026-05-24|high|C,1,Wuhan,0,unresolved_or_partial,nan,nan,30°C,nan,False,C,2026-05-24,high,
nan,nan,2.1929999999999996,Chengdu|2026-05-25|high|C,1,Chengdu,0,unresolved_or_partial,nan,nan,30°C,nan,False,C,2026-05-25,high,
nan,-9.722394,37.93657400763153,Hong Kong|2026-05-25|high|C,1,Hong Kong,1,not_evaluable_overlap_or_single,nan,nan,33°C or higher,nan,False,C,2026-05-25,high,
nan,nan,119.82740604432615,London|2026-05-25|high|C,4,London,0,unresolved_or_partial,nan,nan,34°C,nan,True,C,2026-05-25,high,
nan,nan,14.53282,Madrid|2026-05-25|high|C,3,Madrid,0,unresolved_or_partial,nan,nan,30°C,nan,True,C,2026-05-25,high,
nan,69.7495,17.117408003843998,Miami|2026-05-25|high|F,2,Miami,1,unresolved_or_partial,nan,nan,between 86-87°F,nan,True,F,2026-05-25,high,between 86-87°F
nan,3.402002,27.768599002559313,Paris|2026-05-25|high|C,1,Paris,1,not_evaluable_overlap_or_single,nan,nan,34°C or higher,nan,False,C,2026-05-25,high,
nan,nan,0.8300000000000001,Qingdao|2026-05-25|high|C,1,Qingdao,0,unresolved_or_partial,nan,nan,27°C,nan,False,C,2026-05-25,high,
nan,nan,0.17729999999999999,San Francisco|2026-05-25|high|F,1,San Francisco,0,unresolved_or_partial,nan,nan,between 60-61°F,nan,False,F,2026-05-25,high,
nan,-3.37195,12.897279990982998,Sao Paulo|2026-05-25|high|C,3,Sao Paulo,1,unresolved_or_partial,nan,nan,24°C,nan,True,C,2026-05-25,high,
nan,0.0,0.00030000000000000003,Seattle|2026-05-25|high|F,1,Seattle,1,not_evaluable_overlap_or_single,nan,nan,between 64-65°F,nan,False,F,2026-05-25,high,
nan,nan,20.953282000632004,Seoul|2026-05-25|high|C,1,Seoul,0,unresolved_or_partial,nan,nan,26°C,nan,False,C,2026-05-25,high,
nan,77.133956,95.703330002103,Shenzhen|2026-05-25|high|C,3,Shenzhen,1,unresolved_or_partial,nan,nan,33°C,nan,True,C,2026-05-25,high,33°C
nan,nan,31.827943998162546,Taipei|2026-05-25|high|C,3,Taipei,0,unresolved_or_partial,nan,nan,38°C,nan,True,C,2026-05-25,high,
nan,nan,28.299020027567998,Warsaw|2026-05-25|high|C,2,Warsaw,0,unresolved_or_partial,nan,nan,24°C,nan,True,C,2026-05-25,high,
nan,nan,13.725412001479999,Ankara|2026-05-26|high|C,1,Ankara,0,unresolved_or_partial,nan,nan,23°C,nan,False,C,2026-05-26,high,
nan,195.432463,14.799800993518067,Buenos Aires|2026-05-26|high|C,2,Buenos Aires,1,unresolved_or_partial,nan,nan,14°C or below,nan,True,C,2026-05-26,high,14°C or below
nan,nan,4.998945,Busan|2026-05-26|high|C,1,Busan,0,unresolved_or_partial,nan,nan,23°C,nan,False,C,2026-05-26,high,
nan,nan,182.39596200430165,London|2026-05-26|high|C,3,London,0,unresolved_or_partial,nan,nan,35°C,nan,True,C,2026-05-26,high,
nan,nan,1.2869700000000002,Los Angeles|2026-05-26|high|F,1,Los Angeles,0,unresolved_or_partial,nan,nan,between 60-61°F,nan,False,F,2026-05-26,high,
nan,nan,11.400000001,Madrid|2026-05-26|high|C,1,Madrid,0,unresolved_or_partial,nan,nan,33°C,nan,False,C,2026-05-26,high,
nan,-0.88611,28.999999999999996,Miami|2026-05-26|high|F,1,Miami,1,not_evaluable_overlap_or_single,nan,nan,between 86-87°F,nan,False,F,2026-05-26,high,between 86-87°F
nan,nan,0.84,Moscow|2026-05-26|high|C,1,Moscow,0,unresolved_or_partial,nan,nan,13°C,nan,False,C,2026-05-26,high,
nan,-20.315199,49.98570000459401,Paris|2026-05-26|high|C,1,Paris,1,not_evaluable_overlap_or_single,nan,nan,33°C,nan,False,C,2026-05-26,high,
nan,nan,1.2,Qingdao|2026-05-26|high|C,1,Qingdao,0,unresolved_or_partial,nan,nan,23°C,nan,False,C,2026-05-26,high,
nan,31.662803,567.5350620223619,Seoul|2026-05-26|high|C,3,Seoul,2,unresolved_or_partial,nan,nan,25°C or higher,nan,True,C,2026-05-26,high,25°C or higher
nan,-49.942809,54.4917100032,Shenzhen|2026-05-26|high|C,1,Shenzhen,1,not_evaluable_overlap_or_single,nan,nan,34°C,nan,False,C,2026-05-26,high,
nan,0.229878,19.17339999834,Toronto|2026-05-26|high|C,2,Toronto,1,unresolved_or_partial,nan,nan,30°C or higher,nan,True,C,2026-05-26,high,
nan,nan,1.284485,Ankara|2026-05-27|high|C,1,Ankara,0,unresolved_or_partial,nan,nan,26°C,nan,False,C,2026-05-27,high,
nan,nan,11.0,Chengdu|2026-05-27|high|C,1,Chengdu,0,unresolved_or_partial,nan,nan,32°C,nan,False,C,2026-05-27,high,
nan,nan,0.3,Chongqing|2026-05-27|high|C,1,Chongqing,0,unresolved_or_partial,nan,nan,33°C,nan,False,C,2026-05-27,high,
nan,-2.700583,18.66735000045473,Helsinki|2026-05-27|high|C,3,Helsinki,1,unresolved_or_partial,nan,nan,13°C,nan,True,C,2026-05-27,high,
nan,nan,22.5,Istanbul|2026-05-27|high|C,1,Istanbul,0,unresolved_or_partial,nan,nan,26°C,nan,False,C,2026-05-27,high,
nan,nan,7.199953999966483,Madrid|2026-05-27|high|C,2,Madrid,0,unresolved_or_partial,nan,nan,32°C,nan,True,C,2026-05-27,high,
nan,-8.083637,19.849760002331,Sao Paulo|2026-05-27|high|C,3,Sao Paulo,1,unresolved_or_partial,nan,nan,25°C or higher,nan,True,C,2026-05-27,high,
nan,nan,67.733100002818,Seoul|2026-05-27|high|C,1,Seoul,0,unresolved_or_partial,nan,nan,23°C,nan,False,C,2026-05-27,high,
nan,nan,41.58649995767,Seoul|2026-05-27|low|C,4,Seoul,0,unresolved_or_partial,nan,nan,18°C,nan,True,C,2026-05-27,low,
nan,nan,4.65,Shanghai|2026-05-27|high|C,1,Shanghai,0,unresolved_or_partial,nan,nan,26°C,nan,False,C,2026-05-27,high,
nan,nan,20.782829004911658,Shenzhen|2026-05-27|high|C,1,Shenzhen,0,unresolved_or_partial,nan,nan,34°C,nan,False,C,2026-05-27,high,
nan,nan,72.18684,Tokyo|2026-05-27|high|C,2,Tokyo,0,unresolved_or_partial,nan,nan,28°C,nan,True,C,2026-05-27,high,
nan,nan,22.7065719998189,Toronto|2026-05-27|high|C,3,Toronto,0,unresolved_or_partial,nan,nan,22°C,nan,True,C,2026-05-27,high,
nan,nan,8.418639992963,Wuhan|2026-05-27|high|C,1,Wuhan,0,unresolved_or_partial,nan,nan,23°C or below,nan,False,C,2026-05-27,high,
nan,nan,17.5119800128,Buenos Aires|2026-05-28|high|C,3,Buenos Aires,0,unresolved_or_partial,nan,nan,14°C,nan,True,C,2026-05-28,high,
nan,nan,17.685600002999998,Busan|2026-05-28|high|C,1,Busan,0,unresolved_or_partial,nan,nan,26°C,nan,False,C,2026-05-28,high,
nan,nan,36.105760008879,London|2026-05-28|high|C,5,London,0,unresolved_or_partial,nan,nan,29°C,nan,True,C,2026-05-28,high,
nan,89.9748,9.9972,Paris|2026-05-28|high|C,1,Paris,1,not_evaluable_overlap_or_single,nan,nan,33°C,nan,False,C,2026-05-28,high,33°C
nan,0.0,0.40152000000000004,Qingdao|2026-05-28|high|C,2,Qingdao,1,unresolved_or_partial,nan,nan,33°C,nan,True,C,2026-05-28,high,
nan,111.02555,159.15339300844488,Seoul|2026-05-28|high|C,5,Seoul,2,unresolved_or_partial,nan,nan,22°C,nan,True,C,2026-05-28,high,23°C
nan,nan,0.005,Seoul|2026-05-28|low|C,1,Seoul,0,unresolved_or_partial,nan,nan,15°C,nan,False,C,2026-05-28,low,
-56.575700000824,-30.627312999999997,56.575700000824,Shenzhen|2026-05-28|high|C,3,Shenzhen,3,winner_outside_visible_yes_basket,-56.575700000824,-56.575700000824,35°C or higher,-56.575700000824,True,C,2026-05-28,high,
nan,-0.219947,75.100100001693,Busan|2026-05-29|high|C,1,Busan,1,not_evaluable_overlap_or_single,nan,nan,26°C,nan,False,C,2026-05-29,high,26°C
nan,71.624627,35.76762101442227,London|2026-05-29|high|C,3,London,2,unresolved_or_partial,nan,nan,25°C,nan,True,C,2026-05-29,high,
nan,nan,2.17256999708,London|2026-05-29|low|C,2,London,0,unresolved_or_partial,nan,nan,21°C,nan,True,C,2026-05-29,low,
nan,-5.47988,155.105179999296,Seoul|2026-05-29|high|C,4,Seoul,2,unresolved_or_partial,nan,nan,22°C,nan,True,C,2026-05-29,high,25°C
nan,nan,83.045907996204,Shenzhen|2026-05-29|high|C,2,Shenzhen,0,unresolved_or_partial,nan,nan,36°C,nan,True,C,2026-05-29,high,
nan,-0.297214,20.3192,Taipei|2026-05-29|high|C,1,Taipei,1,not_evaluable_overlap_or_single,nan,nan,29°C,nan,False,C,2026-05-29,high,29°C
nan,-14.477659,32.851,Tokyo|2026-05-29|high|C,1,Tokyo,1,not_evaluable_overlap_or_single,nan,nan,31°C or higher,nan,False,C,2026-05-29,high,
-31.243429997950997,-14.260604,31.243429997950997,Ankara|2026-05-30|high|C,2,Ankara,2,winner_outside_visible_yes_basket,-31.243429997950997,-31.243429997950997,16°C,-31.243429997950997,True,C,2026-05-30,high,
nan,-10.472909,46.493019996305,London|2026-05-30|high|C,3,London,1,unresolved_or_partial,nan,nan,30°C,nan,True,C,2026-05-30,high,
nan,nan,0.9882,New York City|2026-05-30|high|F,1,New York City,0,unresolved_or_partial,nan,nan,between 66-67°F,nan,False,F,2026-05-30,high,
nan,nan,13.266344000215032,Qingdao|2026-05-30|high|C,2,Qingdao,0,unresolved_or_partial,nan,nan,30°C or below,nan,True,C,2026-05-30,high,
nan,nan,11.545479997,Seattle|2026-05-30|high|F,1,Seattle,0,unresolved_or_partial,nan,nan,between 66-67°F,nan,False,F,2026-05-30,high,
nan,-12.27002,54.9086999985,Seoul|2026-05-30|high|C,2,Seoul,1,unresolved_or_partial,nan,nan,26°C,nan,True,C,2026-05-30,high,
-3.8,0.5397909999999999,3.8,Seoul|2026-05-30|low|C,2,Seoul,2,winner_outside_visible_yes_basket,-3.8,-3.8,14°C,-3.8,True,C,2026-05-30,low,
nan,nan,2.73,Tokyo|2026-05-30|high|C,1,Tokyo,0,unresolved_or_partial,nan,nan,29°C or higher,nan,False,C,2026-05-30,high,
nan,-0.556365,14.57946,Warsaw|2026-05-30|high|C,1,Warsaw,1,not_evaluable_overlap_or_single,nan,nan,23°C,nan,False,C,2026-05-30,high,
nan,-80.36240699999999,231.499700001666,Istanbul|2026-05-31|high|C,3,Istanbul,2,unresolved_or_partial,nan,nan,26°C or higher,nan,True,C,2026-05-31,high,26°C or higher
nan,128.853744,76.36828800573734,London|2026-05-31|high|C,5,London,2,unresolved_or_partial,nan,nan,24°C,nan,True,C,2026-05-31,high,24°C
nan,73.522092,63.19234900405673,Munich|2026-05-31|high|C,3,Munich,1,unresolved_or_partial,nan,nan,29°C,nan,True,C,2026-05-31,high,29°C
nan,nan,18.599849992097134,Qingdao|2026-05-31|high|C,1,Qingdao,0,unresolved_or_partial,nan,nan,27°C or below,nan,False,C,2026-05-31,high,
nan,nan,1.7117499999999999,Seattle|2026-05-31|high|F,1,Seattle,0,unresolved_or_partial,nan,nan,between 70-71°F,nan,False,F,2026-05-31,high,
nan,22.703363,33.058600000000006,Seoul|2026-05-31|high|C,1,Seoul,1,not_evaluable_overlap_or_single,nan,nan,28°C or higher,nan,False,C,2026-05-31,high,
nan,13.650176,16.01048,Shenzhen|2026-05-31|high|C,3,Shenzhen,1,unresolved_or_partial,nan,nan,31°C,nan,True,C,2026-05-31,high,29°C
nan,nan,11.900699999999999,Toronto|2026-05-31|high|C,1,Toronto,0,unresolved_or_partial,nan,nan,26°C or higher,nan,False,C,2026-05-31,high,
nan,-0.239887,51.77738799943381,Warsaw|2026-05-31|high|C,3,Warsaw,1,unresolved_or_partial,nan,nan,20°C,nan,True,C,2026-05-31,high,20°C
-28.397299996097004,-4.553204,28.397299996097004,Istanbul|2026-06-01|high|C,2,Istanbul,2,winner_outside_visible_yes_basket,-28.397299996097004,-28.397299996097004,28°C,-28.397299996097004,True,C,2026-06-01,high,
nan,315.829702,168.76897600859658,London|2026-06-01|high|C,4,London,1,unresolved_or_partial,nan,nan,24°C,nan,True,C,2026-06-01,high,23°C
nan,nan,2.1172,Los Angeles|2026-06-01|high|F,1,Los Angeles,0,unresolved_or_partial,nan,nan,74°F or higher,nan,False,F,2026-06-01,high,
nan,85.0,25.9199999995,Miami|2026-06-01|high|F,3,Miami,1,unresolved_or_partial,nan,nan,between 92-93°F,nan,True,F,2026-06-01,high,between 92-93°F
nan,54.5144,11.165600000000001,Moscow|2026-06-01|high|C,1,Moscow,1,not_evaluable_overlap_or_single,nan,nan,20°C or higher,nan,False,C,2026-06-01,high,20°C or higher
nan,nan,26.147133999869148,Munich|2026-06-01|high|C,3,Munich,0,unresolved_or_partial,nan,nan,21°C,nan,True,C,2026-06-01,high,
nan,nan,36.673030004164,Paris|2026-06-01|high|C,1,Paris,0,unresolved_or_partial,nan,nan,27°C,nan,False,C,2026-06-01,high,
nan,nan,17.603200003029,Sao Paulo|2026-06-01|high|C,2,Sao Paulo,0,unresolved_or_partial,nan,nan,19°C or below,nan,True,C,2026-06-01,high,
nan,nan,9.04768,Seoul|2026-06-01|low|C,2,Seoul,0,unresolved_or_partial,nan,nan,15°C,nan,True,C,2026-06-01,low,
nan,nan,22.382,Shanghai|2026-06-01|high|C,1,Shanghai,0,unresolved_or_partial,nan,nan,29°C,nan,False,C,2026-06-01,high,
nan,-1.0,37.0,Taipei|2026-06-01|high|C,1,Taipei,1,not_evaluable_overlap_or_single,nan,nan,31°C or higher,nan,False,C,2026-06-01,high,
nan,nan,21.997011000188905,Busan|2026-06-02|high|C,2,Busan,0,unresolved_or_partial,nan,nan,25°C,nan,True,C,2026-06-02,high,
nan,65.180015,77.163479994632,London|2026-06-02|high|C,5,London,1,unresolved_or_partial,nan,nan,20°C,nan,True,C,2026-06-02,high,19°C
-18.01833999962499,3.726304,79.148339999625,Miami|2026-06-02|high|F,2,Miami,2,winner_in_basket,-33.7583395099997,-19.306581406981955,between 92-93°F,11.631660979625593,True,F,2026-06-02,high,between 92-93°F
nan,40.143773,79.196840016576,Milan|2026-06-02|high|C,6,Milan,5,unresolved_or_partial,nan,nan,20°C,nan,True,C,2026-06-02,high,23°C
nan,nan,35.530219993517,Qingdao|2026-06-02|high|C,4,Qingdao,0,unresolved_or_partial,nan,nan,26°C,nan,True,C,2026-06-02,high,
49.46565,-23.943088,59.66435,Seoul|2026-06-02|high|C,2,Seoul,2,winner_in_basket,59.66435,67.4059921394418,30°C or higher,-59.66435,True,C,2026-06-02,high,29°C
nan,nan,20.254926001028,Shenzhen|2026-06-02|high|C,2,Shenzhen,0,unresolved_or_partial,nan,nan,34°C,nan,True,C,2026-06-02,high,
nan,nan,35.419959997528,Ankara|2026-06-03|high|C,1,Ankara,0,unresolved_or_partial,nan,nan,27°C,nan,False,C,2026-06-03,high,
nan,nan,26.066399994532,Atlanta|2026-06-03|high|F,1,Atlanta,0,unresolved_or_partial,nan,nan,between 80-81°F,nan,False,F,2026-06-03,high,
nan,nan,3.3,Beijing|2026-06-03|high|C,1,Beijing,0,unresolved_or_partial,nan,nan,31°C,nan,False,C,2026-06-03,high,
nan,nan,6.7797,Buenos Aires|2026-06-03|high|C,2,Buenos Aires,0,unresolved_or_partial,nan,nan,21°C or higher,nan,True,C,2026-06-03,high,
nan,nan,4.0,Chongqing|2026-06-03|high|C,1,Chongqing,0,unresolved_or_partial,nan,nan,30°C,nan,False,C,2026-06-03,high,
nan,nan,3.9999330000000004,Dallas|2026-06-03|high|F,1,Dallas,0,unresolved_or_partial,nan,nan,between 86-87°F,nan,False,F,2026-06-03,high,
nan,nan,3.78525,Hong Kong|2026-06-03|low|C,1,Hong Kong,0,unresolved_or_partial,nan,nan,29°C,nan,False,C,2026-06-03,low,
nan,nan,51.77964900183465,London|2026-06-03|high|C,2,London,0,unresolved_or_partial,nan,nan,20°C,nan,True,C,2026-06-03,high,
nan,nan,26.828010033587002,Madrid|2026-06-03|high|C,3,Madrid,0,unresolved_or_partial,nan,nan,30°C,nan,True,C,2026-06-03,high,
nan,nan,1.979535004372094,Milan|2026-06-03|high|C,1,Milan,0,unresolved_or_partial,nan,nan,26°C,nan,False,C,2026-06-03,high,
nan,69.396485,17.76604600063302,Moscow|2026-06-03|high|C,2,Moscow,1,unresolved_or_partial,nan,nan,24°C,nan,True,C,2026-06-03,high,24°C
nan,nan,9.078000000000001,Munich|2026-06-03|high|C,1,Munich,0,unresolved_or_partial,nan,nan,17°C,nan,False,C,2026-06-03,high,
nan,nan,53.832,New York City|2026-06-03|high|F,2,New York City,0,unresolved_or_partial,nan,nan,between 84-85°F,nan,True,F,2026-06-03,high,
nan,nan,5.599909000096683,Paris|2026-06-03|high|C,1,Paris,0,unresolved_or_partial,nan,nan,21°C,nan,False,C,2026-06-03,high,
nan,82.802613,28.187399999999997,Qingdao|2026-06-03|high|C,1,Qingdao,1,not_evaluable_overlap_or_single,nan,nan,24°C or below,nan,False,C,2026-06-03,high,24°C or below
nan,nan,5.499380001709284,Shanghai|2026-06-03|high|C,2,Shanghai,0,unresolved_or_partial,nan,nan,28°C,nan,True,C,2026-06-03,high,
nan,nan,4.7540000000000004,Shenzhen|2026-06-03|high|C,2,Shenzhen,0,unresolved_or_partial,nan,nan,31°C,nan,True,C,2026-06-03,high,
nan,164.380443,86.970817004825,Tokyo|2026-06-03|high|C,4,Tokyo,1,unresolved_or_partial,nan,nan,21°C,nan,True,C,2026-06-03,high,21°C
nan,nan,10.832936,Tokyo|2026-06-03|low|C,4,Tokyo,0,unresolved_or_partial,nan,nan,17°C,nan,True,C,2026-06-03,low,
nan,nan,1.265,Ankara|2026-06-04|high|C,1,Ankara,0,unresolved_or_partial,nan,nan,25°C,nan,False,C,2026-06-04,high,
nan,nan,16.540277999524,Buenos Aires|2026-06-04|high|C,3,Buenos Aires,0,unresolved_or_partial,nan,nan,19°C,nan,True,C,2026-06-04,high,
nan,nan,2.04780000423,Hong Kong|2026-06-04|low|C,1,Hong Kong,0,unresolved_or_partial,nan,nan,29°C,nan,False,C,2026-06-04,low,
nan,nan,9.417069,Miami|2026-06-04|high|F,2,Miami,0,unresolved_or_partial,nan,nan,between 78-79°F,nan,True,F,2026-06-04,high,
nan,nan,5.099758000048336,Moscow|2026-06-04|high|C,1,Moscow,0,unresolved_or_partial,nan,nan,25°C,nan,False,C,2026-06-04,high,
nan,nan,10.0,Munich|2026-06-04|high|C,1,Munich,0,unresolved_or_partial,nan,nan,25°C,nan,False,C,2026-06-04,high,
nan,nan,12.1,Qingdao|2026-06-04|high|C,1,Qingdao,0,unresolved_or_partial,nan,nan,28°C,nan,False,C,2026-06-04,high,
nan,nan,2.2439999999999998,Sao Paulo|2026-06-04|high|C,1,Sao Paulo,0,unresolved_or_partial,nan,nan,23°C,nan,False,C,2026-06-04,high,
nan,nan,7.0450000085,Shenzhen|2026-06-04|high|C,1,Shenzhen,0,unresolved_or_partial,nan,nan,35°C,nan,False,C,2026-06-04,high,
nan,nan,8.482200003068,Taipei|2026-06-04|high|C,1,Taipei,0,unresolved_or_partial,nan,nan,34°C,nan,False,C,2026-06-04,high,
nan,nan,30.81159999451,Tokyo|2026-06-04|high|C,2,Tokyo,0,unresolved_or_partial,nan,nan,22°C,nan,True,C,2026-06-04,high,
nan,nan,16.25242999831,Warsaw|2026-06-04|high|C,2,Warsaw,0,unresolved_or_partial,nan,nan,21°C,nan,True,C,2026-06-04,high,
nan,nan,8.480359995498999,Wellington|2026-06-04|high|C,1,Wellington,0,unresolved_or_partial,nan,nan,15°C,nan,False,C,2026-06-04,high,
nan,nan,12.23319899974411,Ankara|2026-06-05|high|C,3,Ankara,0,unresolved_or_partial,nan,nan,25°C,nan,True,C,2026-06-05,high,
nan,-16.5866,19.2269,Busan|2026-06-05|high|C,1,Busan,1,not_evaluable_overlap_or_single,nan,nan,31°C or higher,nan,False,C,2026-06-05,high,
nan,250.116821,184.1876729871285,London|2026-06-05|high|C,4,London,1,unresolved_or_partial,nan,nan,19°C,nan,True,C,2026-06-05,high,19°C
nan,nan,15.82007801373945,Madrid|2026-06-05|high|C,5,Madrid,0,unresolved_or_partial,nan,nan,27°C,nan,True,C,2026-06-05,high,
nan,1.253661,39.098250003936,Moscow|2026-06-05|high|C,3,Moscow,1,unresolved_or_partial,nan,nan,25°C,nan,True,C,2026-06-05,high,
nan,0.3003,0.0297,Qingdao|2026-06-05|high|C,1,Qingdao,1,not_evaluable_overlap_or_single,nan,nan,26°C,nan,False,C,2026-06-05,high,26°C
-86.63825199335884,-22.242853000000004,242.63825199335884,Seoul|2026-06-05|high|C,5,Seoul,5,winner_in_basket,-94.14249951355072,17.61527484384618,24°C,-242.63825199335884,True,C,2026-06-05,high,23°C
nan,nan,12.399999999999999,Shenzhen|2026-06-05|high|C,2,Shenzhen,0,unresolved_or_partial,nan,nan,33°C,nan,True,C,2026-06-05,high,
nan,521.591247,75.44955999686,Taipei|2026-06-05|high|C,4,Taipei,1,unresolved_or_partial,nan,nan,29°C,nan,True,C,2026-06-05,high,28°C
nan,nan,25.568916000463584,Warsaw|2026-06-05|high|C,2,Warsaw,0,unresolved_or_partial,nan,nan,24°C,nan,True,C,2026-06-05,high,
nan,nan,15.267645994182331,Ankara|2026-06-06|high|C,3,Ankara,0,unresolved_or_partial,nan,nan,25°C,nan,True,C,2026-06-06,high,
nan,59.563877,57.04846400416619,Buenos Aires|2026-06-06|high|C,3,Buenos Aires,1,unresolved_or_partial,nan,nan,17°C,nan,True,C,2026-06-06,high,17°C
nan,nan,14.288859001102397,Chicago|2026-06-06|high|F,2,Chicago,0,unresolved_or_partial,nan,nan,90°F or higher,nan,True,F,2026-06-06,high,
nan,287.343688,11.812143993316827,Hong Kong|2026-06-06|high|C,2,Hong Kong,1,unresolved_or_partial,nan,nan,30°C,nan,True,C,2026-06-06,high,30°C
nan,nan,4.8775999998225705,Hong Kong|2026-06-06|low|C,1,Hong Kong,0,unresolved_or_partial,nan,nan,24°C or below,nan,False,C,2026-06-06,low,
nan,197.373444,60.70566402933644,Istanbul|2026-06-06|high|C,5,Istanbul,1,unresolved_or_partial,nan,nan,23°C,nan,True,C,2026-06-06,high,22°C
nan,nan,3.430376,Moscow|2026-06-06|high|C,1,Moscow,0,unresolved_or_partial,nan,nan,22°C,nan,False,C,2026-06-06,high,
nan,nan,39.772952002967,New York City|2026-06-06|high|F,3,New York City,0,unresolved_or_partial,nan,nan,between 94-95°F,nan,True,F,2026-06-06,high,
nan,nan,2.9564,New York City|2026-06-06|low|F,1,New York City,0,unresolved_or_partial,nan,nan,between 74-75°F,nan,False,F,2026-06-06,low,
nan,nan,6.0300000176,Paris|2026-06-06|high|C,1,Paris,0,unresolved_or_partial,nan,nan,23°C,nan,False,C,2026-06-06,high,
nan,nan,12.8185,Qingdao|2026-06-06|high|C,2,Qingdao,0,unresolved_or_partial,nan,nan,22°C,nan,True,C,2026-06-06,high,
nan,nan,2.8663019999999997,San Francisco|2026-06-06|high|F,1,San Francisco,0,unresolved_or_partial,nan,nan,between 60-61°F,nan,False,F,2026-06-06,high,
nan,-40.355948,67.07659399504445,Sao Paulo|2026-06-06|high|C,2,Sao Paulo,1,unresolved_or_partial,nan,nan,24°C,nan,True,C,2026-06-06,high,
nan,nan,3.0999999999999996,Seattle|2026-06-06|high|F,1,Seattle,0,unresolved_or_partial,nan,nan,between 52-53°F,nan,False,F,2026-06-06,high,
nan,nan,28.179102000008196,Shanghai|2026-06-06|high|C,3,Shanghai,0,unresolved_or_partial,nan,nan,24°C,nan,True,C,2026-06-06,high,
nan,-8.0,8.0,Shenzhen|2026-06-06|high|C,1,Shenzhen,1,not_evaluable_overlap_or_single,nan,nan,30°C or below,nan,False,C,2026-06-06,high,
-39.827148002411995,-39.827017,39.827148002411995,Taipei|2026-06-06|high|C,2,Taipei,2,winner_outside_visible_yes_basket,-39.827148002411995,-39.827148002411995,31°C,-39.827148002411995,True,C,2026-06-06,high,
nan,8.795137,8.786314,Buenos Aires|2026-06-07|high|C,1,Buenos Aires,1,not_evaluable_overlap_or_single,nan,nan,14°C,nan,False,C,2026-06-07,high,
nan,nan,20.48701998872,Hong Kong|2026-06-07|high|C,2,Hong Kong,0,unresolved_or_partial,nan,nan,29°C,nan,True,C,2026-06-07,high,
nan,nan,6.4430129896824715,Hong Kong|2026-06-07|low|C,2,Hong Kong,0,unresolved_or_partial,nan,nan,22°C or below,nan,True,C,2026-06-07,low,
nan,nan,16.340536997419907,Istanbul|2026-06-07|high|C,1,Istanbul,0,unresolved_or_partial,nan,nan,22°C,nan,False,C,2026-06-07,high,
nan,nan,128.16165999708,London|2026-06-07|high|C,2,London,0,unresolved_or_partial,nan,nan,21°C,nan,True,C,2026-06-07,high,
nan,nan,8.09919,Seattle|2026-06-07|high|F,1,Seattle,0,unresolved_or_partial,nan,nan,between 66-67°F,nan,False,F,2026-06-07,high,
-24.022659996,4.092420000000001,24.022659996,Seoul|2026-06-07|high|C,2,Seoul,2,winner_outside_visible_yes_basket,-24.022659996,-24.022659996,27°C,-24.022659996,True,C,2026-06-07,high,
nan,488.976998,35.838564994584004,Seoul|2026-06-07|low|C,5,Seoul,2,unresolved_or_partial,nan,nan,16°C,nan,True,C,2026-06-07,low,17°C
nan,nan,49.77716198987248,Shenzhen|2026-06-07|high|C,4,Shenzhen,0,unresolved_or_partial,nan,nan,29°C,nan,True,C,2026-06-07,high,
nan,nan,0.0504,Tokyo|2026-06-07|high|C,1,Tokyo,0,unresolved_or_partial,nan,nan,19°C,nan,False,C,2026-06-07,high,
nan,-0.44,3.1726900000000002,Busan|2026-06-08|high|C,2,Busan,1,unresolved_or_partial,nan,nan,23°C,nan,True,C,2026-06-08,high,
nan,nan,15.8,London|2026-06-08|high|C,1,London,0,unresolved_or_partial,nan,nan,17°C,nan,False,C,2026-06-08,high,
nan,0.039316,0.00908,New York City|2026-06-08|high|F,1,New York City,1,not_evaluable_overlap_or_single,nan,nan,between 76-77°F,nan,False,F,2026-06-08,high,
nan,nan,8.592099998064999,Seattle|2026-06-08|high|F,2,Seattle,0,unresolved_or_partial,nan,nan,between 56-57°F,nan,True,F,2026-06-08,high,
nan,nan,4.4999210000000005,Seoul|2026-06-08|low|C,2,Seoul,0,unresolved_or_partial,nan,nan,16°C,nan,True,C,2026-06-08,low,
nan,49.4,20.152859998604,Shanghai|2026-06-08|high|C,2,Shanghai,1,unresolved_or_partial,nan,nan,23°C,nan,True,C,2026-06-08,high,23°C
nan,nan,2.1,Shanghai|2026-06-08|low|C,1,Shanghai,0,unresolved_or_partial,nan,nan,18°C,nan,False,C,2026-06-08,low,
nan,47.4417,21.561387006972957,Shenzhen|2026-06-08|high|C,3,Shenzhen,1,unresolved_or_partial,nan,nan,29°C,nan,True,C,2026-06-08,high,29°C
nan,98.807618,45.369780000042,Hong Kong|2026-06-09|high|C,4,Hong Kong,1,unresolved_or_partial,nan,nan,28°C,nan,True,C,2026-06-09,high,28°C
nan,276.066138,161.672610000308,London|2026-06-09|high|C,4,London,1,unresolved_or_partial,nan,nan,18°C,nan,True,C,2026-06-09,high,19°C
nan,nan,3.8531600113819997,Madrid|2026-06-09|high|C,1,Madrid,0,unresolved_or_partial,nan,nan,34°C,nan,False,C,2026-06-09,high,
nan,33.5746,19.8184,Moscow|2026-06-09|high|C,2,Moscow,1,unresolved_or_partial,nan,nan,28°C,nan,True,C,2026-06-09,high,28°C
nan,-11.184636,35.926000002,Qingdao|2026-06-09|high|C,1,Qingdao,1,not_evaluable_overlap_or_single,nan,nan,30°C or higher,nan,False,C,2026-06-09,high,30°C or higher
nan,-10.123399,11.886470002944002,Sao Paulo|2026-06-09|high|C,1,Sao Paulo,1,not_evaluable_overlap_or_single,nan,nan,26°C,nan,False,C,2026-06-09,high,
nan,44.8,73.441460017765,Seoul|2026-06-09|high|C,6,Seoul,1,unresolved_or_partial,nan,nan,25°C,nan,True,C,2026-06-09,high,25°C
nan,nan,0.045228,Seoul|2026-06-09|low|C,2,Seoul,0,unresolved_or_partial,nan,nan,13°C,nan,True,C,2026-06-09,low,
nan,11.518914,29.732000001600003,Shenzhen|2026-06-09|high|C,2,Shenzhen,1,unresolved_or_partial,nan,nan,27°C,nan,True,C,2026-06-09,high,27°C
nan,nan,8.430899997006001,Tokyo|2026-06-09|low|C,2,Tokyo,0,unresolved_or_partial,nan,nan,18°C,nan,True,C,2026-06-09,low,
nan,-42.064941000000005,51.767651004632384,London|2026-06-10|high|C,3,London,2,unresolved_or_partial,nan,nan,19°C,nan,True,C,2026-06-10,high,
nan,42.340254,22.62674000282,Moscow|2026-06-10|high|C,2,Moscow,1,unresolved_or_partial,nan,nan,30°C,nan,True,C,2026-06-10,high,30°C
nan,nan,1.7936,Paris|2026-06-10|high|C,1,Paris,0,unresolved_or_partial,nan,nan,17°C,nan,False,C,2026-06-10,high,
nan,nan,13.119799967346001,San Francisco|2026-06-10|high|F,2,San Francisco,0,unresolved_or_partial,nan,nan,between 82-83°F,nan,True,F,2026-06-10,high,
nan,nan,2.9243500015,Seoul|2026-06-10|high|C,2,Seoul,0,unresolved_or_partial,nan,nan,21°C,nan,True,C,2026-06-10,high,
nan,-6.898133,28.40075699341,Seoul|2026-06-10|low|C,2,Seoul,1,unresolved_or_partial,nan,nan,16°C,nan,True,C,2026-06-10,low,
nan,nan,15.307000000000002,Shanghai|2026-06-10|high|C,2,Shanghai,0,unresolved_or_partial,nan,nan,29°C,nan,True,C,2026-06-10,high,
nan,nan,1.60872,Shenzhen|2026-06-10|high|C,1,Shenzhen,0,unresolved_or_partial,nan,nan,27°C,nan,False,C,2026-06-10,high,
nan,nan,60.178670003264,Taipei|2026-06-10|high|C,2,Taipei,0,unresolved_or_partial,nan,nan,24°C,nan,True,C,2026-06-10,high,
nan,nan,18.497199998143998,Ankara|2026-06-11|high|C,1,Ankara,0,unresolved_or_partial,nan,nan,28°C,nan,False,C,2026-06-11,high,
nan,nan,33.537289987568,Buenos Aires|2026-06-11|high|C,5,Buenos Aires,0,unresolved_or_partial,nan,nan,15°C,nan,True,C,2026-06-11,high,
nan,nan,51.484090007757004,London|2026-06-11|high|C,2,London,0,unresolved_or_partial,nan,nan,15°C,nan,True,C,2026-06-11,high,
nan,nan,16.88259099766,Madrid|2026-06-11|high|C,1,Madrid,0,unresolved_or_partial,nan,nan,33°C,nan,False,C,2026-06-11,high,
nan,423.200214,80.93761106628993,Moscow|2026-06-11|high|C,4,Moscow,2,unresolved_or_partial,nan,nan,31°C,nan,True,C,2026-06-11,high,31°C
nan,126.160587,60.551090017485,Munich|2026-06-11|high|C,4,Munich,1,unresolved_or_partial,nan,nan,17°C,nan,True,C,2026-06-11,high,17°C
nan,-9.15179,32.76270899937451,New York City|2026-06-11|high|F,5,New York City,1,unresolved_or_partial,nan,nan,between 96-97°F,nan,True,F,2026-06-11,high,
nan,nan,96.3077999974,Qingdao|2026-06-11|high|C,1,Qingdao,0,unresolved_or_partial,nan,nan,31°C or higher,nan,False,C,2026-06-11,high,
nan,nan,9.373900000499999,Sao Paulo|2026-06-11|high|C,1,Sao Paulo,0,unresolved_or_partial,nan,nan,19°C,nan,False,C,2026-06-11,high,
nan,nan,2.5316800028,Seoul|2026-06-11|high|C,1,Seoul,0,unresolved_or_partial,nan,nan,25°C,nan,False,C,2026-06-11,high,
nan,nan,1.7600000080000002,Tel Aviv|2026-06-11|high|C,1,Tel Aviv,0,unresolved_or_partial,nan,nan,30°C,nan,False,C,2026-06-11,high,
nan,7.5456,0.3144,Tokyo|2026-06-11|high|C,1,Tokyo,1,not_evaluable_overlap_or_single,nan,nan,26°C,nan,False,C,2026-06-11,high,26°C
nan,nan,34.2700360041803,Warsaw|2026-06-11|high|C,3,Warsaw,0,unresolved_or_partial,nan,nan,14°C,nan,True,C,2026-06-11,high,
nan,49.528025,27.681900009621,Ankara|2026-06-12|high|C,2,Ankara,1,unresolved_or_partial,nan,nan,27°C,nan,True,C,2026-06-12,high,29°C
nan,176.843,70.28710501108627,Beijing|2026-06-12|high|C,5,Beijing,1,unresolved_or_partial,nan,nan,32°C,nan,True,C,2026-06-12,high,32°C
nan,170.518146,80.72144099854351,Buenos Aires|2026-06-12|high|C,3,Buenos Aires,1,unresolved_or_partial,nan,nan,17°C,nan,True,C,2026-06-12,high,17°C
nan,-11.317868,34.09690900262219,Guangzhou|2026-06-12|high|C,3,Guangzhou,1,unresolved_or_partial,nan,nan,34°C,nan,True,C,2026-06-12,high,
nan,nan,8.495998,Istanbul|2026-06-12|high|C,2,Istanbul,0,unresolved_or_partial,nan,nan,25°C,nan,True,C,2026-06-12,high,
nan,124.904759,130.565889986317,London|2026-06-12|high|C,5,London,1,unresolved_or_partial,nan,nan,23°C,nan,True,C,2026-06-12,high,23°C
15.887260005833998,25.076966,29.872739994166,Moscow|2026-06-12|high|C,2,Moscow,2,winner_in_basket,38.01985090166582,81.57646813342606,32°C,-29.872739994166,True,C,2026-06-12,high,31°C
nan,nan,43.798800000628006,Munich|2026-06-12|high|C,2,Munich,0,unresolved_or_partial,nan,nan,14°C,nan,True,C,2026-06-12,high,
nan,169.824419,87.5183899990188,New York City|2026-06-12|high|F,5,New York City,1,unresolved_or_partial,nan,nan,between 94-95°F,nan,True,F,2026-06-12,high,between 94-95°F
nan,1.68863,28.149030990070003,New York City|2026-06-12|low|F,2,New York City,1,unresolved_or_partial,nan,nan,between 72-73°F,nan,True,F,2026-06-12,low,
nan,0.0,20.710703992188066,Panama City|2026-06-12|high|C,2,Panama City,1,unresolved_or_partial,nan,nan,35°C,nan,True,C,2026-06-12,high,
nan,nan,52.426499987848004,Qingdao|2026-06-12|high|C,2,Qingdao,0,unresolved_or_partial,nan,nan,30°C,nan,True,C,2026-06-12,high,
nan,nan,9.25254998998,San Francisco|2026-06-12|high|F,2,San Francisco,0,unresolved_or_partial,nan,nan,between 82-83°F,nan,True,F,2026-06-12,high,
nan,nan,35.255199993001,Sao Paulo|2026-06-12|high|C,3,Sao Paulo,0,unresolved_or_partial,nan,nan,19°C,nan,True,C,2026-06-12,high,
nan,230.494486,60.354094001396,Warsaw|2026-06-12|high|C,5,Warsaw,1,unresolved_or_partial,nan,nan,21°C,nan,True,C,2026-06-12,high,20°C
nan,nan,6.0,Buenos Aires|2026-06-13|high|C,1,Buenos Aires,0,unresolved_or_partial,nan,nan,13°C,nan,False,C,2026-06-13,high,
nan,-3.820626,9.654640003536999,Dallas|2026-06-13|high|F,1,Dallas,1,not_evaluable_overlap_or_single,nan,nan,between 96-97°F,nan,False,F,2026-06-13,high,
nan,-6.50006,32.671330003262,London|2026-06-13|high|C,3,London,1,unresolved_or_partial,nan,nan,20°C,nan,True,C,2026-06-13,high,
nan,54.871942,20.156071999540217,Moscow|2026-06-13|high|C,2,Moscow,1,unresolved_or_partial,nan,nan,29°C,nan,True,C,2026-06-13,high,29°C
nan,nan,35.92220000425,Paris|2026-06-13|high|C,1,Paris,0,unresolved_or_partial,nan,nan,28°C,nan,False,C,2026-06-13,high,
nan,6.44,39.45690998624,Seoul|2026-06-13|high|C,3,Seoul,1,unresolved_or_partial,nan,nan,28°C,nan,True,C,2026-06-13,high,
nan,nan,11.5585,Shenzhen|2026-06-13|high|C,2,Shenzhen,0,unresolved_or_partial,nan,nan,29°C,nan,True,C,2026-06-13,high,
nan,nan,2.258,Tel Aviv|2026-06-13|high|C,1,Tel Aviv,0,unresolved_or_partial,nan,nan,30°C,nan,False,C,2026-06-13,high,
nan,nan,40.820949986547,Tokyo|2026-06-13|high|C,3,Tokyo,0,unresolved_or_partial,nan,nan,28°C,nan,True,C,2026-06-13,high,
nan,nan,32.383046996811565,Warsaw|2026-06-13|high|C,2,Warsaw,0,unresolved_or_partial,nan,nan,19°C,nan,True,C,2026-06-13,high,
nan,nan,37.914963999577,Ankara|2026-06-14|high|C,3,Ankara,0,unresolved_or_partial,nan,nan,22°C,nan,True,C,2026-06-14,high,
nan,-6.864115,11.498976000967682,Buenos Aires|2026-06-14|high|C,1,Buenos Aires,1,not_evaluable_overlap_or_single,nan,nan,9°C,nan,False,C,2026-06-14,high,
nan,89.163648,15.646400000848999,Chicago|2026-06-14|high|F,1,Chicago,1,not_evaluable_overlap_or_single,nan,nan,between 68-69°F,nan,False,F,2026-06-14,high,between 68-69°F
nan,nan,10.9428,Guangzhou|2026-06-14|high|C,1,Guangzhou,0,unresolved_or_partial,nan,nan,30°C,nan,False,C,2026-06-14,high,
nan,nan,66.59319799999896,Hong Kong|2026-06-14|low|C,2,Hong Kong,0,unresolved_or_partial,nan,nan,27°C,nan,True,C,2026-06-14,low,
nan,0.4749,3.7993740000000003,London|2026-06-14|high|C,1,London,1,not_evaluable_overlap_or_single,nan,nan,23°C,nan,False,C,2026-06-14,high,
nan,-1.887772,8.386999999079999,Munich|2026-06-14|high|C,1,Munich,1,not_evaluable_overlap_or_single,nan,nan,22°C,nan,False,C,2026-06-14,high,
nan,172.894023,51.50600000208,Qingdao|2026-06-14|high|C,3,Qingdao,1,unresolved_or_partial,nan,nan,25°C,nan,True,C,2026-06-14,high,25°C
nan,nan,42.74764498800064,Seoul|2026-06-14|high|C,2,Seoul,0,unresolved_or_partial,nan,nan,28°C,nan,True,C,2026-06-14,high,
nan,242.431796,106.92515399674502,Shanghai|2026-06-14|high|C,2,Shanghai,1,unresolved_or_partial,nan,nan,23°C,nan,True,C,2026-06-14,high,22°C
nan,nan,35.08132100001897,Taipei|2026-06-14|high|C,3,Taipei,0,unresolved_or_partial,nan,nan,27°C,nan,True,C,2026-06-14,high,
nan,nan,50.43964098577045,Warsaw|2026-06-14|high|C,2,Warsaw,0,unresolved_or_partial,nan,nan,15°C,nan,True,C,2026-06-14,high,
nan,54.0,14.4,Ankara|2026-06-15|high|C,1,Ankara,1,not_evaluable_overlap_or_single,nan,nan,26°C,nan,False,C,2026-06-15,high,26°C
nan,89.352972,17.39229099996169,Atlanta|2026-06-15|high|F,2,Atlanta,1,unresolved_or_partial,nan,nan,between 78-79°F,nan,True,F,2026-06-15,high,between 80-81°F
nan,113.788234,70.951569989595,Beijing|2026-06-15|high|C,4,Beijing,1,unresolved_or_partial,nan,nan,28°C,nan,True,C,2026-06-15,high,27°C
nan,43.012017,38.08177598652612,Istanbul|2026-06-15|high|C,3,Istanbul,1,unresolved_or_partial,nan,nan,30°C,nan,True,C,2026-06-15,high,30°C
nan,nan,29.650409000646505,London|2026-06-15|high|C,2,London,0,unresolved_or_partial,nan,nan,24°C or higher,nan,True,C,2026-06-15,high,
nan,nan,12.3,Madrid|2026-06-15|high|C,1,Madrid,0,unresolved_or_partial,nan,nan,33°C,nan,False,C,2026-06-15,high,
nan,nan,14.3650000025,Moscow|2026-06-15|high|C,1,Moscow,0,unresolved_or_partial,nan,nan,23°C,nan,False,C,2026-06-15,high,
nan,133.317068,36.435099996764,Paris|2026-06-15|high|C,3,Paris,1,unresolved_or_partial,nan,nan,30°C,nan,True,C,2026-06-15,high,27°C
nan,nan,51.634209003586975,Seoul|2026-06-15|high|C,3,Seoul,0,unresolved_or_partial,nan,nan,30°C,nan,True,C,2026-06-15,high,
nan,-10.330507,16.090800008471998,Seoul|2026-06-15|low|C,1,Seoul,1,not_evaluable_overlap_or_single,nan,nan,18°C,nan,False,C,2026-06-15,low,
nan,nan,40.128949986125,Shenzhen|2026-06-15|high|C,2,Shenzhen,0,unresolved_or_partial,nan,nan,28°C,nan,True,C,2026-06-15,high,
nan,nan,12.583244,Amsterdam|2026-06-16|high|C,1,Amsterdam,0,unresolved_or_partial,nan,nan,24°C,nan,False,C,2026-06-16,high,
nan,nan,2.5368589994790454,Ankara|2026-06-16|high|C,2,Ankara,0,unresolved_or_partial,nan,nan,30°C,nan,True,C,2026-06-16,high,
nan,nan,3.1074300146800002,Beijing|2026-06-16|high|C,1,Beijing,0,unresolved_or_partial,nan,nan,23°C,nan,False,C,2026-06-16,high,
nan,nan,7.266350010433,Buenos Aires|2026-06-16|high|C,2,Buenos Aires,0,unresolved_or_partial,nan,nan,20°C,nan,True,C,2026-06-16,high,
nan,104.182546,63.821329988887,London|2026-06-16|high|C,2,London,1,unresolved_or_partial,nan,nan,27°C,nan,True,C,2026-06-16,high,27°C
nan,-5.316935,12.1039699986,Madrid|2026-06-16|high|C,1,Madrid,1,not_evaluable_overlap_or_single,nan,nan,35°C,nan,False,C,2026-06-16,high,
nan,nan,8.65741900655,Moscow|2026-06-16|high|C,3,Moscow,0,unresolved_or_partial,nan,nan,14°C,nan,True,C,2026-06-16,high,
nan,nan,59.24142601058927,Munich|2026-06-16|high|C,4,Munich,0,unresolved_or_partial,nan,nan,23°C,nan,True,C,2026-06-16,high,
nan,nan,15.108800002466001,Paris|2026-06-16|high|C,2,Paris,0,unresolved_or_partial,nan,nan,26°C,nan,True,C,2026-06-16,high,
nan,nan,12.96072,Qingdao|2026-06-16|high|C,2,Qingdao,0,unresolved_or_partial,nan,nan,26°C,nan,True,C,2026-06-16,high,
nan,196.304973,55.789462993386365,Seattle|2026-06-16|high|F,6,Seattle,1,unresolved_or_partial,nan,nan,between 74-75°F,nan,True,F,2026-06-16,high,between 76-77°F
nan,nan,24.680133995107745,Seoul|2026-06-16|high|C,2,Seoul,0,unresolved_or_partial,nan,nan,30°C,nan,True,C,2026-06-16,high,
nan,107.193066,2.2019999989,Shenzhen|2026-06-16|high|C,1,Shenzhen,1,not_evaluable_overlap_or_single,nan,nan,26°C,nan,False,C,2026-06-16,high,26°C
nan,nan,21.3216,Tokyo|2026-06-16|high|C,1,Tokyo,0,unresolved_or_partial,nan,nan,27°C,nan,False,C,2026-06-16,high,
nan,nan,13.600399999278,Guangzhou|2026-06-17|high|C,2,Guangzhou,0,unresolved_or_partial,nan,nan,32°C,nan,True,C,2026-06-17,high,
nan,nan,10.932810995392,Helsinki|2026-06-17|high|C,2,Helsinki,0,unresolved_or_partial,nan,nan,17°C,nan,True,C,2026-06-17,high,
nan,137.047106,68.891689986992,London|2026-06-17|high|C,3,London,1,unresolved_or_partial,nan,nan,27°C,nan,True,C,2026-06-17,high,26°C
nan,nan,6.315099999999999,Munich|2026-06-17|high|C,1,Munich,0,unresolved_or_partial,nan,nan,26°C,nan,False,C,2026-06-17,high,
nan,nan,6.1636000006,New York City|2026-06-17|high|F,1,New York City,0,unresolved_or_partial,nan,nan,between 80-81°F,nan,False,F,2026-06-17,high,
nan,nan,23.365599998272,Paris|2026-06-17|high|C,1,Paris,0,unresolved_or_partial,nan,nan,33°C,nan,False,C,2026-06-17,high,
nan,nan,5.3,Sao Paulo|2026-06-17|high|C,1,Sao Paulo,0,unresolved_or_partial,nan,nan,19°C,nan,False,C,2026-06-17,high,
nan,196.839812,25.488808988522734,Seoul|2026-06-17|high|C,3,Seoul,1,unresolved_or_partial,nan,nan,30°C,nan,True,C,2026-06-17,high,30°C
nan,76.0,29.310673990437,Shenzhen|2026-06-17|high|C,3,Shenzhen,1,unresolved_or_partial,nan,nan,27°C,nan,True,C,2026-06-17,high,27°C
nan,60.286,9.814,Taipei|2026-06-17|high|C,1,Taipei,1,not_evaluable_overlap_or_single,nan,nan,34°C or higher,nan,False,C,2026-06-17,high,34°C or higher
nan,-8.322411,55.748139998978004,Ankara|2026-06-18|high|C,3,Ankara,2,unresolved_or_partial,nan,nan,27°C,nan,True,C,2026-06-18,high,
nan,nan,210.73217599753838,London|2026-06-18|high|C,3,London,0,unresolved_or_partial,nan,nan,29°C,nan,True,C,2026-06-18,high,
nan,nan,5.336400000014,Madrid|2026-06-18|high|C,1,Madrid,0,unresolved_or_partial,nan,nan,36°C,nan,False,C,2026-06-18,high,
nan,nan,7.199927001010175,Munich|2026-06-18|high|C,1,Munich,0,unresolved_or_partial,nan,nan,33°C,nan,False,C,2026-06-18,high,
nan,nan,29.777999998400002,Paris|2026-06-18|high|C,1,Paris,0,unresolved_or_partial,nan,nan,37°C,nan,False,C,2026-06-18,high,
nan,140.795,25.205,Shenzhen|2026-06-18|high|C,2,Shenzhen,1,unresolved_or_partial,nan,nan,27°C,nan,True,C,2026-06-18,high,26°C
nan,nan,39.07709899205546,Guangzhou|2026-06-19|high|C,3,Guangzhou,0,unresolved_or_partial,nan,nan,35°C or higher,nan,True,C,2026-06-19,high,
nan,16.0236,474.8469560112531,London|2026-06-19|high|C,3,London,1,unresolved_or_partial,nan,nan,31°C,nan,True,C,2026-06-19,high,30°C
nan,4.5,0.0,Los Angeles|2026-06-19|high|F,1,Los Angeles,1,not_evaluable_overlap_or_single,nan,nan,between 68-69°F,nan,False,F,2026-06-19,high,
nan,-8.758,29.37269999665,Munich|2026-06-19|high|C,1,Munich,1,not_evaluable_overlap_or_single,nan,nan,34°C,nan,False,C,2026-06-19,high,
nan,nan,12.463550004992,Sao Paulo|2026-06-19|high|C,2,Sao Paulo,0,unresolved_or_partial,nan,nan,26°C,nan,True,C,2026-06-19,high,
nan,87.90408,50.990659993516,Shanghai|2026-06-19|high|C,3,Shanghai,1,unresolved_or_partial,nan,nan,31°C,nan,True,C,2026-06-19,high,31°C
nan,nan,17.3688729934,Shenzhen|2026-06-19|high|C,3,Shenzhen,0,unresolved_or_partial,nan,nan,29°C,nan,True,C,2026-06-19,high,
nan,nan,24.757160009880998,Buenos Aires|2026-06-20|high|C,2,Buenos Aires,0,unresolved_or_partial,nan,nan,17°C,nan,True,C,2026-06-20,high,
nan,nan,8.999990003038967,Busan|2026-06-20|high|C,1,Busan,0,unresolved_or_partial,nan,nan,25°C,nan,False,C,2026-06-20,high,
nan,nan,1.25,Istanbul|2026-06-20|high|C,1,Istanbul,0,unresolved_or_partial,nan,nan,23°C,nan,False,C,2026-06-20,high,
nan,-6.8228,50.358579000000006,London|2026-06-20|high|C,2,London,1,unresolved_or_partial,nan,nan,28°C,nan,True,C,2026-06-20,high,
nan,nan,25.30384,Madrid|2026-06-20|high|C,1,Madrid,0,unresolved_or_partial,nan,nan,39°C,nan,False,C,2026-06-20,high,
nan,nan,63.328577998185146,Moscow|2026-06-20|high|C,2,Moscow,0,unresolved_or_partial,nan,nan,22°C,nan,True,C,2026-06-20,high,
nan,nan,13.999727999777738,Munich|2026-06-20|high|C,1,Munich,0,unresolved_or_partial,nan,nan,31°C,nan,False,C,2026-06-20,high,
nan,nan,6.5,Sao Paulo|2026-06-20|high|C,1,Sao Paulo,0,unresolved_or_partial,nan,nan,25°C,nan,False,C,2026-06-20,high,
nan,nan,42.59756300004668,Seattle|2026-06-20|high|F,2,Seattle,0,unresolved_or_partial,nan,nan,between 74-75°F,nan,True,F,2026-06-20,high,
nan,nan,14.308200005969999,Ankara|2026-06-21|high|C,1,Ankara,0,unresolved_or_partial,nan,nan,24°C,nan,False,C,2026-06-21,high,
nan,-1.198505,2.0376,Buenos Aires|2026-06-21|high|C,1,Buenos Aires,1,not_evaluable_overlap_or_single,nan,nan,16°C,nan,False,C,2026-06-21,high,
nan,93.023075,88.279349993962,Cape Town|2026-06-21|high|C,3,Cape Town,1,unresolved_or_partial,nan,nan,22°C,nan,True,C,2026-06-21,high,22°C
nan,nan,4.999938,Chicago|2026-06-21|high|F,1,Chicago,0,unresolved_or_partial,nan,nan,between 66-67°F,nan,False,F,2026-06-21,high,
nan,nan,12.7737,Hong Kong|2026-06-21|high|C,1,Hong Kong,0,unresolved_or_partial,nan,nan,31°C,nan,False,C,2026-06-21,high,
nan,-16.662604,34.391400003293995,Istanbul|2026-06-21|high|C,1,Istanbul,1,not_evaluable_overlap_or_single,nan,nan,27°C,nan,False,C,2026-06-21,high,
nan,-88.429413,176.409969993588,London|2026-06-21|high|C,3,London,1,unresolved_or_partial,nan,nan,30°C,nan,True,C,2026-06-21,high,
nan,nan,1.8817199988171995,Madrid|2026-06-21|high|C,1,Madrid,0,unresolved_or_partial,nan,nan,40°C,nan,False,C,2026-06-21,high,
nan,61.688401,30.87900500659107,Sao Paulo|2026-06-21|high|C,3,Sao Paulo,1,unresolved_or_partial,nan,nan,23°C,nan,True,C,2026-06-21,high,23°C
nan,nan,5.799505000048332,Seattle|2026-06-21|high|F,1,Seattle,0,unresolved_or_partial,nan,nan,between 80-81°F,nan,False,F,2026-06-21,high,
nan,nan,37.12474599903389,Tokyo|2026-06-21|high|C,1,Tokyo,0,unresolved_or_partial,nan,nan,30°C or higher,nan,False,C,2026-06-21,high,
nan,nan,236.099219952436,Warsaw|2026-06-21|high|C,3,Warsaw,0,unresolved_or_partial,nan,nan,31°C,nan,True,C,2026-06-21,high,
nan,nan,17.31957000311,Hong Kong|2026-06-22|high|C,2,Hong Kong,0,unresolved_or_partial,nan,nan,34°C,nan,True,C,2026-06-22,high,
nan,nan,57.700439989994,London|2026-06-22|high|C,3,London,0,unresolved_or_partial,nan,nan,28°C,nan,True,C,2026-06-22,high,
52.92750000047499,78.470978,24.422499999525,Moscow|2026-06-22|high|C,2,Moscow,2,winner_in_basket,53.30144055720844,34.366504141548624,23°C,-24.422499999525,True,C,2026-06-22,high,24°C
nan,nan,10.91759999028,New York City|2026-06-22|low|F,1,New York City,0,unresolved_or_partial,nan,nan,between 62-63°F,nan,False,F,2026-06-22,low,
nan,nan,31.8675,Seoul|2026-06-22|high|C,2,Seoul,0,unresolved_or_partial,nan,nan,25°C,nan,True,C,2026-06-22,high,
nan,306.740826,108.021015017135,Shanghai|2026-06-22|high|C,4,Shanghai,1,unresolved_or_partial,nan,nan,25°C,nan,True,C,2026-06-22,high,24°C
nan,nan,102.27910600940999,Shenzhen|2026-06-22|high|C,2,Shenzhen,0,unresolved_or_partial,nan,nan,35°C,nan,True,C,2026-06-22,high,
nan,nan,6.82,Warsaw|2026-06-22|high|C,1,Warsaw,0,unresolved_or_partial,nan,nan,29°C,nan,False,C,2026-06-22,high,
nan,nan,5.0117830001000625,Chongqing|2026-06-23|high|C,2,Chongqing,0,unresolved_or_partial,nan,nan,29°C,nan,True,C,2026-06-23,high,
nan,nan,37.74026200219511,London|2026-06-23|high|C,2,London,0,unresolved_or_partial,nan,nan,35°C,nan,True,C,2026-06-23,high,
nan,nan,49.576629997915006,Moscow|2026-06-23|high|C,2,Moscow,0,unresolved_or_partial,nan,nan,24°C,nan,True,C,2026-06-23,high,
nan,nan,111.74444901746577,New York City|2026-06-23|high|F,3,New York City,0,unresolved_or_partial,nan,nan,between 72-73°F,nan,True,F,2026-06-23,high,
nan,nan,19.399931000215588,Sao Paulo|2026-06-23|high|C,2,Sao Paulo,0,unresolved_or_partial,nan,nan,19°C,nan,True,C,2026-06-23,high,
nan,nan,12.145000000000001,Seoul|2026-06-23|high|C,1,Seoul,0,unresolved_or_partial,nan,nan,27°C,nan,False,C,2026-06-23,high,
nan,-0.99,7.03,Shenzhen|2026-06-23|high|C,2,Shenzhen,1,unresolved_or_partial,nan,nan,35°C,nan,True,C,2026-06-23,high,
nan,121.9001,19.963000001999998,Tokyo|2026-06-23|high|C,2,Tokyo,1,unresolved_or_partial,nan,nan,23°C,nan,True,C,2026-06-23,high,23°C
nan,nan,5.34,Beijing|2026-06-24|high|C,1,Beijing,0,unresolved_or_partial,nan,nan,27°C or below,nan,False,C,2026-06-24,high,
nan,nan,6.0,Istanbul|2026-06-24|high|C,1,Istanbul,0,unresolved_or_partial,nan,nan,27°C,nan,False,C,2026-06-24,high,
nan,nan,1.467279,Milan|2026-06-24|high|C,1,Milan,0,unresolved_or_partial,nan,nan,31°C,nan,False,C,2026-06-24,high,
nan,-1.860002,25.4400000026,Moscow|2026-06-24|high|C,1,Moscow,1,not_evaluable_overlap_or_single,nan,nan,22°C,nan,False,C,2026-06-24,high,22°C
nan,71.3136,27.987000000000002,Munich|2026-06-24|high|C,1,Munich,1,not_evaluable_overlap_or_single,nan,nan,34°C,nan,False,C,2026-06-24,high,34°C
nan,nan,3.0614500000000002,Sao Paulo|2026-06-24|high|C,2,Sao Paulo,0,unresolved_or_partial,nan,nan,17°C,nan,True,C,2026-06-24,high,
nan,nan,41.567870002324,Seoul|2026-06-24|high|C,3,Seoul,0,unresolved_or_partial,nan,nan,30°C,nan,True,C,2026-06-24,high,
nan,nan,37.534400000552,Shanghai|2026-06-24|high|C,1,Shanghai,0,unresolved_or_partial,nan,nan,23°C,nan,False,C,2026-06-24,high,
nan,nan,14.254059999570002,Busan|2026-06-25|high|C,1,Busan,0,unresolved_or_partial,nan,nan,29°C,nan,False,C,2026-06-25,high,
nan,nan,27.269190000000002,Istanbul|2026-06-25|high|C,2,Istanbul,0,unresolved_or_partial,nan,nan,28°C,nan,True,C,2026-06-25,high,
nan,433.074298,362.7270259670842,London|2026-06-25|high|C,5,London,1,unresolved_or_partial,nan,nan,29°C,nan,True,C,2026-06-25,high,29°C
nan,nan,29.267199988989,Madrid|2026-06-25|high|C,1,Madrid,0,unresolved_or_partial,nan,nan,31°C,nan,False,C,2026-06-25,high,
nan,-8.3,20.83639,Miami|2026-06-25|high|F,2,Miami,1,unresolved_or_partial,nan,nan,between 92-93°F,nan,True,F,2026-06-25,high,
nan,nan,0.36294400003365923,New York City|2026-06-25|high|F,1,New York City,0,unresolved_or_partial,nan,nan,between 86-87°F,nan,False,F,2026-06-25,high,
nan,nan,107.22902900810821,Seoul|2026-06-25|high|C,3,Seoul,0,unresolved_or_partial,nan,nan,24°C,nan,True,C,2026-06-25,high,
nan,nan,2.0510150016346915,Seoul|2026-06-25|low|C,1,Seoul,0,unresolved_or_partial,nan,nan,18°C,nan,False,C,2026-06-25,low,
nan,6.553,111.85000000000001,Tokyo|2026-06-25|high|C,1,Tokyo,1,not_evaluable_overlap_or_single,nan,nan,22°C,nan,False,C,2026-06-25,high,22°C
nan,nan,9.499106000107835,Amsterdam|2026-06-26|high|C,2,Amsterdam,0,unresolved_or_partial,nan,nan,38°C,nan,True,C,2026-06-26,high,
nan,23.6436,58.274805007033436,London|2026-06-26|high|C,4,London,1,unresolved_or_partial,nan,nan,37°C,nan,True,C,2026-06-26,high,36°C
nan,nan,0.65,Munich|2026-06-26|high|C,1,Munich,0,unresolved_or_partial,nan,nan,36°C,nan,False,C,2026-06-26,high,
nan,nan,6.163260000005,New York City|2026-06-26|high|F,2,New York City,0,unresolved_or_partial,nan,nan,between 78-79°F,nan,True,F,2026-06-26,high,
nan,126.145778,98.500738027522,Sao Paulo|2026-06-26|high|C,8,Sao Paulo,1,unresolved_or_partial,nan,nan,19°C,nan,True,C,2026-06-26,high,19°C
nan,-26.789777,70.23594700080332,Amsterdam|2026-06-27|high|C,3,Amsterdam,1,unresolved_or_partial,nan,nan,30°C or below,nan,True,C,2026-06-27,high,30°C or below
nan,165.847306,45.339831012815,Buenos Aires|2026-06-27|high|C,4,Buenos Aires,2,unresolved_or_partial,nan,nan,17°C,nan,True,C,2026-06-27,high,19°C
nan,nan,0.11697000000000002,Dallas|2026-06-27|high|F,1,Dallas,0,unresolved_or_partial,nan,nan,between 98-99°F,nan,False,F,2026-06-27,high,
nan,nan,35.912699991432,Istanbul|2026-06-27|high|C,1,Istanbul,0,unresolved_or_partial,nan,nan,29°C,nan,False,C,2026-06-27,high,
nan,174.79199,299.59004301053557,London|2026-06-27|high|C,3,London,1,unresolved_or_partial,nan,nan,32°C,nan,True,C,2026-06-27,high,31°C
nan,47.4804,83.1334870098366,Milan|2026-06-27|high|C,2,Milan,1,unresolved_or_partial,nan,nan,37°C,nan,True,C,2026-06-27,high,36°C
nan,nan,86.68910201861,Munich|2026-06-27|high|C,3,Munich,0,unresolved_or_partial,nan,nan,37°C,nan,True,C,2026-06-27,high,
nan,nan,1.1498000000000002,New York City|2026-06-27|low|F,1,New York City,0,unresolved_or_partial,nan,nan,between 72-73°F,nan,False,F,2026-06-27,low,
nan,nan,3.6,Paris|2026-06-27|high|C,1,Paris,0,unresolved_or_partial,nan,nan,38°C,nan,False,C,2026-06-27,high,
nan,-0.946171,24.300580000000004,Seoul|2026-06-27|high|C,2,Seoul,1,unresolved_or_partial,nan,nan,30°C,nan,True,C,2026-06-27,high,
nan,nan,6.8500000000000005,Shenzhen|2026-06-27|high|C,1,Shenzhen,0,unresolved_or_partial,nan,nan,28°C,nan,False,C,2026-06-27,high,
nan,nan,19.462500002000002,Taipei|2026-06-27|high|C,1,Taipei,0,unresolved_or_partial,nan,nan,27°C,nan,False,C,2026-06-27,high,
nan,-6.14275,61.6301,Tokyo|2026-06-27|high|C,1,Tokyo,1,not_evaluable_overlap_or_single,nan,nan,23°C,nan,False,C,2026-06-27,high,23°C
nan,nan,39.43524500161395,Warsaw|2026-06-27|high|C,1,Warsaw,0,unresolved_or_partial,nan,nan,37°C,nan,False,C,2026-06-27,high,
nan,-6.176006,16.848630001780002,Beijing|2026-06-28|high|C,3,Beijing,1,unresolved_or_partial,nan,nan,35°C,nan,True,C,2026-06-28,high,
nan,nan,41.526240006001004,London|2026-06-28|high|C,1,London,0,unresolved_or_partial,nan,nan,27°C,nan,False,C,2026-06-28,high,
nan,2.999905,0.0,Los Angeles|2026-06-28|high|F,1,Los Angeles,1,not_evaluable_overlap_or_single,nan,nan,between 72-73°F,nan,False,F,2026-06-28,high,
nan,nan,10.291540015035,Mexico City|2026-06-28|high|C,2,Mexico City,0,unresolved_or_partial,nan,nan,26°C,nan,True,C,2026-06-28,high,
nan,nan,16.161657000284002,Milan|2026-06-28|high|C,2,Milan,0,unresolved_or_partial,nan,nan,38°C,nan,True,C,2026-06-28,high,
nan,138.682994,53.761030023017,Paris|2026-06-28|high|C,5,Paris,2,unresolved_or_partial,nan,nan,29°C,nan,True,C,2026-06-28,high,31°C
195.78397999452002,186.97745600000002,24.38602000548,Qingdao|2026-06-28|high|C,4,Qingdao,4,winner_in_basket,51.0845937121201,190.9674456899876,29°C,277.4964348649204,True,C,2026-06-28,high,29°C
nan,181.200778,50.666787941746,Sao Paulo|2026-06-28|high|C,9,Sao Paulo,1,unresolved_or_partial,nan,nan,27°C,nan,True,C,2026-06-28,high,27°C
81.28018599521928,81.28105000000001,18.71885000478072,Shanghai|2026-06-28|high|C,2,Shanghai,2,winner_in_basket,37.66322824142049,87.78046621541439,30°C,94.0453064876217,True,C,2026-06-28,high,30°C
nan,94.579191,5.119657,Shenzhen|2026-06-28|high|C,1,Shenzhen,1,not_evaluable_overlap_or_single,nan,nan,28°C,nan,False,C,2026-06-28,high,28°C
nan,nan,22.7109,Tokyo|2026-06-28|high|C,2,Tokyo,0,unresolved_or_partial,nan,nan,23°C,nan,True,C,2026-06-28,high,
nan,174.071258,71.124056999443,Beijing|2026-06-29|high|C,3,Beijing,1,unresolved_or_partial,nan,nan,28°C,nan,True,C,2026-06-29,high,27°C
nan,nan,5.6774000000000004,Buenos Aires|2026-06-29|high|C,2,Buenos Aires,0,unresolved_or_partial,nan,nan,17°C,nan,True,C,2026-06-29,high,
nan,nan,4.9066000051,Busan|2026-06-29|high|C,2,Busan,0,unresolved_or_partial,nan,nan,30°C,nan,True,C,2026-06-29,high,
nan,nan,4.264099994406,London|2026-06-29|high|C,1,London,0,unresolved_or_partial,nan,nan,26°C,nan,False,C,2026-06-29,high,
nan,-4.6194,20.974399998750002,Madrid|2026-06-29|high|C,3,Madrid,1,unresolved_or_partial,nan,nan,34°C,nan,True,C,2026-06-29,high,34°C
nan,nan,23.946279994721998,Munich|2026-06-29|high|C,3,Munich,0,unresolved_or_partial,nan,nan,28°C,nan,True,C,2026-06-29,high,
nan,nan,7.7700000000000005,New York City|2026-06-29|high|F,1,New York City,0,unresolved_or_partial,nan,nan,between 88-89°F,nan,False,F,2026-06-29,high,
nan,117.047147,33.315168999532304,Qingdao|2026-06-29|high|C,4,Qingdao,1,unresolved_or_partial,nan,nan,27°C,nan,True,C,2026-06-29,high,27°C
nan,603.656923,70.510614025106,Sao Paulo|2026-06-29|high|C,6,Sao Paulo,1,unresolved_or_partial,nan,nan,28°C,nan,True,C,2026-06-29,high,28°C
nan,nan,8.804209999886,Seoul|2026-06-29|high|C,1,Seoul,0,unresolved_or_partial,nan,nan,25°C,nan,False,C,2026-06-29,high,
nan,nan,4.5,Shanghai|2026-06-29|high|C,1,Shanghai,0,unresolved_or_partial,nan,nan,25°C,nan,False,C,2026-06-29,high,
nan,nan,16.04489599610084,Shenzhen|2026-06-29|high|C,2,Shenzhen,0,unresolved_or_partial,nan,nan,30°C,nan,True,C,2026-06-29,high,
nan,nan,17.53912699522393,Tokyo|2026-06-29|high|C,2,Tokyo,0,unresolved_or_partial,nan,nan,24°C,nan,True,C,2026-06-29,high,
nan,nan,36.87700000431,Beijing|2026-06-30|high|C,2,Beijing,0,unresolved_or_partial,nan,nan,26°C,nan,True,C,2026-06-30,high,
nan,nan,27.138186001997,Buenos Aires|2026-06-30|high|C,2,Buenos Aires,0,unresolved_or_partial,nan,nan,16°C,nan,True,C,2026-06-30,high,
nan,nan,3.159520011543,Chicago|2026-06-30|high|F,1,Chicago,0,unresolved_or_partial,nan,nan,between 100-101°F,nan,False,F,2026-06-30,high,
nan,nan,3.3336400002940003,Istanbul|2026-06-30|high|C,1,Istanbul,0,unresolved_or_partial,nan,nan,28°C,nan,False,C,2026-06-30,high,
nan,nan,25.0123,London|2026-06-30|high|C,1,London,0,unresolved_or_partial,nan,nan,25°C,nan,False,C,2026-06-30,high,
nan,nan,10.7268,Madrid|2026-06-30|high|C,1,Madrid,0,unresolved_or_partial,nan,nan,38°C,nan,False,C,2026-06-30,high,
nan,nan,41.047989999256,Mexico City|2026-06-30|high|C,4,Mexico City,0,unresolved_or_partial,nan,nan,21°C,nan,True,C,2026-06-30,high,
nan,nan,1.0662,Milan|2026-06-30|high|C,1,Milan,0,unresolved_or_partial,nan,nan,33°C,nan,False,C,2026-06-30,high,
nan,nan,15.171399995290002,Moscow|2026-06-30|high|C,1,Moscow,0,unresolved_or_partial,nan,nan,27°C,nan,False,C,2026-06-30,high,
nan,nan,3.492,Munich|2026-06-30|high|C,1,Munich,0,unresolved_or_partial,nan,nan,29°C,nan,False,C,2026-06-30,high,
nan,99.45,23.176799999568,New York City|2026-06-30|high|F,2,New York City,1,unresolved_or_partial,nan,nan,between 90-91°F,nan,True,F,2026-06-30,high,between 90-91°F
nan,48.651735,14.95357602709,New York City|2026-06-30|low|F,3,New York City,1,unresolved_or_partial,nan,nan,between 74-75°F,nan,True,F,2026-06-30,low,between 74-75°F
nan,285.426005,155.656809981938,Qingdao|2026-06-30|high|C,7,Qingdao,1,unresolved_or_partial,nan,nan,26°C,nan,True,C,2026-06-30,high,26°C
nan,nan,34.337701996869114,Sao Paulo|2026-06-30|high|C,3,Sao Paulo,0,unresolved_or_partial,nan,nan,28°C,nan,True,C,2026-06-30,high,
nan,111.020068,29.580000006400002,Busan|2026-07-01|high|C,2,Busan,1,unresolved_or_partial,nan,nan,23°C or below,nan,True,C,2026-07-01,high,23°C or below
nan,nan,13.069409993754999,London|2026-07-01|high|C,1,London,0,unresolved_or_partial,nan,nan,24°C,nan,False,C,2026-07-01,high,
-39.500547997905,-4.503839,39.500547997905,Munich|2026-07-01|high|C,2,Munich,2,winner_outside_visible_yes_basket,-39.500547997905,-39.500547997905,20°C,-39.500547997905,True,C,2026-07-01,high,
nan,nan,4.47183999825,New York City|2026-07-01|low|F,1,New York City,0,unresolved_or_partial,nan,nan,between 80-81°F,nan,False,F,2026-07-01,low,
nan,nan,17.322570000359,Sao Paulo|2026-07-01|high|C,3,Sao Paulo,0,unresolved_or_partial,nan,nan,29°C,nan,True,C,2026-07-01,high,
91.351969998353,-7.391303000000001,73.648030001647,Seoul|2026-07-01|high|C,4,Seoul,4,winner_in_basket,3.0686679167352793,85.14780697547867,30°C,233.21876167188213,True,C,2026-07-01,high,30°C
nan,97.586357,71.02188399459865,London|2026-07-02|high|C,3,London,1,unresolved_or_partial,nan,nan,24°C,nan,True,C,2026-07-02,high,25°C
nan,nan,8.0,Madrid|2026-07-02|high|C,1,Madrid,0,unresolved_or_partial,nan,nan,36°C,nan,False,C,2026-07-02,high,
nan,-1.69469,7.351200001772,Miami|2026-07-02|high|F,1,Miami,1,not_evaluable_overlap_or_single,nan,nan,between 88-89°F,nan,False,F,2026-07-02,high,
nan,nan,68.165881999814,Moscow|2026-07-02|high|C,3,Moscow,0,unresolved_or_partial,nan,nan,31°C,nan,True,C,2026-07-02,high,
nan,4.1,24.548106005217694,New York City|2026-07-02|high|F,3,New York City,1,unresolved_or_partial,nan,nan,between 104-105°F,nan,True,F,2026-07-02,high,between 102-103°F
nan,nan,3.837450002013,New York City|2026-07-02|low|F,1,New York City,0,unresolved_or_partial,nan,nan,between 86-87°F,nan,False,F,2026-07-02,low,
nan,nan,47.14089001561099,Qingdao|2026-07-02|high|C,6,Qingdao,0,unresolved_or_partial,nan,nan,29°C,nan,True,C,2026-07-02,high,
nan,nan,30.593581999304,Sao Paulo|2026-07-02|high|C,3,Sao Paulo,0,unresolved_or_partial,nan,nan,28°C,nan,True,C,2026-07-02,high,
nan,nan,3.68000001,Seoul|2026-07-02|high|C,1,Seoul,0,unresolved_or_partial,nan,nan,30°C,nan,False,C,2026-07-02,high,
nan,nan,35.228200013874,Tokyo|2026-07-02|high|C,2,Tokyo,0,unresolved_or_partial,nan,nan,22°C,nan,True,C,2026-07-02,high,
nan,nan,23.6420000023,Warsaw|2026-07-02|high|C,2,Warsaw,0,unresolved_or_partial,nan,nan,26°C,nan,True,C,2026-07-02,high,
nan,nan,11.808299999599999,Amsterdam|2026-07-03|high|C,1,Amsterdam,0,unresolved_or_partial,nan,nan,19°C,nan,False,C,2026-07-03,high,
nan,nan,15.439999997466,Ankara|2026-07-03|high|C,1,Ankara,0,unresolved_or_partial,nan,nan,32°C,nan,False,C,2026-07-03,high,
nan,-1.250658,47.091880005848,Buenos Aires|2026-07-03|high|C,4,Buenos Aires,2,unresolved_or_partial,nan,nan,11°C,nan,True,C,2026-07-03,high,
nan,-11.258708,32.98350700672182,Cape Town|2026-07-03|high|C,2,Cape Town,1,unresolved_or_partial,nan,nan,18°C,nan,True,C,2026-07-03,high,
nan,-6.926707,6.9269900049099995,Helsinki|2026-07-03|high|C,1,Helsinki,1,not_evaluable_overlap_or_single,nan,nan,20°C or higher,nan,False,C,2026-07-03,high,
nan,nan,5.91,Hong Kong|2026-07-03|high|C,1,Hong Kong,0,unresolved_or_partial,nan,nan,28°C,nan,False,C,2026-07-03,high,
nan,68.090354,77.17186500411572,London|2026-07-03|high|C,2,London,1,unresolved_or_partial,nan,nan,27°C,nan,True,C,2026-07-03,high,27°C
nan,nan,27.629600004149,Moscow|2026-07-03|high|C,1,Moscow,0,unresolved_or_partial,nan,nan,25°C,nan,False,C,2026-07-03,high,
nan,nan,3.4000000000000004,New York City|2026-07-03|high|F,1,New York City,0,unresolved_or_partial,nan,nan,97°F or below,nan,False,F,2026-07-03,high,
nan,91.500441,15.882240008752001,Sao Paulo|2026-07-03|high|C,2,Sao Paulo,1,unresolved_or_partial,nan,nan,27°C,nan,True,C,2026-07-03,high,27°C
nan,nan,28.723788977939996,Shenzhen|2026-07-03|high|C,3,Shenzhen,0,unresolved_or_partial,nan,nan,28°C,nan,True,C,2026-07-03,high,
nan,-1.78652,27.837599989726,Tokyo|2026-07-03|high|C,1,Tokyo,1,not_evaluable_overlap_or_single,nan,nan,24°C,nan,False,C,2026-07-03,high,
nan,nan,6.50120000033,Wuhan|2026-07-03|high|C,1,Wuhan,0,unresolved_or_partial,nan,nan,27°C,nan,False,C,2026-07-03,high,
nan,nan,15.098795993687999,Beijing|2026-07-04|high|C,3,Beijing,0,unresolved_or_partial,nan,nan,34°C,nan,True,C,2026-07-04,high,
nan,nan,124.99296301643403,Busan|2026-07-04|high|C,3,Busan,0,unresolved_or_partial,nan,nan,25°C,nan,True,C,2026-07-04,high,
nan,-3.336348,78.024860953145,London|2026-07-04|high|C,7,London,2,unresolved_or_partial,nan,nan,25°C,nan,True,C,2026-07-04,high,29°C
nan,nan,74.072465995915,New York City|2026-07-04|high|F,3,New York City,0,unresolved_or_partial,nan,nan,between 98-99°F,nan,True,F,2026-07-04,high,
nan,nan,4.49991,Paris|2026-07-04|high|C,1,Paris,0,unresolved_or_partial,nan,nan,29°C,nan,False,C,2026-07-04,high,
nan,nan,52.60236700534,Qingdao|2026-07-04|high|C,2,Qingdao,0,unresolved_or_partial,nan,nan,29°C,nan,True,C,2026-07-04,high,
19.70599999720895,-1.782953,474.024000002791,Seoul|2026-07-04|low|C,2,Seoul,2,winner_in_basket,-94.89737591958783,-23.99143717734529,23°C,284.22924816361535,True,C,2026-07-04,low,23°C
nan,398.90882,139.701266000314,Warsaw|2026-07-04|high|C,3,Warsaw,1,unresolved_or_partial,nan,nan,21°C,nan,True,C,2026-07-04,high,20°C
nan,103.111643,14.49566700281701,Austin|2026-07-05|high|F,3,Austin,1,unresolved_or_partial,nan,nan,between 94-95°F,nan,True,F,2026-07-05,high,between 94-95°F
nan,-2.99731,46.390108003356005,Buenos Aires|2026-07-05|high|C,3,Buenos Aires,1,unresolved_or_partial,nan,nan,10°C,nan,True,C,2026-07-05,high,
nan,2.704257,34.949340000051,Dallas|2026-07-05|high|F,2,Dallas,1,unresolved_or_partial,nan,nan,between 94-95°F,nan,True,F,2026-07-05,high,
nan,nan,24.103002999488385,London|2026-07-05|high|C,2,London,0,unresolved_or_partial,nan,nan,27°C,nan,True,C,2026-07-05,high,
nan,nan,26.999781,Moscow|2026-07-05|high|C,2,Moscow,0,unresolved_or_partial,nan,nan,21°C,nan,True,C,2026-07-05,high,
nan,nan,33.3,Munich|2026-07-05|high|C,2,Munich,0,unresolved_or_partial,nan,nan,23°C,nan,True,C,2026-07-05,high,
nan,175.410727,69.018727996127,New York City|2026-07-05|high|F,5,New York City,1,unresolved_or_partial,nan,nan,between 76-77°F,nan,True,F,2026-07-05,high,between 78-79°F
nan,nan,27.841160043042997,New York City|2026-07-05|low|F,5,New York City,0,unresolved_or_partial,nan,nan,between 68-69°F,nan,True,F,2026-07-05,low,
nan,2.713917,18.600122995732036,Paris|2026-07-05|high|C,2,Paris,1,unresolved_or_partial,nan,nan,28°C,nan,True,C,2026-07-05,high,
nan,nan,29.557844001511796,Sao Paulo|2026-07-05|high|C,2,Sao Paulo,0,unresolved_or_partial,nan,nan,18°C,nan,True,C,2026-07-05,high,
nan,-3.50007,28.03991998767,Seoul|2026-07-05|high|C,3,Seoul,1,unresolved_or_partial,nan,nan,29°C,nan,True,C,2026-07-05,high,
nan,nan,1.90056,Seoul|2026-07-05|low|C,1,Seoul,0,unresolved_or_partial,nan,nan,22°C,nan,False,C,2026-07-05,low,
nan,nan,25.4599999955,Tokyo|2026-07-05|high|C,2,Tokyo,0,unresolved_or_partial,nan,nan,25°C,nan,True,C,2026-07-05,high,
nan,nan,60.3730499908308,Warsaw|2026-07-05|high|C,2,Warsaw,0,unresolved_or_partial,nan,nan,19°C,nan,True,C,2026-07-05,high,
nan,nan,51.0882,Wuhan|2026-07-05|high|C,2,Wuhan,0,unresolved_or_partial,nan,nan,29°C,nan,True,C,2026-07-05,high,
nan,nan,1.451551001482854,Beijing|2026-07-06|high|C,1,Beijing,0,unresolved_or_partial,nan,nan,30°C,nan,False,C,2026-07-06,high,
nan,nan,16.570939996428002,Hong Kong|2026-07-06|high|C,2,Hong Kong,0,unresolved_or_partial,nan,nan,30°C,nan,True,C,2026-07-06,high,
nan,-2.238921,34.657482005349,London|2026-07-06|high|C,2,London,1,unresolved_or_partial,nan,nan,33°C,nan,True,C,2026-07-06,high,
nan,111.720207,16.054988004920002,New York City|2026-07-06|high|F,5,New York City,1,unresolved_or_partial,nan,nan,between 70-71°F,nan,True,F,2026-07-06,high,between 70-71°F
nan,nan,13.358308003465309,New York City|2026-07-06|low|F,4,New York City,0,unresolved_or_partial,nan,nan,between 64-65°F,nan,True,F,2026-07-06,low,
nan,3.608491,35.487175948623,Sao Paulo|2026-07-06|high|C,5,Sao Paulo,1,unresolved_or_partial,nan,nan,18°C or below,nan,True,C,2026-07-06,high,
nan,nan,80.486820004797,Seoul|2026-07-06|high|C,3,Seoul,0,unresolved_or_partial,nan,nan,26°C,nan,True,C,2026-07-06,high,
nan,nan,0.7658400000000001,Seoul|2026-07-06|low|C,1,Seoul,0,unresolved_or_partial,nan,nan,20°C,nan,False,C,2026-07-06,low,
nan,nan,22.065469991651998,Wellington|2026-07-06|high|C,2,Wellington,0,unresolved_or_partial,nan,nan,12°C,nan,True,C,2026-07-06,high,
nan,138.578735,34.425987994140336,Buenos Aires|2026-07-07|high|C,3,Buenos Aires,1,unresolved_or_partial,nan,nan,18°C,nan,True,C,2026-07-07,high,18°C
nan,735.411291,104.38177998882674,Hong Kong|2026-07-07|high|C,3,Hong Kong,1,unresolved_or_partial,nan,nan,29°C,nan,True,C,2026-07-07,high,28°C
nan,nan,21.301342995102978,London|2026-07-07|high|C,2,London,0,unresolved_or_partial,nan,nan,29°C,nan,True,C,2026-07-07,high,
nan,118.55085,58.74924,Qingdao|2026-07-07|high|C,2,Qingdao,1,unresolved_or_partial,nan,nan,23°C,nan,True,C,2026-07-07,high,23°C
nan,nan,25.09842001204,Seoul|2026-07-07|high|C,2,Seoul,0,unresolved_or_partial,nan,nan,26°C,nan,True,C,2026-07-07,high,
nan,nan,4.522929993238,Seoul|2026-07-07|low|C,2,Seoul,0,unresolved_or_partial,nan,nan,19°C or below,nan,True,C,2026-07-07,low,
nan,nan,65.57220305681825,Shanghai|2026-07-07|high|C,4,Shanghai,0,unresolved_or_partial,nan,nan,37°C,nan,True,C,2026-07-07,high,
nan,271.376318,162.07499502383675,Shenzhen|2026-07-07|high|C,5,Shenzhen,1,unresolved_or_partial,nan,nan,28°C,nan,True,C,2026-07-07,high,28°C
nan,63.673277,134.234500002332,Buenos Aires|2026-07-08|high|C,4,Buenos Aires,1,unresolved_or_partial,nan,nan,18°C,nan,True,C,2026-07-08,high,18°C
nan,nan,12.374080043905,Istanbul|2026-07-08|high|C,2,Istanbul,0,unresolved_or_partial,nan,nan,31°C,nan,True,C,2026-07-08,high,
nan,-0.635772,16.72429999898,Seoul|2026-07-08|high|C,1,Seoul,1,not_evaluable_overlap_or_single,nan,nan,28°C,nan,False,C,2026-07-08,high,28°C
nan,nan,0.53,Seoul|2026-07-08|low|C,1,Seoul,0,unresolved_or_partial,nan,nan,24°C,nan,False,C,2026-07-08,low,
nan,308.498905,107.19302998952746,Shanghai|2026-07-08|high|C,4,Shanghai,1,unresolved_or_partial,nan,nan,36°C,nan,True,C,2026-07-08,high,36°C
nan,nan,46.5313810005,Warsaw|2026-07-08|high|C,2,Warsaw,0,unresolved_or_partial,nan,nan,19°C,nan,True,C,2026-07-08,high,
nan,nan,42.90188900053762,Ankara|2026-07-09|high|C,1,Ankara,0,unresolved_or_partial,nan,nan,32°C,nan,False,C,2026-07-09,high,
nan,nan,30.9471000005,New York City|2026-07-09|high|F,2,New York City,0,unresolved_or_partial,nan,nan,between 82-83°F,nan,True,F,2026-07-09,high,
nan,586.619365,95.841850976113,Qingdao|2026-07-09|high|C,6,Qingdao,1,unresolved_or_partial,nan,nan,30°C,nan,True,C,2026-07-09,high,28°C
nan,-10.479009,79.666636982591,Sao Paulo|2026-07-09|high|C,5,Sao Paulo,2,unresolved_or_partial,nan,nan,21°C,nan,True,C,2026-07-09,high,22°C
nan,215.037243,90.02948999456001,Shanghai|2026-07-09|high|C,3,Shanghai,1,unresolved_or_partial,nan,nan,31°C,nan,True,C,2026-07-09,high,29°C
nan,nan,7.398990008170999,Tokyo|2026-07-09|high|C,1,Tokyo,0,unresolved_or_partial,nan,nan,33°C or higher,nan,False,C,2026-07-09,high,
nan,nan,26.105200005,Warsaw|2026-07-09|high|C,1,Warsaw,0,unresolved_or_partial,nan,nan,19°C,nan,False,C,2026-07-09,high,
nan,164.810151,76.182,Beijing|2026-07-10|high|C,3,Beijing,1,unresolved_or_partial,nan,nan,28°C,nan,True,C,2026-07-10,high,27°C or below
nan,-4.851132,21.564459992270997,London|2026-07-10|high|C,2,London,1,unresolved_or_partial,nan,nan,31°C,nan,True,C,2026-07-10,high,
nan,nan,83.08562199004265,Moscow|2026-07-10|high|C,5,Moscow,0,unresolved_or_partial,nan,nan,25°C,nan,True,C,2026-07-10,high,
nan,nan,61.827559998736,Qingdao|2026-07-10|high|C,2,Qingdao,0,unresolved_or_partial,nan,nan,29°C,nan,True,C,2026-07-10,high,
nan,nan,33.1241620417126,Sao Paulo|2026-07-10|high|C,4,Sao Paulo,0,unresolved_or_partial,nan,nan,27°C,nan,True,C,2026-07-10,high,
nan,nan,53.140269988029004,Tokyo|2026-07-10|high|C,3,Tokyo,0,unresolved_or_partial,nan,nan,32°C,nan,True,C,2026-07-10,high,
nan,nan,50.070500002896004,Warsaw|2026-07-10|high|C,1,Warsaw,0,unresolved_or_partial,nan,nan,17°C,nan,False,C,2026-07-10,high,
nan,nan,18.87812002232,Beijing|2026-07-11|high|C,2,Beijing,0,unresolved_or_partial,nan,nan,31°C,nan,True,C,2026-07-11,high,
nan,nan,13.021983998188148,Helsinki|2026-07-11|high|C,3,Helsinki,0,unresolved_or_partial,nan,nan,26°C,nan,True,C,2026-07-11,high,
nan,150.102968,20.69719999172,London|2026-07-11|high|C,1,London,1,not_evaluable_overlap_or_single,nan,nan,27°C,nan,False,C,2026-07-11,high,27°C
nan,nan,21.505970000096,Moscow|2026-07-11|high|C,2,Moscow,0,unresolved_or_partial,nan,nan,26°C,nan,True,C,2026-07-11,high,
nan,nan,7.570500006105,New York City|2026-07-11|high|F,1,New York City,0,unresolved_or_partial,nan,nan,between 78-79°F,nan,False,F,2026-07-11,high,
nan,nan,6.132509986816,Qingdao|2026-07-11|high|C,1,Qingdao,0,unresolved_or_partial,nan,nan,27°C,nan,False,C,2026-07-11,high,
nan,135.612873,47.780789999855,Seoul|2026-07-11|high|C,2,Seoul,1,unresolved_or_partial,nan,nan,32°C,nan,True,C,2026-07-11,high,32°C
nan,nan,32.486460991116004,Shanghai|2026-07-11|high|C,2,Shanghai,0,unresolved_or_partial,nan,nan,29°C,nan,True,C,2026-07-11,high,
nan,nan,5.5989070004363,Ankara|2026-07-12|high|C,1,Ankara,0,unresolved_or_partial,nan,nan,33°C,nan,False,C,2026-07-12,high,
nan,-0.606398,19.113000002514,Buenos Aires|2026-07-12|high|C,1,Buenos Aires,1,not_evaluable_overlap_or_single,nan,nan,11°C,nan,False,C,2026-07-12,high,
nan,nan,9.843,Istanbul|2026-07-12|high|C,1,Istanbul,0,unresolved_or_partial,nan,nan,28°C,nan,False,C,2026-07-12,high,
nan,nan,66.90324400808716,London|2026-07-12|high|C,3,London,0,unresolved_or_partial,nan,nan,27°C,nan,True,C,2026-07-12,high,
nan,nan,20.937890016190998,Los Angeles|2026-07-12|high|F,4,Los Angeles,0,unresolved_or_partial,nan,nan,between 82-83°F,nan,True,F,2026-07-12,high,
nan,nan,7.27468000873,Mexico City|2026-07-12|high|C,2,Mexico City,0,unresolved_or_partial,nan,nan,27°C,nan,True,C,2026-07-12,high,
nan,nan,9.768965999999999,Moscow|2026-07-12|high|C,2,Moscow,0,unresolved_or_partial,nan,nan,18°C,nan,True,C,2026-07-12,high,
nan,nan,29.457985004345275,New York City|2026-07-12|high|F,2,New York City,0,unresolved_or_partial,nan,nan,between 86-87°F,nan,True,F,2026-07-12,high,
nan,245.532558,122.25780000179199,Seoul|2026-07-12|high|C,1,Seoul,1,not_evaluable_overlap_or_single,nan,nan,34°C or higher,nan,False,C,2026-07-12,high,34°C or higher
nan,nan,304.7929219614004,Shanghai|2026-07-12|high|C,3,Shanghai,0,unresolved_or_partial,nan,nan,28°C,nan,True,C,2026-07-12,high,
nan,nan,0.5,Toronto|2026-07-12|high|C,1,Toronto,0,unresolved_or_partial,nan,nan,29°C,nan,False,C,2026-07-12,high,
nan,31.951743,31.707480007271997,Warsaw|2026-07-12|high|C,3,Warsaw,1,unresolved_or_partial,nan,nan,19°C,nan,True,C,2026-07-12,high,19°C
nan,784.402767,140.6547449892128,Buenos Aires|2026-07-13|high|C,9,Buenos Aires,1,unresolved_or_partial,nan,nan,11°C,nan,True,C,2026-07-13,high,9°C
nan,nan,28.164836999153483,Busan|2026-07-13|high|C,2,Busan,0,unresolved_or_partial,nan,nan,33°C,nan,True,C,2026-07-13,high,
nan,62.094798,50.931687004145395,London|2026-07-13|high|C,4,London,1,unresolved_or_partial,nan,nan,26°C,nan,True,C,2026-07-13,high,26°C
nan,nan,4.229470029213001,Paris|2026-07-13|high|C,1,Paris,0,unresolved_or_partial,nan,nan,37°C,nan,False,C,2026-07-13,high,
nan,nan,17.872599995939996,Seoul|2026-07-13|high|C,1,Seoul,0,unresolved_or_partial,nan,nan,34°C or higher,nan,False,C,2026-07-13,high,
nan,12.202629,51.136440000629,Seoul|2026-07-13|low|C,1,Seoul,1,not_evaluable_overlap_or_single,nan,nan,27°C,nan,False,C,2026-07-13,low,27°C
nan,369.836834,35.858579993959,Tokyo|2026-07-13|high|C,2,Tokyo,1,unresolved_or_partial,nan,nan,28°C,nan,True,C,2026-07-13,high,28°C
nan,13.656,57.472361024436005,Warsaw|2026-07-13|high|C,6,Warsaw,1,unresolved_or_partial,nan,nan,24°C,nan,True,C,2026-07-13,high,25°C
nan,nan,12.06645399924232,Wuhan|2026-07-13|high|C,1,Wuhan,0,unresolved_or_partial,nan,nan,38°C,nan,False,C,2026-07-13,high,
nan,nan,41.810195008113496,Buenos Aires|2026-07-14|high|C,3,Buenos Aires,0,unresolved_or_partial,nan,nan,17°C,nan,True,C,2026-07-14,high,
nan,nan,27.669925966856,Helsinki|2026-07-14|high|C,2,Helsinki,0,unresolved_or_partial,nan,nan,21°C,nan,True,C,2026-07-14,high,
nan,163.097558,52.299440007513,Hong Kong|2026-07-14|high|C,3,Hong Kong,1,unresolved_or_partial,nan,nan,29°C,nan,True,C,2026-07-14,high,28°C
nan,-1.088344,115.52373700200621,London|2026-07-14|high|C,6,London,1,unresolved_or_partial,nan,nan,26°C,nan,True,C,2026-07-14,high,
nan,49.66666,56.386080011785,Mexico City|2026-07-14|high|C,3,Mexico City,1,unresolved_or_partial,nan,nan,26°C,nan,True,C,2026-07-14,high,26°C
nan,nan,1.9973160000831998,San Francisco|2026-07-14|high|F,4,San Francisco,0,unresolved_or_partial,nan,nan,90°F or higher,nan,True,F,2026-07-14,high,
nan,nan,39.4215000035,Seoul|2026-07-14|high|C,1,Seoul,0,unresolved_or_partial,nan,nan,29°C,nan,False,C,2026-07-14,high,
nan,nan,6.6743100080060005,Shanghai|2026-07-14|high|C,1,Shanghai,0,unresolved_or_partial,nan,nan,39°C or higher,nan,False,C,2026-07-14,high,
nan,nan,142.31394100238754,Shenzhen|2026-07-14|high|C,3,Shenzhen,0,unresolved_or_partial,nan,nan,28°C,nan,True,C,2026-07-14,high,
nan,-0.75413,22.958460023458002,Buenos Aires|2026-07-15|high|C,2,Buenos Aires,1,unresolved_or_partial,nan,nan,20°C,nan,True,C,2026-07-15,high,
nan,nan,23.84245599482399,Mexico City|2026-07-15|high|C,2,Mexico City,0,unresolved_or_partial,nan,nan,27°C,nan,True,C,2026-07-15,high,
nan,nan,14.487380005551998,Sao Paulo|2026-07-15|high|C,1,Sao Paulo,0,unresolved_or_partial,nan,nan,20°C,nan,False,C,2026-07-15,high,
nan,nan,13.949049987862999,Seoul|2026-07-15|high|C,2,Seoul,0,unresolved_or_partial,nan,nan,26°C,nan,True,C,2026-07-15,high,
nan,nan,6.2041000317499995,Seoul|2026-07-15|low|C,2,Seoul,0,unresolved_or_partial,nan,nan,21°C,nan,True,C,2026-07-15,low,
nan,nan,8.858500000000001,Shenzhen|2026-07-15|high|C,2,Shenzhen,0,unresolved_or_partial,nan,nan,27°C,nan,True,C,2026-07-15,high,
nan,nan,5.430280004976,Tokyo|2026-07-15|high|C,1,Tokyo,0,unresolved_or_partial,nan,nan,35°C,nan,False,C,2026-07-15,high,
nan,139.899721,46.933482997540594,Buenos Aires|2026-07-16|high|C,3,Buenos Aires,1,unresolved_or_partial,nan,nan,24°C,nan,True,C,2026-07-16,high,24°C
nan,-6.416854,45.889533990808076,Hong Kong|2026-07-16|high|C,3,Hong Kong,1,unresolved_or_partial,nan,nan,29°C,nan,True,C,2026-07-16,high,
nan,nan,6.887210002323,Los Angeles|2026-07-16|high|F,1,Los Angeles,0,unresolved_or_partial,nan,nan,between 78-79°F,nan,False,F,2026-07-16,high,
nan,nan,5.103400000000001,Lucknow|2026-07-16|high|C,2,Lucknow,0,unresolved_or_partial,nan,nan,34°C,nan,True,C,2026-07-16,high,
nan,nan,75.69076599405061,New York City|2026-07-16|high|F,3,New York City,0,unresolved_or_partial,nan,nan,between 90-91°F,nan,True,F,2026-07-16,high,
nan,nan,15.21273000595,Qingdao|2026-07-16|high|C,1,Qingdao,0,unresolved_or_partial,nan,nan,30°C,nan,False,C,2026-07-16,high,
nan,nan,34.03038601750402,Sao Paulo|2026-07-16|high|C,2,Sao Paulo,0,unresolved_or_partial,nan,nan,27°C,nan,True,C,2026-07-16,high,
nan,110.39839,59.75683198968539,Seattle|2026-07-16|high|F,4,Seattle,1,unresolved_or_partial,nan,nan,between 62-63°F,nan,True,F,2026-07-16,high,between 64-65°F
nan,nan,0.35744,Shenzhen|2026-07-16|high|C,1,Shenzhen,0,unresolved_or_partial,nan,nan,29°C,nan,False,C,2026-07-16,high,
nan,nan,22.258669997193,Buenos Aires|2026-07-17|high|C,2,Buenos Aires,0,unresolved_or_partial,nan,nan,25°C,nan,True,C,2026-07-17,high,
nan,nan,1.25289,Busan|2026-07-17|high|C,1,Busan,0,unresolved_or_partial,nan,nan,35°C,nan,False,C,2026-07-17,high,
nan,174.801661,39.483499999335,Hong Kong|2026-07-17|high|C,2,Hong Kong,1,unresolved_or_partial,nan,nan,30°C,nan,True,C,2026-07-17,high,30°C
nan,-7.47708,24.0,Munich|2026-07-17|high|C,1,Munich,1,not_evaluable_overlap_or_single,nan,nan,27°C,nan,False,C,2026-07-17,high,
nan,nan,19.799860000000002,New York City|2026-07-17|high|F,2,New York City,0,unresolved_or_partial,nan,nan,between 88-89°F,nan,True,F,2026-07-17,high,
nan,165.130356,110.67856805996578,Shenzhen|2026-07-17|high|C,7,Shenzhen,1,unresolved_or_partial,nan,nan,29°C,nan,True,C,2026-07-17,high,29°C
nan,nan,9.999688,Tokyo|2026-07-17|high|C,1,Tokyo,0,unresolved_or_partial,nan,nan,29°C,nan,False,C,2026-07-17,high,
nan,90.3,14.700000000000001,Wellington|2026-07-17|high|C,1,Wellington,1,not_evaluable_overlap_or_single,nan,nan,15°C,nan,False,C,2026-07-17,high,15°C
nan,nan,23.04145911068504,Amsterdam|2026-07-18|high|C,2,Amsterdam,0,unresolved_or_partial,nan,nan,17°C,nan,True,C,2026-07-18,high,
nan,nan,14.999999999999998,Ankara|2026-07-18|high|C,1,Ankara,0,unresolved_or_partial,nan,nan,30°C,nan,False,C,2026-07-18,high,
nan,81.161007,26.649930000528,Chongqing|2026-07-18|high|C,2,Chongqing,1,unresolved_or_partial,nan,nan,33°C,nan,True,C,2026-07-18,high,34°C
nan,nan,5.78245999941,Hong Kong|2026-07-18|high|C,1,Hong Kong,0,unresolved_or_partial,nan,nan,31°C,nan,False,C,2026-07-18,high,
nan,408.336405,55.68562099347823,London|2026-07-18|high|C,5,London,1,unresolved_or_partial,nan,nan,23°C,nan,True,C,2026-07-18,high,21°C
nan,nan,29.236724000000002,Moscow|2026-07-18|high|C,2,Moscow,0,unresolved_or_partial,nan,nan,25°C,nan,True,C,2026-07-18,high,
nan,1.75244,73.445065991056,New York City|2026-07-18|high|F,2,New York City,1,unresolved_or_partial,nan,nan,between 78-79°F,nan,True,F,2026-07-18,high,
nan,nan,3.99984,New York City|2026-07-18|low|F,1,New York City,0,unresolved_or_partial,nan,nan,between 66-67°F,nan,False,F,2026-07-18,low,
nan,nan,43.5,Seoul|2026-07-18|high|C,1,Seoul,0,unresolved_or_partial,nan,nan,25°C,nan,False,C,2026-07-18,high,
nan,nan,4.967380001724001,Seoul|2026-07-18|low|C,1,Seoul,0,unresolved_or_partial,nan,nan,17°C or below,nan,False,C,2026-07-18,low,
nan,nan,19.521400009132,Taipei|2026-07-18|high|C,1,Taipei,0,unresolved_or_partial,nan,nan,38°C or higher,nan,False,C,2026-07-18,high,
nan,68.25,47.277199995991,Wellington|2026-07-18|high|C,2,Wellington,1,unresolved_or_partial,nan,nan,15°C,nan,True,C,2026-07-18,high,15°C
nan,-0.282293,1.9665709999946428,Ankara|2026-07-19|high|C,1,Ankara,1,not_evaluable_overlap_or_single,nan,nan,31°C,nan,False,C,2026-07-19,high,
nan,112.011427,70.27432802412534,London|2026-07-19|high|C,4,London,1,unresolved_or_partial,nan,nan,21°C,nan,True,C,2026-07-19,high,21°C
nan,-0.408453,7.0004699995749995,Moscow|2026-07-19|high|C,1,Moscow,1,not_evaluable_overlap_or_single,nan,nan,28°C,nan,False,C,2026-07-19,high,
nan,23.783718,15.713500000000002,New York City|2026-07-19|high|F,2,New York City,1,unresolved_or_partial,nan,nan,between 78-79°F,nan,True,F,2026-07-19,high,
nan,-4.0,7.621599997312,Seoul|2026-07-19|low|C,2,Seoul,1,unresolved_or_partial,nan,nan,20°C,nan,True,C,2026-07-19,low,
nan,51.492155,44.439499994373,Beijing|2026-07-20|high|C,3,Beijing,1,unresolved_or_partial,nan,nan,29°C,nan,True,C,2026-07-20,high,30°C
nan,nan,34.226200008,London|2026-07-20|high|C,1,London,0,unresolved_or_partial,nan,nan,23°C,nan,False,C,2026-07-20,high,
nan,0.516069,4.647610002564,Munich|2026-07-20|high|C,1,Munich,1,not_evaluable_overlap_or_single,nan,nan,21°C,nan,False,C,2026-07-20,high,
nan,nan,51.730000000000004,Sao Paulo|2026-07-20|high|C,2,Sao Paulo,0,unresolved_or_partial,nan,nan,28°C,nan,True,C,2026-07-20,high,
nan,nan,32.431377998684994,Seoul|2026-07-20|high|C,3,Seoul,0,unresolved_or_partial,nan,nan,25°C,nan,True,C,2026-07-20,high,
nan,nan,14.108280009746546,Seoul|2026-07-20|low|C,3,Seoul,0,unresolved_or_partial,nan,nan,20°C,nan,True,C,2026-07-20,low,
nan,nan,9.999668,Shenzhen|2026-07-20|high|C,1,Shenzhen,0,unresolved_or_partial,nan,nan,27°C,nan,False,C,2026-07-20,high,
nan,nan,10.092799999723999,Wuhan|2026-07-20|high|C,2,Wuhan,0,unresolved_or_partial,nan,nan,32°C,nan,True,C,2026-07-20,high,
nan,nan,48.59171001,Wuhan|2026-07-21|high|C,4,Wuhan,0,unresolved_or_partial,nan,nan,31°C,nan,True,C,2026-07-21,high,
