adjacent_exact_or_range,authoritative_realized_pnl_sum,bucket_count,buckets,buy_usd,cashflow_pnl_before_resolution,city,closed_yes_asset_count,has_transform_events,max_entry_state_payout,max_entry_state_pnl,max_remaining_state_payout,min_entry_state_payout,min_entry_state_pnl,min_remaining_state_payout,net_cost_after_pre_resolution_sells,open_or_unresolved_yes_asset_count,sell_usd,state_model_note,state_model_valid,unequal_share_ratio_entry,unit,weather_date,weather_metric,winner_bucket_labels,winner_in_visible_yes_basket
False,-0.8699999999999999,1,9°C,1.1099999999999999,-0.8699999999999999,London,1,False,30.0,28.89,0.0,30.0,28.89,0.0,0.8699999999999999,0,0.24,overlapping_or_single_bucket_yes_markets,False,1.0,C,2026-01-25,high,,False
False,-0.8699999999999999,1,between 18-19°F,0.87,-0.87,New York City,1,False,290.0,289.13,290.0,290.0,289.13,290.0,0.87,0,0.0,overlapping_or_single_bucket_yes_markets,False,1.0,F,2026-01-25,high,,False
False,-0.7,1,between 46-47°F,0.7000000000000001,-0.7000000000000001,Seattle,1,False,10.0,9.3,10.0,10.0,9.3,10.0,0.7000000000000001,0,0.0,overlapping_or_single_bucket_yes_markets,False,1.0,F,2026-01-25,high,,False
False,1.758942,1,between 42-43°F,1.6899989999552034,-1.6899989999552034,Atlanta,1,False,3.448978,1.7589790000447965,3.448978,3.448978,1.7589790000447965,3.448978,1.6899989999552034,0,0.0,overlapping_or_single_bucket_yes_markets,False,1.0,F,2026-01-27,high,between 42-43°F,True
False,2.5246139999999997,2,9°C|11°C or higher,8.019614997232704,2.5232050135512942,Ankara,2,False,441.88732,433.8677050027673,0.007319999999992888,15.0,6.980385002767296,0.0,-2.5232050135512942,0,10.542820010783998,non_overlapping_yes_buckets,True,29.459154666666667,C,2026-01-31,high,,False
False,-6.570917999999999,2,9°C|11°C or higher,9.999998999440212,-6.576398999440212,London,2,False,350.0,340.0000010005598,350.0,12.689654,2.689655000559789,0.009654000000001162,6.576398999440212,0,3.4236,non_overlapping_yes_buckets,True,27.581524287423438,C,2026-01-31,high,11°C or higher,True
False,-0.990649,1,35°C,0.9999990001521372,-0.9906890001521371,Buenos Aires,1,False,9.310343,8.310343999847863,0.00034299999999909403,9.310343,8.310343999847863,0.00034299999999909403,0.9906890001521371,0,0.00931,overlapping_or_single_bucket_yes_markets,False,1.0,C,2026-02-01,high,,False
False,-0.999963,1,-1°C,0.9999990012759068,-0.9999990012759068,Seoul,1,False,34.482757,33.48275799872409,34.482757,34.482757,33.48275799872409,34.482757,0.9999990012759068,0,0.0,overlapping_or_single_bucket_yes_markets,False,1.0,C,2026-02-01,high,,False
False,1.384,1,50°F or higher,1.44,-1.216,Atlanta,1,True,6.0,4.5600000000000005,5.2,6.0,4.5600000000000005,5.2,1.216,0,0.22400000000000003,overlapping_or_single_bucket_yes_markets,False,1.0,F,2026-02-02,high,50°F or higher,True
False,-0.075,1,9°C,0.1,-0.07500000000000001,London,1,False,5.0,4.9,0.0,5.0,4.9,0.0,0.07500000000000001,0,0.025,overlapping_or_single_bucket_yes_markets,False,1.0,C,2026-02-03,high,,False
False,-0.052,1,between 32-33°F,2.3920000000000003,-0.052000000000000046,New York City,1,False,5.2,2.808,0.0,5.2,2.808,0.0,0.052000000000000046,0,2.3400000000000003,overlapping_or_single_bucket_yes_markets,False,1.0,F,2026-02-03,high,between 32-33°F,True
False,-0.0638,1,-6°C or below,0.11599999999999999,-0.0638,Toronto,1,False,5.8,5.684,0.0,5.8,5.684,0.0,0.0638,0,0.052199999999999996,overlapping_or_single_bucket_yes_markets,False,1.0,C,2026-02-03,high,,False
False,-0.33000000000000007,1,23°F or below,0.99,-0.32999999999999996,Chicago,1,False,33.0,32.01,0.0,33.0,32.01,0.0,0.32999999999999996,0,0.66,overlapping_or_single_bucket_yes_markets,False,1.0,F,2026-02-04,high,,False
False,22.9612,1,between 52-53°F,1.0,-0.9788,Dallas,1,True,50.0,49.0,47.88,50.0,49.0,47.88,0.9788,0,0.0212,overlapping_or_single_bucket_yes_markets,False,1.0,F,2026-02-04,high,,False
False,4.7517,1,between 76-77°F,0.30329999999999996,-0.30329999999999996,Miami,1,True,10.11,9.8067,10.11,10.11,9.8067,10.11,0.30329999999999996,0,0.0,overlapping_or_single_bucket_yes_markets,False,1.0,F,2026-02-04,high,,False
False,-1.0,1,32°C,2.0,-1.0,Buenos Aires,1,False,200.0,198.0,0.0,200.0,198.0,0.0,1.0,0,1.0,overlapping_or_single_bucket_yes_markets,False,1.0,C,2026-02-05,high,,False
False,-2.0,1,5°C,2.0,-2.0,Seoul,1,False,100.0,98.0,100.0,100.0,98.0,100.0,2.0,0,0.0,overlapping_or_single_bucket_yes_markets,False,1.0,C,2026-02-05,high,,False
False,34.75,1,between 26-27°F,2.0,3.5,New York City,1,True,200.0,198.0,62.5,200.0,198.0,62.5,-3.5,0,5.5,overlapping_or_single_bucket_yes_markets,False,1.0,F,2026-02-06,high,,False
False,-2.0,1,-5°C,2.0,-2.0,Seoul,1,False,200.0,198.0,200.0,200.0,198.0,200.0,2.0,0,0.0,overlapping_or_single_bucket_yes_markets,False,1.0,C,2026-02-06,high,,False
False,-1.085,1,1°C,2.0,-1.085,Toronto,1,False,200.0,198.0,0.0,200.0,198.0,0.0,1.085,0,0.915,overlapping_or_single_bucket_yes_markets,False,1.0,C,2026-02-06,high,,False
False,8.33,1,between 74-75°F,0.17,-0.17,Miami,1,True,17.0,16.83,17.0,17.0,16.83,17.0,0.17,0,0.0,overlapping_or_single_bucket_yes_markets,False,1.0,F,2026-02-07,high,,False
False,49.0,1,35°C,1.0,-1.0,Buenos Aires,1,True,100.0,99.0,100.0,100.0,99.0,100.0,1.0,0,0.0,overlapping_or_single_bucket_yes_markets,False,1.0,C,2026-02-08,high,,False
False,0.6265509999999999,1,11°C,9.87,-9.8577,London,1,True,21.0,11.13,20.97,21.0,11.13,20.97,9.8577,0,0.012299999999999998,overlapping_or_single_bucket_yes_markets,False,1.0,C,2026-02-08,high,11°C,True
False,33.544,1,between 68-69°F,1.0,-0.45599999999999996,Miami,1,True,100.0,99.0,68.0,100.0,99.0,68.0,0.45599999999999996,0,0.544,overlapping_or_single_bucket_yes_markets,False,1.0,F,2026-02-08,high,,False
False,28.258153,1,between 22-23°F,1.0,-0.5767,New York City,1,True,100.0,99.0,57.67,100.0,99.0,57.67,0.5767,0,0.4233,overlapping_or_single_bucket_yes_markets,False,1.0,F,2026-02-08,high,,False
False,-1.0,1,18°C,1.0,-1.0,Wellington,1,False,100.0,99.0,100.0,100.0,99.0,100.0,1.0,0,0.0,overlapping_or_single_bucket_yes_markets,False,1.0,C,2026-02-08,high,,False
False,-1.0,1,7°C,1.0,-1.0,Ankara,1,False,100.0,99.0,100.0,100.0,99.0,100.0,1.0,0,0.0,overlapping_or_single_bucket_yes_markets,False,1.0,C,2026-02-09,high,,False
False,9.6,1,35°C,0.4,-0.4,Buenos Aires,1,True,20.0,19.6,20.0,20.0,19.6,20.0,0.4,0,0.0,overlapping_or_single_bucket_yes_markets,False,1.0,C,2026-02-09,high,,False
False,42.0616,1,9°C,0.8584,-0.8584,London,1,True,85.84,84.9816,85.84,85.84,84.9816,85.84,0.8584,0,0.0,overlapping_or_single_bucket_yes_markets,False,1.0,C,2026-02-09,high,9°C,True
False,36.705087,1,between 70-71°F,1.0,-1.0,Miami,1,True,100.0,99.0,100.0,100.0,99.0,100.0,1.0,0,0.0,overlapping_or_single_bucket_yes_markets,False,1.0,F,2026-02-09,high,,False
False,157.38989299999997,2,23°F or below|between 26-27°F,3.4267,-3.42604,New York City,2,True,230.0,226.5733,229.97,91.67,88.2433,91.67,3.42604,0,0.0006599999999999999,non_overlapping_yes_buckets,True,2.508999672739173,F,2026-02-09,high,,False
False,48.5,2,4°C|5°C or higher,2.0,-1.5,Seoul,2,True,100.0,98.0,100.0,100.0,98.0,0.0,1.5,0,0.5,non_overlapping_yes_buckets,True,1.0,C,2026-02-09,high,,False
False,-0.09999999999999999,1,-9°C,1.0,-0.10000000000000009,Toronto,1,False,10.0,9.0,0.0,10.0,9.0,0.0,0.10000000000000009,0,0.8999999999999999,overlapping_or_single_bucket_yes_markets,False,1.0,C,2026-02-09,high,,False
False,48.0,2,3°C|5°C,2.0,-2.0,Ankara,2,True,100.0,98.0,100.0,100.0,98.0,100.0,2.0,0,0.0,non_overlapping_yes_buckets,True,1.0,C,2026-02-10,high,,False
False,72.61065500000001,3,between 62-63°F|between 68-69°F|between 70-71°F,2.52,-1.9141,Dallas,3,True,100.0,97.48,97.05,52.0,49.48,0.0,1.9141,0,0.6059,non_overlapping_yes_buckets,True,1.9230769230769231,F,2026-02-10,high,,False
False,39.990174,1,between 72-73°F,0.816126,-0.816126,Miami,1,True,81.6126,80.796474,81.6126,81.6126,80.796474,81.6126,0.816126,0,0.0,overlapping_or_single_bucket_yes_markets,False,1.0,F,2026-02-10,high,,False
False,-1.0,1,2°C,1.0,-1.0,Seoul,1,False,100.0,99.0,100.0,100.0,99.0,100.0,1.0,0,0.0,overlapping_or_single_bucket_yes_markets,False,1.0,C,2026-02-10,high,,False
True,83.0112,3,4°C|5°C|6°C,3.4588,-3.4588,Ankara,3,True,100.0,96.5412,100.0,72.94,69.4812,72.94,3.4588,0,0.0,non_overlapping_yes_buckets,True,1.3709898546750754,C,2026-02-11,high,,False
False,146.1806,3,8°C or below|9°C|11°C,3.0,-2.9694,London,3,True,100.0,97.0,100.0,100.0,97.0,98.3,2.9694,0,0.030599999999999995,non_overlapping_yes_buckets,True,1.0,C,2026-02-11,high,,False
True,70.14625799999999,3,between 34-35°F|between 36-37°F|between 38-39°F,3.5771360000000003,-3.1055760014060003,New York City,3,True,177.99,174.412864,100.0,79.7236,76.14646400000001,66.79,3.1055760014060003,0,0.471559998594,non_overlapping_yes_buckets,True,2.2325885935908563,F,2026-02-11,high,,False
False,41.15048600000001,1,6°C or higher,4.999998996407598,-4.4997989964075975,Seoul,1,True,191.341589,186.3415900035924,91.30158899999999,191.341589,186.3415900035924,91.30158899999999,4.4997989964075975,0,0.5002000000000001,overlapping_or_single_bucket_yes_markets,False,1.0,C,2026-02-11,high,,False
False,29.04,1,2°C or higher,1.0,-0.96,Toronto,1,True,100.0,99.0,60.0,100.0,99.0,60.0,0.96,0,0.04,overlapping_or_single_bucket_yes_markets,False,1.0,C,2026-02-11,high,,False
False,-0.7,1,19°C,1.0,-0.7,Wellington,1,False,100.0,99.0,0.0,100.0,99.0,0.0,0.7,0,0.3,overlapping_or_single_bucket_yes_markets,False,1.0,C,2026-02-11,high,,False
False,48.92770000000001,1,29°F or below,1.144602,-1.0723019999999999,Chicago,1,True,114.4602,113.315598,100.0002,114.4602,113.315598,100.0002,1.0723019999999999,0,0.0723,overlapping_or_single_bucket_yes_markets,False,1.0,F,2026-02-12,high,,False
False,49.0,1,69°F or below,1.0,-1.0,Dallas,1,True,100.0,99.0,100.0,100.0,99.0,100.0,1.0,0,0.0,overlapping_or_single_bucket_yes_markets,False,1.0,F,2026-02-12,high,,False
False,48.99755,1,86°F or higher,1.0,-1.0,Miami,1,True,100.0,99.0,100.0,100.0,99.0,100.0,1.0,0,0.0,overlapping_or_single_bucket_yes_markets,False,1.0,F,2026-02-12,high,,False
False,-0.5,1,between 54-55°F,1.0,-0.5,Atlanta,1,False,100.0,99.0,0.0,100.0,99.0,0.0,0.5,0,0.5,overlapping_or_single_bucket_yes_markets,False,1.0,F,2026-02-13,high,,False
True,3.5797,2,between 64-65°F|between 66-67°F,2.0,-1.4702899999999999,Dallas,2,True,100.0,98.0,10.099999999999994,100.0,98.0,0.0,1.4702899999999999,0,0.52971,non_overlapping_yes_buckets,True,1.0,F,2026-02-13,high,,False
True,47.80006,2,between 38-39°F|between 40-41°F,2.999705,-2.199945,Seattle,2,True,100.0,97.000295,100.0,99.9705,96.970795,0.0005000000000023874,2.199945,0,0.79976,non_overlapping_yes_buckets,True,1.00029508705068,F,2026-02-13,high,,False
True,122.4951,2,4°C|5°C,2.5,-2.5,Seoul,2,True,150.0,147.5,150.0,100.0,97.5,100.0,2.5,0,0.0,non_overlapping_yes_buckets,True,1.5,C,2026-02-13,high,,False
False,14.29,1,9°C,1.0,-1.0,Ankara,1,True,100.0,99.0,100.0,100.0,99.0,100.0,1.0,0,0.0,overlapping_or_single_bucket_yes_markets,False,1.0,C,2026-02-14,high,,False
False,137.151295,1,8°C,6.738940000855999,-6.738940000855999,London,1,True,287.78,281.04105999914395,287.78,287.78,281.04105999914395,287.78,6.738940000855999,0,0.0,overlapping_or_single_bucket_yes_markets,False,1.0,C,2026-02-14,high,,False
False,1009.87915,3,4°C|10°C|11°C or higher,19.229297999824002,935.0862120304009,Seoul,3,True,1191.88,1172.6507020001761,77.5838,33.81,14.580702000176,0.0,-935.0862120304009,0,954.3155100302249,non_overlapping_yes_buckets,True,35.252292221236324,C,2026-02-14,high,11°C or higher,True
False,1.6661480000000002,2,28°C|30°C,215.340866,-215.340866,Buenos Aires,2,False,217.007,1.6661339999999996,217.007,100.0,-115.340866,100.0,215.340866,0,0.0,non_overlapping_yes_buckets,True,2.17007,C,2026-02-15,high,30°C,True
False,49.0,1,between 42-43°F,1.0,-1.0,Chicago,1,True,100.0,99.0,100.0,100.0,99.0,100.0,1.0,0,0.0,overlapping_or_single_bucket_yes_markets,False,1.0,F,2026-02-15,high,,False
False,155.12068599999998,4,6°C|7°C|11°C|12°C or higher,10.7656680005,5.236971986459,London,4,True,799.983875,789.2182069995,299.76939999999996,5.0,-5.7656680005,0.0,-5.236971986459,0,16.002639986959,non_overlapping_yes_buckets,True,159.996775,C,2026-02-15,high,,False
False,-2.480525,1,33°C,2.488,-2.48053,Sao Paulo,1,False,7.470000000000001,4.982000000000001,8.881784197001252e-16,7.470000000000001,4.982000000000001,8.881784197001252e-16,2.48053,0,0.00747,overlapping_or_single_bucket_yes_markets,False,1.0,C,2026-02-15,high,,False
False,146.997942,2,1°C or below|2°C,2.999958,-2.999958,Seoul,2,True,200.0,197.000042,200.0,99.9958,96.995842,99.9958,2.999958,0,0.0,non_overlapping_yes_buckets,True,2.000084003528148,C,2026-02-15,high,,False
False,18.6731,1,2°C,1.1919,-1.1919,Toronto,1,True,39.730000000000004,38.53810000000001,39.730000000000004,39.730000000000004,38.53810000000001,39.730000000000004,1.1919,0,0.0,overlapping_or_single_bucket_yes_markets,False,1.0,C,2026-02-15,high,,False
False,87.85528,4,28°C or below|32°C|33°C|34°C,21.627900999999998,44.220238998,Buenos Aires,4,True,114.0,92.372099,87.27010000000001,40.0,18.372099000000002,0.0,-44.220238998,0,65.848139998,non_overlapping_yes_buckets,True,2.85,C,2026-02-16,high,33°C,True
False,10.995568999999998,4,8°C|10°C|11°C|12°C or higher,35.594359002010144,10.99523099798985,London,4,False,316.666666,281.07230699798987,94.6,40.0,4.405640997989856,0.0,-10.99523099798985,0,46.589589999999994,non_overlapping_yes_buckets,True,7.916666650000001,C,2026-02-16,high,10°C,True
False,12.0,1,between 36-37°F,3.0,12.0,New York City,1,False,30.0,27.0,0.0,30.0,27.0,0.0,-12.0,0,15.0,overlapping_or_single_bucket_yes_markets,False,1.0,F,2026-02-16,high,,False
False,-1.0,1,9°C,1.0,-1.0,Paris,1,False,100.0,99.0,100.0,100.0,99.0,100.0,1.0,0,0.0,overlapping_or_single_bucket_yes_markets,False,1.0,C,2026-02-16,high,,False
True,-4.6022,3,31°C|32°C|33°C,22.446931000000003,-4.607931000000004,Buenos Aires,3,False,74.98331,52.536379,0.010000000000001563,18.67,-3.776931000000001,0.0,4.607931000000004,0,17.839,non_overlapping_yes_buckets,True,4.016245848955544,C,2026-02-17,high,31°C,True
False,2.2788,1,8°C,6.617,2.2788000000000013,London,1,False,92.0,85.383,52.0,92.0,85.383,52.0,-2.2788000000000013,0,8.895800000000001,overlapping_or_single_bucket_yes_markets,False,1.0,C,2026-02-17,high,,False
False,75.32742,1,12°C or higher,3.876461,-3.8376609999999998,Paris,1,True,162.21305,158.336589,158.33305000000001,162.21305,158.336589,158.33305000000001,3.8376609999999998,0,0.0388,overlapping_or_single_bucket_yes_markets,False,1.0,C,2026-02-17,high,,False
False,-20.019813,1,33°C,20.02,-20.02,Sao Paulo,1,False,121.0,100.98,121.0,121.0,100.98,121.0,20.02,0,0.0,overlapping_or_single_bucket_yes_markets,False,1.0,C,2026-02-17,high,,False
False,34.95621,1,0°C,0.99,-0.98879,Toronto,1,True,72.0,71.01,71.89,72.0,71.01,71.89,0.98879,0,0.00121,overlapping_or_single_bucket_yes_markets,False,1.0,C,2026-02-17,high,,False
False,0.8517649999999999,1,36°C,2.46638,0.85168,Buenos Aires,1,False,65.06,62.59362,0.0,65.06,62.59362,0.0,-0.85168,0,3.31806,overlapping_or_single_bucket_yes_markets,False,1.0,C,2026-02-18,high,,False
False,62.266168,1,8°C,2.729832,-2.729832,London,1,True,129.992,127.26216799999999,129.992,129.992,127.26216799999999,129.992,2.729832,0,0.0,overlapping_or_single_bucket_yes_markets,False,1.0,C,2026-02-18,high,,False
True,6.78,3,31°C|32°C|33°C,7.9,6.779999999999999,Sao Paulo,3,False,50.0,42.1,0.0,5.75,-2.1500000000000004,0.0,-6.779999999999999,0,14.68,non_overlapping_yes_buckets,True,8.695652173913043,C,2026-02-18,high,31°C,True
False,-0.9,1,7°C,1.0,-0.9,Seoul,1,False,50.0,49.0,0.0,50.0,49.0,0.0,0.9,0,0.1,overlapping_or_single_bucket_yes_markets,False,1.0,C,2026-02-18,high,,False
True,-2.466,2,6°C|7°C,3.016,-2.466,Ankara,2,False,50.0,46.984,12.6,12.6,9.584,0.0,2.466,0,0.5499999999999999,non_overlapping_yes_buckets,True,3.9682539682539684,C,2026-02-19,high,,False
True,2.9622,3,31°C|32°C|33°C,17.0206,-8.767800000000003,Buenos Aires,3,True,43.37,26.349399999999996,9.64,9.23,-7.790600000000001,4.999999999999993,8.767800000000003,0,8.252799999999999,non_overlapping_yes_buckets,True,4.698808234019501,C,2026-02-19,high,32°C,True
False,5.294851,3,between 78-79°F|between 80-81°F|82°F or higher,10.489228,-0.7072099998767154,Dallas,3,False,74.9952,64.505972,6.0,6.0,-4.489228000000001,0.005200000000002092,0.7072099998767154,0,9.782018000123285,non_overlapping_yes_buckets,True,12.4992,F,2026-02-19,high,between 78-79°F,True
False,-4.737784,1,between 84-85°F,7.5725999999999996,-4.737800000627999,Miami,1,False,38.06,30.4874,0.0,38.06,30.4874,0.0,4.737800000627999,0,2.834799999372,overlapping_or_single_bucket_yes_markets,False,1.0,F,2026-02-19,high,,False
False,-0.6606,1,between 38-39°F,2.4956,-0.6606000000000001,New York City,1,False,7.34,4.8444,0.0,7.34,4.8444,0.0,0.6606000000000001,0,1.835,overlapping_or_single_bucket_yes_markets,False,1.0,F,2026-02-19,high,,False
False,-0.175,1,33°C or higher,0.25,-0.175,Sao Paulo,1,False,25.0,24.75,0.0,25.0,24.75,0.0,0.175,0,0.075,overlapping_or_single_bucket_yes_markets,False,1.0,C,2026-02-19,high,,False
False,-0.46,1,3°C,0.45999999999999996,-0.45999999999999996,Seoul,1,False,20.0,19.54,20.0,20.0,19.54,20.0,0.45999999999999996,0,0.0,overlapping_or_single_bucket_yes_markets,False,1.0,C,2026-02-19,high,,False
False,-4.75,1,32°C,5.0,-4.75,Buenos Aires,1,False,25.0,20.0,0.0,25.0,20.0,0.0,4.75,0,0.25,overlapping_or_single_bucket_yes_markets,False,1.0,C,2026-02-20,high,,False
True,-4.153412,2,between 84-85°F|between 86-87°F,4.153689997173478,-4.153689997173478,Miami,2,False,150.320909,146.16721900282653,150.320909,20.0,15.846310002826522,20.0,4.153689997173478,0,0.0,non_overlapping_yes_buckets,True,7.51604545,F,2026-02-20,high,,False
False,16.388369,3,32°C|33°C|34°C or higher,40.89999900108841,16.38387099823359,Sao Paulo,3,False,166.849053,125.94905399891158,0.009996000000001004,55.869996,14.96999699891159,0.0,-16.38387099823359,0,57.283869999322,non_overlapping_yes_buckets,True,2.986380256766082,C,2026-02-20,high,32°C,True
False,39.048266,2,8°C|11°C or higher,18.088547007770813,-10.949347000398813,Seoul,2,False,353.96,335.87145299222914,49.997646,49.997646,31.90909899222919,0.0,10.949347000398813,0,7.139200007372,non_overlapping_yes_buckets,True,7.079533304427971,C,2026-02-20,high,11°C or higher,True
False,-6.0143,2,14°C|15°C or higher,6.194309999117,-6.014309999117001,Ankara,2,False,50.0,43.805690000883,50.0,30.0,23.805690000883,0.0,6.014309999117001,0,0.18,non_overlapping_yes_buckets,True,1.6666666666666667,C,2026-02-21,high,,False
True,17.27902,3,31°C|32°C|33°C,18.5888,-17.9042,Buenos Aires,3,False,35.18,16.5912,35.18,20.0,1.411200000000001,0.0,17.9042,0,0.6846000000000001,non_overlapping_yes_buckets,True,1.759,C,2026-02-21,high,31°C,True
False,26.0944,2,29°F or below|between 30-31°F,3.9055999999999997,-3.9055999999999997,Chicago,2,False,30.0,26.0944,30.0,28.48,24.5744,28.48,3.9055999999999997,0,0.0,non_overlapping_yes_buckets,True,1.053370786516854,F,2026-02-21,high,29°F or below,True
False,6.4355,1,between 62-63°F,2.532,6.435500000000001,Dallas,1,False,10.55,8.018,0.0,10.55,8.018,0.0,-6.435500000000001,0,8.967500000000001,overlapping_or_single_bucket_yes_markets,False,1.0,F,2026-02-21,high,between 62-63°F,True
True,-2.625,2,between 48-49°F|between 50-51°F,4.625,-2.625,New York City,2,False,40.0,35.375,15.0,15.0,10.375,0.0,2.625,0,2.0,non_overlapping_yes_buckets,True,2.6666666666666665,F,2026-02-21,high,,False
False,-7.121599,2,30°C|31°C or higher,9.1461,-7.126800000000001,Sao Paulo,2,False,67.31,58.1639,0.03,0.03,-9.116100000000001,0.0,7.126800000000001,0,2.0193,non_overlapping_yes_buckets,True,2243.666666666667,C,2026-02-21,high,,False
False,0.575155,1,32°C,10.6,0.5750000000000011,Buenos Aires,1,False,175.0,164.4,0.0,175.0,164.4,0.0,-0.5750000000000011,0,11.175,overlapping_or_single_bucket_yes_markets,False,1.0,C,2026-02-22,high,,False
True,3.613249,2,15°C|16°C,16.459,3.6125099956040003,London,2,False,330.0,313.541,0.0,43.53,27.071,0.0,-3.6125099956040003,0,20.071509995604,non_overlapping_yes_buckets,True,7.580978635423845,C,2026-02-22,high,,False
True,33.763125,3,between 88-89°F|between 90-91°F|between 92-93°F,23.6937,33.763249997,Miami,3,False,205.0,181.3063,0.0,59.97,36.2763,0.0,-33.763249997,0,57.456949997,non_overlapping_yes_buckets,True,3.4183758545939638,F,2026-02-22,high,between 88-89°F,True
False,86.467439,4,27°C|28°C|29°C|30°C or higher,27.560429999484477,-26.971369997874476,Sao Paulo,4,True,191.877065,164.3166350005155,191.877065,17.5,-10.060429999484477,0.0,26.971369997874476,0,0.58906000161,non_overlapping_yes_buckets,True,10.964403714285714,C,2026-02-22,high,27°C,True
False,-1.2,2,6°C|9°C,2.88,-1.2001199999999999,Ankara,2,False,100.0,97.12,100.0,21.0,18.12,0.0015000000000000568,1.2001199999999999,0,1.67988,non_overlapping_yes_buckets,True,4.761904761904762,C,2026-02-23,high,,False
False,-2.02941,1,between 42-43°F,3.75,-2.0293999995,Atlanta,1,False,15.0,11.25,0.0,15.0,11.25,0.0,2.0293999995,0,1.7206000005,overlapping_or_single_bucket_yes_markets,False,1.0,F,2026-02-23,high,,False
False,0.14826,1,between 62-63°F,0.447,0.14795999999999992,Dallas,1,False,14.9,14.453000000000001,0.010000000000001563,14.9,14.453000000000001,0.010000000000001563,-0.14795999999999992,0,0.5949599999999999,overlapping_or_single_bucket_yes_markets,False,1.0,F,2026-02-23,high,,False
False,14.584045,1,36°F or higher,19.6678,-10.415999998344999,New York City,1,False,108.21000000000001,88.54220000000001,25.0,108.21000000000001,88.54220000000001,25.0,10.415999998344999,0,9.251800001655,overlapping_or_single_bucket_yes_markets,False,1.0,F,2026-02-23,high,36°F or higher,True
False,-1.144,1,28°C,1.1440000000000001,-1.1440000000000001,Sao Paulo,1,False,10.4,9.256,10.4,10.4,9.256,10.4,1.1440000000000001,0,0.0,overlapping_or_single_bucket_yes_markets,False,1.0,C,2026-02-23,high,,False
False,48.850011,1,16°C,0.996939,-0.996939,Wellington,1,True,99.6939,98.696961,99.6939,99.6939,98.696961,99.6939,0.996939,0,0.0,overlapping_or_single_bucket_yes_markets,False,1.0,C,2026-02-23,high,,False
True,17.078573000000002,4,6°C|7°C|8°C|9°C,19.99171200039265,-4.030682001320647,Ankara,4,False,44.63,24.638287999607353,21.109088,15.0,-4.991712000392649,0.0,4.030682001320647,0,15.961029999072002,non_overlapping_yes_buckets,True,2.9753333333333334,C,2026-02-24,high,8°C,True
False,-13.958779,1,35°C,13.960512,-13.960512,Buenos Aires,1,False,699.8636,685.903088,699.8636,699.8636,685.903088,699.8636,13.960512,0,0.0,overlapping_or_single_bucket_yes_markets,False,1.0,C,2026-02-24,high,,False
False,-1.912,1,5°C,1.9120000000000001,-1.9120000000000001,Ankara,1,False,19.12,17.208000000000002,19.12,19.12,17.208000000000002,19.12,1.9120000000000001,0,0.0,overlapping_or_single_bucket_yes_markets,False,1.0,C,2026-02-25,high,,False
False,29.384169000000007,3,18°C|19°C|20°C or higher,14.71445,29.381149999288,London,3,False,46.269999999999996,31.555549999999997,46.269999999999996,19.990000000000002,5.275550000000003,0.0,-29.381149999288,0,44.095599999288,non_overlapping_yes_buckets,True,2.3146573286643317,C,2026-02-25,high,19°C,True
False,-0.82415,1,30°C,1.0,-0.82413,Sao Paulo,1,False,50.0,49.0,0.0,50.0,49.0,0.0,0.82413,0,0.17587,overlapping_or_single_bucket_yes_markets,False,1.0,C,2026-02-25,high,,False
False,-15.698674,3,11°C|13°C|14°C or higher,15.699658000000001,-15.699658000000001,Seoul,3,False,379.98290000000003,364.28324200000003,379.98290000000003,10.0,-5.699658000000001,10.0,15.699658000000001,0,0.0,non_overlapping_yes_buckets,True,37.998290000000004,C,2026-02-25,high,,False
False,1.4,1,3°C,2.4,1.4,Ankara,1,False,20.0,17.6,0.0,20.0,17.6,0.0,-1.4,0,3.8,overlapping_or_single_bucket_yes_markets,False,1.0,C,2026-02-26,high,,False
True,30.113265,3,29°C|30°C|31°C,11.165859,30.113291000399997,Buenos Aires,3,False,70.0,58.834141,70.0,42.4,31.234141,0.0,-30.113291000399997,0,41.279150000399994,non_overlapping_yes_buckets,True,1.650943396226415,C,2026-02-26,high,29°C,True
True,68.897754,2,between 38-39°F|between 40-41°F,23.981181,68.89661700045852,Chicago,2,False,120.16405,96.18286900000001,10.20405000000001,104.03999999999999,80.058819,0.006471999999988043,-68.89661700045852,0,92.87779800045851,non_overlapping_yes_buckets,True,1.1549793348712034,F,2026-02-26,high,between 40-41°F,True
False,-8.600238,1,20°C,8.600309,-8.600309,Paris,1,False,105.0103,96.409991,105.0103,105.0103,96.409991,105.0103,8.600309,0,0.0,overlapping_or_single_bucket_yes_markets,False,1.0,C,2026-02-26,high,,False
False,3.9440890000000004,5,28°C or below|29°C|30°C|31°C|32°C,141.97502099508264,3.9431390041013685,Buenos Aires,5,False,164.8,22.824979004917367,0.00771899999999448,23.43,-118.54502099508264,0.0,-3.9431390041013685,0,145.918159999184,non_overlapping_yes_buckets,True,7.033717456252668,C,2026-02-27,high,29°C,True
False,-0.086111,1,between 56-57°F,0.28300000000000003,-0.086109999894,Chicago,1,False,5.66,5.377,0.0,5.66,5.377,0.0,0.086109999894,0,0.19689000010600002,overlapping_or_single_bucket_yes_markets,False,1.0,F,2026-02-27,high,,False
False,-0.7725220000000002,1,between 84-85°F,9.749,-0.7724999997740003,Miami,1,False,66.66,56.910999999999994,0.0,66.66,56.910999999999994,0.0,0.7724999997740003,0,8.976500000226,overlapping_or_single_bucket_yes_markets,False,1.0,F,2026-02-27,high,,False
True,64.655565,3,32°C|33°C|34°C,78.91072099963827,64.65422399420714,Buenos Aires,3,False,280.0,201.08927900036173,0.007015999999993028,158.845,79.93427900036173,0.0,-64.65422399420714,0,143.56494499384542,non_overlapping_yes_buckets,True,1.762724668702194,C,2026-02-28,high,32°C,True
False,63.803764,2,between 82-83°F|between 86-87°F,15.687000000000001,63.80370000616,Dallas,2,False,210.0,194.313,0.0,29.9,14.212999999999997,0.0,-63.80370000616,0,79.49070000616,non_overlapping_yes_buckets,True,7.023411371237459,F,2026-02-28,high,between 82-83°F,True
False,36.137498,2,25°C|27°C or higher,55.911683000000004,36.13739698496,Sao Paulo,2,False,765.75815,709.846467,0.008150000000000546,90.8,34.888316999999994,0.0,-36.13739698496,0,92.04907998496,non_overlapping_yes_buckets,True,8.433459801762115,C,2026-02-28,high,25°C,True
True,-43.318019,3,33°C|34°C|35°C,73.95790300010083,-43.321683994970314,Buenos Aires,3,False,989.7345,915.7765969998992,856.094047,107.00865,33.050746999899175,0.0077149999999903685,43.321683994970314,0,30.636219005130513,non_overlapping_yes_buckets,True,9.249107431969284,C,2026-03-01,high,,False
False,-1.1,1,11°C,1.0999999999999999,-1.0999999999999999,London,1,False,50.0,48.9,50.0,50.0,48.9,50.0,1.0999999999999999,0,0.0,overlapping_or_single_bucket_yes_markets,False,1.0,C,2026-03-01,high,,False
False,-1.0281,1,between 76-77°F,1.0281,-1.0281,Miami,1,False,14.9,13.8719,14.9,14.9,13.8719,14.9,1.0281,0,0.0,overlapping_or_single_bucket_yes_markets,False,1.0,F,2026-03-01,high,,False
False,10.997290000000001,2,9°C|11°C,17.0,10.994598999897974,Seoul,2,False,60.0,43.0,0.008438999999995644,40.0,23.0,0.0,-10.994598999897974,0,27.994598999897974,non_overlapping_yes_buckets,True,1.5,C,2026-03-01,high,,False
True,-0.752729,2,17°C|18°C,4.011100000000001,-0.7527200007800006,Wellington,2,False,23.3,19.288899999999998,0.0,22.7,18.688899999999997,0.0,0.7527200007800006,0,3.25837999922,non_overlapping_yes_buckets,True,1.026431718061674,C,2026-03-01,high,,False
False,2.536522,3,10°C|12°C|13°C or higher,16.7891,2.5364999999999966,Ankara,3,False,45.629999999999995,28.840899999999994,0.0,15.0,-1.7891000000000012,0.0,-2.5364999999999966,0,19.325599999999998,non_overlapping_yes_buckets,True,3.042,C,2026-03-02,high,12°C,True
False,54.024995999999994,3,30°C or below|31°C|32°C,40.628822000609226,54.024578000454774,Buenos Aires,3,False,295.72,255.0911779993908,97.61625000000004,100.44,59.81117799939077,0.0,-54.024578000454774,0,94.653400001064,non_overlapping_yes_buckets,True,2.944245320589407,C,2026-03-02,high,31°C,True
False,0.765403,1,between 44-45°F,1.23001,0.76539,Chicago,1,False,31.979999999999997,30.749989999999997,13.839999999999996,31.979999999999997,30.749989999999997,13.839999999999996,-0.76539,0,1.9954,overlapping_or_single_bucket_yes_markets,False,1.0,F,2026-03-02,high,,False
False,41.016627,3,16°C|17°C|18°C or higher,21.693237999163998,41.016491999066005,London,3,False,499.9996,478.306362000836,137.92,55.0,33.306762000836,0.0,-41.016491999066005,0,62.70972999823,non_overlapping_yes_buckets,True,9.090901818181818,C,2026-03-02,high,16°C,True
True,-1.6059999999999999,3,between 30-31°F|between 32-33°F|between 34-35°F,19.256,-1.6060000000000016,New York City,3,False,25.0,5.744,16.0,16.0,-3.2560000000000002,0.0,1.6060000000000016,0,17.65,non_overlapping_yes_buckets,True,1.5625,F,2026-03-02,high,between 32-33°F,True
False,15.360002999999999,3,17°C|18°C|19°C or higher,39.179450001713,15.359849998286997,Paris,3,False,141.81,102.630549998287,0.0,40.0,0.8205499982869995,0.0,-15.359849998286997,0,54.5393,non_overlapping_yes_buckets,True,3.5452500000000002,C,2026-03-02,high,17°C,True
False,-4.6,1,24°C,4.6,-4.6,Sao Paulo,1,False,80.0,75.4,80.0,80.0,75.4,80.0,4.6,0,0.0,overlapping_or_single_bucket_yes_markets,False,1.0,C,2026-03-02,high,,False
False,0.39999999999999997,1,between 60-61°F,5.7024,0.40000000000000036,Seattle,1,False,71.28,65.5776,0.0,71.28,65.5776,0.0,-0.40000000000000036,0,6.1024,overlapping_or_single_bucket_yes_markets,False,1.0,F,2026-03-02,high,,False
False,19.151258,1,6°C,29.4,19.151280000999996,Seoul,1,False,49.0,19.6,0.0,49.0,19.6,0.0,-19.151280000999996,0,48.551280000999995,overlapping_or_single_bucket_yes_markets,False,1.0,C,2026-03-02,high,6°C,True
False,78.60149100000001,8,25°C or below|26°C|27°C|28°C|29°C|30°C|31°C|32°C,66.52427299789001,78.59858700449,Buenos Aires,8,False,1124.59,1058.06572700211,685.23,37.64,-28.884272997890008,0.0,-78.59858700449,0,145.12286000238,non_overlapping_yes_buckets,True,29.87752391073326,C,2026-03-03,high,29°C,True
False,-0.135,1,between 36-37°F,0.13499999999999998,-0.13499999999999998,Chicago,1,False,15.0,14.865,15.0,15.0,14.865,15.0,0.13499999999999998,0,0.0,overlapping_or_single_bucket_yes_markets,False,1.0,F,2026-03-03,high,,False
True,-0.9761639999999999,2,15°C|16°C,9.145489999999999,-0.9761899987849993,London,2,False,92.59,83.44451000000001,92.59,50.15,41.004509999999996,0.0,0.9761899987849993,0,8.169300001215,non_overlapping_yes_buckets,True,1.8462612163509473,C,2026-03-03,high,,False
True,-6.01,3,between 36-37°F|between 38-39°F|between 40-41°F,7.513999999999999,-6.01,New York City,3,False,500.0,492.486,500.0,5.0,-2.5139999999999993,0.0,6.01,0,1.504,non_overlapping_yes_buckets,True,100.0,F,2026-03-03,high,,False
False,-9.86783,3,18°C|19°C|20°C or higher,12.90928,-9.867840002000001,Paris,3,False,100.0,87.09072,0.0,16.21,3.30072,0.0,9.867840002000001,0,3.0414399980000004,non_overlapping_yes_buckets,True,6.169031462060456,C,2026-03-03,high,,False
False,8.068382,2,25°C or below|26°C,5.737,8.068400002,Sao Paulo,2,False,108.6,102.863,13.71,13.71,7.973000000000001,0.0,-8.068400002,0,13.805400002,non_overlapping_yes_buckets,True,7.921225382932166,C,2026-03-03,high,25°C or below,True
False,35.942658,1,9°C,28.87616300049306,35.937636999506935,Seoul,1,False,122.77875,93.90258699950694,0.008750000000006253,122.77875,93.90258699950694,0.008750000000006253,-35.937636999506935,0,64.8138,overlapping_or_single_bucket_yes_markets,False,1.0,C,2026-03-03,high,,False
True,64.85155400000001,4,34°C|35°C|36°C|37°C,29.298028000000002,64.84830800100016,Buenos Aires,4,False,1093.65,1064.3519720000002,1093.65,100.0,70.701972,0.011114000000006286,-64.84830800100016,0,94.14633600100017,non_overlapping_yes_buckets,True,10.9365,C,2026-03-04,high,34°C,True
False,12.594,1,between 44-45°F,5.0,12.594000000000001,Chicago,1,False,50.0,45.0,0.0,50.0,45.0,0.0,-12.594000000000001,0,17.594,overlapping_or_single_bucket_yes_markets,False,1.0,F,2026-03-04,high,between 44-45°F,True
False,-49.53426,5,12°C or below|14°C|15°C|16°C|17°C,83.26964099944917,-55.73484099864917,London,4,False,219.510568,136.24092700055084,219.510568,20.0,-63.269640999449166,0.0,55.73484099864917,1,27.534800000799997,non_overlapping_yes_buckets,True,10.9755284,C,2026-03-04,high,12°C or below,True
True,35.305064,2,between 44-45°F|between 46-47°F,15.49335799568892,35.30434200831408,New York City,2,False,116.288083,100.79472500431108,91.298083,99.94661,84.45325200431108,0.006610000000009109,-35.30434200831408,0,50.797700004003,non_overlapping_yes_buckets,True,1.1635020237304696,F,2026-03-04,high,,False
False,53.618843000000005,4,18°C|19°C|20°C|21°C or higher,46.805182996805,53.61846700296999,Paris,4,False,192.11702,145.311837003195,149.777333,70.0,23.194817003195,0.0,-53.61846700296999,0,100.423649999775,non_overlapping_yes_buckets,True,2.744528857142857,C,2026-03-04,high,18°C,True
False,12.642200999999998,4,26°C|29°C|30°C|31°C,16.074528002199514,12.641972000340488,Sao Paulo,4,False,113.2,97.12547199780049,113.2,29.83,13.755471997800484,0.0,-12.641972000340488,0,28.716500002540002,non_overlapping_yes_buckets,True,3.7948374120013413,C,2026-03-04,high,26°C,True
False,7.3032,1,between 50-51°F,0.8168110000000001,7.302388999999999,Seattle,1,False,8.16811,7.351299,0.008110000000000284,8.16811,7.351299,0.008110000000000284,-7.302388999999999,0,8.1192,overlapping_or_single_bucket_yes_markets,False,1.0,F,2026-03-04,high,between 50-51°F,True
False,-30.29967,2,7°C|10°C or higher,31.049999999999997,-30.299999999999997,Seoul,2,False,250.0,218.95,160.0,160.0,128.95,0.0,30.299999999999997,0,0.75,non_overlapping_yes_buckets,True,1.5625,C,2026-03-04,high,,False
True,-5.942557,4,23°C|24°C|25°C|26°C,12.891970022453,-5.942800024795,Buenos Aires,4,False,1009.0,996.108029977547,1009.0,73.7,60.808029977547,0.0,5.942800024795,0,6.949169997658,non_overlapping_yes_buckets,True,13.690637720488466,C,2026-03-05,high,,False
False,98.849838,3,between 42-43°F|between 48-49°F|between 50-51°F,22.53014999895151,98.8485399995185,Chicago,3,False,117.56,95.02985000104849,0.005994000000001165,45.305994,22.775844001048487,0.0,-98.8485399995185,0,121.37868999847001,non_overlapping_yes_buckets,True,2.5948001494018653,F,2026-03-05,high,between 50-51°F,True
False,-3.623261999999999,4,17°C|18°C|19°C|20°C or higher,66.08794300014276,-3.62324300444876,London,4,False,221.53,155.44205699985724,35.002638000000005,64.05,-2.0379430001427608,0.0,3.62324300444876,0,62.464699995694,non_overlapping_yes_buckets,True,3.458704137392662,C,2026-03-05,high,18°C,True
False,39.348303,5,9°C or below|11°C|13°C|14°C|15°C,21.40228,39.348290000000006,Munich,5,False,50.0,28.59772,20.84,4.63,-16.772280000000002,0.0,-39.348290000000006,0,60.75057,non_overlapping_yes_buckets,True,10.799136069114471,C,2026-03-05,high,14°C,True
True,-10.099633999999998,2,17°C|18°C,23.1198299988,-10.099829998799999,Paris,2,False,1072.17,1049.0501700012,1072.17,46.5,23.3801700012,0.0,10.099829998799999,0,13.020000000000001,non_overlapping_yes_buckets,True,23.05741935483871,C,2026-03-05,high,18°C,True
False,-4.928166,1,30°C,10.744999999368,-4.928299999368001,Sao Paulo,1,False,64.63,53.885000000632,0.0,64.63,53.885000000632,0.0,4.928299999368001,0,5.816699999999999,overlapping_or_single_bucket_yes_markets,False,1.0,C,2026-03-05,high,,False
False,36.317584,6,4°C|5°C|6°C|9°C|10°C|11°C or higher,46.46238199930287,36.31741800932314,Seoul,6,False,323.169665,276.70728300069715,127.832,65.0,18.53761800069713,0.0,-36.31741800932314,0,82.77980000862601,non_overlapping_yes_buckets,True,4.971841,C,2026-03-05,high,10°C,True
False,9.868995,1,9°C,3.9000000000000004,9.8689999995,Ankara,1,False,15.0,11.1,0.0,15.0,11.1,0.0,-9.8689999995,0,13.7689999995,overlapping_or_single_bucket_yes_markets,False,1.0,C,2026-03-06,high,9°C,True
False,-13.191972,3,21°C|23°C|24°C,14.2419310004,-13.192231000898,Buenos Aires,3,False,400.0,385.7580689996,400.0,54.4,40.1580689996,0.007699999999999818,13.192231000898,0,1.0496999995019998,non_overlapping_yes_buckets,True,7.352941176470589,C,2026-03-06,high,,False
True,-2.198149,4,between 82-83°F|between 84-85°F|between 86-87°F|between 88-89°F,25.734710003886,-2.1982100023660003,Dallas,4,False,125.0,99.265289996114,125.0,59.52,33.785289996114,0.0,2.1982100023660003,0,23.53650000152,non_overlapping_yes_buckets,True,2.1001344086021505,F,2026-03-06,high,between 82-83°F,True
False,28.561021,1,13°C or below,31.16,28.560959999999998,London,1,False,62.08,30.919999999999998,0.0,62.08,30.919999999999998,0.0,-28.560959999999998,0,59.72096,overlapping_or_single_bucket_yes_markets,False,1.0,C,2026-03-06,high,13°C or below,True
False,-1.2399999999999998,1,between 78-79°F,1.24,-1.24,Miami,1,False,40.0,38.76,40.0,40.0,38.76,40.0,1.24,0,0.0,overlapping_or_single_bucket_yes_markets,False,1.0,F,2026-03-06,high,,False
False,8.33,1,15°C,8.350000000000001,8.329999999999998,Munich,1,False,25.0,16.65,0.0,25.0,16.65,0.0,-8.329999999999998,0,16.68,overlapping_or_single_bucket_yes_markets,False,1.0,C,2026-03-06,high,,False
False,-3.8679740000000002,2,between 46-47°F|48°F or higher,11.532580009737998,-3.868760009737999,New York City,2,False,488.24,476.707419990262,267.22,386.92,375.387419990262,0.0,3.868760009737999,0,7.663819999999999,non_overlapping_yes_buckets,True,1.2618629173989455,F,2026-03-06,high,,False
False,-6.0122160000000004,2,16°C|18°C,6.534487000084255,-6.012287000084255,Paris,2,False,29.858234,23.323746999915745,29.858234,7.460235,0.9257479999157452,0.00023499999999998522,6.012287000084255,0,0.5222,non_overlapping_yes_buckets,True,4.002318157537933,C,2026-03-06,high,,False
False,-3.183135,1,26°C or below,3.1832,-3.1832,Sao Paulo,1,False,120.4,117.2168,120.4,120.4,117.2168,120.4,3.1832,0,0.0,overlapping_or_single_bucket_yes_markets,False,1.0,C,2026-03-06,high,,False
False,30.731999999999996,1,4°C,7.683,30.732,Seoul,1,False,51.22,43.537,0.0,51.22,43.537,0.0,-30.732,0,38.415,overlapping_or_single_bucket_yes_markets,False,1.0,C,2026-03-06,high,4°C,True
False,-2.4494000000000002,2,between 82-83°F|84°F or higher,5.358,-2.4494,Atlanta,2,False,50.0,44.642,0.0,7.15,1.7920000000000007,0.0,2.4494,0,2.9086,non_overlapping_yes_buckets,True,6.9930069930069925,F,2026-03-07,high,between 82-83°F,True
False,6.09492,3,26°C|28°C|29°C,20.86512,0.715729999510998,Buenos Aires,2,False,120.51,99.64488,38.0,16.52,-4.345120000000001,0.010000000000005116,-0.715729999510998,1,21.580849999511,non_overlapping_yes_buckets,True,7.294794188861986,C,2026-03-07,high,28°C,True
False,58.44928899999999,3,8°C or below|9°C|10°C,35.313202998289,58.448797001711,London,3,False,172.693332,137.380129001711,172.693332,104.18,68.866797001711,0.0,-58.448797001711,0,93.762,non_overlapping_yes_buckets,True,1.6576438087924745,C,2026-03-07,high,9°C,True
False,105.142586,2,25°C or below|26°C,9.117203,105.14202700062299,Sao Paulo,2,False,134.73685,125.619647,0.006850000000014234,64.22466,55.107457,0.004660000000001219,-105.14202700062299,0,114.25923000062299,non_overlapping_yes_buckets,True,2.09789900016598,C,2026-03-07,high,,False
False,-15.759635,2,3°C|6°C,15.759700000910001,-15.759700000910001,Seoul,2,False,96.05,80.29029999909,96.05,42.9,27.140299999089997,42.9,15.759700000910001,0,0.0,non_overlapping_yes_buckets,True,2.238927738927739,C,2026-03-07,high,,False
False,-1.130894,1,14°C,7.386599999804,-1.1309999988889992,Toronto,1,False,64.53999999999999,57.153400000195994,0.0,64.53999999999999,57.153400000195994,0.0,1.1309999988889992,0,6.255600000915001,overlapping_or_single_bucket_yes_markets,False,1.0,C,2026-03-07,high,,False
True,-2.3435360000000003,2,9°C|10°C,15.360220000372001,-2.3438599988820012,Ankara,2,False,84.22999999999999,68.869779999628,0.00999999999999801,32.91,17.549779999627994,0.0,2.3438599988820012,0,13.01636000149,non_overlapping_yes_buckets,True,2.5594044363415374,C,2026-03-08,high,,False
False,0.15005000000000002,3,25°C|28°C|29°C,17.522222,-1.3722220000000007,Buenos Aires,2,False,200.0,182.477778,87.5,12.22222,-5.300001999999999,0.0,1.3722220000000007,1,16.15,non_overlapping_yes_buckets,True,16.363639338843516,C,2026-03-08,high,,False
True,52.006757,2,between 62-63°F|between 64-65°F,8.893244000122946,52.00675599987705,Chicago,2,False,70.0,61.10675599987705,44.19422,44.19422,35.30097599987705,0.0,-52.00675599987705,0,60.9,non_overlapping_yes_buckets,True,1.583917534917462,F,2026-03-08,high,between 62-63°F,True
False,67.709631,3,14°C or below|15°C|16°C,26.667308000000002,67.709532,Paris,3,False,144.99308,118.32577199999999,100.0,100.0,73.332692,0.0,-67.709532,0,94.37684,non_overlapping_yes_buckets,True,1.4499308,C,2026-03-08,high,16°C,True
False,3.7201160000000004,3,27°C|30°C|31°C,15.01,3.720000001599997,Sao Paulo,3,False,200.0,184.99,200.0,44.0,28.990000000000002,0.0,-3.720000001599997,0,18.730000001599997,non_overlapping_yes_buckets,True,4.545454545454546,C,2026-03-08,high,,False
False,-26.683085000000002,3,6°C|7°C|8°C or higher,26.683300003120003,-26.683300003120003,Seoul,3,False,239.0,212.31669999688,239.0,62.6,35.91669999688,62.6,26.683300003120003,0,0.0,non_overlapping_yes_buckets,True,3.817891373801917,C,2026-03-08,high,,False
True,136.72615,3,27°C|28°C|29°C,35.978598005369854,136.72546200285814,Buenos Aires,3,False,312.39599999999996,276.4174019946301,171.41599999999994,57.241664,21.263065994630146,0.0007810000000176842,-136.72546200285814,0,172.704060008228,non_overlapping_yes_buckets,True,5.457493339117464,C,2026-03-09,high,28°C,True
False,-2.91972,1,between 78-79°F,4.8,-2.919700002,Dallas,1,False,60.0,55.2,0.0,60.0,55.2,0.0,2.919700002,0,1.880299998,overlapping_or_single_bucket_yes_markets,False,1.0,F,2026-03-09,high,,False
False,-49.033716,4,11°C or below|12°C|13°C|14°C,49.03502899565913,-49.03502899565913,London,4,False,245.65154,196.61651100434088,245.65154,79.949008,30.913979004340874,79.949008,49.03502899565913,0,0.0,non_overlapping_yes_buckets,True,3.0726027269781757,C,2026-03-09,high,,False
False,nan,1,between 82-83°F,1.2,-1.2,Miami,0,False,20.0,18.8,20.0,20.0,18.8,20.0,1.2,1,0.0,overlapping_or_single_bucket_yes_markets,False,1.0,F,2026-03-09,high,,False
False,-2.506956,1,12°C,2.507000001,-2.507000001,Munich,1,False,51.0,48.492999999,51.0,51.0,48.492999999,51.0,2.507000001,0,0.0,overlapping_or_single_bucket_yes_markets,False,1.0,C,2026-03-09,high,,False
False,-1.5,1,23°C,1.5,-1.5,Sao Paulo,1,False,10.0,8.5,10.0,10.0,8.5,10.0,1.5,0,0.0,overlapping_or_single_bucket_yes_markets,False,1.0,C,2026-03-09,high,,False
True,5.644857,4,4°C|5°C|6°C|7°C,57.146314998928,-12.677336999133338,Seoul,3,False,399.995,342.848685001072,399.995,41.379999999999995,-15.766314998928003,0.0,12.677336999133338,1,44.46897799979466,non_overlapping_yes_buckets,True,9.666384726921219,C,2026-03-09,high,7°C,True
True,170.95720200000002,2,28°C|29°C,94.54633599869624,-19.67973899438755,Buenos Aires,2,True,568.532241,473.98590500130376,381.272241,141.48000000000002,46.93366400130378,0.0013090000000204327,19.67973899438755,0,74.86659700430869,non_overlapping_yes_buckets,True,4.0184636768447834,C,2026-03-10,high,,False
False,1.626759,1,between 60-61°F,52.7677,1.6267000003190049,Chicago,1,False,82.14,29.372300000000003,0.0,82.14,29.372300000000003,0.0,-1.6267000003190049,0,54.394400000319,overlapping_or_single_bucket_yes_markets,False,1.0,F,2026-03-10,high,between 60-61°F,True
False,nan,1,12°C,16.748710999894012,1.4442870000147607,London,0,False,98.374699,81.62598800010599,43.42766900000001,98.374699,81.62598800010599,43.42766900000001,-1.4442870000147607,1,18.192997999908773,overlapping_or_single_bucket_yes_markets,False,1.0,C,2026-03-10,high,,False
False,-3.9996,1,between 86-87°F,10.999493000265158,-4.000193000265157,Miami,1,False,99.99539,88.99589699973484,0.005390000000005557,99.99539,88.99589699973484,0.005390000000005557,4.000193000265157,0,6.999300000000001,overlapping_or_single_bucket_yes_markets,False,1.0,F,2026-03-10,high,,False
False,nan,1,16°C,20.0,-20.0,Munich,0,False,100.0,80.0,100.0,100.0,80.0,100.0,20.0,1,0.0,overlapping_or_single_bucket_yes_markets,False,1.0,C,2026-03-10,high,,False
False,-0.7099010000000001,1,19°C,0.709901,-0.709901,Sao Paulo,1,False,70.9901,70.280199,70.9901,70.9901,70.280199,70.9901,0.709901,0,0.0,overlapping_or_single_bucket_yes_markets,False,1.0,C,2026-03-10,high,,False
False,31.091031,1,14°C or higher,127.366800000912,31.09079999908802,Ankara,1,False,165.06,37.69319999908801,0.0,165.06,37.69319999908801,0.0,-31.09079999908802,0,158.4576,overlapping_or_single_bucket_yes_markets,False,1.0,C,2026-03-11,high,14°C or higher,True
False,15.535139999999998,3,26°C|29°C|30°C,26.371465998709873,15.533712008358307,Buenos Aires,3,False,406.86,380.48853400129013,0.006435999999993669,41.886435999999996,15.514970001290123,0.0,-15.533712008358307,0,41.90517800706818,non_overlapping_yes_buckets,True,9.713406984542683,C,2026-03-11,high,,False
False,7.802086,1,between 46-47°F,17.854000002524998,7.802000001780005,Chicago,1,False,100.65,82.79599999747501,0.0,100.65,82.79599999747501,0.0,-7.802000001780005,0,25.656000004305003,overlapping_or_single_bucket_yes_markets,False,1.0,F,2026-03-11,high,between 46-47°F,True
True,-5.209206,2,between 70-71°F|between 72-73°F,26.96001400025845,-5.209745000308299,Dallas,2,False,329.936184,302.97616999974156,89.89404300000004,17.37894,-9.58107400025845,0.00893999999999906,5.209745000308299,0,21.75026899995015,non_overlapping_yes_buckets,True,18.984827843355234,F,2026-03-11,high,,False
False,-7.63997,1,8°C,18.819999997500002,-7.639999997500002,Seoul,1,False,71.0,52.180000002499995,28.0,71.0,52.180000002499995,28.0,7.639999997500002,0,11.18,overlapping_or_single_bucket_yes_markets,False,1.0,C,2026-03-11,high,,False
False,-21.059973,1,24°C or higher,41.52,-21.059999996700004,Tel Aviv,1,False,99.0,57.48,0.0,99.0,57.48,0.0,21.059999996700004,0,20.4600000033,overlapping_or_single_bucket_yes_markets,False,1.0,C,2026-03-11,high,,False
False,-5.050205999999999,2,14°C|15°C or higher,5.0504200004160005,-5.0504200004160005,London,2,False,152.03,146.979579999584,152.03,102.07,97.019579999584,102.07,5.0504200004160005,0,0.0,non_overlapping_yes_buckets,True,1.4894680121485255,C,2026-03-12,high,,False
False,44.136164,1,between 82-83°F,5.222308001036131,44.13593199726787,Miami,1,False,65.572084,60.34977599896387,0.002083999999996422,65.572084,60.34977599896387,0.002083999999996422,-44.13593199726787,0,49.358239998304,overlapping_or_single_bucket_yes_markets,False,1.0,F,2026-03-12,high,,False
False,-0.259115,1,between 58-59°F,5.8253,-0.25910000255699916,New York City,1,False,77.51,71.6847,0.0,77.51,71.6847,0.0,0.25910000255699916,0,5.566199997443001,overlapping_or_single_bucket_yes_markets,False,1.0,F,2026-03-12,high,,False
False,-1.1,1,15°C,1.1,-1.1,Paris,1,False,20.0,18.9,20.0,20.0,18.9,20.0,1.1,0,0.0,overlapping_or_single_bucket_yes_markets,False,1.0,C,2026-03-12,high,,False
True,-58.735614,4,7°C|8°C|9°C|10°C,60.086390996555004,-58.740000989361,Seoul,4,False,1099.9902,1039.9038090034448,1099.9902,88.49,28.40360900344499,0.0,58.740000989361,0,1.346390007194,non_overlapping_yes_buckets,True,12.43067239236072,C,2026-03-12,high,,False
False,0.099985,1,10°C,6.459666,0.09933400130700054,Tokyo,1,False,64.59666,58.136994,0.0066599999999965576,64.59666,58.136994,0.0066599999999965576,-0.09933400130700054,0,6.559000001307001,overlapping_or_single_bucket_yes_markets,False,1.0,C,2026-03-12,high,,False
False,-0.4925999999999999,1,15°C or higher,8.3742,-0.49260000000000037,Ankara,1,False,49.26,40.885799999999996,0.0,49.26,40.885799999999996,0.0,0.49260000000000037,0,7.8816,overlapping_or_single_bucket_yes_markets,False,1.0,C,2026-03-13,high,,False
True,43.5048,2,29°C|30°C,11.997378999782596,35.5066210002174,Buenos Aires,1,False,99.902,87.9046210002174,99.902,49.991737,37.9943580002174,0.0017370000000056507,-35.5066210002174,1,47.504,non_overlapping_yes_buckets,True,1.9983702506676253,C,2026-03-13,high,29°C,True
True,-6.169603,2,9°C|10°C,7.199631,-6.1697310003000005,London,2,False,200.0,192.800369,200.0,99.99262,92.792989,0.002620000000007394,6.1697310003000005,0,1.0298999997,non_overlapping_yes_buckets,True,2.0001476108936838,C,2026-03-13,high,,False
False,47.340597,1,17°C,10.0,47.340649997919996,Munich,1,False,100.0,90.0,0.0,100.0,90.0,0.0,-47.340649997919996,0,57.340649997919996,overlapping_or_single_bucket_yes_markets,False,1.0,C,2026-03-13,high,17°C,True
False,58.385649,1,between 42-43°F,19.1526,58.38439599946758,New York City,1,False,129.22,110.06739999999999,0.0033400000000085583,129.22,110.06739999999999,0.0033400000000085583,-58.38439599946758,0,77.53699599946758,overlapping_or_single_bucket_yes_markets,False,1.0,F,2026-03-13,high,between 42-43°F,True
False,8.320760000000007,2,11°C|12°C or higher,96.1328999947,8.319500005300014,Seoul,2,False,430.47,334.33710000530004,326.0498,75.51,-20.622899994699992,0.0,-8.319500005300014,0,104.45240000000001,non_overlapping_yes_buckets,True,5.700834326579261,C,2026-03-13,high,11°C,True
False,-3.109438999999999,2,between 78-79°F|80°F or higher,18.68,-3.11150399981325,Atlanta,2,False,110.0,91.32,110.0,66.0,47.32,0.013339999999999463,3.11150399981325,0,15.56849600018675,non_overlapping_yes_buckets,True,1.6666666666666667,F,2026-03-14,high,,False
True,288.851849,3,29°C|30°C|31°C,74.43594299438507,79.78556700761894,Buenos Aires,3,True,1020.314617,945.8786740056149,687.3846169999999,51.51,-22.925942994385075,0.0,-79.78556700761894,0,154.221510002004,non_overlapping_yes_buckets,True,19.80808807998447,C,2026-03-14,high,29°C,True
False,nan,1,between 78-79°F,1.647,-1.647,Dallas,0,False,27.0,25.353,27.0,27.0,25.353,27.0,1.647,1,0.0,overlapping_or_single_bucket_yes_markets,False,1.0,F,2026-03-14,high,,False
False,-4.199733,2,14°C|15°C or higher,4.199733999896907,-4.199733999896907,Munich,2,False,100.0,95.8002660001031,100.0,99.991133,95.7913990001031,99.991133,4.199733999896907,0,0.0,non_overlapping_yes_buckets,True,1.000088677863066,C,2026-03-14,high,,False
False,-10.835869,3,30°C|31°C|32°C or higher,12.079169999138022,-10.837349988378023,Sao Paulo,3,False,306.95,294.870830000862,0.00929999999999609,141.4493,129.37013000086196,0.0,10.837349988378023,0,1.24182001076,non_overlapping_yes_buckets,True,2.1700354826782458,C,2026-03-14,high,,False
False,1.632816,1,15°C,12.438,1.6327800004000004,Ankara,1,False,68.0,55.562,0.0,68.0,55.562,0.0,-1.6327800004000004,0,14.070780000400001,overlapping_or_single_bucket_yes_markets,False,1.0,C,2026-03-15,high,,False
False,0.299989,1,between 70-71°F,2.9996289999994814,0.2997709979985186,Atlanta,1,False,49.993816,46.99418700000052,0.0038160000000004857,49.993816,46.99418700000052,0.0038160000000004857,-0.2997709979985186,0,3.299399997998,overlapping_or_single_bucket_yes_markets,False,1.0,F,2026-03-15,high,,False
False,15.742999999999999,2,31°C|32°C or higher,88.0,15.74300000000001,Buenos Aires,2,False,100.0,12.0,0.0,100.0,12.0,0.0,-15.74300000000001,0,103.74300000000001,non_overlapping_yes_buckets,True,1.0,C,2026-03-15,high,32°C or higher,True
True,0.049999999999999996,2,between 54-55°F|between 56-57°F,2.51128,0.038719999999999644,Chicago,1,False,50.0,47.48872,5.64,5.64,3.1287199999999995,0.0,-0.038719999999999644,1,2.55,non_overlapping_yes_buckets,True,8.865248226950355,F,2026-03-15,high,,False
False,20.896041,2,13°C|14°C or higher,15.8255800006,20.895980001048002,London,2,False,100.0,84.1744199994,0.7600000000000051,44.06,28.234419999400004,0.0,-20.895980001048002,0,36.721560001648,non_overlapping_yes_buckets,True,2.2696323195642303,C,2026-03-15,high,13°C,True
False,-5.197639,2,between 42-43°F|between 48-49°F,18.84039099940952,-5.198590997133522,New York City,2,False,77.260476,58.420085000590475,0.009999999999990905,72.85,54.00960900059047,0.0004759999999919273,5.198590997133522,0,13.641800002276,non_overlapping_yes_buckets,True,1.0605418805765272,F,2026-03-15,high,,False
False,0.73051,1,13°C,13.152299998617,0.7287000013830003,Paris,1,False,36.79,23.637700001383,0.005000000000002558,36.79,23.637700001383,0.005000000000002558,-0.7287000013830003,0,13.881,overlapping_or_single_bucket_yes_markets,False,1.0,C,2026-03-15,high,13°C,True
True,-9.322695,5,28°C|29°C|30°C|31°C|32°C,115.22588400193354,-19.32606400728953,Sao Paulo,5,True,196.84,81.61411599806647,150.0,44.502333,-70.72355100193354,0.0,19.32606400728953,0,95.899819994644,non_overlapping_yes_buckets,True,4.423138894763113,C,2026-03-15,high,30°C,True
True,-5.968251,2,8°C|9°C,11.54885199999961,-11.54885199999961,Seoul,1,False,60.0,48.45114800000039,60.0,39.788346,28.239494000000388,39.788346,11.54885199999961,1,0.0,non_overlapping_yes_buckets,True,1.5079792459832335,C,2026-03-15,high,,False
False,116.648776,3,27°C|29°C|30°C or higher,315.3396209982441,116.64780600479799,Buenos Aires,3,False,529.74,214.40037900175594,0.626577999999995,24.16,-291.17962099824405,0.0,-116.64780600479799,0,431.98742700304206,non_overlapping_yes_buckets,True,21.926324503311257,C,2026-03-16,high,30°C or higher,True
False,-12.13,1,between 32-33°F,14.999999999999998,-12.129999999999999,Chicago,1,False,100.0,85.0,0.0,100.0,85.0,0.0,12.129999999999999,0,2.87,overlapping_or_single_bucket_yes_markets,False,1.0,F,2026-03-16,high,,False
True,2.993388,2,between 48-49°F|between 50-51°F,2.7175000000000002,2.993400000225,Dallas,2,False,17.05,14.3325,0.0,8.0,5.2825,0.0,-2.993400000225,0,5.710900000225,non_overlapping_yes_buckets,True,2.13125,F,2026-03-16,high,between 48-49°F,True
False,5.258881,2,11°C|13°C,28.0886,5.257900001035999,London,2,False,75.22,47.1314,0.00999999999999801,32.66,4.571399999999997,0.0,-5.257900001035999,0,33.346500001036,non_overlapping_yes_buckets,True,2.303123086344152,C,2026-03-16,high,,False
False,-0.252277,1,between 80-81°F,0.7072230011277785,-0.2524230011277785,Miami,1,False,45.485928,44.77870499887222,0.005928000000004374,45.485928,44.77870499887222,0.005928000000004374,0.2524230011277785,0,0.4548,overlapping_or_single_bucket_yes_markets,False,1.0,F,2026-03-16,high,,False
False,-0.058584,1,11°C,5.0836,-0.05859999999999932,Paris,1,False,99.6,94.51639999999999,74.6,99.6,94.51639999999999,74.6,0.05859999999999932,0,5.025,overlapping_or_single_bucket_yes_markets,False,1.0,C,2026-03-16,high,,False
False,-1.364218,3,31°C|33°C|34°C or higher,18.157299999445,-1.3657199994450018,Sao Paulo,3,False,526.53,508.37270000055497,165.99,5.0,-13.157299999445002,0.0,1.3657199994450018,0,16.79158,non_overlapping_yes_buckets,True,105.306,C,2026-03-16,high,,False
True,-1.3867,2,34°C|35°C,2.4,-1.3866999999999998,Buenos Aires,2,False,400.0,397.6,400.0,300.0,297.6,198.67000000000002,1.3866999999999998,0,1.0133,non_overlapping_yes_buckets,True,1.3333333333333333,C,2026-03-17,high,,False
False,39.758648,1,15°C,19.030300001184003,39.75769699968378,London,1,False,90.06,71.029699998816,0.0042899999999974625,90.06,71.029699998816,0.0042899999999974625,-39.75769699968378,0,58.78799700086778,overlapping_or_single_bucket_yes_markets,False,1.0,C,2026-03-17,high,15°C,True
False,18.34456,1,between 70-71°F,41.760000000000005,18.344559999999987,Miami,1,False,80.0,38.239999999999995,0.0,80.0,38.239999999999995,0.0,-18.344559999999987,0,60.10455999999999,overlapping_or_single_bucket_yes_markets,False,1.0,F,2026-03-17,high,between 70-71°F,True
False,-6.768529,2,between 48-49°F|50°F or higher,85.44250000448,-6.768500009600004,New York City,2,False,108.8,23.35749999552,32.15,32.15,-53.29250000448,0.0,6.768500009600004,0,78.67399999487999,non_overlapping_yes_buckets,True,3.384136858475894,F,2026-03-17,high,50°F or higher,True
False,2.523647,1,17°C,14.975754999772649,2.5226449989713533,Paris,1,False,60.764152,45.788397000227356,0.004151999999997713,60.764152,45.788397000227356,0.004151999999997713,-2.5226449989713533,0,17.498399998744002,overlapping_or_single_bucket_yes_markets,False,1.0,C,2026-03-17,high,17°C,True
False,75.956492,2,32°C|33°C or higher,21.801800000566004,75.95652999762099,Sao Paulo,2,False,102.94,81.138199999434,3.74,3.74,-18.061800000566002,0.0,-75.95652999762099,0,97.758329998187,non_overlapping_yes_buckets,True,27.524064171122994,C,2026-03-17,high,32°C,True
False,11.58036,1,23°C or higher,6.0200000000000005,11.580000000000002,Wellington,1,False,440.0,433.98,0.0,440.0,433.98,0.0,-11.580000000000002,0,17.6,overlapping_or_single_bucket_yes_markets,False,1.0,C,2026-03-17,high,,False
False,nan,1,28°C,12.5,-12.5,Buenos Aires,0,False,50.0,37.5,50.0,50.0,37.5,50.0,12.5,1,0.0,overlapping_or_single_bucket_yes_markets,False,1.0,C,2026-03-18,high,,False
True,31.453335,3,18°C|19°C|20°C,50.82580000414,31.45045899902508,London,3,False,200.0,149.17419999586,200.0,100.0,49.17419999586,0.008463000000006105,-31.45045899902508,0,82.27625900316508,non_overlapping_yes_buckets,True,2.0,C,2026-03-18,high,18°C,True
False,-19.211112,3,63°F or below|between 64-65°F|between 66-67°F,19.214019996079003,-19.214019996079003,Miami,3,False,1498.1299999999999,1478.9159800039208,1498.1299999999999,137.16,117.945980003921,137.16,19.214019996079003,0,0.0,non_overlapping_yes_buckets,True,10.922499270924467,F,2026-03-18,high,,False
False,nan,1,between 38-39°F,5.0,-5.0,New York City,0,False,50.0,45.0,50.0,50.0,45.0,50.0,5.0,1,0.0,overlapping_or_single_bucket_yes_markets,False,1.0,F,2026-03-18,high,,False
True,-9.156617,2,17°C|18°C,21.228659999999998,-9.156659996199998,Paris,2,False,106.6,85.37134,0.0,40.0,18.771340000000002,0.0,9.156659996199998,0,12.0720000038,non_overlapping_yes_buckets,True,2.665,C,2026-03-18,high,,False
False,-0.012649,3,28°C|31°C|33°C or higher,1.5194,-1.5194,Sao Paulo,1,False,29.27,27.7506,29.27,2.53,1.0105999999999997,2.53,1.5194,2,0.0,non_overlapping_yes_buckets,True,11.569169960474309,C,2026-03-18,high,,False
True,0.6621,2,9°C|10°C,9.119845000425443,1.8104249995745576,Seoul,1,False,99.997416,90.87757099957456,50.007416,70.0,60.88015499957456,0.0,-1.8104249995745576,1,10.93027,non_overlapping_yes_buckets,True,1.4285345142857142,C,2026-03-18,high,,False
False,46.5,1,32°C,21.0,46.5,Singapore,1,False,100.0,79.0,0.0,100.0,79.0,0.0,-46.5,0,67.5,overlapping_or_single_bucket_yes_markets,False,1.0,C,2026-03-18,high,32°C,True
False,38.54,1,28°C,10.0,38.54004,Taipei,1,False,50.0,40.0,0.0,50.0,40.0,0.0,-38.54004,0,48.54004,overlapping_or_single_bucket_yes_markets,False,1.0,C,2026-03-18,high,28°C,True
False,-4.0,2,19°C|23°C or higher,4.0,-4.0,Wellington,2,False,500.0,496.0,500.0,50.0,46.0,50.0,4.0,0,0.0,non_overlapping_yes_buckets,True,10.0,C,2026-03-18,high,,False
False,4.10274,1,12°C or higher,2.8356899999999996,4.10131,Ankara,1,False,19.83,16.99431,0.00999999999999801,19.83,16.99431,0.00999999999999801,-4.10131,0,6.936999999999999,overlapping_or_single_bucket_yes_markets,False,1.0,C,2026-03-19,high,,False
False,-30.502119999999998,3,27°C|29°C|30°C,55.781982,-32.553882003,Buenos Aires,2,False,346.06309000000005,290.281108,241.29309000000006,123.74,67.958018,0.0,32.553882003,1,23.228099997,non_overlapping_yes_buckets,True,2.79669540973008,C,2026-03-19,high,,False
False,-22.652188,3,between 88-89°F|between 90-91°F|92°F or higher,23.710015,-22.655005019173,Dallas,3,False,510.015,486.304985,100.0,100.0,76.289985,0.0,22.655005019173,0,1.055009980827,non_overlapping_yes_buckets,True,5.10015,F,2026-03-19,high,,False
True,42.318402999999996,2,17°C|18°C,34.16121099981997,42.31744700164897,London,2,False,206.550299,172.38908800018004,0.003897000000009143,115.692346,81.53113500018003,0.000298999999984062,-42.31744700164897,0,76.47865800146894,non_overlapping_yes_buckets,True,1.7853410890293469,C,2026-03-19,high,,False
False,31.836276,1,18°C or higher,54.044500001,31.83459799698352,Milan,1,False,152.93,98.885499999,0.0055730000000266955,152.93,98.885499999,0.0055730000000266955,-31.83459799698352,0,85.87909799798352,overlapping_or_single_bucket_yes_markets,False,1.0,C,2026-03-19,high,18°C or higher,True
True,39.468772,3,between 38-39°F|between 40-41°F|between 42-43°F,24.90127699796,36.199602003168465,New York City,1,False,228.17000000000002,203.26872300204002,99.9997,99.9997,75.09842300204001,0.008696999999983746,-36.199602003168465,2,61.10087900112846,non_overlapping_yes_buckets,True,2.2817068451205356,F,2026-03-19,high,between 40-41°F,True
False,-0.995113,3,22°C or below|23°C|24°C,4.525113999862866,-4.525113999862866,Sao Paulo,1,False,331.70466600000003,327.17955200013716,331.70466600000003,66.59,62.064886000137136,66.59,4.525113999862866,2,0.0,non_overlapping_yes_buckets,True,4.9812984832557445,C,2026-03-19,high,,False
False,44.412800000000004,1,21°C,5.2,44.41281,Taipei,1,False,100.0,94.8,0.0,100.0,94.8,0.0,-44.41281,0,49.61281,overlapping_or_single_bucket_yes_markets,False,1.0,C,2026-03-19,high,21°C,True
False,15.4977,1,23°C,3.4996679999998905,15.49733200000011,Tel Aviv,1,False,49.995257,46.49558900000011,0.005257000000007395,49.995257,46.49558900000011,0.005257000000007395,-15.49733200000011,0,18.997,overlapping_or_single_bucket_yes_markets,False,1.0,C,2026-03-19,high,,False
False,-5.7999,1,19°C,5.800000000000001,-5.800000000000001,Tokyo,1,False,150.0,144.2,150.0,150.0,144.2,150.0,5.800000000000001,0,0.0,overlapping_or_single_bucket_yes_markets,False,1.0,C,2026-03-19,high,,False
True,nan,2,20°C|21°C,2.34125,0.20116000000000023,Wellington,0,False,100.0,97.65875,50.0,48.25,45.90875,48.25,-0.20116000000000023,2,2.5424100000000003,non_overlapping_yes_buckets,True,2.0725388601036268,C,2026-03-19,high,,False
False,1.0,1,between 78-79°F,7.000000000000001,0.9999999999999991,Atlanta,1,False,50.0,43.0,0.0,50.0,43.0,0.0,-0.9999999999999991,0,8.0,overlapping_or_single_bucket_yes_markets,False,1.0,F,2026-03-20,high,,False
False,-2.369387,1,27°C,8.594880001984,-2.3694400019839996,Buenos Aires,1,False,75.92,67.325119998016,0.0,75.92,67.325119998016,0.0,2.3694400019839996,0,6.225440000000001,overlapping_or_single_bucket_yes_markets,False,1.0,C,2026-03-20,high,,False
False,-0.5377,3,59°F or below|between 60-61°F|between 62-63°F,40.3422,-9.337699999999995,Chicago,2,False,200.0,159.6578,20.0,24.45,-15.892199999999999,0.0,9.337699999999995,1,31.004500000000004,non_overlapping_yes_buckets,True,8.1799591002045,F,2026-03-20,high,,False
False,-7.548634,1,between 90-91°F,8.898761999999962,-7.549061999999962,Dallas,1,False,179.982544,171.08378200000004,134.992544,179.982544,171.08378200000004,134.992544,7.549061999999962,0,1.3497,overlapping_or_single_bucket_yes_markets,False,1.0,F,2026-03-20,high,,False
False,-10.312619,1,13°C,34.957699999999996,-10.312799999999996,London,1,False,245.07,210.1123,0.0,245.07,210.1123,0.0,10.312799999999996,0,24.6449,overlapping_or_single_bucket_yes_markets,False,1.0,C,2026-03-20,high,,False
True,9.0,3,13°C|14°C|15°C,25.943,3.0569999999999986,Madrid,1,False,200.0,174.057,18.41,11.9,-14.043000000000001,0.0,-3.0569999999999986,2,29.0,non_overlapping_yes_buckets,True,16.80672268907563,C,2026-03-20,high,,False
False,46.789675,2,25°C|28°C,13.028500000000001,46.789619999863994,Sao Paulo,2,False,100.0,86.97149999999999,0.0,50.57,37.5415,0.0,-46.789619999863994,0,59.818119999863995,non_overlapping_yes_buckets,True,1.9774569903104606,C,2026-03-20,high,,False
False,nan,1,24°C,5.9994759981368855,-5.9994759981368855,Taipei,0,False,99.991266,93.99179000186311,99.991266,99.991266,93.99179000186311,99.991266,5.9994759981368855,1,0.0,overlapping_or_single_bucket_yes_markets,False,1.0,C,2026-03-20,high,,False
False,nan,1,23°C,5.824899998825,-0.17367999882499952,Tel Aviv,0,False,113.05,107.225100001175,56.5378,113.05,107.225100001175,56.5378,0.17367999882499952,1,5.65122,overlapping_or_single_bucket_yes_markets,False,1.0,C,2026-03-20,high,,False
False,-60.628248,1,12°C,60.628299998832,-60.628299998832,Tokyo,1,False,129.11,68.48170000116801,129.11,129.11,68.48170000116801,129.11,60.628299998832,0,0.0,overlapping_or_single_bucket_yes_markets,False,1.0,C,2026-03-20,high,,False
False,-4.73252,1,16°C,8.202880005742,-4.732880004741999,Beijing,1,False,517.98,509.77711999425804,307.98,517.98,509.77711999425804,307.98,4.732880004741999,0,3.470000001,overlapping_or_single_bucket_yes_markets,False,1.0,C,2026-03-21,high,,False
True,nan,2,27°C|28°C,1.9100000000000001,-1.9100000000000001,Buenos Aires,0,False,39.0,37.09,39.0,5.0,3.09,5.0,1.9100000000000001,2,0.0,non_overlapping_yes_buckets,True,7.8,C,2026-03-21,high,,False
True,-22.870454000000002,2,between 68-69°F|between 70-71°F,39.653100009418,-22.870700009417998,Chicago,2,False,252.17,212.51689999058198,126.08999999999999,200.0,160.34689999058202,100.0,22.870700009417998,0,16.7824,non_overlapping_yes_buckets,True,1.26085,F,2026-03-21,high,,False
False,nan,1,23°C,0.0933610006680498,-0.0933610006680498,Hong Kong,0,False,15.560166,15.46680499933195,15.560166,15.560166,15.46680499933195,15.560166,0.0933610006680498,1,0.0,overlapping_or_single_bucket_yes_markets,False,1.0,C,2026-03-21,high,,False
False,nan,1,12°C,10.999146999843797,-10.999146999843797,London,0,False,99.992244,88.9930970001562,99.992244,99.992244,88.9930970001562,99.992244,10.999146999843797,1,0.0,overlapping_or_single_bucket_yes_markets,False,1.0,C,2026-03-21,high,,False
False,10.485,1,16°C or higher,4.5,10.485,Milan,1,False,15.0,10.5,0.0,15.0,10.5,0.0,-10.485,0,14.985,overlapping_or_single_bucket_yes_markets,False,1.0,C,2026-03-21,high,16°C or higher,True
True,22.732323,2,10°C|11°C,24.732964000752,22.732035999247998,Munich,2,False,72.65176,47.918795999248,0.0017599999999902138,30.08,5.347035999248,0.0,-22.732035999247998,0,47.464999999999996,non_overlapping_yes_buckets,True,2.4152845744680853,C,2026-03-21,high,11°C,True
False,0.0,1,between 52-53°F,3.3447630000000004,-0.0002630000000003463,New York City,1,False,66.89526,63.55049699999999,0.005259999999992715,66.89526,63.55049699999999,0.005259999999992715,0.0002630000000003463,0,3.3445,overlapping_or_single_bucket_yes_markets,False,1.0,F,2026-03-21,high,,False
False,3.445741,1,16°C,3.8715,3.4445000000000006,Paris,1,False,23.6075,19.736,0.007500000000000284,23.6075,19.736,0.007500000000000284,-3.4445000000000006,0,7.316000000000001,overlapping_or_single_bucket_yes_markets,False,1.0,C,2026-03-21,high,16°C,True
True,-4.604839,2,31°C|32°C,25.80960199709665,-4.606613996622276,Sao Paulo,2,False,578.968242,553.1586400029034,378.978242,319.802435,293.99283300290335,185.799105,4.606613996622276,0,21.202988000474374,non_overlapping_yes_buckets,True,1.810393476209773,C,2026-03-21,high,,False
False,-15.0,1,21°C,15.0,-15.0,Taipei,1,False,100.0,85.0,100.0,100.0,85.0,100.0,15.0,0,0.0,overlapping_or_single_bucket_yes_markets,False,1.0,C,2026-03-21,high,,False
False,58.114324,1,23°C,14.000000000000002,58.113398999382,Beijing,1,False,100.0,86.0,0.00666799999999057,100.0,86.0,0.00666799999999057,-58.113398999382,0,72.113398999382,overlapping_or_single_bucket_yes_markets,False,1.0,C,2026-03-22,high,23°C,True
True,222.22225400000002,3,26°C|27°C|28°C,54.91191198422184,222.2197240225521,Buenos Aires,3,False,517.168363,462.25645101577817,207.48,228.48,173.56808801577816,0.007068000000003849,-222.2197240225521,0,277.13163600677393,non_overlapping_yes_buckets,True,2.2635169949229694,C,2026-03-22,high,26°C,True
False,-15.372414000000001,2,12°C|14°C,33.89424999843565,-15.372749998435644,London,2,False,134.852483,100.95823300156437,134.852483,108.95,75.05575000156435,0.0,15.372749998435644,0,18.521500000000003,non_overlapping_yes_buckets,True,1.237746516750803,C,2026-03-22,high,,False
False,-35.104952999999995,2,10°C|12°C,35.105000999774326,-35.105000999774326,Milan,2,False,144.07,108.96499900022567,144.07,83.058655,47.953654000225676,83.058655,35.105000999774326,0,0.0,non_overlapping_yes_buckets,True,1.7345573438433357,C,2026-03-22,high,,False
False,-0.877792,1,14°C,20.69539999908,-0.8778000011119964,Munich,1,False,47.76,27.06460000092,0.0,47.76,27.06460000092,0.0,0.8778000011119964,0,19.817599997968003,overlapping_or_single_bucket_yes_markets,False,1.0,C,2026-03-22,high,,False
False,61.473888,2,53°F or below|between 56-57°F,13.072105,61.145495000000004,New York City,1,False,137.4445,124.37239500000001,9.1,9.1,-3.972105000000001,0.004500000000007276,-61.145495000000004,1,74.2176,non_overlapping_yes_buckets,True,15.10379120879121,F,2026-03-22,high,between 56-57°F,True
False,42.099997,1,15°C,20.0,42.09849799836107,Tokyo,1,False,100.0,80.0,0.007621000000000322,100.0,80.0,0.007621000000000322,-42.09849799836107,0,62.09849799836107,overlapping_or_single_bucket_yes_markets,False,1.0,C,2026-03-22,high,15°C,True
False,12.907991,1,20°C,4.2,12.908000000799998,Wuhan,1,False,20.0,15.8,0.0,20.0,15.8,0.0,-12.908000000799998,0,17.108000000799997,overlapping_or_single_bucket_yes_markets,False,1.0,C,2026-03-22,high,20°C,True
False,-13.23152,1,20°C,13.231999999019,-13.231999999019,Beijing,1,False,100.33,87.098000000981,100.33,100.33,87.098000000981,100.33,13.231999999019,0,0.0,overlapping_or_single_bucket_yes_markets,False,1.0,C,2026-03-23,high,,False
False,-1.2,3,23°C|28°C|29°C or higher,9.4850370001419,-9.4850370001419,Buenos Aires,1,False,400.0,390.5149629998581,400.0,29.9,20.414962999858098,29.9,9.4850370001419,2,0.0,non_overlapping_yes_buckets,True,13.377926421404682,C,2026-03-23,high,,False
False,-6.684496,3,24°C|25°C|28°C or higher,12.049224994848,-12.049224994848,Hong Kong,2,False,501.72,489.67077500515205,501.72,58.3,46.25077500515199,58.3,12.049224994848,1,0.0,non_overlapping_yes_buckets,True,8.605831903945113,C,2026-03-23,high,,False
False,nan,1,14°C,1.9999999979999998,-1.9999999979999998,London,0,False,74.074074,72.074074002,74.074074,74.074074,72.074074002,74.074074,1.9999999979999998,1,0.0,overlapping_or_single_bucket_yes_markets,False,1.0,C,2026-03-23,high,,False
False,-10.358201,3,30°C|31°C|32°C or higher,22.11149999971,-10.358189997613998,Sao Paulo,3,False,649.2,627.0885000002901,649.2,148.9,126.78850000029001,94.84,10.358189997613998,0,11.753310002096,non_overlapping_yes_buckets,True,4.359973136333109,C,2026-03-23,high,,False
True,-34.323492,3,25°C|26°C|27°C,39.07757000072,-19.19997000072,Taipei,2,False,1207.05,1167.97242999928,1182.05,100.0,60.92242999928,60.8048,19.19997000072,1,19.8776,non_overlapping_yes_buckets,True,12.0705,C,2026-03-23,high,,False
False,12.7628,1,14°C,15.173800000079002,12.762799998909998,Tokyo,1,False,36.510000000000005,21.336199999921003,7.105427357601002e-15,36.510000000000005,21.336199999921003,7.105427357601002e-15,-12.762799998909998,0,27.936599998989,overlapping_or_single_bucket_yes_markets,False,1.0,C,2026-03-23,high,,False
False,-22.706495,2,16°C|17°C or higher,33.21289000008801,-22.70669000008801,Warsaw,2,False,152.03,118.81710999991199,0.0,81.69,48.47710999991199,0.0,22.70669000008801,0,10.5062,non_overlapping_yes_buckets,True,1.8610601052760436,C,2026-03-23,high,,False
False,0.110651,1,23°C or higher,4.71405,0.11071000422299893,Wellington,1,False,85.71000000000001,80.99595000000001,1.4210854715202004e-14,85.71000000000001,80.99595000000001,1.4210854715202004e-14,-0.11071000422299893,0,4.824760004222999,overlapping_or_single_bucket_yes_markets,False,1.0,C,2026-03-23,high,,False
True,0.4836000000000001,2,between 70-71°F|between 72-73°F,9.025070001907999,-0.5760500019079995,Atlanta,1,False,49.72,40.694929998092,49.72,38.58,29.554929998092,0.0,0.5760500019079995,1,8.449019999999999,non_overlapping_yes_buckets,True,1.2887506480041473,F,2026-03-24,high,,False
False,nan,1,between 90-91°F,0.030926999999999996,-0.030926999999999996,Austin,0,False,1.0309,0.9999729999999999,1.0309,1.0309,0.9999729999999999,1.0309,0.030926999999999996,1,0.0,overlapping_or_single_bucket_yes_markets,False,1.0,F,2026-03-24,high,,False
False,-9.99933,2,20°C|22°C,28.410660998929863,-24.410660998929863,Beijing,1,False,141.008626,112.59796500107012,99.99333,99.99333,71.58266900107014,41.00862599999999,24.410660998929863,1,4.0,non_overlapping_yes_buckets,True,1.410180319027279,C,2026-03-24,high,,False
True,-39.280903,3,27°C|28°C|29°C,60.82846600641583,-39.28266600622183,Buenos Aires,3,False,259.241109,198.41264299358417,0.0049999999999954525,163.913331,103.08486499358418,0.0011089999999853717,39.28266600622183,0,21.545800000194,non_overlapping_yes_buckets,True,1.5815742833021922,C,2026-03-24,high,,False
False,-11.42576,1,between 82-83°F,15.0,-11.42597,Denver,1,False,100.0,85.0,0.0014000000000038426,100.0,85.0,0.0014000000000038426,11.42597,0,3.57403,overlapping_or_single_bucket_yes_markets,False,1.0,F,2026-03-24,high,,False
False,-8.0,1,28°C or higher,8.0,-8.0,Hong Kong,1,False,100.0,92.0,100.0,100.0,92.0,100.0,8.0,0,0.0,overlapping_or_single_bucket_yes_markets,False,1.0,C,2026-03-24,high,,False
False,23.963997,2,13°C|15°C,10.954,23.383999998199997,London,1,False,114.0,103.04599999999999,2.0,2.0,-8.954,0.0,-23.383999998199997,1,34.3379999982,non_overlapping_yes_buckets,True,57.0,C,2026-03-24,high,13°C,True
False,nan,1,33°C,3.181500000153,-3.181500000153,Lucknow,0,False,26.97,23.788499999846998,26.97,26.97,23.788499999846998,26.97,3.181500000153,1,0.0,overlapping_or_single_bucket_yes_markets,False,1.0,C,2026-03-24,high,,False
False,2.930092,1,18°C,10.804104999487459,2.92869500242754,Milan,1,False,40.015202,29.211097000512545,0.005202000000004148,40.015202,29.211097000512545,0.005202000000004148,-2.92869500242754,0,13.732800001914999,overlapping_or_single_bucket_yes_markets,False,1.0,C,2026-03-24,high,,False
False,36.152412,1,19°C,12.9131,36.1524,Paris,1,False,84.59,71.6769,0.0,84.59,71.6769,0.0,-36.1524,0,49.0655,overlapping_or_single_bucket_yes_markets,False,1.0,C,2026-03-24,high,19°C,True
False,38.876771,3,between 68-69°F|between 70-71°F|74°F or higher,110.47869400038898,38.87631600310901,San Francisco,3,False,253.682133,143.20343899961102,0.0021329999999863958,130.59,20.11130599961102,0.0,-38.87631600310901,0,149.355010003498,non_overlapping_yes_buckets,True,1.9425846772340913,F,2026-03-24,high,74°F or higher,True
False,nan,1,31°C,4.0,-4.0,Sao Paulo,0,False,100.0,96.0,100.0,100.0,96.0,100.0,4.0,1,0.0,overlapping_or_single_bucket_yes_markets,False,1.0,C,2026-03-24,high,,False
False,-20.0,1,23°C,20.0,-20.0,Taipei,1,False,200.0,180.0,200.0,200.0,180.0,200.0,20.0,0,0.0,overlapping_or_single_bucket_yes_markets,False,1.0,C,2026-03-24,high,,False
False,-0.260822,2,22°C|23°C or higher,4.4108899952,-1.1674400007279995,Tel Aviv,1,False,280.76,276.34911000479997,67.99,168.0,163.5891100048,33.69999999999999,1.1674400007279995,1,3.2434499944720003,non_overlapping_yes_buckets,True,1.6711904761904761,C,2026-03-24,high,,False
True,5.746162,2,28°C|29°C,26.785149998315003,5.745849993323002,Buenos Aires,2,False,357.11,330.32485000168504,102.08000000000001,213.05,186.264850001685,0.0,-5.745849993323002,0,32.530999991638005,non_overlapping_yes_buckets,True,1.676179300633654,C,2026-03-25,high,,False
False,-3.406594,1,between 70-71°F,5.1146000005,-3.4066000015160003,Los Angeles,1,False,24.560000000000002,19.4453999995,3.552713678800501e-15,24.560000000000002,19.4453999995,3.552713678800501e-15,3.4066000015160003,0,1.707999998984,overlapping_or_single_bucket_yes_markets,False,1.0,F,2026-03-25,high,,False
False,-5.259314,1,35°C,5.259509,-5.259509,Lucknow,1,False,104.41578,99.156271,104.41578,104.41578,99.156271,104.41578,5.259509,0,0.0,overlapping_or_single_bucket_yes_markets,False,1.0,C,2026-03-25,high,,False
False,20.0,1,between 50-51°F,16.0,20.0,New York City,1,False,40.0,24.0,0.0,40.0,24.0,0.0,-20.0,0,36.0,overlapping_or_single_bucket_yes_markets,False,1.0,F,2026-03-25,high,between 50-51°F,True
True,50.691316,2,13°C|14°C,8.93085000139,50.69074799402344,Paris,2,False,167.0,158.06914999861,0.004573999999990974,62.19,53.25914999861,0.0,-50.69074799402344,0,59.62159799541344,non_overlapping_yes_buckets,True,2.6853191831484162,C,2026-03-25,high,13°C,True
True,-1.2571140000000005,3,31°C|32°C|33°C,35.68418498973828,-1.266184989738278,Sao Paulo,3,False,523.8647,488.1805150102617,523.8647,152.862776,117.17859101026173,102.862776,1.266184989738278,0,34.418,non_overlapping_yes_buckets,True,3.4270259490773607,C,2026-03-25,high,,False
True,3.7129009999999996,2,13°C|14°C,74.811999995135,3.712800008283992,Seoul,2,False,111.55,36.738000004865,76.55,105.21,30.398000004864997,0.0,-3.712800008283992,0,78.52480000341899,non_overlapping_yes_buckets,True,1.0602604315179165,C,2026-03-25,high,13°C,True
True,28.10169,2,24°C|25°C,1.9200959999999998,27.981614001,Taipei,1,False,30.0,28.079904,20.016,20.016,18.095903999999997,0.0,-27.981614001,1,29.901710001,non_overlapping_yes_buckets,True,1.4988009592326141,C,2026-03-25,high,24°C,True
False,64.431225,1,18°C,44.739600001564,64.42889599916313,Wellington,1,False,128.44,83.700399998436,0.006473999999997204,128.44,83.700399998436,0.006473999999997204,-64.42889599916313,0,109.16849600072713,overlapping_or_single_bucket_yes_markets,False,1.0,C,2026-03-25,high,18°C,True
False,-0.207502,1,27°C,24.350399997714003,-0.21400199771355233,Buenos Aires,1,False,73.16,48.80960000228599,0.019396000000000413,73.16,48.80960000228599,0.019396000000000413,0.21400199771355233,0,24.13639800000045,overlapping_or_single_bucket_yes_markets,False,1.0,C,2026-03-26,high,,False
False,79.53209600000001,1,between 84-85°F,10.068,79.53200000000001,Dallas,1,False,112.0,101.932,0.0,112.0,101.932,0.0,-79.53200000000001,0,89.60000000000001,overlapping_or_single_bucket_yes_markets,False,1.0,F,2026-03-26,high,between 84-85°F,True
False,-0.0589,1,between 78-79°F,10.5,-0.05889999999999951,Denver,1,False,50.0,39.5,0.0,50.0,39.5,0.0,0.05889999999999951,0,10.4411,overlapping_or_single_bucket_yes_markets,False,1.0,F,2026-03-26,high,,False
False,14.611389999999995,4,23°C|24°C|27°C|28°C or higher,39.011660001121996,14.611579998878,Hong Kong,4,False,400.0,360.988339998878,0.0,50.0,10.988339998878004,0.0,-14.611579998878,0,53.623239999999996,non_overlapping_yes_buckets,True,8.0,C,2026-03-26,high,28°C or higher,True
False,9.690371999999998,3,15°C or below|16°C|17°C,41.36252999952,-3.4985120018817355,Madrid,2,False,186.8986,145.53607000047998,102.69859999999998,52.75,11.38747000048,0.007335999999995124,3.4985120018817355,1,37.864017997638264,non_overlapping_yes_buckets,True,3.5431014218009476,C,2026-03-26,high,17°C,True
True,-3.4205949999999996,2,4°C|5°C,15.380650000192,-15.380650000192,Munich,1,False,68.56,53.179349999808004,68.56,52.0,36.619349999808,52.0,15.380650000192,1,0.0,non_overlapping_yes_buckets,True,1.3184615384615386,C,2026-03-26,high,,False
False,22.687198999999996,3,between 70-71°F|between 72-73°F|74°F or higher,101.769099999204,17.408099997864,San Francisco,3,True,214.21,112.440900000796,10.5578,34.99,-66.77909999920399,0.0,-17.408099997864,0,119.177199997068,non_overlapping_yes_buckets,True,6.122034867104887,F,2026-03-26,high,between 70-71°F,True
False,22.048292000000004,3,29°C|31°C|32°C or higher,59.241160005085995,16.394938997372527,Sao Paulo,1,False,250.06,190.81883999491401,65.99,26.24,-33.00116000508599,0.008237000000008265,-16.394938997372527,2,75.63609900245852,non_overlapping_yes_buckets,True,9.529725609756099,C,2026-03-26,high,,False
False,-3.9,3,14°C|15°C|16°C or higher,17.9,-13.899999999999999,Seoul,1,False,150.0,132.1,150.0,50.0,32.1,50.0,13.899999999999999,2,4.0,non_overlapping_yes_buckets,True,3.0,C,2026-03-26,high,,False
False,80.765499,2,26°C|27°C or higher,18.00276,80.76544000000001,Taipei,2,False,122.13,104.12724,113.47999999999999,106.8,88.79724,0.0,-80.76544000000001,0,98.76820000000001,non_overlapping_yes_buckets,True,1.1435393258426967,C,2026-03-26,high,27°C or higher,True
True,57.390676,2,9°C|10°C,19.231079998633003,57.390534001172284,Toronto,2,False,104.63,85.39892000136699,0.0004809999999935144,27.09,7.858920001366997,0.0,-57.390534001172284,0,76.62161399980529,non_overlapping_yes_buckets,True,3.8623108157991877,C,2026-03-26,high,10°C,True
False,nan,1,20°C or higher,11.132100000000001,-6.632900000000001,Wellington,0,False,51.19,40.0579,23.069999999999997,51.19,40.0579,23.069999999999997,6.632900000000001,1,4.4992,overlapping_or_single_bucket_yes_markets,False,1.0,C,2026-03-26,high,,False
True,26.316263999999997,4,25°C|26°C|27°C|28°C,26.388259999132,23.432359002068242,Buenos Aires,3,False,200.0,173.611740000868,36.86,36.86,10.471740000868,0.0,-23.432359002068242,1,49.82061900120024,non_overlapping_yes_buckets,True,5.425935973955507,C,2026-03-27,high,26°C,True
False,-6.736479,1,between 82-83°F,6.73659999926,-6.73659999926,Houston,1,False,80.2,73.46340000074001,80.2,80.2,73.46340000074001,80.2,6.73659999926,0,0.0,overlapping_or_single_bucket_yes_markets,False,1.0,F,2026-03-27,high,,False
False,nan,1,between 72-73°F,17.4295,-13.8375,Los Angeles,0,False,111.85,94.42049999999999,40.00999999999999,111.85,94.42049999999999,40.00999999999999,13.8375,1,3.5920000000000005,overlapping_or_single_bucket_yes_markets,False,1.0,F,2026-03-27,high,,False
False,-13.807295999999997,8,7°C|8°C|9°C|10°C|13°C|14°C|15°C|16°C or higher,121.85315800575195,-13.810480005751955,Seoul,8,False,388.53999999999996,266.686841994248,388.53999999999996,94.55,-27.303158005751953,0.0,13.810480005751955,0,108.042678,non_overlapping_yes_buckets,True,4.109360126916975,C,2026-03-27,high,13°C,True
False,32.938508,2,24°C|27°C or higher,20.528,32.938480000000006,Buenos Aires,2,False,1000.0,979.472,1000.0,53.52,32.992000000000004,0.0,-32.938480000000006,0,53.466480000000004,non_overlapping_yes_buckets,True,18.684603886397607,C,2026-03-28,high,27°C or higher,True
True,-4.886546,2,between 58-59°F|between 60-61°F,20.958508998469423,-4.886708998469427,Dallas,2,False,163.292809,142.33430000153058,77.58000000000001,116.95,95.99149100153058,76.99280900000001,4.886708998469427,0,16.071799999999996,non_overlapping_yes_buckets,True,1.3962617272338607,F,2026-03-28,high,,False
False,1.334193,2,between 76-77°F|80°F or higher,110.679900004251,1.3340999955409956,Denver,2,False,120.87,10.190099995749009,0.0,29.87,-80.80990000425099,0.0,-1.3340999955409956,0,112.01399999979199,non_overlapping_yes_buckets,True,4.046534984934717,F,2026-03-28,high,80°F or higher,True
False,3.483136,1,between 42-43°F,54.283099999074,3.483100001703008,New York City,1,False,80.99,26.706900000925998,0.0,80.99,26.706900000925998,0.0,-3.483100001703008,0,57.766200000777005,overlapping_or_single_bucket_yes_markets,False,1.0,F,2026-03-28,high,between 42-43°F,True
False,-0.35009999999999997,1,9°C,1.2837,-0.3501000000000001,Paris,1,False,11.67,10.3863,0.0,11.67,10.3863,0.0,0.3501000000000001,0,0.9336,overlapping_or_single_bucket_yes_markets,False,1.0,C,2026-03-28,high,,False
False,31.7,2,between 72-73°F|74°F or higher,11.15,31.700000000000003,San Francisco,2,False,50.0,38.85,0.0,5.0,-6.15,0.0,-31.700000000000003,0,42.85,non_overlapping_yes_buckets,True,10.0,F,2026-03-28,high,between 72-73°F,True
False,-3.988,3,8°C or below|9°C|10°C,4.21865,-4.21865,Seoul,2,False,236.0,231.78135,236.0,32.95,28.731350000000003,32.95,4.21865,1,0.0,non_overlapping_yes_buckets,True,7.1623672230652495,C,2026-03-28,high,,False
True,19.471018,2,20°C|21°C,11.49427899817543,17.55012100182457,Taipei,1,False,38.609556999999995,27.115278001824564,38.609556999999995,31.57,20.07572100182457,0.0,-17.55012100182457,1,29.044400000000003,non_overlapping_yes_buckets,True,1.222982483370288,C,2026-03-28,high,21°C,True
True,0.4585,2,9°C|10°C,91.24120000187,-11.434800001870002,Ankara,1,False,128.72,37.47879999813,30.64,30.64,-60.60120000187,0.0,11.434800001870002,1,79.8064,non_overlapping_yes_buckets,True,4.201044386422977,C,2026-03-29,high,10°C,True
True,-10.269291,5,24°C|25°C|26°C|27°C|28°C,38.296913000008544,10.021806991296451,Buenos Aires,4,False,244.5252,206.22828699999147,175.7752,23.52,-14.776913000008545,0.0,-10.021806991296451,1,48.318719991304995,non_overlapping_yes_buckets,True,10.396479591836735,C,2026-03-29,high,27°C,True
True,128.312661,3,24°C|25°C|26°C,25.273016997890167,117.41748300210982,Hong Kong,2,False,400.0,374.7269830021098,400.0,50.012769,24.73975200210983,0.009659999999996671,-117.41748300210982,1,142.6905,non_overlapping_yes_buckets,True,7.997957481618345,C,2026-03-29,high,25°C,True
False,124.88508299999998,3,15°C|16°C|17°C or higher,30.106140997753997,124.88387900224602,Seoul,3,False,168.993525,138.887384002246,151.06,50.0,19.893859002246003,0.0035249999999962256,-124.88387900224602,0,154.99002000000002,non_overlapping_yes_buckets,True,3.3798705,C,2026-03-29,high,16°C,True
True,24.869016,2,18°C|19°C,10.100899999687,16.423900000312997,Shanghai,1,False,50.0,39.899100000313,50.0,27.63,17.529100000313,0.0,-16.423900000312997,1,26.5248,non_overlapping_yes_buckets,True,1.8096272167933407,C,2026-03-29,high,18°C,True
False,117.045839,2,22°C or below|23°C,47.754020001468,106.46763699853202,Taipei,1,False,308.51,260.755979998532,58.50999999999999,152.06,104.305979998532,0.03334499999999707,-106.46763699853202,1,154.22165700000002,non_overlapping_yes_buckets,True,2.02887018282257,C,2026-03-29,high,22°C or below,True
False,1.165021,1,16°C,25.1844609998,1.161739002200001,Warsaw,1,False,67.49846,42.3139990002,0.008459999999999468,67.49846,42.3139990002,0.008459999999999468,-1.161739002200001,0,26.346200002,overlapping_or_single_bucket_yes_markets,False,1.0,C,2026-03-29,high,,False
False,-1.0,1,between 70-71°F,3.0,-1.0,Atlanta,1,False,50.0,47.0,0.0,50.0,47.0,0.0,1.0,0,2.0,overlapping_or_single_bucket_yes_markets,False,1.0,F,2026-03-30,high,,False
True,59.424596,2,30°C|31°C,38.008710998000126,52.27878500107663,Buenos Aires,1,False,292.649658,254.64094700199985,57.839657999999986,86.149861,48.141150001999875,0.027197000000001026,-52.27878500107663,1,90.28749599907675,non_overlapping_yes_buckets,True,3.3969835192189106,C,2026-03-30,high,30°C,True
False,-5.492872,1,between 80-81°F,5.47810617083568,-5.47810617083568,Dallas,1,False,91.49940000000001,86.02129382916434,91.49940000000001,91.49940000000001,86.02129382916434,91.49940000000001,5.47810617083568,0,0.0,overlapping_or_single_bucket_yes_markets,False,1.0,F,2026-03-30,high,,False
False,-19.304605000000002,2,between 76-77°F|between 82-83°F,19.143036864765868,-19.143036864765868,Denver,2,False,85.13226,65.98922313523414,85.13226,72.06792,52.92488313523413,72.06792,19.143036864765868,0,0.0,non_overlapping_yes_buckets,True,1.1812781609348515,F,2026-03-30,high,,False
False,-5.0,1,25°C,5.0,-5.0,Hong Kong,1,False,500.0,495.0,500.0,500.0,495.0,500.0,5.0,0,0.0,overlapping_or_single_bucket_yes_markets,False,1.0,C,2026-03-30,high,,False
False,nan,1,12°C,0.4,-0.4,Istanbul,0,False,10.0,9.6,10.0,10.0,9.6,10.0,0.4,1,0.0,overlapping_or_single_bucket_yes_markets,False,1.0,C,2026-03-30,high,,False
False,-3.0,1,19°C,3.0,-3.0,Mexico City,1,False,100.0,97.0,100.0,100.0,97.0,100.0,3.0,0,0.0,overlapping_or_single_bucket_yes_markets,False,1.0,C,2026-03-30,high,,False
False,121.490482,1,12°C or higher,135.0,121.47999199975641,Moscow,1,False,270.0,135.0,0.021058999999979733,270.0,135.0,0.021058999999979733,-121.47999199975641,0,256.4799919997564,overlapping_or_single_bucket_yes_markets,False,1.0,C,2026-03-30,high,12°C or higher,True
False,-1.754806,4,between 66-67°F|between 68-69°F|between 74-75°F|76°F or higher,18.424866176640002,-1.7208161766400032,San Francisco,4,False,98.81536,80.39049382336,0.008879999999999555,9.52888,-8.895986176640003,0.0,1.7208161766400032,0,16.70405,non_overlapping_yes_buckets,True,10.370091763145302,F,2026-03-30,high,,False
False,115.042019,4,17°C|18°C|19°C|20°C or higher,53.06976299978586,92.17363700071914,Seoul,2,False,222.81368,169.74391700021414,139.81368,43.43405,-9.63571299978586,0.0014170000000035543,-92.17363700071914,2,145.243400000505,non_overlapping_yes_buckets,True,5.129931010347873,C,2026-03-30,high,18°C,True
False,-9.068005,1,23°C or higher,10.9131,-9.06809999995,Shanghai,1,False,185.45,174.5369,161.95,185.45,174.5369,161.95,9.06809999995,0,1.8450000000500002,overlapping_or_single_bucket_yes_markets,False,1.0,C,2026-03-30,high,,False
False,-4.0,1,30°C,4.0,-4.0,Shenzhen,1,False,200.0,196.0,200.0,200.0,196.0,200.0,4.0,0,0.0,overlapping_or_single_bucket_yes_markets,False,1.0,C,2026-03-30,high,,False
False,176.64217,2,25°C or below|26°C,66.1923449999128,176.64043499948718,Taipei,2,False,265.794541,199.6021960000872,0.004540999999960604,22.7,-43.4923449999128,0.0,-176.64043499948718,0,242.8327799994,non_overlapping_yes_buckets,True,11.709010616740088,C,2026-03-30,high,25°C or below,True
True,1.1218460000000001,2,20°C|21°C,3.2959549999999997,1.1218450000000009,Tokyo,2,False,142.59775,139.301795,142.59775,4.44,1.1440450000000006,0.0,-1.1218450000000009,0,4.417800000000001,non_overlapping_yes_buckets,True,32.116610360360355,C,2026-03-30,high,20°C,True
True,42.816027,2,19°C|20°C,23.111781996744,44.83603600205325,Beijing,1,False,120.92,97.808218003256,63.13,90.3022,67.190418003256,0.0,-44.83603600205325,1,67.94781799879725,non_overlapping_yes_buckets,True,1.3390592920216784,C,2026-04-01,high,19°C,True
False,52.591002,6,26°C|27°C|29°C|31°C|32°C|34°C,74.62567176303124,54.03783824092578,Buenos Aires,6,False,253.11358,178.4879082369688,0.0,17.89506,-56.730611763031234,0.0,-54.03783824092578,0,128.66351000395701,non_overlapping_yes_buckets,True,14.144326981859798,C,2026-04-01,high,29°C,True
False,-2.322983,1,13°C,13.552014992094962,-1.4975349905849615,Istanbul,1,False,83.02868000000001,69.47666500790504,0.0,83.02868000000001,69.47666500790504,0.0,1.4975349905849615,0,12.05448000151,overlapping_or_single_bucket_yes_markets,False,1.0,C,2026-04-01,high,13°C,True
False,-2.389044,1,23°C,16.494777000044593,-2.3903769976525933,Mexico City,1,False,49.984172,33.48939499995541,0.004172000000004061,49.984172,33.48939499995541,0.004172000000004061,2.3903769976525933,0,14.104400002392,overlapping_or_single_bucket_yes_markets,False,1.0,C,2026-04-01,high,23°C,True
False,68.567819,2,16°C|17°C or higher,47.29263726274001,69.50263673732687,Moscow,2,False,86.5,39.20736273725999,0.016755000000003406,72.04034,24.747702737259992,0.0,-69.50263673732687,0,116.79527400006687,non_overlapping_yes_buckets,True,1.20071615431021,C,2026-04-01,high,16°C,True
False,nan,1,between 72-73°F,6.84983500070203,-6.84983500070203,New York City,0,False,99.997537,93.14770199929796,99.997537,99.997537,93.14770199929796,99.997537,6.84983500070203,1,0.0,overlapping_or_single_bucket_yes_markets,False,1.0,F,2026-04-01,high,,False
True,38.362,3,10°C|11°C|12°C,28.295082999153887,38.35811700084611,Paris,2,False,100.0,71.70491700084611,100.0,50.0,21.704917000846113,0.0,-38.35811700084611,1,66.6532,non_overlapping_yes_buckets,True,2.0,C,2026-04-01,high,11°C,True
False,-10.720615,1,25°C,10.48791956586791,-10.48791956586791,Sao Paulo,1,False,80.223866,69.73594643413209,80.223866,80.223866,69.73594643413209,80.223866,10.48791956586791,0,0.0,overlapping_or_single_bucket_yes_markets,False,1.0,C,2026-04-01,high,,False
True,-8.358862,4,8°C|9°C|10°C|11°C,14.359220999919092,-14.359220999919092,Seoul,3,False,139.98701599999998,125.6277950000809,139.98701599999998,100.0,85.64077900008091,100.0,14.359220999919092,1,0.0,non_overlapping_yes_buckets,True,1.3998701599999999,C,2026-04-01,high,,False
False,nan,1,19°C,7.182538,-7.182538,Shanghai,0,False,32.6479,25.465362,32.6479,32.6479,25.465362,32.6479,7.182538,1,0.0,overlapping_or_single_bucket_yes_markets,False,1.0,C,2026-04-01,high,,False
False,15.11496,1,22°C,73.8208806,15.969179400000002,Taipei,1,False,88.94082,15.119939400000007,0.0,88.94082,15.119939400000007,0.0,-15.969179400000002,0,89.79006,overlapping_or_single_bucket_yes_markets,False,1.0,C,2026-04-01,high,22°C,True
False,nan,1,12°C,4.25595,-4.25595,Toronto,0,False,42.5595,38.30355,42.5595,42.5595,38.30355,42.5595,4.25595,1,0.0,overlapping_or_single_bucket_yes_markets,False,1.0,C,2026-04-01,high,,False
True,-26.738152999999997,3,12°C|13°C|14°C,28.956917135479987,-28.692627135479988,Ankara,2,False,299.134022,270.17710486452,299.134022,90.31788,61.36096286452002,90.31788,28.692627135479988,1,0.26429,non_overlapping_yes_buckets,True,3.312013324493445,C,2026-04-02,high,,False
False,4.758943999999996,5,25°C|26°C|27°C|28°C|30°C,44.948420055877186,-0.7964310592949673,Buenos Aires,4,False,199.99020000000002,155.04177994412282,199.99020000000002,31.99786,-12.950560055877187,0.0,0.7964310592949673,1,44.15198899658222,non_overlapping_yes_buckets,True,6.250111726221692,C,2026-04-02,high,28°C,True
True,-9.7557,2,23°C|24°C,29.999,-28.431849996411998,Chengdu,1,False,100.0,70.001,7.4750000000000085,99.995,69.99600000000001,0.0,28.431849996411998,1,1.5671500035880002,non_overlapping_yes_buckets,True,1.0000500025001249,C,2026-04-02,high,,False
True,32.444100999999996,2,23°C|24°C,15.99495274809632,32.94184725190368,Hong Kong,2,False,687.4692,671.4742472519036,687.4692,56.713840000000005,40.71888725190368,0.0,-32.94184725190368,0,48.9368,non_overlapping_yes_buckets,True,12.12171843768646,C,2026-04-02,high,24°C,True
True,-2.4,2,11°C|12°C,8.90328,-8.90328,Paris,1,False,200.0,191.09672,200.0,46.452,37.548719999999996,46.452,8.90328,1,0.0,non_overlapping_yes_buckets,True,4.305519676224921,C,2026-04-02,high,,False
False,nan,1,30°C,4.607108966859635,-0.5935989658156355,Sao Paulo,0,False,36.43282,31.825711033140365,6.3028200000000005,36.43282,31.825711033140365,6.3028200000000005,0.5935989658156355,1,4.013510001044,overlapping_or_single_bucket_yes_markets,False,1.0,C,2026-04-02,high,,False
False,-4.171076,1,15°C,18.0795806,-3.7035806000000004,Seoul,1,False,140.35062,122.27103939999999,116.39061999999998,140.35062,122.27103939999999,116.39061999999998,3.7035806000000004,0,14.376,overlapping_or_single_bucket_yes_markets,False,1.0,C,2026-04-02,high,,False
False,48.688975,8,19°C or below|20°C|21°C|22°C|23°C|24°C|25°C|26°C,52.21328661190486,49.56276338832015,Taipei,8,False,171.0,118.78671338809514,171.0,41.472746,-10.740540611904862,0.0,-49.56276338832015,0,101.77605000022501,non_overlapping_yes_buckets,True,4.123189720786755,C,2026-04-02,high,25°C,True
False,nan,1,23°C,3.9999330000000004,-3.9999330000000004,Tel Aviv,0,False,99.99832500000001,95.99839200000001,99.99832500000001,99.99832500000001,95.99839200000001,99.99832500000001,3.9999330000000004,1,0.0,overlapping_or_single_bucket_yes_markets,False,1.0,C,2026-04-02,high,,False
True,128.218633,3,16°C|17°C|18°C,14.532777252564241,128.48822274743577,Tokyo,3,False,200.0,185.46722274743576,200.0,101.0,86.46722274743576,0.0,-128.48822274743577,0,143.02100000000002,non_overlapping_yes_buckets,True,1.9801980198019802,C,2026-04-02,high,16°C,True
True,-4.635343,3,2°C|3°C|4°C,16.1050473988198,-16.1050473988198,Toronto,1,False,1144.73892,1128.6338726011802,1144.73892,54.39808000000001,38.29303260118021,54.39808000000001,16.1050473988198,2,0.0,non_overlapping_yes_buckets,True,21.043737573090812,C,2026-04-02,high,,False
False,0.1888,2,22°C|25°C,15.196154869507133,-4.277854869507133,Beijing,1,False,71.539393,56.34323813049287,60.06754,60.06754,44.87138513049287,0.009393000000002871,4.277854869507133,1,10.9183,non_overlapping_yes_buckets,True,1.1909825672900871,C,2026-04-03,high,,False
False,78.9,1,29°C or higher,21.0,78.9,Buenos Aires,1,False,100.0,79.0,0.0,100.0,79.0,0.0,-78.9,0,99.9,overlapping_or_single_bucket_yes_markets,False,1.0,C,2026-04-03,high,29°C or higher,True
False,3.724576,1,20°C,21.29797617634322,-21.29797617634322,Busan,1,False,24.99478,3.6968038236567793,24.99478,24.99478,3.6968038236567793,24.99478,21.29797617634322,0,0.0,overlapping_or_single_bucket_yes_markets,False,1.0,C,2026-04-03,high,20°C,True
False,nan,1,25°C,5.499084999861728,-5.499084999861728,Hong Kong,0,False,49.991681,44.49259600013827,49.991681,49.991681,44.49259600013827,49.991681,5.499084999861728,1,0.0,overlapping_or_single_bucket_yes_markets,False,1.0,C,2026-04-03,high,,False
False,4.039901,1,34°C,1.2244152,4.0902648,Kuala Lumpur,1,False,5.11048,3.8860647999999998,0.0,5.11048,3.8860647999999998,0.0,-4.0902648,0,5.31468,overlapping_or_single_bucket_yes_markets,False,1.0,C,2026-04-03,high,34°C,True
False,28.9037,2,22°C|23°C or higher,18.111345789700344,24.466454210299652,Milan,1,False,43.228080000000006,25.11673421029966,34.39684,34.39684,16.285494210299653,0.0,-24.466454210299652,1,42.577799999999996,non_overlapping_yes_buckets,True,1.2567456778006354,C,2026-04-03,high,22°C,True
False,96.36899299999999,3,17°C|18°C|19°C or higher,76.49376589216116,99.738616107107,Seoul,3,False,176.67524,100.18147410783884,132.86192,105.11,28.616234107838835,0.0,-99.738616107107,0,176.23238199926817,non_overlapping_yes_buckets,True,1.680860431928456,C,2026-04-03,high,19°C or higher,True
False,-14.310165000000005,3,23°C or below|24°C|25°C,78.45869846436838,-12.830429464909088,Taipei,3,False,312.73111,234.27241153563162,212.73111,115.21724,36.75854153563162,0.0,12.830429464909088,0,65.6282689994593,non_overlapping_yes_buckets,True,2.7142735757252994,C,2026-04-03,high,25°C,True
False,nan,1,18°C,7.645765,-7.645765,Wellington,0,False,50.9107,43.264935,50.9107,50.9107,43.264935,50.9107,7.645765,1,0.0,overlapping_or_single_bucket_yes_markets,False,1.0,C,2026-04-03,high,,False
False,11.235226,1,14°C,9.883575624999999,11.681924375122001,Amsterdam,1,False,58.678,48.794424375,0.0,58.678,48.794424375,0.0,-11.681924375122001,0,21.565500000122,overlapping_or_single_bucket_yes_markets,False,1.0,C,2026-04-04,high,,False
False,-10.941112,1,20°C,10.4435344,-10.4435344,Beijing,1,False,80.33488,69.8913456,80.33488,80.33488,69.8913456,80.33488,10.4435344,0,0.0,overlapping_or_single_bucket_yes_markets,False,1.0,C,2026-04-04,high,,False
False,-8.730732,3,19°C|22°C|23°C,19.836591000000002,-15.349290998059002,Buenos Aires,1,False,95.83666,76.000069,53.19,45.475,25.638409,0.0,15.349290998059002,2,4.487300001941,non_overlapping_yes_buckets,True,2.107458163826278,C,2026-04-04,high,,False
False,-5.875357,1,21°C,5.817915,-5.817915,Busan,1,False,109.0863,103.268385,109.0863,109.0863,103.268385,109.0863,5.817915,0,0.0,overlapping_or_single_bucket_yes_markets,False,1.0,C,2026-04-04,high,,False
False,80.803453,1,57°F or below,64.8262634620219,82.75173253798354,Chicago,1,False,150.80212,85.9758565379781,0.0,150.80212,85.9758565379781,0.0,-82.75173253798354,0,147.57799600000544,overlapping_or_single_bucket_yes_markets,False,1.0,F,2026-04-04,high,57°F or below,True
False,-0.911125,1,between 78-79°F,7.45382,-0.643520000984001,Los Angeles,1,False,43.846,36.392179999999996,0.0,43.846,36.392179999999996,0.0,0.643520000984001,0,6.810299999015999,overlapping_or_single_bucket_yes_markets,False,1.0,F,2026-04-04,high,,False
False,nan,1,24°C,3.5904000000000003,-3.5904000000000003,Madrid,0,False,16.32,12.7296,16.32,16.32,12.7296,16.32,3.5904000000000003,1,0.0,overlapping_or_single_bucket_yes_markets,False,1.0,C,2026-04-04,high,,False
False,42.720645999999995,2,22°C|23°C or higher,35.172171067709385,39.54303893229063,Milan,1,False,72.59402,37.421848932290615,20.53,20.53,-14.642171067709384,0.0,-39.54303893229063,1,74.71521000000001,non_overlapping_yes_buckets,True,3.5359970774476372,C,2026-04-04,high,23°C or higher,True
False,-8.159369,1,13°C,7.7785554,-7.7785554,Moscow,1,False,72.16104,64.3824846,72.16104,72.16104,64.3824846,72.16104,7.7785554,0,0.0,overlapping_or_single_bucket_yes_markets,False,1.0,C,2026-04-04,high,,False
True,-23.088898999999998,3,14°C|15°C|16°C,22.109358602934556,-22.109358602934556,Paris,3,False,134.75434,112.64498139706546,134.75434,98.428976,76.31961739706546,98.428976,22.109358602934556,0,0.0,non_overlapping_yes_buckets,True,1.3690515280784796,C,2026-04-04,high,,False
False,nan,2,27°C|30°C,9.0944,-9.0944,Sao Paulo,0,False,59.12,50.0256,59.12,50.0,40.9056,50.0,9.0944,2,0.0,non_overlapping_yes_buckets,True,1.1824,C,2026-04-04,high,,False
True,-14.500869,2,13°C|14°C,13.874546268527151,-13.874546268527151,Seoul,2,False,635.8145,621.9399537314728,635.8145,150.0,136.12545373147285,150.0,13.874546268527151,0,0.0,non_overlapping_yes_buckets,True,4.238763333333333,C,2026-04-04,high,,False
False,nan,1,24°C,0.6993,-0.6993,Taipei,0,False,3.33,2.6307,3.33,3.33,2.6307,3.33,0.6993,1,0.0,overlapping_or_single_bucket_yes_markets,False,1.0,C,2026-04-04,high,,False
True,86.708574,2,20°C|21°C,16.435169294215527,87.46841870667487,Beijing,2,False,84.69416,68.25899070578447,0.0,28.1796,11.744430705784474,0.0,-87.46841870667487,0,103.9035880008904,non_overlapping_yes_buckets,True,3.005513208136382,C,2026-04-05,high,21°C,True
False,-11.570094,1,18°C,11.124513887088073,-11.124513887088073,Busan,1,False,98.08252,86.95800611291193,98.08252,98.08252,86.95800611291193,98.08252,11.124513887088073,0,0.0,overlapping_or_single_bucket_yes_markets,False,1.0,C,2026-04-05,high,,False
True,55.78467500000001,3,24°C|25°C|26°C,36.442883239871755,55.97071476012831,Hong Kong,3,False,282.972375,246.52949176012825,146.63064,98.425354,61.982470760128244,0.0,-55.97071476012831,0,92.41359800000006,non_overlapping_yes_buckets,True,2.874994739668399,C,2026-04-05,high,25°C,True
False,nan,1,25°C,8.156826999764306,-8.156826999764306,Milan,0,False,55.015599,46.858772000235696,55.015599,55.015599,46.858772000235696,55.015599,8.156826999764306,1,0.0,overlapping_or_single_bucket_yes_markets,False,1.0,C,2026-04-05,high,,False
False,38.939172,1,7°C or below,52.789184000000006,40.270714000240545,Moscow,1,False,104.4596,51.67041599999999,0.0,104.4596,51.67041599999999,0.0,-40.270714000240545,0,93.05989800024055,overlapping_or_single_bucket_yes_markets,False,1.0,C,2026-04-05,high,7°C or below,True
False,38.206739,3,22°C|23°C|24°C or higher,61.48577334680031,39.875824649721146,Munich,3,False,160.53821,99.05243665319969,88.09821,76.26706,14.781286653199693,0.0,-39.875824649721146,0,101.36159799652145,non_overlapping_yes_buckets,True,2.104948191263699,C,2026-04-05,high,23°C,True
False,2.141946,1,11°C,57.20003963446084,2.8326503615891596,Seoul,1,False,84.18698,26.986940365539162,0.0,84.18698,26.986940365539162,0.0,-2.8326503615891596,0,60.03268999605,overlapping_or_single_bucket_yes_markets,False,1.0,C,2026-04-05,high,,False
False,41.40148799999999,5,22°C or below|23°C|24°C|25°C|28°C,49.539826064822584,42.982879926462495,Taipei,5,False,262.38758,212.84775393517742,0.006999999999990791,69.80706,20.267233935177423,0.0,-42.982879926462495,0,92.52270599128508,non_overlapping_yes_buckets,True,3.7587542005063668,C,2026-04-05,high,28°C,True
True,nan,2,21°C|22°C,16.482472725416002,-16.482472725416002,Tokyo,0,False,51.06,34.577527274584,51.06,50.0,33.517527274584,50.0,16.482472725416002,2,0.0,non_overlapping_yes_buckets,True,1.0212,C,2026-04-05,high,,False
True,-4.2,4,5°C|6°C|7°C|8°C,17.461288,-17.461288,Toronto,2,False,150.0,132.538712,150.0,45.9,28.438712,45.9,17.461288,2,0.0,non_overlapping_yes_buckets,True,3.2679738562091503,C,2026-04-05,high,,False
False,nan,1,25°C,9.926728,-9.926728,Wuhan,0,False,43.3036,33.376872000000006,43.3036,43.3036,33.376872000000006,43.3036,9.926728,1,0.0,overlapping_or_single_bucket_yes_markets,False,1.0,C,2026-04-05,high,,False
False,1.827892,1,between 70-71°F,4.911816999995407,1.8276830000105928,Atlanta,1,False,40.931808,36.01999100000459,0.0018079999999969232,40.931808,36.01999100000459,0.0018079999999969232,-1.8276830000105928,0,6.739500000006,overlapping_or_single_bucket_yes_markets,False,1.0,F,2026-04-06,high,,False
False,-20.006668,1,19°C,19.1947492,-19.1947492,Beijing,1,False,87.24886,68.05411079999999,87.24886,87.24886,68.05411079999999,87.24886,19.1947492,0,0.0,overlapping_or_single_bucket_yes_markets,False,1.0,C,2026-04-06,high,,False
False,-10.180463,4,13°C or below|14°C|15°C|16°C,17.68162514490046,-9.365415144900458,Busan,3,False,497.29135199999996,479.6097268550995,497.29135199999996,89.05276,71.37113485509954,47.26276000000001,9.365415144900458,1,8.31621,non_overlapping_yes_buckets,True,5.58423289744192,C,2026-04-06,high,,False
False,1.635986,1,29°C,5.17848,1.7767200006619994,Hong Kong,1,False,64.731,59.552519999999994,0.0,64.731,59.552519999999994,0.0,-1.7767200006619994,0,6.955200000662,overlapping_or_single_bucket_yes_markets,False,1.0,C,2026-04-06,high,,False
False,-1.098309,1,18°C,17.08488385200744,-0.493083852007441,Istanbul,1,False,50.51058,33.425696147992554,0.0,50.51058,33.425696147992554,0.0,0.493083852007441,0,16.5918,overlapping_or_single_bucket_yes_markets,False,1.0,C,2026-04-06,high,18°C,True
True,7.108745,3,15°C|16°C|17°C,41.92365906757892,9.019740927922086,London,3,False,562.69776,520.7741009324211,77.50999999999999,50.36782,8.444160932421084,0.0,-9.019740927922086,0,50.943399995501004,non_overlapping_yes_buckets,True,11.171771182473254,C,2026-04-06,high,16°C,True
False,5.3606,1,between 72-73°F,9.575025199999999,5.740974800000002,Los Angeles,1,False,36.82702,27.2519948,0.0,36.82702,27.2519948,0.0,-5.740974800000002,0,15.316,overlapping_or_single_bucket_yes_markets,False,1.0,F,2026-04-06,high,,False
False,nan,2,14°C|17°C,24.195978569713322,-14.634948566435321,Munich,0,False,202.07273999999998,177.87676143028665,85.74266,85.74266,61.54668143028668,50.83273999999997,14.634948566435321,2,9.561030003278,non_overlapping_yes_buckets,True,2.3567351421101232,C,2026-04-06,high,,False
False,0.688361,1,17°C,15.8256,1.1756000007560008,Paris,1,False,37.68,21.8544,0.0,37.68,21.8544,0.0,-1.1756000007560008,0,17.001200000756,overlapping_or_single_bucket_yes_markets,False,1.0,C,2026-04-06,high,,False
True,23.126165,2,29°C|30°C,11.6550867231279,23.6855632740831,Sao Paulo,2,False,66.722,55.06691327687209,0.0,40.7555,29.100413276872096,0.0,-23.6855632740831,0,35.340649997211,non_overlapping_yes_buckets,True,1.637128731091509,C,2026-04-06,high,29°C,True
True,-14.313393,4,9°C|10°C|11°C|12°C,25.04114523434296,-13.10914523484296,Seoul,3,False,588.9544,563.913254765657,588.9544,91.2,66.15885476565704,43.400000000000006,13.10914523484296,1,11.9319999995,non_overlapping_yes_buckets,True,6.457833333333332,C,2026-04-06,high,,False
False,-5.889221,2,9°C|10°C or higher,12.998900000279509,-5.890020000671509,Toronto,2,False,99.996342,86.9974419997205,0.0063420000000036225,99.985932,86.9870319997205,0.005932000000001381,5.890020000671509,0,7.108879999608,non_overlapping_yes_buckets,True,1.0001041146468483,C,2026-04-06,high,,False
True,129.27051899999998,3,9°C|10°C|11°C,19.720066647877623,130.03152935222536,Warsaw,3,False,150.22144,130.50137335212239,150.22144,50.83,31.109933352122376,0.0,-130.03152935222536,0,149.75159600010298,non_overlapping_yes_buckets,True,2.9553696635844973,C,2026-04-06,high,11°C,True
False,-2.66392,4,14°C|15°C|17°C|18°C,19.990230356105382,-19.990230356105382,Beijing,1,False,90.28,70.28976964389462,90.28,49.5328,29.54256964389462,49.5328,19.990230356105382,3,0.0,non_overlapping_yes_buckets,True,1.8226306608954066,C,2026-04-07,high,,False
True,67.757892,3,16°C|17°C|18°C,33.89563863270438,68.60436136729561,Busan,3,False,146.07815,112.1825113672956,143.56644,100.0,66.10436136729561,0.0,-68.60436136729561,0,102.5,non_overlapping_yes_buckets,True,1.4607815,C,2026-04-07,high,16°C,True
False,nan,1,7°C,2.950875,-2.950875,Helsinki,0,False,19.6725,16.721625,19.6725,19.6725,16.721625,19.6725,2.950875,1,0.0,overlapping_or_single_bucket_yes_markets,False,1.0,C,2026-04-07,high,,False
False,7.593914000000001,2,28°C|30°C or higher,16.9116788504354,8.182121146465601,Hong Kong,2,False,100.0,83.08832114956459,100.0,64.3782,47.466521149564606,0.0,-8.182121146465601,0,25.093799996901,non_overlapping_yes_buckets,True,1.5533208446337423,C,2026-04-07,high,,False
True,50.913938,4,18°C|19°C|20°C|21°C,99.13114550227098,52.22855449073401,London,4,False,226.07602,126.94487449772902,137.66602,92.99704,-6.134105502270984,0.0,-52.22855449073401,0,151.359699993005,non_overlapping_yes_buckets,True,2.4310023200738433,C,2026-04-07,high,18°C,True
False,32.504,1,7°C,5.4719999999999995,32.767999999999994,Moscow,1,False,45.6,40.128,0.0,45.6,40.128,0.0,-32.767999999999994,0,38.239999999999995,overlapping_or_single_bucket_yes_markets,False,1.0,C,2026-04-07,high,7°C,True
False,-16.585126,1,19°C,27.729,-15.482999999999999,Munich,1,False,142.3,114.57100000000001,81.07000000000002,142.3,114.57100000000001,81.07000000000002,15.482999999999999,0,12.246,overlapping_or_single_bucket_yes_markets,False,1.0,C,2026-04-07,high,,False
False,-19.213687,1,31°C,18.826607999999855,-18.826607999999855,Sao Paulo,1,False,195.188081,176.36147300000016,195.188081,195.188081,176.36147300000016,195.188081,18.826607999999855,0,0.0,overlapping_or_single_bucket_yes_markets,False,1.0,C,2026-04-07,high,,False
True,48.568020000000004,2,10°C|11°C,17.231597160650374,48.684400837608415,Seoul,2,False,156.70925,139.47765283934962,156.70925,99.887569,82.65597183934963,0.012623000000004936,-48.684400837608415,0,65.91599799825879,non_overlapping_yes_buckets,True,1.5688563809176295,C,2026-04-07,high,11°C,True
False,-3.853574,1,31°C,3.8180377982596934,-3.8180377982596934,Shenzhen,1,False,66.715403,62.8973652017403,66.715403,66.715403,62.8973652017403,66.715403,3.8180377982596934,0,0.0,overlapping_or_single_bucket_yes_markets,False,1.0,C,2026-04-07,high,,False
False,70.103869,1,23°C,17.48091687757245,70.83941212167761,Taipei,1,False,122.91646,105.43554312242755,0.0,122.91646,105.43554312242755,0.0,-70.83941212167761,0,88.32032899925007,overlapping_or_single_bucket_yes_markets,False,1.0,C,2026-04-07,high,23°C,True
False,30.726711,1,9°C,56.19816992644,31.93883007356,Ankara,1,False,95.86238,39.66421007356,0.0,95.86238,39.66421007356,0.0,-31.93883007356,0,88.137,overlapping_or_single_bucket_yes_markets,False,1.0,C,2026-04-08,high,9°C,True
False,-17.685513,4,18°C|19°C|21°C|22°C,27.593445852442766,-27.593445852442766,Beijing,3,False,198.30846,170.71501414755724,198.30846,46.15,18.556554147557232,46.15,27.593445852442766,1,0.0,non_overlapping_yes_buckets,True,4.297041386782232,C,2026-04-08,high,,False
False,nan,1,15°C,9.703925,-9.703925,Busan,0,False,88.2175,78.513575,88.2175,88.2175,78.513575,88.2175,9.703925,1,0.0,overlapping_or_single_bucket_yes_markets,False,1.0,C,2026-04-08,high,,False
False,-15.285466,3,between 76-77°F|between 80-81°F|between 82-83°F,24.967011347365535,-24.967011347365535,Dallas,2,False,150.0,125.03298865263446,150.0,49.6172,24.650188652634462,49.6172,24.967011347365535,1,0.0,non_overlapping_yes_buckets,True,3.0231451996485093,F,2026-04-08,high,,False
True,42.814023,2,25°C|26°C,55.15307,42.98744000000001,Hong Kong,2,False,360.34999999999997,305.19692999999995,0.0,100.0,44.84693,0.0,-42.98744000000001,0,98.14051,non_overlapping_yes_buckets,True,3.6034999999999995,C,2026-04-08,high,26°C,True
False,134.295658,2,23°C|24°C or higher,24.177868799448458,125.11621920052896,London,1,False,300.0,275.82213120055155,43.84894,43.84894,19.67107120055154,0.03176200000001472,-125.11621920052896,1,149.29408799997742,non_overlapping_yes_buckets,True,6.841670517006797,C,2026-04-08,high,24°C or higher,True
True,28.124800000000004,2,between 70-71°F|between 72-73°F,11.0594,24.1054,Los Angeles,1,False,35.2,24.140600000000003,28.71,28.71,17.6506,0.0,-24.1054,1,35.1648,non_overlapping_yes_buckets,True,1.2260536398467434,F,2026-04-08,high,between 70-71°F,True
False,nan,1,24°C,4.93306,-4.93306,Mexico City,0,False,49.3306,44.39754,49.3306,49.3306,44.39754,49.3306,4.93306,1,0.0,overlapping_or_single_bucket_yes_markets,False,1.0,C,2026-04-08,high,,False
True,-1.22334,2,18°C|19°C,11.946990234569896,-0.9165902345698953,Munich,1,False,66.00366000000001,54.056669765430115,5.4,5.4,-6.546990234569895,0.0,0.9165902345698953,1,11.0304,non_overlapping_yes_buckets,True,12.222900000000001,C,2026-04-08,high,,False
False,-8.198156,1,28°C,8.27645636,-8.27645636,Sao Paulo,1,False,274.11606,265.83960364,274.11606,274.11606,265.83960364,274.11606,8.27645636,0,0.0,overlapping_or_single_bucket_yes_markets,False,1.0,C,2026-04-08,high,,False
False,-23.759298,2,14°C|15°C or higher,32.104510000000005,-22.879510000000003,Seoul,2,False,221.2182,189.11369,221.2182,150.218,118.11348999999998,98.96799999999999,22.879510000000003,0,9.225,non_overlapping_yes_buckets,True,1.472647751933856,C,2026-04-08,high,,False
False,16.908389,1,25°C,3.9439900000000003,17.114910004016004,Taipei,1,False,78.8798,74.93581,0.0,78.8798,74.93581,0.0,-17.114910004016004,0,21.058900004016003,overlapping_or_single_bucket_yes_markets,False,1.0,C,2026-04-08,high,25°C,True
True,10.891616,2,between 68-69°F|between 70-71°F,17.044459441858894,11.100740558141108,Atlanta,2,False,168.696413,151.65195355814112,65.11641300000001,50.0,32.95554055814111,0.0,-11.100740558141108,0,28.145200000000003,non_overlapping_yes_buckets,True,3.37392826,F,2026-04-09,high,between 70-71°F,True
False,46.882801,3,15°C|17°C|18°C or higher,25.510392518268688,47.384347477930305,Busan,3,False,251.41,225.89960748173132,129.284,71.95248,46.442087481731306,0.0,-47.384347477930305,0,72.894739996199,non_overlapping_yes_buckets,True,3.494111669257266,C,2026-04-09,high,18°C or higher,True
False,nan,1,10°C,4.078566338,-4.078566338,Istanbul,0,False,45.4487,41.370133662,45.4487,45.4487,41.370133662,45.4487,4.078566338,1,0.0,overlapping_or_single_bucket_yes_markets,False,1.0,C,2026-04-09,high,,False
False,-20.256375,3,24°C|25°C|27°C or higher,70.36994915792623,-30.068349157926235,Madrid,2,False,338.01522,267.6452708420738,279.25522,102.232277,31.862327842073768,45.579999999999984,30.068349157926235,1,40.30159999999999,non_overlapping_yes_buckets,True,3.3063454118311384,C,2026-04-09,high,,False
True,17.583391,3,1°C|2°C|3°C,10.879186000534,10.187213998357999,Moscow,1,False,99.989766,89.110579999466,99.989766,7.76,-3.1191860005340004,0.0,-10.187213998357999,2,21.066399998892,non_overlapping_yes_buckets,True,12.88527912371134,C,2026-04-09,high,3°C,True
True,1.8,2,14°C|15°C,12.23271399999999,-8.33271399999999,Munich,1,False,33.775712999999996,21.542999000000005,33.775712999999996,10.0,-2.2327139999999908,0.0,8.33271399999999,1,3.9000000000000004,non_overlapping_yes_buckets,True,3.3775712999999996,C,2026-04-09,high,15°C,True
False,-0.933525,1,between 72-73°F,0.9124519200000001,-0.9124519200000001,San Francisco,1,False,76.03766,75.12520808000001,76.03766,76.03766,75.12520808000001,76.03766,0.9124519200000001,0,0.0,overlapping_or_single_bucket_yes_markets,False,1.0,F,2026-04-09,high,,False
False,nan,1,9°C,1.213396411669104,-1.213396411669104,Seoul,0,False,27.12516,25.911763588330896,27.12516,27.12516,25.911763588330896,27.12516,1.213396411669104,1,0.0,overlapping_or_single_bucket_yes_markets,False,1.0,C,2026-04-09,high,,False
False,nan,1,28°C,14.34330319999959,-14.34330319999959,Shanghai,0,False,65.196832,50.85352880000041,65.196832,65.196832,50.85352880000041,65.196832,14.34330319999959,1,0.0,overlapping_or_single_bucket_yes_markets,False,1.0,C,2026-04-09,high,,False
False,203.204271,4,27°C|28°C|29°C|30°C or higher,35.35355077944195,185.2219792222361,Beijing,2,False,153.05474,117.70118922055806,94.29037,85.95766,50.60410922055805,0.0,-185.2219792222361,2,220.57553000167803,non_overlapping_yes_buckets,True,1.7805829055839817,C,2026-04-10,high,29°C,True
False,103.307812,3,24°C|25°C|26°C or higher,45.53191586775166,104.53008413224836,Buenos Aires,3,False,723.658046,678.1261301322484,723.658046,154.967457,109.43554113224835,0.0,-104.53008413224836,0,150.062,non_overlapping_yes_buckets,True,4.669742022029825,C,2026-04-10,high,24°C,True
False,26.078308,1,27°C,8.754798371045847,26.433201628954148,Chongqing,1,False,35.59688,26.84208162895415,0.0,35.59688,26.84208162895415,0.0,-26.433201628954148,0,35.187999999999995,overlapping_or_single_bucket_yes_markets,False,1.0,C,2026-04-10,high,27°C,True
True,nan,2,29°C|30°C,1.4921992799994401,-1.4921992799994401,Madrid,0,False,4.86046,3.36826072000056,4.86046,4.148885,2.65668572000056,4.148885,1.4921992799994401,2,0.0,non_overlapping_yes_buckets,True,1.1715099358020287,C,2026-04-10,high,,False
True,-1.0876669999999997,5,0°C|1°C|2°C|3°C|4°C,38.033480187839984,-0.32904018783998623,Moscow,5,False,693.68814,655.6546598121599,693.68814,37.785452,-0.24802818783998504,0.005451999999998236,0.32904018783998623,0,37.70444,non_overlapping_yes_buckets,True,18.358603729287132,C,2026-04-10,high,4°C,True
False,nan,1,24°C,2.9993480000169144,-2.9993480000169144,Sao Paulo,0,False,49.989133,46.98978499998309,49.989133,49.989133,46.98978499998309,49.989133,2.9993480000169144,1,0.0,overlapping_or_single_bucket_yes_markets,False,1.0,C,2026-04-10,high,,False
False,19.012525000000004,4,9°C|10°C|12°C|17°C or higher,31.731225823085786,20.28512417769022,Seoul,4,False,397.996285,366.26505917691424,397.996285,34.53036,2.7991341769142153,0.0,-20.28512417769022,0,52.01635000077601,non_overlapping_yes_buckets,True,11.525981339319948,C,2026-04-10,high,12°C,True
False,0.53892,1,19°C or higher,0.52725,0.5516700000000001,Shanghai,1,False,1.0545,0.52725,0.0,1.0545,0.52725,0.0,-0.5516700000000001,0,1.07892,overlapping_or_single_bucket_yes_markets,False,1.0,C,2026-04-10,high,19°C or higher,True
False,nan,1,31°C,0.9401600000000001,-0.9401600000000001,Shenzhen,0,False,23.504,22.563840000000003,23.504,23.504,22.563840000000003,23.504,0.9401600000000001,1,0.0,overlapping_or_single_bucket_yes_markets,False,1.0,C,2026-04-10,high,,False
False,-7.578913,1,34°C,7.40659959,-7.40659959,Taipei,1,False,66.42732000000001,59.02072041000001,66.42732000000001,66.42732000000001,59.02072041000001,66.42732000000001,7.40659959,0,0.0,overlapping_or_single_bucket_yes_markets,False,1.0,C,2026-04-10,high,,False
False,nan,1,between 82-83°F,2.0105834579999997,-2.0105834579999997,Atlanta,0,False,45.2223,43.211716542,45.2223,45.2223,43.211716542,45.2223,2.0105834579999997,1,0.0,overlapping_or_single_bucket_yes_markets,False,1.0,F,2026-04-11,high,,False
False,nan,1,25°C,10.0,-10.0,Beijing,0,False,50.0,40.0,50.0,50.0,40.0,50.0,10.0,1,0.0,overlapping_or_single_bucket_yes_markets,False,1.0,C,2026-04-11,high,,False
False,-0.351791,1,23°C,10.0204305571301,-0.0618305569461004,Buenos Aires,1,False,22.3726,12.352169442869899,0.0,22.3726,12.352169442869899,0.0,0.0618305569461004,0,9.958600000184,overlapping_or_single_bucket_yes_markets,False,1.0,C,2026-04-11,high,23°C,True
False,50.890596,2,23°C|24°C or higher,52.20460599985947,50.88939400014053,Busan,2,False,298.551891,246.34728500014054,298.551891,108.523806,56.319200000140526,0.0038059999999973115,-50.88939400014053,0,103.094,non_overlapping_yes_buckets,True,2.7510267286423775,C,2026-04-11,high,23°C,True
True,76.494684,2,14°C|15°C,21.03698588,73.95651211929211,London,1,False,100.0,78.96301412,46.98122,46.98122,25.94423412,0.00684400000000096,-73.95651211929211,1,94.99349799929212,non_overlapping_yes_buckets,True,2.128510072748217,C,2026-04-11,high,14°C,True
False,-3.179956,1,22°C,2.9867796,-2.9867796,Milan,1,False,566.22552,563.2387404,566.22552,566.22552,563.2387404,566.22552,2.9867796,0,0.0,overlapping_or_single_bucket_yes_markets,False,1.0,C,2026-04-11,high,,False
True,4.970284,2,29°C|30°C,18.470067351321795,-2.2220673493217937,Panama City,1,False,1085.0705600000001,1066.6004926486783,1013.0705600000001,61.62834,43.15827264867821,61.62834,2.2220673493217937,1,16.248000002,non_overlapping_yes_buckets,True,17.606681601354182,C,2026-04-11,high,,False
False,-5.050217,1,between 56-57°F,4.790082205241528,-4.790082205241528,San Francisco,1,False,241.30808,236.51799779475846,241.30808,241.30808,236.51799779475846,241.30808,4.790082205241528,0,0.0,overlapping_or_single_bucket_yes_markets,False,1.0,F,2026-04-11,high,,False
False,-13.0,1,26°C,13.0,-13.0,Sao Paulo,1,False,100.0,87.0,100.0,100.0,87.0,100.0,13.0,0,0.0,overlapping_or_single_bucket_yes_markets,False,1.0,C,2026-04-11,high,,False
False,-27.96539,4,13°C|14°C|16°C|17°C or higher,73.63398611475799,-51.04558612057199,Seoul,2,False,591.09464,517.460653885242,591.09464,90.56518,16.93119388524201,39.93216000000001,51.04558612057199,2,22.588399994186,non_overlapping_yes_buckets,True,6.526731796922394,C,2026-04-11,high,,False
False,nan,1,19°C,11.414044150510032,-11.414044150510032,Shanghai,0,False,33.31572,21.90167584948997,33.31572,33.31572,21.90167584948997,33.31572,11.414044150510032,1,0.0,overlapping_or_single_bucket_yes_markets,False,1.0,C,2026-04-11,high,,False
False,35.128994999999996,2,25°C|26°C or higher,55.126423599577436,35.70357240108949,Tokyo,2,False,147.2853,92.15887640042257,147.2853,100.864843,45.73841940042256,0.0,-35.70357240108949,0,90.82999600066692,non_overlapping_yes_buckets,True,1.4602243519082265,C,2026-04-11,high,25°C,True
True,8.809812,2,14°C|15°C,6.761517399928564,8.298982599766433,Amsterdam,2,False,40.652856,33.891338600071435,0.50404,0.50404,-6.257477399928564,0.002856000000001302,-8.298982599766433,0,15.060499999694997,non_overlapping_yes_buckets,True,80.65402745813823,C,2026-04-12,high,15°C,True
False,38.317364000000005,4,24°C|25°C|27°C|28°C,15.497960472650345,34.092539526367645,Beijing,3,False,596.22662,580.7286595273497,468.04662,25.84244,10.344479527349655,0.0,-34.092539526367645,1,49.59049999901799,non_overlapping_yes_buckets,True,23.071607015436623,C,2026-04-12,high,27°C,True
True,68.44541799999999,2,26°C|27°C,30.14403419009534,69.40105981071197,Buenos Aires,2,False,425.70544,395.56140580990467,265.14544,92.248684,62.10464980990466,0.0,-69.40105981071197,0,99.54509400080731,non_overlapping_yes_buckets,True,4.614758948756386,C,2026-04-12,high,26°C,True
False,6.2064,1,25°C,1.7368218000000002,6.2797782,Cape Town,1,False,8.27058,6.5337582,0.0,8.27058,6.5337582,0.0,-6.2797782,0,8.0166,overlapping_or_single_bucket_yes_markets,False,1.0,C,2026-04-12,high,25°C,True
False,35.4228,1,24°C,3.3736,35.4228,Chongqing,1,False,42.17,38.7964,0.0,42.17,38.7964,0.0,-35.4228,0,38.796400000000006,overlapping_or_single_bucket_yes_markets,False,1.0,C,2026-04-12,high,24°C,True
False,nan,1,12°C,2.5515,-2.5515,Helsinki,0,False,5.67,3.1185,5.67,5.67,3.1185,5.67,2.5515,1,0.0,overlapping_or_single_bucket_yes_markets,False,1.0,C,2026-04-12,high,,False
True,-3.774413000000001,2,15°C|16°C,26.034761279454194,-3.208161280254192,London,2,False,779.039771,753.0050097205458,0.0,23.35744,-2.677321279454194,0.0,3.208161280254192,0,22.826599999200003,non_overlapping_yes_buckets,True,33.35296038435719,C,2026-04-12,high,15°C,True
False,nan,1,17°C,2.813825973942846,-2.813825973942846,Madrid,0,False,85.82939999999999,83.01557402605715,85.82939999999999,85.82939999999999,83.01557402605715,85.82939999999999,2.813825973942846,1,0.0,overlapping_or_single_bucket_yes_markets,False,1.0,C,2026-04-12,high,,False
False,-14.623368,2,17°C|19°C,14.426281823671111,-14.426281823671111,Milan,2,False,94.83,80.40371817632888,94.83,90.0935,75.6672181763289,90.0935,14.426281823671111,0,0.0,non_overlapping_yes_buckets,True,1.0525731601058899,C,2026-04-12,high,,False
False,-20.080679,3,9°C|11°C|12°C,19.88467216,-19.877412160000002,Moscow,3,False,200.0,180.11532784,200.0,6.88518,-12.99949216,0.0,19.877412160000002,0,0.00726,non_overlapping_yes_buckets,True,29.047897077491076,C,2026-04-12,high,,False
False,73.95662,3,10°C|11°C|14°C,15.459672515607679,74.38632748439233,Munich,3,False,81.52144,66.06176748439232,77.74452,53.879999999999995,38.42032748439232,0.0,-74.38632748439233,0,89.846,non_overlapping_yes_buckets,True,1.513018559762435,C,2026-04-12,high,11°C,True
False,88.169815,3,between 52-53°F|between 54-55°F|between 58-59°F,16.760813995308204,88.65968600469179,New York City,3,False,149.986302,133.22548800469178,149.986302,29.6248,12.863986004691796,0.0,-88.65968600469179,0,105.4205,non_overlapping_yes_buckets,True,5.062862939159083,F,2026-04-12,high,between 54-55°F,True
False,21.17,1,26°C,5.22,21.17,Sao Paulo,1,False,29.0,23.78,0.0,29.0,23.78,0.0,-21.17,0,26.39,overlapping_or_single_bucket_yes_markets,False,1.0,C,2026-04-12,high,26°C,True
False,139.42698399999998,8,16°C|18°C|19°C|20°C|21°C|22°C|23°C|24°C or higher,254.06568590398524,121.40902910897023,Seoul,8,True,906.779,652.7133140960148,90.0922,90.0922,-163.97348590398525,0.0,-121.40902910897023,0,375.47471501295547,non_overlapping_yes_buckets,True,10.065011177438224,C,2026-04-12,high,19°C,True
True,-5.9511330000000005,2,18°C|19°C,18.35600399844209,-5.880304001782092,Shanghai,2,False,99.991199,81.6351950015579,0.001198999999999728,27.15,8.793996001557908,0.0,5.880304001782092,0,12.47569999666,non_overlapping_yes_buckets,True,3.682917090239411,C,2026-04-12,high,,False
False,6.418923,2,31°C|35°C or higher,9.766401541373934,6.751708455157068,Taipei,2,False,108.15822,98.39181845862606,0.99,0.99,-8.776401541373934,0.0,-6.751708455157068,0,16.518109996531003,non_overlapping_yes_buckets,True,109.25072727272727,C,2026-04-12,high,,False
False,-2.4408109999999996,1,21°C,20.497428000677928,-2.442328003025928,Tokyo,1,False,49.993725999999995,29.496297999322067,0.0037259999999932347,49.993725999999995,29.496297999322067,0.0037259999999932347,2.442328003025928,0,18.055099997652,overlapping_or_single_bucket_yes_markets,False,1.0,C,2026-04-12,high,,False
False,50.863319,1,15°C or higher,37.9684336,51.95953639959201,Warsaw,1,False,91.34056,53.3721264,0.0,91.34056,53.3721264,0.0,-51.95953639959201,0,89.92796999959201,overlapping_or_single_bucket_yes_markets,False,1.0,C,2026-04-12,high,15°C or higher,True
False,nan,1,19°C,13.998632001488366,-0.0014320014883644205,Wellington,0,True,99.990228,85.99159599851164,50.000228,99.990228,85.99159599851164,50.000228,0.0014320014883644205,1,13.997200000000001,overlapping_or_single_bucket_yes_markets,False,1.0,C,2026-04-12,high,,False
False,32.1436,1,12°C,21.48464,32.82696,Ankara,1,False,53.7116,32.22696,0.0,53.7116,32.22696,0.0,-32.82696,0,54.3116,overlapping_or_single_bucket_yes_markets,False,1.0,C,2026-04-13,high,12°C,True
True,7.066106,2,26°C|27°C,33.31093158433708,-3.9634815696650776,Buenos Aires,1,False,278.45637400000004,245.14544241566296,32.886374000000046,125.7,92.38906841566293,1.4210854715202004e-14,3.9634815696650776,1,29.347450014672,non_overlapping_yes_buckets,True,2.2152456165473353,C,2026-04-13,high,,False
False,nan,1,15°C,0.6214000000000001,-0.6214000000000001,Busan,0,False,31.07,30.4486,31.07,31.07,30.4486,31.07,0.6214000000000001,1,0.0,overlapping_or_single_bucket_yes_markets,False,1.0,C,2026-04-13,high,,False
False,nan,1,27°C,12.5,-12.5,Cape Town,0,False,50.0,37.5,50.0,50.0,37.5,50.0,12.5,1,0.0,overlapping_or_single_bucket_yes_markets,False,1.0,C,2026-04-13,high,,False
False,-4.061604,1,15°C,14.564612799294874,-3.912512795943874,Istanbul,1,False,113.496703,98.93209020070512,0.0,113.496703,98.93209020070512,0.0,3.912512795943874,0,10.652100003351,overlapping_or_single_bucket_yes_markets,False,1.0,C,2026-04-13,high,,False
True,110.67859,2,12°C|13°C,52.5811676998384,112.97356630024595,London,2,False,172.71278,120.1316123001616,60.34628000000002,153.04628000000002,100.46511230016162,0.0,-112.97356630024595,0,165.55473400008435,non_overlapping_yes_buckets,True,1.1285003464311578,C,2026-04-13,high,13°C,True
False,nan,1,37°C,0.9795,-0.9795,Lucknow,0,False,6.53,5.5505,6.53,6.53,5.5505,6.53,0.9795,1,0.0,overlapping_or_single_bucket_yes_markets,False,1.0,C,2026-04-13,high,,False
False,nan,1,18°C,1.4384909999999551,-1.4384909999999551,Madrid,0,False,13.07719,11.638699000000045,13.07719,13.07719,11.638699000000045,13.07719,1.4384909999999551,1,0.0,overlapping_or_single_bucket_yes_markets,False,1.0,C,2026-04-13,high,,False
True,33.00560099999999,2,14°C|15°C,67.85787246746506,34.371627532534944,Milan,2,False,105.08528,37.22740753253494,100.0,100.0,32.14212753253494,0.0,-34.371627532534944,0,102.2295,non_overlapping_yes_buckets,True,1.0508528,C,2026-04-13,high,15°C,True
False,0.667148,1,10°C,4.999631,0.6670190005760004,Moscow,1,False,99.99261999999999,94.992989,0.0026199999999931833,99.99261999999999,94.992989,0.0026199999999931833,-0.6670190005760004,0,5.666650000576,overlapping_or_single_bucket_yes_markets,False,1.0,C,2026-04-13,high,,False
False,63.226205,4,20°C|21°C|22°C|23°C or higher,262.850648533585,73.56372446401502,Seoul,4,False,1350.414333,1087.563684466415,288.787877,171.0428,-91.807848533585,0.0,-73.56372446401502,0,336.4143729976,non_overlapping_yes_buckets,True,7.895183737637597,C,2026-04-13,high,20°C,True
False,87.729622,1,33°C,5.9159999999999995,87.72799200028355,Taipei,1,False,98.6,92.684,0.027374999999992156,98.6,92.684,0.027374999999992156,-87.72799200028355,0,93.64399200028355,overlapping_or_single_bucket_yes_markets,False,1.0,C,2026-04-13,high,33°C,True
False,13.6963,1,17°C,10.766764245545712,14.037235754454287,Ankara,1,False,26.71404,15.947275754454289,0.0,26.71404,15.947275754454289,0.0,-14.037235754454287,0,24.804,overlapping_or_single_bucket_yes_markets,False,1.0,C,2026-04-14,high,17°C,True
False,-18.244127,1,20°C,17.74658791943948,-17.74658791943948,Busan,1,False,276.129,258.3824120805605,276.129,276.129,258.3824120805605,276.129,17.74658791943948,0,0.0,overlapping_or_single_bucket_yes_markets,False,1.0,C,2026-04-14,high,,False
True,-15.697979,2,24°C|25°C,46.77880274190221,-13.734002740948213,Cape Town,2,False,167.029819,120.25101625809779,98.98726,98.98726,52.208457258097795,0.0,13.734002740948213,0,33.044800000954,non_overlapping_yes_buckets,True,1.6873870334424854,C,2026-04-14,high,,False
False,-9.153855,1,82°F or higher,42.66532297662122,-8.049322976621212,Dallas,1,False,84.35428,41.688957023378784,0.0,84.35428,41.688957023378784,0.0,8.049322976621212,0,34.61600000000001,overlapping_or_single_bucket_yes_markets,False,1.0,F,2026-04-14,high,,False
False,nan,1,12°C,2.76643139705408,-2.76643139705408,Helsinki,0,False,86.15888000000001,83.39244860294593,86.15888000000001,86.15888000000001,83.39244860294593,86.15888000000001,2.76643139705408,1,0.0,overlapping_or_single_bucket_yes_markets,False,1.0,C,2026-04-14,high,,False
True,99.79814,2,13°C|14°C,23.850870486315046,84.03712751368498,Istanbul,1,False,114.02364,90.17276951368495,50.98728,50.98728,27.136409513684953,0.0,-84.03712751368498,1,107.88799800000002,non_overlapping_yes_buckets,True,2.236315410431778,C,2026-04-14,high,13°C,True
True,25.468044999999996,3,16°C|17°C|18°C,28.64745512112,23.305514877768,London,2,False,47.36408,18.71662487888,45.325,30.063,1.4155448788799987,0.0,-23.305514877768,1,51.952969998888,non_overlapping_yes_buckets,True,1.5754941289957756,C,2026-04-14,high,17°C,True
False,-16.443224,1,39°C,32.63647988463421,-15.337379881834213,Lucknow,1,False,94.68592,62.04944011536578,0.0,94.68592,62.04944011536578,0.0,15.337379881834213,0,17.2991000028,overlapping_or_single_bucket_yes_markets,False,1.0,C,2026-04-14,high,,False
False,0.0,1,19°C or higher,22.858368000000002,0.42483199999999854,Milan,1,False,35.7162,12.857831999999998,0.0,35.7162,12.857831999999998,0.0,-0.42483199999999854,0,23.2832,overlapping_or_single_bucket_yes_markets,False,1.0,C,2026-04-14,high,19°C or higher,True
False,-38.323907999999996,5,8°C|9°C|11°C|12°C|14°C,47.09862565540935,-36.53111565442935,Moscow,5,False,83.70689999999999,36.60827434459064,83.70689999999999,47.81982,0.7211943445906499,0.0,36.53111565442935,0,10.56751000098,non_overlapping_yes_buckets,True,1.7504645563283172,C,2026-04-14,high,,False
False,1.10374,1,33°C or higher,2.3170048000000003,1.1395351999999996,Panama City,1,False,3.40736,1.0903551999999999,0.0,3.40736,1.0903551999999999,0.0,-1.1395351999999996,0,3.45654,overlapping_or_single_bucket_yes_markets,False,1.0,C,2026-04-14,high,33°C or higher,True
False,93.996742,2,23°C|24°C or higher,79.82920006811312,96.20771892932993,Seoul,2,False,613.41786,533.5886599318869,0.004421999999991044,105.94442199999999,26.115221931886865,0.0,-96.20771892932993,0,176.03691899744305,non_overlapping_yes_buckets,True,5.789996758866645,C,2026-04-14,high,23°C,True
False,-19.702665,1,18°C,31.3407872,-18.795487202160004,Shanghai,1,False,136.44656,105.10577280000001,0.0,136.44656,105.10577280000001,0.0,18.795487202160004,0,12.545299997839999,overlapping_or_single_bucket_yes_markets,False,1.0,C,2026-04-14,high,,False
False,27.732055000000003,1,34°C or higher,18.747592639727614,28.315297360272382,Taipei,1,False,45.68718,26.939587360272384,0.0,45.68718,26.939587360272384,0.0,-28.315297360272382,0,47.062889999999996,overlapping_or_single_bucket_yes_markets,False,1.0,C,2026-04-14,high,34°C or higher,True
True,-27.361038,3,26°C|27°C|28°C,44.16263253885882,-44.16263253885882,Tel Aviv,1,False,230.24209,186.07945746114117,230.24209,43.929,-0.23363253885882074,43.929,44.16263253885882,2,0.0,non_overlapping_yes_buckets,True,5.24123221562066,C,2026-04-14,high,,False
False,nan,1,16°C,10.5,-10.5,Warsaw,0,False,50.0,39.5,50.0,50.0,39.5,50.0,10.5,1,0.0,overlapping_or_single_bucket_yes_markets,False,1.0,C,2026-04-14,high,,False
True,nan,2,20°C|21°C,3.988359000296604,-3.988359000296604,Busan,0,False,39.506828,35.518468999703394,39.506828,34.939457,30.951097999703393,34.939457,3.988359000296604,2,0.0,non_overlapping_yes_buckets,True,1.1307224379588956,C,2026-04-15,high,,False
False,-0.077789,1,74°F or higher,11.423548236403201,0.3884517635967999,Chicago,1,False,47.136,35.7124517635968,0.0,47.136,35.7124517635968,0.0,-0.3884517635967999,0,11.812000000000001,overlapping_or_single_bucket_yes_markets,False,1.0,F,2026-04-15,high,,False
False,-4.149754,2,16°C|19°C or higher,20.649755000607744,-4.149755000607744,London,2,False,149.988333,129.33857799939227,149.988333,50.0,29.350244999392256,0.0,4.149755000607744,0,16.5,non_overlapping_yes_buckets,True,2.99976666,C,2026-04-15,high,,False
True,33.740661,2,11°C|12°C,2.7309160459609703,-2.7309160459609703,London,1,False,32.45102,29.72010395403903,32.45102,16.00732,13.27640395403903,16.00732,2.7309160459609703,1,0.0,non_overlapping_yes_buckets,True,2.027261277965331,C,2026-04-15,low,11°C,True
True,8.324851,2,10°C|11°C,8.371669705330445,8.716430294669555,Moscow,2,False,44.00604,35.63437029466955,0.0,24.74274,16.371070294669558,0.0,-8.716430294669555,0,17.0881,non_overlapping_yes_buckets,True,1.7785435242822742,C,2026-04-15,high,10°C,True
True,-4.7546610000000005,2,between 88-89°F|between 90-91°F,14.24889,-4.128249997166998,New York City,2,False,78.03,63.78111,0.0,3.99,-10.25889,0.0,4.128249997166998,0,10.120640002833001,non_overlapping_yes_buckets,True,19.55639097744361,F,2026-04-15,high,,False
False,nan,1,between 64-65°F,2.0643542320144377,-2.0643542320144377,New York City,0,False,22.13302,20.06866576798556,22.13302,22.13302,20.06866576798556,22.13302,2.0643542320144377,1,0.0,overlapping_or_single_bucket_yes_markets,False,1.0,F,2026-04-15,low,,False
False,-3.33352,1,28°C,3.1654464000000004,-3.1654464000000004,Sao Paulo,1,False,79.13616,75.97071360000001,79.13616,79.13616,75.97071360000001,79.13616,3.1654464000000004,0,0.0,overlapping_or_single_bucket_yes_markets,False,1.0,C,2026-04-15,high,,False
True,-10.401267,3,16°C|17°C|18°C,22.66853004396962,-22.66853004396962,Seoul,2,False,238.23406,215.5655299560304,238.23406,91.4,68.73146995603038,91.4,22.66853004396962,1,0.0,non_overlapping_yes_buckets,True,2.6064995623632385,C,2026-04-15,high,,False
False,-2.8167040000000005,6,8°C or below|9°C|10°C|11°C|12°C|13°C,48.64855573486738,-7.470515737091382,Seoul,4,False,100.0,51.35144426513262,100.0,32.76096,-15.887595734867382,0.0,7.470515737091382,2,41.178039997776,non_overlapping_yes_buckets,True,3.0524136044853387,C,2026-04-15,low,10°C,True
False,nan,1,31°C,5.999859,-5.999859,Tel Aviv,0,False,99.99765,93.99779099999999,99.99765,99.99765,93.99779099999999,99.99765,5.999859,1,0.0,overlapping_or_single_bucket_yes_markets,False,1.0,C,2026-04-15,high,,False
False,-16.644368,2,19°C|23°C,15.879731494318442,-15.879731494318442,Tokyo,2,False,156.75448,140.87474850568157,156.75448,89.16544,73.28570850568155,89.16544,15.879731494318442,0,0.0,non_overlapping_yes_buckets,True,1.7580183532992155,C,2026-04-15,high,,False
True,83.908,3,14°C|15°C|16°C,17.983242725000004,72.59925727499999,Tokyo,1,False,90.7,72.71675727499999,90.685,90.5985,72.615257275,0.0,-72.59925727499999,2,90.5825,non_overlapping_yes_buckets,True,1.0011203275992429,C,2026-04-15,low,15°C,True
False,-33.648421,1,22°C,39.207004520079835,-30.812604515168836,Ankara,1,False,308.530237,269.3232324799202,143.460237,308.530237,269.3232324799202,143.460237,30.812604515168836,0,8.394400004911,overlapping_or_single_bucket_yes_markets,False,1.0,C,2026-04-16,high,,False
False,-23.200438,2,24°C|25°C or higher,46.650030982595,-21.734930982874,Buenos Aires,2,False,174.71372,128.063689017405,127.06371999999999,83.31562,36.665589017405,0.0,21.734930982874,0,24.915099999720997,non_overlapping_yes_buckets,True,2.0970103805264846,C,2026-04-16,high,24°C,True
False,-4.263132,1,26°C,4.2633,-4.2633,Chongqing,1,False,126.33,122.0667,126.33,126.33,122.0667,126.33,4.2633,0,0.0,overlapping_or_single_bucket_yes_markets,False,1.0,C,2026-04-16,high,,False
False,-0.282064,1,10°C,6.21248,0.01172000238400095,Helsinki,1,False,45.68,39.46752,0.0,45.68,39.46752,0.0,-0.01172000238400095,0,6.224200002384001,overlapping_or_single_bucket_yes_markets,False,1.0,C,2026-04-16,high,,False
False,-1.027828,1,13°C,3.298917290605878,-0.8666172906058778,Istanbul,1,False,30.40418,27.105262709394122,0.0,30.40418,27.105262709394122,0.0,0.8666172906058778,0,2.4323,overlapping_or_single_bucket_yes_markets,False,1.0,C,2026-04-16,high,,False
False,nan,1,34°C or higher,1.1901258,-1.1901258,Karachi,0,False,1.72482,0.5346942000000001,1.72482,1.72482,0.5346942000000001,1.72482,1.1901258,1,0.0,overlapping_or_single_bucket_yes_markets,False,1.0,C,2026-04-16,high,,False
False,-24.511089,2,28°C or below|29°C,23.68344992,-23.68344992,Lagos,2,False,100.0,76.31655008,100.0,79.85888,56.17543008,79.85888,23.68344992,0,0.0,non_overlapping_yes_buckets,True,1.2522088964934144,C,2026-04-16,high,,False
True,24.716888000000004,3,18°C|19°C|20°C,45.36219078035925,26.778608216496345,London,3,False,792.84276,747.4805692196408,689.53276,245.61622,200.25402921964076,0.0,-26.778608216496345,0,72.1407989968556,non_overlapping_yes_buckets,True,3.2279739505803,C,2026-04-16,high,18°C,True
False,65.016411,1,26°C,28.398469761532553,65.8075262384527,Madrid,1,False,96.722123,68.32365323846744,0.0,96.722123,68.32365323846744,0.0,-65.8075262384527,0,94.20599599998525,overlapping_or_single_bucket_yes_markets,False,1.0,C,2026-04-16,high,26°C,True
False,-2.4761540000000006,3,8°C or below|9°C|10°C,8.135037396567318,-5.626947396567318,Moscow,2,False,147.8556,139.72056260343268,147.8556,22.462662,14.327624603432684,0.0,5.626947396567318,1,2.50809,non_overlapping_yes_buckets,True,6.582283079360763,C,2026-04-16,high,,False
False,-17.678727,1,between 84-85°F,16.96491433987797,-16.96491433987797,New York City,1,False,90.0787,73.11378566012203,90.0787,90.0787,73.11378566012203,90.0787,16.96491433987797,0,0.0,overlapping_or_single_bucket_yes_markets,False,1.0,F,2026-04-16,high,,False
False,7.678656000000002,5,19°C|20°C|21°C|22°C|23°C or higher,45.9950954240634,8.333102575937438,Paris,5,False,1716.89872,1670.9036245759364,1716.89872,54.715,8.719904575936603,0.0,-8.333102575937438,0,54.32819800000084,non_overlapping_yes_buckets,True,31.378940327149774,C,2026-04-16,high,19°C,True
False,3.174213,2,28°C|30°C,9.929864904916421,-2.0648549038964203,Sao Paulo,2,True,52.34188,42.41201509508358,10.94824,10.94824,1.018375095083579,0.0,2.0648549038964203,0,7.865010001020001,non_overlapping_yes_buckets,True,4.780848793961404,C,2026-04-16,high,28°C,True
False,36.683358,1,24°C or higher,30.414786717434723,37.54901328256527,Seoul,1,False,66.21534,35.800553282565275,0.0,66.21534,35.800553282565275,0.0,-37.54901328256527,0,67.96379999999999,overlapping_or_single_bucket_yes_markets,False,1.0,C,2026-04-16,high,24°C or higher,True
True,192.4036,2,22°C|23°C,6.664876999597425,189.73872300040256,Wuhan,1,False,200.0,193.33512300040258,14.804871,14.804871,8.139994000402575,0.0,-189.73872300040256,1,196.40359999999998,non_overlapping_yes_buckets,True,13.509067387348393,C,2026-04-16,high,23°C,True
False,-11.263117,1,20°C,10.845770801683578,-10.731170801683579,Amsterdam,1,False,109.2005,98.35472919831642,0.0,109.2005,98.35472919831642,0.0,10.731170801683579,0,0.1146,overlapping_or_single_bucket_yes_markets,False,1.0,C,2026-04-17,high,,False
False,-25.116551,1,21°C,39.953180717315966,-23.95288071752097,Ankara,1,False,88.8911,48.93791928268403,0.0,88.8911,48.93791928268403,0.0,23.95288071752097,0,16.000299999794997,overlapping_or_single_bucket_yes_markets,False,1.0,C,2026-04-17,high,,False
True,-45.086169,2,23°C|24°C,52.056088,-45.086887999110004,Beijing,2,False,600.0,547.943912,600.0,266.20888,214.15279200000003,196.53888,45.086887999110004,0,6.96920000089,non_overlapping_yes_buckets,True,2.2538692172853136,C,2026-04-17,high,,False
True,-30.114067,2,26°C|27°C,38.374497855408,-28.241197847724003,Buenos Aires,2,False,280.20585,241.831352144592,226.70452,226.70452,188.330022144592,113.74584999999999,28.241197847724003,0,10.133300007684001,non_overlapping_yes_buckets,True,1.2359958681017917,C,2026-04-17,high,,False
True,-30.983501999999998,2,19°C|20°C,38.1954180029031,-29.5322780036351,London,2,False,168.96740599999998,130.7719879970969,0.0,163.4412,125.24578199709691,0.0,29.5322780036351,0,8.663139999268,non_overlapping_yes_buckets,True,1.0338115848390734,C,2026-04-17,high,,False
False,nan,1,between 76-77°F,0.27045,-0.27045,Los Angeles,0,False,18.03,17.75955,18.03,18.03,17.75955,18.03,0.27045,1,0.0,overlapping_or_single_bucket_yes_markets,False,1.0,F,2026-04-17,high,,False
False,-24.67015,1,27°C,27.581507066338474,-23.504807066338476,Madrid,1,False,130.31576,102.73425293366154,0.0,130.31576,102.73425293366154,0.0,23.504807066338476,0,4.0767,overlapping_or_single_bucket_yes_markets,False,1.0,C,2026-04-17,high,,False
False,nan,1,between 86-87°F,6.3215809,-6.3215809,Miami,0,False,90.697,84.3754191,90.697,90.697,84.3754191,90.697,6.3215809,1,0.0,overlapping_or_single_bucket_yes_markets,False,1.0,F,2026-04-17,high,,False
False,0.728,1,21°C,3.64,0.7279999999999993,Munich,1,False,72.8,69.16,0.0,72.8,69.16,0.0,-0.7279999999999993,0,4.367999999999999,overlapping_or_single_bucket_yes_markets,False,1.0,C,2026-04-17,high,,False
False,-3.672033,1,between 80-81°F,6.106561968733434,-3.377561968733434,New York City,1,False,52.06878,45.96221803126656,0.0,52.06878,45.96221803126656,0.0,3.377561968733434,0,2.729,overlapping_or_single_bucket_yes_markets,False,1.0,F,2026-04-17,high,,False
False,-1.08475,1,31°C,1.0847499999999999,-1.0847499999999999,Sao Paulo,1,False,216.95,215.86524999999997,216.95,216.95,215.86524999999997,216.95,1.0847499999999999,0,0.0,overlapping_or_single_bucket_yes_markets,False,1.0,C,2026-04-17,high,,False
False,49.708026999999994,4,31°C|32°C|33°C|35°C or higher,117.27690122136566,40.12070878133834,Tel Aviv,2,False,348.054316,230.7774147786343,168.64431599999998,164.15954,46.88263877863433,0.0,-40.12070878133834,2,157.397610002704,non_overlapping_yes_buckets,True,2.1202198544172335,C,2026-04-17,high,33°C,True
True,-14.574448,3,18°C|19°C|20°C,43.437731743341416,-23.883071743119416,Tokyo,2,False,150.49602,107.05828825665857,95.75,51.096880000000006,7.65914825665859,0.0,23.883071743119416,1,19.554660000222,non_overlapping_yes_buckets,True,2.945307423858364,C,2026-04-17,high,,False
True,44.636679,2,17°C|18°C,44.730823620947874,36.70117637905213,Wellington,1,False,87.71718,42.986356379052125,45.985,45.985,1.2541763790521259,0.0,-36.70117637905213,1,81.432,non_overlapping_yes_buckets,True,1.9075172338806132,C,2026-04-17,high,18°C,True
False,-0.8817,1,29°C,2.6999999999999997,-0.8816199899999997,Wuhan,1,False,300.0,297.3,0.0,300.0,297.3,0.0,0.8816199899999997,0,1.81838001,overlapping_or_single_bucket_yes_markets,False,1.0,C,2026-04-17,high,,False
True,-3.205362,2,15°C|16°C,3.128310033063844,-3.128310033063844,Amsterdam,2,False,183.6816,180.55328996693615,183.6816,121.93388,118.80556996693616,121.93388,3.128310033063844,0,0.0,non_overlapping_yes_buckets,True,1.506403306447724,C,2026-04-18,high,,False
False,-3.692104,1,15°C,13.194203220000002,-3.020233214988002,Ankara,1,False,230.29578,217.10157678000002,0.0,230.29578,217.10157678000002,0.0,3.020233214988002,0,10.173970005012,overlapping_or_single_bucket_yes_markets,False,1.0,C,2026-04-18,high,,False
False,-12.990847,1,25°C or below,12.991077000404106,-12.991077000404106,Beijing,1,False,199.702566,186.71148899959587,199.702566,199.702566,186.71148899959587,199.702566,12.991077000404106,0,0.0,overlapping_or_single_bucket_yes_markets,False,1.0,C,2026-04-18,high,,False
False,162.518797,3,28°C|29°C|30°C or higher,65.21986550600616,164.27273049526528,Buenos Aires,3,False,265.51438,200.29451449399386,265.51438,241.85166,176.63179449399385,0.0,-164.27273049526528,0,229.49259600127144,non_overlapping_yes_buckets,True,1.097839808087321,C,2026-04-18,high,28°C,True
False,nan,1,22°C,15.99878,-15.99878,Busan,0,False,99.99237500000001,83.99359500000001,99.99237500000001,99.99237500000001,83.99359500000001,99.99237500000001,15.99878,1,0.0,overlapping_or_single_bucket_yes_markets,False,1.0,C,2026-04-18,high,,False
False,-3.984,1,28°C,4.300000000000001,-3.9840600100000008,Chengdu,1,False,300.0,295.7,0.0,300.0,295.7,0.0,3.9840600100000008,0,0.31593999,overlapping_or_single_bucket_yes_markets,False,1.0,C,2026-04-18,high,,False
False,42.424147,1,31°C,56.40403528015544,23.824554719844556,Chongqing,1,True,117.405458,61.001422719844555,36.935458,117.405458,61.001422719844555,36.935458,-23.824554719844556,0,80.22859,overlapping_or_single_bucket_yes_markets,False,1.0,C,2026-04-18,high,31°C,True
True,8.182477,2,16°C|17°C,34.84084000002292,9.110558997640872,London,1,False,286.28499999999997,251.44415999997705,1.1110010000000017,83.109888,48.269047999977076,0.0,-9.110558997640872,1,43.951398997663794,non_overlapping_yes_buckets,True,3.4446563085249253,C,2026-04-18,high,16°C,True
True,39.922547,2,28°C|29°C,18.398322,40.351278011906,Madrid,2,False,222.2258,203.82747799999999,0.005799999999993588,55.937,37.538678,0.0,-40.351278011906,0,58.749600011906,non_overlapping_yes_buckets,True,3.972787242790997,C,2026-04-18,high,28°C,True
True,-8.447716,2,26°C|27°C,8.42983328,-8.42983328,Milan,2,False,200.0,191.57016672,200.0,164.91664,156.48680672,164.91664,8.42983328,0,0.0,non_overlapping_yes_buckets,True,1.2127338999872905,C,2026-04-18,high,,False
False,-3.130626,2,21°C|23°C,23.364338779070238,-1.4026587779302382,Munich,2,False,372.9628,349.5984612209298,60.08280000000002,16.1409,-7.223438779070239,0.0,1.4026587779302382,0,21.96168000114,non_overlapping_yes_buckets,True,23.106691696249904,C,2026-04-18,high,,False
False,-61.7963,6,between 62-63°F|between 64-65°F|between 66-67°F|between 68-69°F|between 70-71°F|72°F or higher,104.73498289065826,-58.27448289721225,New York City,6,False,569.9739,465.2389171093417,415.07,99.94922,-4.785762890658262,99.94922,58.27448289721225,0,46.46049999344601,non_overlapping_yes_buckets,True,5.702634797950399,F,2026-04-18,high,,False
False,0.18785300000000002,1,23°C or higher,4.024283521814784,0.3930564760052153,Paris,1,False,54.44352,50.41923647818521,0.0,54.44352,50.41923647818521,0.0,-0.3930564760052153,0,4.417339997819999,overlapping_or_single_bucket_yes_markets,False,1.0,C,2026-04-18,high,,False
True,123.99611599999999,3,30°C|31°C|32°C,27.939368710343608,124.35513128965638,Sao Paulo,2,False,399.986453,372.04708428965637,399.986453,10.744,-17.195368710343608,0.0,-124.35513128965638,1,152.2945,non_overlapping_yes_buckets,True,37.22882101638123,C,2026-04-18,high,30°C,True
False,33.9,1,21°C or higher,66.0,33.900000000000006,Seoul,1,False,100.0,34.0,0.0,100.0,34.0,0.0,-33.900000000000006,0,99.9,overlapping_or_single_bucket_yes_markets,False,1.0,C,2026-04-18,high,21°C or higher,True
False,nan,1,24°C,12.999774999999941,-12.999774999999941,Taipei,0,False,99.99826900000001,86.99849400000006,99.99826900000001,99.99826900000001,86.99849400000006,99.99826900000001,12.999774999999941,1,0.0,overlapping_or_single_bucket_yes_markets,False,1.0,C,2026-04-18,high,,False
False,29.811058,3,18°C|19°C|21°C or higher,7.182821000000001,25.009278999618,Toronto,1,False,82.9821,75.799279,82.9821,45.25,38.067178999999996,0.0,-25.009278999618,2,32.192099999618,non_overlapping_yes_buckets,True,1.8338585635359117,C,2026-04-18,high,,False
False,-1.190529,2,27°C|30°C,1.498717206965832,-1.498717206965832,Wuhan,1,False,148.81625,147.31753279303416,148.81625,15.87566,14.376942793034168,15.87566,1.498717206965832,1,0.0,non_overlapping_yes_buckets,True,9.373862252026058,C,2026-04-18,high,,False
False,nan,1,11°C,2.8213360000000005,-2.8213360000000005,Ankara,0,False,56.42672,53.605384,56.42672,56.42672,53.605384,56.42672,2.8213360000000005,1,0.0,overlapping_or_single_bucket_yes_markets,False,1.0,C,2026-04-19,high,,False
False,-0.413026,1,24°C,0.3914024,-0.3914024,Beijing,1,False,78.28048,77.8890776,78.28048,78.28048,77.8890776,78.28048,0.3914024,0,0.0,overlapping_or_single_bucket_yes_markets,False,1.0,C,2026-04-19,high,,False
False,85.491934,3,26°C|27°C|28°C or higher,89.31241818705102,89.33259581338264,Buenos Aires,3,False,291.666237,202.353818812949,291.666237,174.433,85.12058181294897,0.0,-89.33259581338264,0,178.64501400043366,non_overlapping_yes_buckets,True,1.6720817563190453,C,2026-04-19,high,26°C,True
False,1.470081,2,26°C|27°C or higher,2.262181,1.5784190276199999,Busan,2,False,1154.8310000000001,1152.568819,0.0,69.05,66.787819,0.0,-1.5784190276199999,0,3.84060002762,non_overlapping_yes_buckets,True,16.72456191165822,C,2026-04-19,high,,False
False,-3.1669160000000005,2,30°C|31°C or higher,17.056275834045966,-17.056275834045966,Chongqing,1,False,286.9883,269.93202416595403,286.9883,91.43432,74.37804416595404,91.43432,17.056275834045966,1,0.0,non_overlapping_yes_buckets,True,3.138737183149609,C,2026-04-19,high,,False
False,-4.054962,2,between 74-75°F|between 78-79°F,6.844508560011603,-6.844508560011603,Dallas,1,False,274.62054,267.7760314399884,274.62054,49.997016,43.1525074399884,49.997016,6.844508560011603,1,0.0,non_overlapping_yes_buckets,True,5.492738606640044,F,2026-04-19,high,,False
False,-4.879969,1,16°C,5.8216391681481845,-4.704839168148185,Istanbul,1,False,54.16572,48.34408083185181,0.0,54.16572,48.34408083185181,0.0,4.704839168148185,0,1.1168,overlapping_or_single_bucket_yes_markets,False,1.0,C,2026-04-19,high,,False
False,nan,1,16°C,1.9448470000000002,-1.5572470000000003,London,0,False,43.775225000000006,41.830378,34.08522500000001,43.775225000000006,41.830378,34.08522500000001,1.5572470000000003,1,0.3876,overlapping_or_single_bucket_yes_markets,False,1.0,C,2026-04-19,high,,False
False,nan,1,29°C,4.93016,-4.93016,Madrid,0,False,49.3016,44.37144,49.3016,49.3016,44.37144,49.3016,4.93016,1,0.0,overlapping_or_single_bucket_yes_markets,False,1.0,C,2026-04-19,high,,False
False,27.017846,1,25°C,2.7936804771109345,27.16931952639306,Milan,1,False,140.98874,138.19505952288907,0.0,140.98874,138.19505952288907,0.0,-27.16931952639306,0,29.963000003503996,overlapping_or_single_bucket_yes_markets,False,1.0,C,2026-04-19,high,,False
True,78.01244,2,4°C|5°C,14.299594999148924,68.71290500385108,Moscow,1,False,100.0,85.70040500085108,88.376583,88.376583,74.07698800085107,0.0,-68.71290500385108,1,83.012500003,non_overlapping_yes_buckets,True,1.1315214574430876,C,2026-04-19,high,4°C,True
True,15.621079000000002,3,17°C|18°C|19°C,25.668460854934132,13.521099145065868,Munich,2,False,134.50458,108.83611914506588,134.50458,38.83842,13.169959145065867,0.0,-13.521099145065868,1,39.18956,non_overlapping_yes_buckets,True,3.4631836207549123,C,2026-04-19,high,17°C,True
True,38.697728000000005,2,18°C|19°C,34.93474499999998,31.924755003250027,Paris,1,False,139.2936,104.35885500000002,63.464423000000004,63.464423000000004,28.529678000000025,0.0,-31.924755003250027,1,66.85950000325,non_overlapping_yes_buckets,True,2.194829692219844,C,2026-04-19,high,18°C,True
True,-16.716575999999996,2,29°C|30°C,16.263118050442202,-16.263118050442202,Sao Paulo,2,False,136.84388,120.58076194955781,136.84388,77.1611,60.8979819495578,77.1611,16.263118050442202,0,0.0,non_overlapping_yes_buckets,True,1.7734827523194978,C,2026-04-19,high,,False
True,-31.505822000000002,5,19°C|20°C|21°C|22°C|23°C,50.8840505,-50.8840505,Seoul,3,False,280.34358,229.45952949999997,280.34358,43.31,-7.5740504999999985,43.31,50.8840505,2,0.0,non_overlapping_yes_buckets,True,6.472952666820595,C,2026-04-19,high,,False
False,2.616271,1,20°C,3.3842976,2.7871823991679996,Warsaw,1,False,42.30372,38.9194224,0.0,42.30372,38.9194224,0.0,-2.7871823991679996,0,6.171479999168,overlapping_or_single_bucket_yes_markets,False,1.0,C,2026-04-19,high,,False
False,nan,1,32°C,0.04088,-0.04088,Wuhan,0,False,20.439999999999998,20.399119999999996,20.439999999999998,20.439999999999998,20.399119999999996,20.439999999999998,0.04088,1,0.0,overlapping_or_single_bucket_yes_markets,False,1.0,C,2026-04-19,high,,False
False,51.242235,1,14°C,15.3759744,51.522223600322675,Ankara,1,False,71.71656,56.3405856,0.0,71.71656,56.3405856,0.0,-51.522223600322675,0,66.89819800032268,overlapping_or_single_bucket_yes_markets,False,1.0,C,2026-04-20,high,14°C,True
True,2.061359,3,24°C|25°C|26°C,15.001706920000002,2.277283079847999,Beijing,3,False,817.39644,802.39473308,515.36644,16.81536,1.8136530799999964,0.0,-2.277283079847999,0,17.278989999848,non_overlapping_yes_buckets,True,48.610106474080844,C,2026-04-20,high,24°C,True
False,180.952091,4,19°C|20°C|21°C|24°C,56.37672734887167,184.15771565279732,Buenos Aires,4,False,471.64308,415.26635265112833,294.75308,17.15,-39.22672734887167,0.0,-184.15771565279732,0,240.534443001669,non_overlapping_yes_buckets,True,27.50105422740525,C,2026-04-20,high,19°C,True
True,-2.341737,2,between 72-73°F|between 74-75°F,14.6598056947868,-4.3592056936927985,Dallas,1,False,94.772,80.11219430521321,94.772,36.98412,22.3243143052132,0.0,4.3592056936927985,1,10.300600001094,non_overlapping_yes_buckets,True,2.5625052049366057,F,2026-04-20,high,,False
False,nan,1,between 74-75°F,4.74498,-4.74498,Houston,0,False,52.722,47.97702,52.722,52.722,47.97702,52.722,4.74498,1,0.0,overlapping_or_single_bucket_yes_markets,False,1.0,F,2026-04-20,high,,False
False,42.997463,1,19°C or higher,56.99668499989502,-56.99668499989502,Istanbul,1,False,99.994183,42.99749800010499,99.994183,99.994183,42.99749800010499,99.994183,56.99668499989502,0,0.0,overlapping_or_single_bucket_yes_markets,False,1.0,C,2026-04-20,high,19°C or higher,True
False,nan,1,14°C,10.081148,-10.081148,London,0,False,45.8234,35.742252,45.8234,45.8234,35.742252,45.8234,10.081148,1,0.0,overlapping_or_single_bucket_yes_markets,False,1.0,C,2026-04-20,high,,False
False,-8.59717,1,3°C,8.503899804515807,-8.503899804515807,Moscow,1,False,163.64632,155.1424201954842,163.64632,163.64632,155.1424201954842,163.64632,8.503899804515807,0,0.0,overlapping_or_single_bucket_yes_markets,False,1.0,C,2026-04-20,high,,False
False,-5.075031000000001,2,15°C|16°C or higher,11.686940681762646,-11.686940681762646,Munich,1,False,174.74646,163.05951931823736,174.74646,52.70058,41.01363931823735,52.70058,11.686940681762646,1,0.0,non_overlapping_yes_buckets,True,3.31583561319439,C,2026-04-20,high,,False
False,-8.931089,1,16°C,18.3854879349729,-8.4598879352689,Paris,1,False,36.1335,17.748012065027098,0.0,36.1335,17.748012065027098,0.0,8.4598879352689,0,9.925599999704,overlapping_or_single_bucket_yes_markets,False,1.0,C,2026-04-20,high,,False
False,nan,1,between 60-61°F,1.517833,-1.517833,San Francisco,0,False,60.71332,59.195487,60.71332,60.71332,59.195487,60.71332,1.517833,1,0.0,overlapping_or_single_bucket_yes_markets,False,1.0,F,2026-04-20,high,,False
False,-16.467303,2,25°C|28°C,16.241907652129882,-16.241907652129882,Sao Paulo,1,False,144.13054,127.88863234787011,144.13054,13.56,-2.6819076521298815,13.56,16.241907652129882,1,0.0,non_overlapping_yes_buckets,True,10.62909587020649,C,2026-04-20,high,,False
True,-20.914892,2,12°C|13°C,20.681928637903194,-20.681928637903194,Seoul,2,False,245.07686,224.39493136209683,245.07686,214.0,193.31807136209682,214.0,20.681928637903194,0,0.0,non_overlapping_yes_buckets,True,1.145218971962617,C,2026-04-20,high,,False
False,-6.400192,1,22°C,6.0915904,-6.0915904,Tel Aviv,1,False,76.14488,70.0532896,76.14488,76.14488,70.0532896,76.14488,6.0915904,0,0.0,overlapping_or_single_bucket_yes_markets,False,1.0,C,2026-04-20,high,,False
False,29.577457,1,22°C,20.141550000000002,30.230749999944003,Tokyo,1,False,51.645,31.50345,0.0,51.645,31.50345,0.0,-30.230749999944003,0,50.372299999944005,overlapping_or_single_bucket_yes_markets,False,1.0,C,2026-04-20,high,22°C,True
False,-1.7594,2,14°C|15°C or higher,4.2392900000000004,-1.6001900000000004,Warsaw,1,False,83.5858,79.34651000000001,30.0,30.0,25.76071,0.0,1.6001900000000004,1,2.6391,non_overlapping_yes_buckets,True,2.7861933333333337,C,2026-04-20,high,,False
True,-8.198078,2,18°C|19°C,21.6538342,-8.000734195335998,Ankara,2,False,477.4711,455.8172658,267.9411,205.48742,183.83358579999998,205.48742,8.000734195335998,0,13.653100004664001,non_overlapping_yes_buckets,True,2.32360258355475,C,2026-04-21,high,,False
False,nan,1,between 82-83°F,2.4999610000000003,-2.4999610000000003,Atlanta,0,False,99.99844,97.498479,99.99844,99.99844,97.498479,99.99844,2.4999610000000003,1,0.0,overlapping_or_single_bucket_yes_markets,False,1.0,F,2026-04-21,high,,False
False,40.862115,5,19°C|20°C|21°C|22°C|23°C or higher,51.16681570822555,29.15635428980945,Buenos Aires,4,False,573.637165,522.4703492917745,573.637165,33.76558,-17.40123570822555,0.0,-29.15635428980945,1,80.323169998035,non_overlapping_yes_buckets,True,16.988814200733408,C,2026-04-21,high,23°C or higher,True
False,-3.107721,2,23°C|25°C or higher,6.606892000306903,-6.606892000306903,Busan,1,False,194.23262499999998,187.62573299969307,194.23262499999998,49.988142,43.3812499996931,49.988142,6.606892000306903,1,0.0,non_overlapping_yes_buckets,True,3.885574002730487,C,2026-04-21,high,,False
False,20.456393,3,21°C|22°C|23°C or higher,26.768283224176784,21.664612775801352,Chengdu,3,False,443.59444,416.8261567758232,443.59444,54.78688,28.018596775823212,0.0,-21.664612775801352,0,48.432895999978136,non_overlapping_yes_buckets,True,8.096727537687856,C,2026-04-21,high,21°C,True
False,0.014979,1,14°C,3.3027498,0.18425020223999988,Helsinki,1,False,47.18214,43.879390199999996,0.0,47.18214,43.879390199999996,0.0,-0.18425020223999988,0,3.48700000224,overlapping_or_single_bucket_yes_markets,False,1.0,C,2026-04-21,high,,False
False,-3.5,1,between 66-67°F,3.5,-3.5,Houston,1,False,500.0,496.5,500.0,500.0,496.5,500.0,3.5,0,0.0,overlapping_or_single_bucket_yes_markets,False,1.0,F,2026-04-21,high,,False
True,-0.540435,2,11°C|12°C,3.49137726,-3.49137726,London,1,False,512.0219,508.53052274,512.0219,94.84048,91.34910274,94.84048,3.49137726,1,0.0,non_overlapping_yes_buckets,True,5.39876959711718,C,2026-04-21,high,,False
True,-35.737368000000004,3,27°C|28°C|29°C,61.641461859131745,-59.15126186530475,Madrid,2,False,493.04,431.39853814086825,89.46758,89.46758,27.826118140868253,0.0,59.15126186530475,1,2.490199993827,non_overlapping_yes_buckets,True,5.510823026620369,C,2026-04-21,high,,False
True,-9.19055,2,6°C|7°C,12.60365,-9.19065,Moscow,2,False,257.01,244.40635,157.01,122.99,110.38635,100.00999999999999,9.19065,0,3.4130000000000003,non_overlapping_yes_buckets,True,2.0896820879746323,C,2026-04-21,high,,False
True,-3.9920480000000005,3,7°C|8°C|9°C,12.525758423320616,-12.525758423320616,Munich,2,False,185.0,172.4742415766794,185.0,69.01373,56.48797157667938,69.01373,12.525758423320616,1,0.0,non_overlapping_yes_buckets,True,2.6806260145626095,C,2026-04-21,high,,False
False,nan,1,30°C,0.09461256,-0.09461256,Panama City,0,False,31.53752,31.44290744,31.53752,31.53752,31.44290744,31.53752,0.09461256,1,0.0,overlapping_or_single_bucket_yes_markets,False,1.0,C,2026-04-21,high,,False
False,6.975502,1,15°C,14.03315099912,7.500949002155,Paris,1,False,46.50866,32.475509000879995,0.0,46.50866,32.475509000879995,0.0,-7.500949002155,0,21.534100001275,overlapping_or_single_bucket_yes_markets,False,1.0,C,2026-04-21,high,15°C,True
False,nan,1,25°C,17.772052944416235,-17.772052944416235,Sao Paulo,0,False,61.72748,43.95542705558377,61.72748,61.72748,43.95542705558377,61.72748,17.772052944416235,1,0.0,overlapping_or_single_bucket_yes_markets,False,1.0,C,2026-04-21,high,,False
False,-4.1,1,between 62-63°F,4.1000000000000005,-4.1000000000000005,Seattle,1,False,100.0,95.9,100.0,100.0,95.9,100.0,4.1000000000000005,0,0.0,overlapping_or_single_bucket_yes_markets,False,1.0,F,2026-04-21,high,,False
False,-6.972558,5,11°C|12°C|13°C|14°C|17°C,26.649225717204477,-13.979745717452477,Seoul,4,False,317.841896,291.1926702827955,299.986583,44.884,18.234774282795524,0.0,13.979745717452477,1,12.669479999752,non_overlapping_yes_buckets,True,7.081407539434989,C,2026-04-21,high,14°C,True
False,nan,1,17°C,5.261202,-5.261202,Shanghai,0,False,58.4578,53.196598,58.4578,58.4578,53.196598,58.4578,5.261202,1,0.0,overlapping_or_single_bucket_yes_markets,False,1.0,C,2026-04-21,high,,False
True,nan,2,23°C|24°C,6.175163200000001,-6.175163200000001,Tel Aviv,0,False,49.0,42.8248368,49.0,41.08688,34.9117168,41.08688,6.175163200000001,2,0.0,non_overlapping_yes_buckets,True,1.1925948137215578,C,2026-04-21,high,,False
False,-6.67082,2,13°C|16°C,6.731966300021143,-6.731966300021143,Warsaw,1,False,81.80276,75.07079369997886,81.80276,33.035071,26.30310469997886,33.035071,6.731966300021143,1,0.0,non_overlapping_yes_buckets,True,2.4762398724676573,C,2026-04-21,high,,False
False,nan,1,18°C or higher,4.9522200000000005,-4.9522200000000005,Wuhan,0,False,70.746,65.79378,70.746,70.746,65.79378,70.746,4.9522200000000005,1,0.0,overlapping_or_single_bucket_yes_markets,False,1.0,C,2026-04-21,high,,False
False,-5.53259,3,22°C|23°C|24°C or higher,17.76263791184085,-4.870497920898853,Buenos Aires,3,False,399.9808,382.21816208815915,399.9808,187.6426,169.87996208815915,0.0,4.870497920898853,0,12.892139990941999,non_overlapping_yes_buckets,True,2.131609773047272,C,2026-04-22,high,,False
True,86.722649,4,19°C|20°C|21°C|22°C,25.157788119886508,86.7482118801135,Busan,4,False,200.0,174.8422118801135,200.0,100.0,74.8422118801135,0.0,-86.7482118801135,0,111.906,non_overlapping_yes_buckets,True,2.0,C,2026-04-22,high,20°C,True
False,nan,1,21°C,2.0500000000000003,-2.0500000000000003,Chengdu,0,False,50.0,47.95,50.0,50.0,47.95,50.0,2.0500000000000003,1,0.0,overlapping_or_single_bucket_yes_markets,False,1.0,C,2026-04-22,high,,False
False,-1.416492,1,30°C,19.25093274012,-0.8133327401199999,Hong Kong,1,False,47.04598,27.79504725988,0.0,47.04598,27.79504725988,0.0,0.8133327401199999,0,18.4376,overlapping_or_single_bucket_yes_markets,False,1.0,C,2026-04-22,high,,False
False,nan,1,14°C,4.0,-4.0,Moscow,0,False,50.0,46.0,50.0,50.0,46.0,50.0,4.0,1,0.0,overlapping_or_single_bucket_yes_markets,False,1.0,C,2026-04-22,high,,False
False,nan,1,15°C,7.5,-7.5,Munich,0,False,50.0,42.5,50.0,50.0,42.5,50.0,7.5,1,0.0,overlapping_or_single_bucket_yes_markets,False,1.0,C,2026-04-22,high,,False
False,nan,1,18°C,8.26963000041998,-8.26963000041998,Paris,0,False,37.589227,29.31959699958002,37.589227,37.589227,29.31959699958002,37.589227,8.26963000041998,1,0.0,overlapping_or_single_bucket_yes_markets,False,1.0,C,2026-04-22,high,,False
False,-18.680099,6,14°C|15°C|16°C|17°C|18°C|19°C or higher,156.1089270827083,-14.749737075583312,Seoul,6,False,594.67068,438.56175291729164,152.542314,97.1703,-58.93862708270831,0.0,14.749737075583312,0,141.359190007125,non_overlapping_yes_buckets,True,6.119881074772847,C,2026-04-22,high,18°C,True
False,23.695589999999996,4,29°C|30°C|31°C|32°C or higher,158.78553819764667,27.42366180190632,Shenzhen,4,False,774.377172,615.5916338023533,623.747172,189.653122,30.867583802353323,0.0,-27.42366180190632,0,186.209199999553,non_overlapping_yes_buckets,True,4.083123777946561,C,2026-04-22,high,31°C,True
False,nan,1,34°C,3.0534079992128547,-3.0534079992128547,Taipei,0,False,54.525142,51.47173400078715,54.525142,54.525142,51.47173400078715,54.525142,3.0534079992128547,1,0.0,overlapping_or_single_bucket_yes_markets,False,1.0,C,2026-04-22,high,,False
False,-4.954989,1,20°C,4.71209,-4.71209,Tokyo,1,False,110.47,105.75791,110.47,110.47,105.75791,110.47,4.71209,0,0.0,overlapping_or_single_bucket_yes_markets,False,1.0,C,2026-04-22,high,,False
True,0.2225299999999999,3,5°C|6°C|7°C,21.966584778732745,-7.480034776379746,Ankara,2,False,429.646,407.6794152212673,429.646,54.4608,32.494215221267254,54.4608,7.480034776379746,1,14.486550002352999,non_overlapping_yes_buckets,True,7.889087196662554,C,2026-04-23,high,,False
True,-6.849883999999999,2,23°C|24°C,13.48734762817234,-13.48734762817234,Beijing,1,False,625.65124,612.1638923718277,625.65124,49.952982,36.46563437182766,49.952982,13.48734762817234,1,0.0,non_overlapping_yes_buckets,True,12.524802623394937,C,2026-04-23,high,,False
False,213.20071099999998,3,24°C|25°C|26°C or higher,99.10222300369418,215.30779599811154,Buenos Aires,3,False,1048.860751,949.7585279963057,811.1807509999999,161.609884,62.507660996305816,0.0,-215.30779599811154,0,314.4100190018057,non_overlapping_yes_buckets,True,6.490077989289318,C,2026-04-23,high,25°C,True
False,5.016741000000002,6,18°C|19°C|20°C|21°C|22°C|23°C or higher,39.043291371378054,23.538506631762502,Busan,5,False,464.48474999999996,425.4414586286219,464.48474999999996,35.7984,-3.2448913713780527,0.0,-23.538506631762502,1,62.581798003140555,non_overlapping_yes_buckets,True,12.975014246446767,C,2026-04-23,high,18°C,True
False,nan,1,27°C,4.0014,-4.0014,Hong Kong,0,False,10.26,6.2585999999999995,10.26,10.26,6.2585999999999995,10.26,4.0014,1,0.0,overlapping_or_single_bucket_yes_markets,False,1.0,C,2026-04-23,high,,False
False,-0.125655,1,31°C,0.2773850000433889,-0.12573500092538892,Lagos,1,False,21.337307,21.05992199995661,0.007307000000000841,21.337307,21.05992199995661,0.007307000000000841,0.12573500092538892,0,0.15164999911799998,overlapping_or_single_bucket_yes_markets,False,1.0,C,2026-04-23,high,,False
False,0.864127,1,16°C,7.5992249991698015,0.8634050012571981,London,1,False,49.994901,42.3956760008302,0.0049009999999967135,49.994901,42.3956760008302,0.0049009999999967135,-0.8634050012571981,0,8.462630000427,overlapping_or_single_bucket_yes_markets,False,1.0,C,2026-04-23,high,,False
True,-6.635826,2,5°C|6°C,21.5731496,-21.5731496,Moscow,1,False,149.76715,128.1940004,149.76715,50.43752,28.8643704,50.43752,21.5731496,1,0.0,non_overlapping_yes_buckets,True,2.9693599130171346,C,2026-04-23,high,,False
False,-10.915495,1,19°C,10.915526999999999,-10.915526999999999,Munich,1,False,78.462725,67.54719800000001,78.462725,78.462725,67.54719800000001,78.462725,10.915526999999999,0,0.0,overlapping_or_single_bucket_yes_markets,False,1.0,C,2026-04-23,high,,False
True,-1.901239,2,28°C|29°C,15.391689069243169,-1.1719890701921685,Sao Paulo,2,False,133.31562,117.92393093075682,0.0,50.14248,34.75079093075683,0.0,1.1719890701921685,0,14.219699999051,non_overlapping_yes_buckets,True,2.658736065707161,C,2026-04-23,high,,False
False,-0.9501,1,15°C,0.9002000000000001,-0.9002000000000001,Seoul,1,False,450.1,449.19980000000004,450.1,450.1,449.19980000000004,450.1,0.9002000000000001,0,0.0,overlapping_or_single_bucket_yes_markets,False,1.0,C,2026-04-23,high,,False
True,-6.623005,2,18°C|19°C,6.2817726799999996,-6.2817726799999996,Wuhan,2,False,205.62944,199.34766732,205.62944,117.195,110.91322731999999,117.195,6.2817726799999996,0,0.0,non_overlapping_yes_buckets,True,1.754592260761978,C,2026-04-23,high,,False
False,97.96554,1,14°C,12.661299999999999,98.0802,Ankara,1,False,115.69,103.0287,0.0,115.69,103.0287,0.0,-98.0802,0,110.7415,overlapping_or_single_bucket_yes_markets,False,1.0,C,2026-04-24,high,14°C,True
False,-3.276678999999999,2,25°C|26°C or higher,67.75752621905279,-0.363196206404794,Buenos Aires,2,False,352.663659,284.9061327809472,0.0,267.31146,199.5539337809472,0.0,0.363196206404794,0,67.394330012648,non_overlapping_yes_buckets,True,1.319298690000047,C,2026-04-24,high,,False
False,25.477786000000002,2,18°C|19°C or higher,26.9404648950355,26.564535104964495,Istanbul,2,False,173.74720000000002,146.80673510496453,173.74720000000002,57.405,30.4645351049645,0.0,-26.564535104964495,0,53.504999999999995,non_overlapping_yes_buckets,True,3.026691054786169,C,2026-04-24,high,18°C,True
True,-4.867851,2,19°C|20°C,16.72836548441674,-4.281895487086743,London,2,False,242.75266,226.02429451558325,0.0,56.1502,39.42183451558326,0.0,4.281895487086743,0,12.446469997329999,non_overlapping_yes_buckets,True,4.323273291991836,C,2026-04-24,high,,False
False,-1.575684,1,66°F or higher,13.944802323900696,-1.0090823260006943,New York City,1,False,56.40802,42.463217676099305,0.0,56.40802,42.463217676099305,0.0,1.0090823260006943,0,12.935719997900001,overlapping_or_single_bucket_yes_markets,False,1.0,F,2026-04-24,high,,False
False,nan,1,30°C,0.70257,-0.70257,Sao Paulo,0,False,21.29,20.587429999999998,21.29,21.29,20.587429999999998,21.29,0.70257,1,0.0,overlapping_or_single_bucket_yes_markets,False,1.0,C,2026-04-24,high,,False
False,89.999995,1,21°C or higher,110.00000000000001,-110.00000000000001,Seoul,1,False,200.0,89.99999999999999,200.0,200.0,89.99999999999999,200.0,110.00000000000001,0,0.0,overlapping_or_single_bucket_yes_markets,False,1.0,C,2026-04-24,high,21°C or higher,True
False,-19.1,2,26°C|29°C,21.3745,-21.3745,Beijing,1,False,182.0,160.6255,182.0,45.35,23.9755,45.35,21.3745,1,0.0,non_overlapping_yes_buckets,True,4.013230429988974,C,2026-04-25,high,,False
False,-14.852116,3,25°C|26°C|27°C or higher,33.71548900440636,-13.477849006446359,Buenos Aires,3,False,176.79902,143.08353099559366,83.71902000000001,24.769199999999998,-8.94628900440636,0.0,13.477849006446359,0,20.23763999796,non_overlapping_yes_buckets,True,7.137857500444101,C,2026-04-25,high,,False
False,0.0,1,24°C,2.459894999999981,-0.0006949999999807943,Hong Kong,1,False,30.748687,28.28879200000002,0.008687000000001888,30.748687,28.28879200000002,0.008687000000001888,0.0006949999999807943,0,2.4592,overlapping_or_single_bucket_yes_markets,False,1.0,C,2026-04-25,high,,False
False,5.88,1,20°C,9.5370756,6.0645244,Hong Kong,1,False,15.38238,5.8453044,0.0,15.38238,5.8453044,0.0,-6.0645244,0,15.6016,overlapping_or_single_bucket_yes_markets,False,1.0,C,2026-04-25,low,20°C,True
False,-24.981976,3,20°C|21°C|22°C or higher,49.333134790801324,-25.097134782603327,Istanbul,2,False,208.9785,159.64536520919867,208.9785,141.96213,92.62899520919868,0.0,25.097134782603327,1,24.236000008197998,non_overlapping_yes_buckets,True,1.4720721645976993,C,2026-04-25,high,,False
False,-4.244847,1,22°C,4.03245138596846,-4.03245138596846,London,1,False,86.56676,82.53430861403154,86.56676,86.56676,82.53430861403154,86.56676,4.03245138596846,0,0.0,overlapping_or_single_bucket_yes_markets,False,1.0,C,2026-04-25,high,,False
False,33.138529,1,20°C,39.709762399999995,33.31463759678001,Seoul,1,False,100.86784,61.158077600000006,0.0,100.86784,61.158077600000006,0.0,-33.31463759678001,0,73.02439999678,overlapping_or_single_bucket_yes_markets,False,1.0,C,2026-04-25,high,20°C,True
False,-0.806431,1,8°C or below,15.673684312203001,-0.20928431494100153,Seoul,1,False,53.887,38.213315687797,0.0,53.887,38.213315687797,0.0,0.20928431494100153,0,15.464399997262,overlapping_or_single_bucket_yes_markets,False,1.0,C,2026-04-25,low,,False
True,3.939999,2,27°C|28°C,4.420041200061164,-4.420041200061164,Shenzhen,1,False,62.07912,57.65907879993884,62.07912,4.635293,0.21525179993883548,4.635293,4.420041200061164,1,0.0,non_overlapping_yes_buckets,True,13.392706782505444,C,2026-04-25,high,27°C,True
True,-20.498269,2,16°C|17°C,24.210707503925747,-19.4857085033154,Tokyo,2,False,468.563339,444.35263149607425,468.563339,122.97460000000001,98.76389249607426,109.077543,19.4857085033154,0,4.724999000610344,non_overlapping_yes_buckets,True,3.8102448717052133,C,2026-04-25,high,,False
False,15.045401000000002,1,16°C,11.963582711948032,15.409217288051966,Wellington,1,False,28.26058,16.29699728805197,0.0,28.26058,16.29699728805197,0.0,-15.409217288051966,0,27.372799999999998,overlapping_or_single_bucket_yes_markets,False,1.0,C,2026-04-25,high,16°C,True
False,-5.117095,1,26°C,4.861895230046,-4.861895230046,Hong Kong,1,False,97.73725999999999,92.87536476995399,97.73725999999999,97.73725999999999,92.87536476995399,97.73725999999999,4.861895230046,0,0.0,overlapping_or_single_bucket_yes_markets,False,1.0,C,2026-04-26,high,,False
False,-0.766359,1,21°C,1.09433499927835,-0.7666349992783499,Hong Kong,1,False,32.777833,31.683498000721652,0.00783299999999798,32.777833,31.683498000721652,0.00783299999999798,0.7666349992783499,0,0.32770000000000005,overlapping_or_single_bucket_yes_markets,False,1.0,C,2026-04-26,low,,False
False,-1.447358,1,17°C,7.602153124999999,-1.0741531278829992,London,1,False,72.835,65.23284687499999,0.0,72.835,65.23284687499999,0.0,1.0741531278829992,0,6.527999997117,overlapping_or_single_bucket_yes_markets,False,1.0,C,2026-04-26,high,17°C,True
False,nan,1,32°C,2.6,-1.1,Sao Paulo,0,False,110.0,107.4,60.0,110.0,107.4,60.0,1.1,1,1.5,overlapping_or_single_bucket_yes_markets,False,1.0,C,2026-04-26,high,,False
False,141.360075,1,8°C or below,16.0624308431126,-16.0624308431126,Seoul,1,False,144.854,128.79156915688742,144.854,144.854,128.79156915688742,144.854,16.0624308431126,0,0.0,overlapping_or_single_bucket_yes_markets,False,1.0,C,2026-04-26,low,8°C or below,True
False,-6.933842,3,30°C|31°C|32°C or higher,138.5883639477134,-2.251263931408374,Shenzhen,3,False,440.657679,302.0693150522866,0.0,271.68883999999997,133.10047605228658,0.0,2.251263931408374,0,136.33710001630502,non_overlapping_yes_buckets,True,1.621920425586859,C,2026-04-26,high,,False
False,-3.599931,1,31°C,3.5999319980366105,-3.5999319980366105,Taipei,1,False,199.996222,196.39629000196337,199.996222,199.996222,196.39629000196337,199.996222,3.5999319980366105,0,0.0,overlapping_or_single_bucket_yes_markets,False,1.0,C,2026-04-26,high,,False
False,0.0,1,28°C,0.28332799999999997,-0.28332799999999997,Tel Aviv,1,False,0.8854,0.6020719999999999,0.8854,0.8854,0.6020719999999999,0.8854,0.28332799999999997,0,0.0,overlapping_or_single_bucket_yes_markets,False,1.0,C,2026-04-26,high,,False
False,nan,1,19°C,11.9046796,-11.9046796,Tokyo,0,False,54.11218,42.2075004,54.11218,54.11218,42.2075004,54.11218,11.9046796,1,0.0,overlapping_or_single_bucket_yes_markets,False,1.0,C,2026-04-26,high,,False
True,-0.317031,2,9°C|10°C,66.20344728,-13.711247280000002,Warsaw,1,False,548.3038,482.10035272000005,260.3638,47.05,-19.15344728000001,38.41,13.711247280000002,1,52.492200000000004,non_overlapping_yes_buckets,True,11.653640807651437,C,2026-04-26,high,,False
False,-21.271936,1,18°C,43.99847599999959,-21.27257599181759,Ankara,1,False,199.993072,155.99459600000043,0.0030720000000030723,199.993072,155.99459600000043,0.0030720000000030723,21.27257599181759,0,22.725900008182002,overlapping_or_single_bucket_yes_markets,False,1.0,C,2026-04-27,high,,False
False,248.782904,4,24°C|25°C|26°C|27°C or higher,13.448915485284816,246.04648551640537,Beijing,2,False,328.67602,315.22710451471517,328.67602,90.86,77.41108451471518,0.0,-246.04648551640537,2,259.4954010016902,non_overlapping_yes_buckets,True,3.61738961038961,C,2026-04-27,high,25°C,True
False,nan,2,27°C|28°C or higher,10.199597002439244,-10.199597002439244,Busan,0,False,200.0,189.80040299756075,200.0,199.978787,189.77918999756076,199.978787,10.199597002439244,2,0.0,non_overlapping_yes_buckets,True,1.0001060762509775,C,2026-04-27,high,,False
True,nan,2,19°C|20°C,42.30460380074638,-42.30460380074638,London,0,False,139.97949699999998,97.6748931992536,139.97949699999998,79.13782,36.83321619925363,79.13782,42.30460380074638,2,0.0,non_overlapping_yes_buckets,True,1.7688065832493234,C,2026-04-27,high,,False
False,0.981166,1,26°C or higher,54.456889001384916,0.9790110002300807,Milan,1,False,89.273588,34.81669899861509,0.003588000000007696,89.273588,34.81669899861509,0.003588000000007696,-0.9790110002300807,0,55.435900001614996,overlapping_or_single_bucket_yes_markets,False,1.0,C,2026-04-27,high,26°C or higher,True
False,40.385473999999995,1,2°C,8.987756637526239,40.78250336247376,Moscow,1,False,47.7602,38.77244336247376,0.0,47.7602,38.77244336247376,0.0,-40.78250336247376,0,49.77026,overlapping_or_single_bucket_yes_markets,False,1.0,C,2026-04-27,high,2°C,True
False,30.088799999999996,1,19°C,9.77816,30.51934,Munich,1,False,51.464,41.68584,0.0,51.464,41.68584,0.0,-30.51934,0,40.2975,overlapping_or_single_bucket_yes_markets,False,1.0,C,2026-04-27,high,,False
True,nan,2,30°C|31°C,14.193941763959636,-14.193941763959636,Sao Paulo,0,False,112.71506,98.52111823604037,112.71506,68.20870000000001,54.01475823604037,68.20870000000001,14.193941763959636,2,0.0,non_overlapping_yes_buckets,True,1.6525026866074266,C,2026-04-27,high,,False
False,8.451236,1,11°C,19.111804730232897,8.797495269767104,Seoul,1,False,29.47582,10.364015269767101,0.0,29.47582,10.364015269767101,0.0,-8.797495269767104,0,27.9093,overlapping_or_single_bucket_yes_markets,False,1.0,C,2026-04-27,low,11°C,True
True,40.394174,2,29°C|30°C,51.04279199084979,42.35327800709621,Shenzhen,2,False,111.00454,59.96174800915021,0.0,92.45686,41.41406800915021,0.0,-42.35327800709621,0,93.396069997946,non_overlapping_yes_buckets,True,1.2006090191685073,C,2026-04-27,high,29°C,True
True,-0.559376,2,32°C|33°C,27.85536493029595,-0.3571649315759515,Taipei,2,False,100.0,72.14463506970405,0.010000000000005116,97.2395,69.38413506970406,0.0,0.3571649315759515,0,27.498199998719997,non_overlapping_yes_buckets,True,1.0283886692136426,C,2026-04-27,high,32°C,True
False,-11.280356,1,21°C or higher,27.071182956073883,-9.24371295817388,Tokyo,1,False,263.96652,236.89533704392613,0.0,263.96652,236.89533704392613,0.0,9.24371295817388,0,17.827469997900003,overlapping_or_single_bucket_yes_markets,False,1.0,C,2026-04-27,high,,False
False,nan,1,22°C,0.9706059732517699,-0.9706059732517699,Beijing,0,False,110.97872,110.00811402674823,110.97872,110.97872,110.00811402674823,110.97872,0.9706059732517699,1,0.0,overlapping_or_single_bucket_yes_markets,False,1.0,C,2026-04-28,high,,False
False,10.03857,2,19°C|21°C or higher,134.9468502093349,-13.3903802113349,Buenos Aires,1,False,402.307656,267.3608057906651,52.79765600000002,200.0,65.05314979066509,0.0,13.3903802113349,1,121.55646999800001,non_overlapping_yes_buckets,True,2.01153828,C,2026-04-28,high,,False
True,nan,2,25°C|26°C,21.447294327333783,-21.447294327333783,Busan,0,False,209.566412,188.11911767266622,209.566412,177.65928,156.2119856726662,177.65928,21.447294327333783,2,0.0,non_overlapping_yes_buckets,True,1.1795973280990446,C,2026-04-28,high,,False
False,nan,1,15°C,20.98956052546223,-20.98956052546223,Istanbul,0,False,140.52642,119.53685947453778,140.52642,140.52642,119.53685947453778,140.52642,20.98956052546223,1,0.0,overlapping_or_single_bucket_yes_markets,False,1.0,C,2026-04-28,high,,False
False,nan,1,43°C,6.711370321486401,-6.711370321486401,Lucknow,0,False,56.536,49.8246296785136,56.536,56.536,49.8246296785136,56.536,6.711370321486401,1,0.0,overlapping_or_single_bucket_yes_markets,False,1.0,C,2026-04-28,high,,False
True,nan,2,18°C|19°C,8.3155861,-8.3155861,Munich,0,False,431.92512,423.6095339,431.92512,45.65,37.3344139,45.65,8.3155861,2,0.0,non_overlapping_yes_buckets,True,9.461667469879519,C,2026-04-28,high,,False
True,137.056156,3,19°C|20°C|21°C,37.39538888056815,134.64041111943186,Paris,1,False,348.49332,311.09793111943185,348.49332,205.54796,168.15257111943185,0.0,-134.64041111943186,2,172.03580000000002,non_overlapping_yes_buckets,True,1.6954355567430588,C,2026-04-28,high,20°C,True
True,56.622906,3,27°C|28°C|29°C,47.115283250277955,23.363716749722045,Sao Paulo,1,False,140.52,93.40471674972206,140.52,74.95726,27.84197674972205,0.0,-23.363716749722045,2,70.479,non_overlapping_yes_buckets,True,1.8746683109814846,C,2026-04-28,high,27°C,True
True,78.21041699999999,3,13°C|14°C|15°C,62.89781093258459,75.23145706330114,Seoul,2,False,229.99498,167.0971690674154,225.57312,190.91234,128.01452906741542,0.0,-75.23145706330114,1,138.12926799588573,non_overlapping_yes_buckets,True,1.2047151064200459,C,2026-04-28,high,15°C,True
False,0.599979,3,8°C|9°C|11°C,29.963725179104518,-2.024425178804517,Seoul,1,False,118.451,88.48727482089548,109.21022,51.25808,21.29435482089548,0.0,2.024425178804517,2,27.9393000003,non_overlapping_yes_buckets,True,2.3108746952675556,C,2026-04-28,low,,False
False,nan,1,28°C,5.179482785721324,-5.179482785721324,Shenzhen,0,False,23.96202,18.782537214278676,23.96202,23.96202,18.782537214278676,23.96202,5.179482785721324,1,0.0,overlapping_or_single_bucket_yes_markets,False,1.0,C,2026-04-28,high,,False
False,nan,1,24°C,2.251237430474496,-2.251237430474496,Tokyo,0,False,41.70266,39.451422569525505,41.70266,41.70266,39.451422569525505,41.70266,2.251237430474496,1,0.0,overlapping_or_single_bucket_yes_markets,False,1.0,C,2026-04-28,high,,False
True,7.812191,2,23°C|24°C,57.196792741623995,2.696207253820006,Buenos Aires,1,False,210.88,153.683207258376,109.28999999999999,147.25196,90.055167258376,0.0,-2.696207253820006,1,59.892999995444,non_overlapping_yes_buckets,True,1.4321031787963976,C,2026-04-29,high,23°C,True
False,70.9929,1,27°C,17.998857999878027,70.99224200012198,Hong Kong,1,False,99.993655,81.99479700012198,0.0036550000000090677,99.993655,81.99479700012198,0.0036550000000090677,-70.99224200012198,0,88.9911,overlapping_or_single_bucket_yes_markets,False,1.0,C,2026-04-29,high,,False
False,nan,1,15°C,1.3,-1.3,London,0,False,100.0,98.7,100.0,100.0,98.7,100.0,1.3,1,0.0,overlapping_or_single_bucket_yes_markets,False,1.0,C,2026-04-29,high,,False
False,nan,1,22°C,0.7343999999999999,-0.7343999999999999,Paris,0,False,12.24,11.505600000000001,12.24,12.24,11.505600000000001,12.24,0.7343999999999999,1,0.0,overlapping_or_single_bucket_yes_markets,False,1.0,C,2026-04-29,high,,False
False,57.0,2,18°C|19°C or higher,54.9003999986,-49.6511999972,Seoul,1,False,152.64,97.73960000139999,95.0,95.0,40.0996000014,94.63999999999999,49.6511999972,1,5.2492000014,non_overlapping_yes_buckets,True,1.606736842105263,C,2026-04-29,high,18°C,True
False,nan,1,29°C,0.30968,-0.30968,Beijing,0,False,77.42,77.11032,77.42,77.42,77.11032,77.42,0.30968,1,0.0,overlapping_or_single_bucket_yes_markets,False,1.0,C,2026-04-30,high,,False
False,111.707745,3,22°C|24°C|25°C,58.996265998519874,106.67449400613012,Buenos Aires,2,False,296.78000000000003,237.78373400148016,191.391711,41.83,-17.166265998519876,0.0,-106.67449400613012,1,165.67076000465,non_overlapping_yes_buckets,True,7.09490796079369,C,2026-04-30,high,24°C,True
True,nan,2,20°C|21°C,13.2,-13.2,Busan,0,False,200.0,186.8,200.0,100.0,86.8,100.0,13.2,2,0.0,non_overlapping_yes_buckets,True,2.0,C,2026-04-30,high,,False
True,-22.062388,2,20°C|21°C,58.564749994799996,-22.062369995062994,London,2,False,172.0,113.4352500052,0.0,133.25,74.6852500052,0.0,22.062369995062994,0,36.502379999737,non_overlapping_yes_buckets,True,1.2908067542213884,C,2026-04-30,high,,False
False,64.976103,2,21°C|23°C,16.85651,63.627888999888,Madrid,1,False,149.69,132.83348999999998,149.69,100.0,83.14349,0.006668000000004781,-63.627888999888,1,80.484398999888,non_overlapping_yes_buckets,True,1.4969,C,2026-04-30,high,,False
True,12.309004999999999,3,between 86-87°F|between 88-89°F|between 90-91°F,79.82340000130799,12.308870002531009,Miami,3,False,178.1,98.276599998692,0.0,50.0,-29.823400001307988,0.0,-12.308870002531009,0,92.132270003839,non_overlapping_yes_buckets,True,3.562,F,2026-04-30,high,between 86-87°F,True
False,-1.53274,2,17°C|20°C,34.088499999,-12.844779998881997,Milan,1,False,248.97,214.881500001,124.49,96.0,61.911500001,0.0,12.844779998881997,1,21.243720000118003,non_overlapping_yes_buckets,True,2.5934375,C,2026-04-30,high,,False
False,-2.16,1,16°C,5.4,-2.1600000000000006,Munich,1,False,108.0,102.6,0.0,108.0,102.6,0.0,2.1600000000000006,0,3.2399999999999998,overlapping_or_single_bucket_yes_markets,False,1.0,C,2026-04-30,high,,False
False,1.298286,1,23°C,13.458699998322,1.2983000036979995,Paris,1,False,48.19,34.731300001677994,0.0,48.19,34.731300001677994,0.0,-1.2983000036979995,0,14.75700000202,overlapping_or_single_bucket_yes_markets,False,1.0,C,2026-04-30,high,23°C,True
True,nan,2,20°C|21°C,37.615733997664414,-37.615733997664414,Shanghai,0,False,449.984153,412.3684190023356,449.984153,241.45,203.83426600233557,241.45,37.615733997664414,2,0.0,non_overlapping_yes_buckets,True,1.8636742721060262,C,2026-04-30,high,,False
False,3.81678,1,12°C,53.25489999999999,3.8167000000000115,Warsaw,1,False,93.56,40.30510000000001,0.0,93.56,40.30510000000001,0.0,-3.8167000000000115,0,57.071600000000004,overlapping_or_single_bucket_yes_markets,False,1.0,C,2026-04-30,high,12°C,True
False,6.38705,1,15°C,0.556,6.38705,Ankara,1,False,6.95,6.394,0.0,6.95,6.394,0.0,-6.38705,0,6.94305,overlapping_or_single_bucket_yes_markets,False,1.0,C,2026-05-01,high,15°C,True
False,6.453598,1,23°C,26.776599997791,6.453400002209005,Buenos Aires,1,False,185.75,158.973400002209,0.0,185.75,158.973400002209,0.0,-6.453400002209005,0,33.230000000000004,overlapping_or_single_bucket_yes_markets,False,1.0,C,2026-05-01,high,,False
False,313.107191,5,19°C|20°C|23°C|24°C|25°C,92.19395999939,191.5928460137917,Busan,3,True,1238.27,1146.07604000061,1170.816844,89.58,-2.613959999390005,0.0,-191.5928460137917,2,283.7868060131817,non_overlapping_yes_buckets,True,13.823063183746372,C,2026-05-01,high,24°C,True
False,nan,1,18°C,0.791060003148,-0.791060003148,Helsinki,0,False,82.59,81.798939996852,82.59,82.59,81.798939996852,82.59,0.791060003148,1,0.0,overlapping_or_single_bucket_yes_markets,False,1.0,C,2026-05-01,high,,False
False,0.0,1,26°C,0.005399999999999999,-0.005399999999999999,Hong Kong,1,False,0.06,0.054599999999999996,0.06,0.06,0.054599999999999996,0.06,0.005399999999999999,0,0.0,overlapping_or_single_bucket_yes_markets,False,1.0,C,2026-05-01,high,26°C,True
True,nan,3,32°C|33°C|34°C,5.5682,-5.5682,Jakarta,0,False,34.5,28.9318,34.5,18.85,13.2818,18.85,5.5682,3,0.0,non_overlapping_yes_buckets,True,1.8302387267904507,C,2026-05-01,high,,False
False,92.780932,4,24°C|25°C|26°C|27°C or higher,155.8050630043675,-5.792803004964497,London,1,False,599.8734880000001,444.06842499563254,599.8734880000001,150.0,-5.805063004367497,0.0,5.792803004964497,3,150.012259999403,non_overlapping_yes_buckets,True,3.999156586666667,C,2026-05-01,high,24°C,True
False,nan,1,26°C,1.50426,-1.50426,Madrid,0,False,75.213,73.70873999999999,75.213,75.213,73.70873999999999,75.213,1.50426,1,0.0,overlapping_or_single_bucket_yes_markets,False,1.0,C,2026-05-01,high,,False
True,nan,2,9°C|10°C,19.172632997212,-19.172632997212,Moscow,0,False,299.578325,280.405692002788,299.578325,200.0,180.827367002788,200.0,19.172632997212,2,0.0,non_overlapping_yes_buckets,True,1.497891625,C,2026-05-01,high,,False
False,-0.965801,1,20°C,23.4554,-0.9657999991120008,Munich,1,False,50.99,27.5346,0.0,50.99,27.5346,0.0,0.9657999991120008,0,22.489600000888,overlapping_or_single_bucket_yes_markets,False,1.0,C,2026-05-01,high,20°C,True
False,-3.2619,1,24°C,22.3625,-3.2619000000000007,Paris,1,False,100.0,77.6375,0.0,100.0,77.6375,0.0,3.2619000000000007,0,19.1006,overlapping_or_single_bucket_yes_markets,False,1.0,C,2026-05-01,high,,False
False,-144.752776,3,18°C|19°C|20°C or higher,392.61035499118964,-144.75355598827989,Seoul,3,False,656.03,263.41964500881033,0.006452000000024327,116.25999999999999,-276.35035499118965,0.0,144.75355598827989,0,247.85679900290975,non_overlapping_yes_buckets,True,5.642783416480303,C,2026-05-01,high,19°C,True
False,nan,1,26°C,40.213790002838,-19.945970006491002,Shanghai,0,False,473.63,433.416209997162,310.0,473.63,433.416209997162,310.0,19.945970006491002,1,20.267819996347,overlapping_or_single_bucket_yes_markets,False,1.0,C,2026-05-01,high,,False
False,86.8,2,16°C|21°C or higher,17.700000000000003,-17.700000000000003,Tokyo,1,False,300.0,282.3,300.0,100.0,82.3,100.0,17.700000000000003,1,0.0,non_overlapping_yes_buckets,True,3.0,C,2026-05-01,high,21°C or higher,True
True,nan,2,18°C|19°C,9.3,-9.3,Warsaw,0,False,300.0,290.7,300.0,150.0,140.7,150.0,9.3,2,0.0,non_overlapping_yes_buckets,True,2.0,C,2026-05-01,high,,False
True,nan,2,25°C|26°C,7.544899998384,-7.544899998384,Beijing,0,False,137.5,129.955100001616,137.5,125.98,118.43510000161601,125.98,7.544899998384,2,0.0,non_overlapping_yes_buckets,True,1.0914430862041593,C,2026-05-02,high,,False
False,-2.89287,1,28°C,20.649199997694,-2.892899999493004,Hong Kong,1,False,57.81,37.160800002306004,0.0,57.81,37.160800002306004,0.0,2.892899999493004,0,17.756299998200998,overlapping_or_single_bucket_yes_markets,False,1.0,C,2026-05-02,high,,False
True,-9.25162,2,19°C|20°C,32.3559999981,-15.634999998100003,London,1,False,181.75,149.3940000019,121.0,121.0,88.6440000019,0.0,15.634999998100003,1,16.721,non_overlapping_yes_buckets,True,1.5020661157024793,C,2026-05-02,high,,False
True,-6.49241,2,21°C|22°C,18.190499996324,-6.492539997247999,Madrid,2,False,131.34,113.149500003676,0.0,52.12,33.929500003676,0.0,6.492539997247999,0,11.697959999076001,non_overlapping_yes_buckets,True,2.5199539524174983,C,2026-05-02,high,21°C,True
False,nan,1,23°C,8.993199999371999,-8.993199999371999,Milan,0,False,31.15,22.156800000628,31.15,31.15,22.156800000628,31.15,8.993199999371999,1,0.0,overlapping_or_single_bucket_yes_markets,False,1.0,C,2026-05-02,high,,False
True,144.027777,3,15°C|16°C|17°C,54.08833900429473,-54.08833900429473,Moscow,1,False,425.998855,371.9105159957053,425.998855,155.46,101.37166099570527,155.46,54.08833900429473,2,0.0,non_overlapping_yes_buckets,True,2.740247362665637,C,2026-05-02,high,15°C,True
False,nan,1,24°C,12.792580001153999,-12.792580001153999,Munich,0,False,134.31,121.51741999884601,134.31,134.31,121.51741999884601,134.31,12.792580001153999,1,0.0,overlapping_or_single_bucket_yes_markets,False,1.0,C,2026-05-02,high,,False
False,nan,1,between 64-65°F,7.000000000000001,-7.000000000000001,San Francisco,0,False,100.0,93.0,100.0,100.0,93.0,100.0,7.000000000000001,1,0.0,overlapping_or_single_bucket_yes_markets,False,1.0,F,2026-05-02,high,,False
False,nan,1,30°C,4.4124,-4.4124,Sao Paulo,0,False,36.77,32.357600000000005,36.77,36.77,32.357600000000005,36.77,4.4124,1,0.0,overlapping_or_single_bucket_yes_markets,False,1.0,C,2026-05-02,high,,False
True,nan,3,13°C|14°C|15°C,10.95115,-1.549750011136,Seoul,0,False,1873.28,1862.3288499999999,1000.0,584.75,573.79885,584.75,1.549750011136,3,9.401399988864,non_overlapping_yes_buckets,True,3.2035570756733645,C,2026-05-02,high,,False
False,-9.761286,1,30°C,31.192999998860003,-9.761300001890003,Shenzhen,1,False,132.85000000000002,101.65700000114002,2.842170943040401e-14,132.85000000000002,101.65700000114002,2.842170943040401e-14,9.761300001890003,0,21.43169999697,overlapping_or_single_bucket_yes_markets,False,1.0,C,2026-05-02,high,,False
False,153.268424,3,32°C|33°C|34°C or higher,35.521549978106,153.2677770035358,Taipei,3,False,457.48,421.958450021894,0.0022570000000143864,166.31,130.788450021894,0.0,-153.2677770035358,0,188.7893269816418,non_overlapping_yes_buckets,True,2.7507666406109075,C,2026-05-02,high,32°C,True
False,15.491644,1,25°C or higher,117.99480000000001,15.491799991331973,Tokyo,1,False,178.78,60.78519999999999,0.0,178.78,60.78519999999999,0.0,-15.491799991331973,0,133.48659999133199,overlapping_or_single_bucket_yes_markets,False,1.0,C,2026-05-02,high,25°C or higher,True
False,-6.327827,1,26°C,17.123028000467446,-6.329027996435446,Warsaw,1,False,100.947223,83.82419499953255,0.007222999999996205,100.947223,83.82419499953255,0.007222999999996205,6.329027996435446,0,10.794000004032,overlapping_or_single_bucket_yes_markets,False,1.0,C,2026-05-02,high,,False
True,41.938236,4,16°C|17°C|18°C|19°C,54.418240997163004,35.574079001391006,Buenos Aires,3,False,374.2622,319.843959002837,200.26999999999998,87.1,32.68175900283699,0.0,-35.574079001391006,1,89.99231999855401,non_overlapping_yes_buckets,True,4.296925373134329,C,2026-05-03,high,17°C,True
False,nan,3,18°C|19°C|20°C or higher,31.680441992584466,-20.771941982415466,Busan,0,False,1356.665332,1324.9848900074155,1140.655332,121.67999999999999,89.99955800741553,121.67999999999999,20.771941982415466,3,10.908500010169,non_overlapping_yes_buckets,True,11.149452103879028,C,2026-05-03,high,,False
True,nan,2,16°C|17°C,36.552831004065,-30.552831004065,Seoul,0,False,300.0,263.447168995935,270.20262,270.20262,233.649788995935,150.0,30.552831004065,2,6.0,non_overlapping_yes_buckets,True,1.1102779092223458,C,2026-05-03,high,,False
False,212.888054,1,15°C or higher,32.606329005488405,-32.606329005488405,Toronto,1,False,245.49408799999998,212.88775899451156,245.49408799999998,245.49408799999998,212.88775899451156,245.49408799999998,32.606329005488405,0,0.0,overlapping_or_single_bucket_yes_markets,False,1.0,C,2026-05-03,high,15°C or higher,True
False,19.10196,1,16°C,5.714902,19.100257999999997,Wellington,1,False,24.8474,19.132498,0.007400000000000517,24.8474,19.132498,0.007400000000000517,-19.100257999999997,0,24.81516,overlapping_or_single_bucket_yes_markets,False,1.0,C,2026-05-03,high,16°C,True
False,nan,1,27°C,15.340191003764,-15.340191003764,Beijing,0,False,309.859775,294.519583996236,309.859775,309.859775,294.519583996236,309.859775,15.340191003764,1,0.0,overlapping_or_single_bucket_yes_markets,False,1.0,C,2026-05-04,high,,False
False,-18.409248,1,23°C,34.811400006545995,-18.409880008571996,Buenos Aires,1,False,559.53,524.718599993454,0.0,559.53,524.718599993454,0.0,18.409880008571996,0,16.401519997974,overlapping_or_single_bucket_yes_markets,False,1.0,C,2026-05-04,high,,False
False,nan,1,24°C or higher,3.840319996415,-3.840319996415,Busan,0,False,218.99,215.14968000358502,218.99,218.99,215.14968000358502,218.99,3.840319996415,1,0.0,overlapping_or_single_bucket_yes_markets,False,1.0,C,2026-05-04,high,,False
False,62.094513,1,26°C or higher,58.4572000025,62.09439999749999,Hong Kong,1,False,124.28,65.8227999975,0.0,124.28,65.8227999975,0.0,-62.09439999749999,0,120.5516,overlapping_or_single_bucket_yes_markets,False,1.0,C,2026-05-04,high,26°C or higher,True
True,128.697132,2,14°C|15°C,10.651359994938002,124.34563800533046,Istanbul,1,False,208.89,198.238640005062,208.89,150.0,139.348640005062,0.0033349999999927604,-124.34563800533046,1,134.99699800026846,non_overlapping_yes_buckets,True,1.3925999999999998,C,2026-05-04,high,14°C,True
True,303.287948,3,15°C|16°C|17°C,62.166310000611,252.16083799629322,London,1,False,446.14,383.97368999938897,339.43,76.58999999999999,14.42368999938899,0.006158999999968273,-252.16083799629322,2,314.3271479969042,non_overlapping_yes_buckets,True,5.825042433738086,C,2026-05-04,high,15°C,True
True,57.883972,2,21°C|22°C,31.537700000744003,54.664299999255995,Madrid,1,False,95.78,64.242299999256,80.49,80.49,48.95229999925599,0.0,-54.664299999255995,1,86.202,non_overlapping_yes_buckets,True,1.1899614858988694,C,2026-05-04,high,21°C,True
True,nan,2,between 76-77°F|between 78-79°F,18.914631992476618,-14.914631992476618,Miami,0,False,1000.4399999999999,981.5253680075233,800.4399999999999,379.999419,361.08478700752335,379.999419,14.914631992476618,2,4.0,non_overlapping_yes_buckets,True,2.632740867427484,F,2026-05-04,high,,False
True,113.168579,2,22°C|23°C,21.187569998184244,111.44492800173367,Milan,1,False,139.620165,118.43259500181574,74.893608,74.893608,53.706038001815756,0.007008999999982279,-111.44492800173367,1,132.63249799991792,non_overlapping_yes_buckets,True,1.8642467458638123,C,2026-05-04,high,22°C,True
False,-0.038117,1,25°C,32.062200003116004,-0.038099998121005285,Moscow,1,False,111.13,79.06779999688399,0.0,111.13,79.06779999688399,0.0,0.038099998121005285,0,32.024100004995,overlapping_or_single_bucket_yes_markets,False,1.0,C,2026-05-04,high,25°C,True
False,nan,1,25°C,13.391100003804,-13.391100003804,Munich,0,False,76.92,63.528899996196,76.92,76.92,63.528899996196,76.92,13.391100003804,1,0.0,overlapping_or_single_bucket_yes_markets,False,1.0,C,2026-05-04,high,,False
True,nan,2,15°C|16°C,15.065839996229998,-3.112949998253997,Paris,0,False,529.5,514.43416000377,299.46,158.18,143.11416000377,158.18,3.112949998253997,2,11.952889997976001,non_overlapping_yes_buckets,True,3.347452269566317,C,2026-05-04,high,,False
False,nan,5,20°C or below|21°C|22°C|23°C|24°C,28.346759998592002,-28.346759998592002,Sao Paulo,0,False,1122.94,1094.593240001408,1122.94,123.17,94.823240001408,123.17,28.346759998592002,5,0.0,non_overlapping_yes_buckets,True,9.1169927742145,C,2026-05-04,high,,False
True,nan,2,16°C|17°C,23.0,-23.0,Seoul,0,False,600.0,577.0,600.0,100.0,77.0,100.0,23.0,2,0.0,non_overlapping_yes_buckets,True,6.0,C,2026-05-04,high,,False
True,4.3791329999999995,2,6°C|7°C,2.107650026757,4.37923995905,Seoul,2,False,419.69,417.58234997324297,0.0,400.56,398.452349973243,0.0,-4.37923995905,0,6.486889985807,non_overlapping_yes_buckets,True,1.0477581386059516,C,2026-05-04,low,,False
False,-11.65467,2,25°C|27°C,26.492642001796,-14.965532016322001,Shenzhen,1,False,616.05495,589.562307998204,400.00494999999995,104.16,77.667357998204,0.0,14.965532016322001,1,11.527109985473999,non_overlapping_yes_buckets,True,5.914506048387096,C,2026-05-04,high,,False
False,nan,1,25°C,3.4362600000000003,-3.4362600000000003,Taipei,0,False,572.71,569.2737400000001,572.71,572.71,569.2737400000001,572.71,3.4362600000000003,1,0.0,overlapping_or_single_bucket_yes_markets,False,1.0,C,2026-05-04,high,,False
False,nan,1,28°C,26.81995900164323,-11.02445899715123,Warsaw,0,False,296.040453,269.2204939983568,100.00045300000002,296.040453,269.2204939983568,100.00045300000002,11.02445899715123,1,15.795500004492,overlapping_or_single_bucket_yes_markets,False,1.0,C,2026-05-04,high,,False
True,1.941554,2,10°C|11°C,8.253794998662272,1.4102949966177274,Ankara,1,False,297.01,288.7562050013377,48.321363,48.321363,40.067568001337726,0.0,-1.4102949966177274,1,9.66408999528,non_overlapping_yes_buckets,True,6.146556751720766,C,2026-05-05,high,,False
False,16.952,5,28°C or below|29°C|30°C|31°C|32°C,64.4575999993,-31.6206000014,Beijing,1,False,264.77,200.3124000007,264.77,26.080000000000002,-38.3775999993,26.080000000000002,31.6206000014,4,32.8369999979,non_overlapping_yes_buckets,True,10.152223926380367,C,2026-05-05,high,30°C,True
False,10.432174,4,21°C|22°C|23°C|25°C,103.829290012412,8.607509982155989,Buenos Aires,3,False,286.27,182.44070998758798,100.0,100.0,-3.8292900124120024,0.0,-8.607509982155989,1,112.43679999456799,non_overlapping_yes_buckets,True,2.8627,C,2026-05-05,high,,False
False,33.836595,1,23°C,0.8676050000000001,-0.8676050000000001,Guangzhou,1,False,34.7042,33.836595,34.7042,34.7042,33.836595,34.7042,0.8676050000000001,0,0.0,overlapping_or_single_bucket_yes_markets,False,1.0,C,2026-05-05,high,23°C,True
False,2.775162,1,23°C,37.362400000944,2.7751000134240016,Hong Kong,1,False,298.02,260.657599999056,0.0,298.02,260.657599999056,0.0,-2.7751000134240016,0,40.137500014368,overlapping_or_single_bucket_yes_markets,False,1.0,C,2026-05-05,high,23°C,True
True,52.47,2,19°C|20°C,28.52960899720572,-28.52960899720572,Hong Kong,1,False,199.997207,171.4675980027943,199.997207,53.0,24.47039100279428,53.0,28.52960899720572,1,0.0,non_overlapping_yes_buckets,True,3.77353220754717,C,2026-05-05,low,19°C,True
False,-2.3236,1,16°C,18.009247000004287,-2.3249470000042844,London,1,False,58.094345,40.08509799999571,0.004344999999993604,58.094345,40.08509799999571,0.004344999999993604,2.3249470000042844,0,15.684300000000002,overlapping_or_single_bucket_yes_markets,False,1.0,C,2026-05-05,high,16°C,True
False,nan,1,26°C,17.56087,-14.953102002,Moscow,0,False,361.07,343.50912999999997,71.31777800000003,361.07,343.50912999999997,71.31777800000003,14.953102002,1,2.607767998000002,overlapping_or_single_bucket_yes_markets,False,1.0,C,2026-05-05,high,,False
False,171.518295,3,20°C or below|21°C|22°C,43.72918799830735,-42.49948800580735,Qingdao,2,False,519.147089,475.4179010016927,519.147089,199.9561,156.22691200169265,0.0,42.49948800580735,1,1.2296999925,non_overlapping_yes_buckets,True,2.5963053340208178,C,2026-05-05,high,21°C,True
False,nan,1,7°C,3.3255099998999995,-3.3255099998999995,Seoul,0,False,113.85,110.5244900001,113.85,113.85,110.5244900001,113.85,3.3255099998999995,1,0.0,overlapping_or_single_bucket_yes_markets,False,1.0,C,2026-05-05,low,,False
False,-0.23293,1,27°C,4.328796999830249,-0.23399699905124915,Warsaw,1,False,33.298436,28.969639000169753,0.008436000000003219,33.298436,28.969639000169753,0.008436000000003219,0.23399699905124915,0,4.094800000779,overlapping_or_single_bucket_yes_markets,False,1.0,C,2026-05-05,high,,False
False,0.153533,1,16°C,9.627548998302098,0.15354100347290078,Amsterdam,1,False,229.255245,219.6276960016979,0.005245000000002165,229.255245,219.6276960016979,0.005245000000002165,-0.15354100347290078,0,9.781090001774999,overlapping_or_single_bucket_yes_markets,False,1.0,C,2026-05-06,high,,False
True,-0.277473,3,27°C|28°C|29°C,2.37979,-0.2777500013099998,Beijing,3,False,156.37,153.99021,0.0,62.0,59.62021,0.0,0.2777500013099998,0,2.10203999869,non_overlapping_yes_buckets,True,2.5220967741935483,C,2026-05-06,high,,False
False,169.409844,5,21°C|22°C|23°C|26°C|27°C or higher,80.68737499091507,-4.962475008135087,Buenos Aires,3,False,607.89,527.202625009085,168.670714,124.71,44.02262500908492,0.0,4.962475008135087,2,75.72489998277999,non_overlapping_yes_buckets,True,4.874428674524898,C,2026-05-06,high,27°C or higher,True
True,21.569233,2,21°C|22°C,25.166849995147,-19.310819989906,Busan,2,False,130.53,105.363150004853,40.88,40.88,15.713150004853002,0.0,19.310819989906,0,5.856030005241,non_overlapping_yes_buckets,True,3.1930039138943247,C,2026-05-06,high,22°C,True
True,57.825075,2,24°C|25°C,50.11575499576267,35.68560400257067,Hong Kong,1,False,1116.806698,1066.6909430042374,823.000033,87.5,37.38424500423733,0.0,-35.68560400257067,1,85.80135899833334,non_overlapping_yes_buckets,True,12.763505120000001,C,2026-05-06,high,24°C,True
True,20.32435,2,11°C|12°C,16.58149999993815,17.22623999452585,London,1,False,245.008,228.42650000006185,245.008,224.724198,208.14269800006184,0.0041980000000023665,-17.22623999452585,1,33.807739994464,non_overlapping_yes_buckets,True,1.0902608716841433,C,2026-05-06,high,,False
True,0.600889,2,15°C|16°C,12.592,-0.9991000015360001,Milan,1,False,200.0,187.408,200.0,68.7,56.108000000000004,0.0,0.9991000015360001,1,11.592899998464,non_overlapping_yes_buckets,True,2.911208151382824,C,2026-05-06,high,,False
False,-0.258248,3,22°C or below|23°C|24°C,75.93096700286934,-39.65174700124534,Qingdao,1,False,856.580438,780.6494709971306,799.950438,105.15,29.219032997130668,0.0,39.65174700124534,2,36.279220001624,non_overlapping_yes_buckets,True,8.146271402757964,C,2026-05-06,high,,False
False,5.611828,2,20°C|21°C or higher,793.2068090023275,-772.5069090067116,Seoul,2,False,861.068306,67.86149699767248,778.118306,58.27,-734.9368090023275,0.0,772.5069090067116,0,20.699899995616,non_overlapping_yes_buckets,True,14.777214793204049,C,2026-05-06,high,21°C or higher,True
False,nan,1,24°C,2.0,-2.0,Shanghai,0,False,100.0,98.0,100.0,100.0,98.0,100.0,2.0,1,0.0,overlapping_or_single_bucket_yes_markets,False,1.0,C,2026-05-06,high,,False
True,59.985834000000004,3,26°C|27°C|28°C,64.3238649985,59.986005010716994,Shenzhen,3,False,649.9982,585.6743350015,0.008199999999987995,70.59,6.266135001500004,0.0,-59.986005010716994,0,124.309870009217,non_overlapping_yes_buckets,True,9.208077631392548,C,2026-05-06,high,26°C,True
False,nan,1,30°C,0.70413,-0.70413,Taipei,0,False,33.53,32.82587,33.53,33.53,32.82587,33.53,0.70413,1,0.0,overlapping_or_single_bucket_yes_markets,False,1.0,C,2026-05-06,high,,False
True,nan,2,18°C|19°C,2.3679750000000004,-2.3679750000000004,Tokyo,0,False,291.995,289.627025,291.995,100.0,97.632025,100.0,2.3679750000000004,2,0.0,non_overlapping_yes_buckets,True,2.91995,C,2026-05-06,high,,False
False,5.402795,1,24°C,44.848670000676,5.40275999755,Warsaw,1,False,157.81,112.961329999324,0.0,157.81,112.961329999324,0.0,-5.40275999755,0,50.251429998226,overlapping_or_single_bucket_yes_markets,False,1.0,C,2026-05-06,high,24°C,True
True,-2.276657,2,17°C|18°C,6.7010000000000005,-2.27660000004,Amsterdam,2,False,100.0,93.299,0.0,96.02,89.31899999999999,0.0,2.27660000004,0,4.42439999996,non_overlapping_yes_buckets,True,1.0414496979795875,C,2026-05-07,high,17°C,True
False,nan,1,26°C,19.959600000000002,-19.959600000000002,Beijing,0,False,638.7,618.7404,638.7,638.7,618.7404,638.7,19.959600000000002,1,0.0,overlapping_or_single_bucket_yes_markets,False,1.0,C,2026-05-07,high,,False
False,75.37,4,17°C or below|18°C|19°C|20°C,35.03571400016477,-35.03571400016477,Madrid,1,False,100.0,64.96428599983523,100.0,50.0,14.964285999835226,50.0,35.03571400016477,3,0.0,non_overlapping_yes_buckets,True,2.0,C,2026-05-07,high,17°C or below,True
False,nan,2,29°C|30°C or higher,5.853,-5.853,Moscow,0,False,197.65,191.797,197.65,100.0,94.147,100.0,5.853,2,0.0,non_overlapping_yes_buckets,True,1.9765000000000001,C,2026-05-07,high,,False
False,-10.099813,3,12°C or below|13°C|16°C,21.281959999362,-3.4607999939830023,Munich,1,False,500.0,478.718040000638,500.0,89.18,67.898040000638,0.0,3.4607999939830023,2,17.821160005379,non_overlapping_yes_buckets,True,5.6066382596994835,C,2026-05-07,high,,False
False,nan,1,between 66-67°F,2.45,-2.45,New York City,0,False,75.0,72.55,75.0,75.0,72.55,75.0,2.45,1,0.0,overlapping_or_single_bucket_yes_markets,False,1.0,F,2026-05-07,high,,False
False,nan,1,13°C,4.999331000000001,-4.999331000000001,Seoul,0,False,99.98662,94.987289,99.98662,99.98662,94.987289,99.98662,4.999331000000001,1,0.0,overlapping_or_single_bucket_yes_markets,False,1.0,C,2026-05-07,low,,False
False,nan,1,29°C,1.7352799926,-1.7352799926,Beijing,0,False,154.0,152.2647200074,154.0,154.0,152.2647200074,154.0,1.7352799926,1,0.0,overlapping_or_single_bucket_yes_markets,False,1.0,C,2026-05-08,high,,False
False,2.642412,1,11°C,7.1794900008,2.6424099982079996,Buenos Aires,1,False,100.08,92.9005099992,0.0,100.08,92.9005099992,0.0,-2.6424099982079996,0,9.821899999008,overlapping_or_single_bucket_yes_markets,False,1.0,C,2026-05-08,high,,False
False,nan,4,15°C|16°C|17°C|19°C,62.92214999419,-6.484759994189993,London,0,False,342.0,279.07785000581,342.0,194.5,131.57785000581,89.27484000000001,6.484759994189993,4,56.43739000000001,non_overlapping_yes_buckets,True,1.7583547557840618,C,2026-05-08,high,,False
True,42.72326,2,24°C|25°C,22.006800002612003,-22.006800002612003,Qingdao,1,False,61.31,39.303199997388,61.31,50.0,27.993199997387997,50.0,22.006800002612003,1,0.0,non_overlapping_yes_buckets,True,1.2262,C,2026-05-08,high,25°C,True
False,42.263672,5,29°C|30°C|31°C|32°C|33°C or higher,77.1245349992005,12.218194994623502,Sao Paulo,3,False,618.9995,541.8749650007995,618.9995,53.18,-23.944534999200506,0.0,-12.218194994623502,2,89.34272999382401,non_overlapping_yes_buckets,True,11.639704776231666,C,2026-05-08,high,29°C,True
False,84.71687,3,18°C|20°C|21°C,75.645649994268,-66.192139996168,Seoul,2,True,249.9,174.25435000573202,249.9,50.16,-25.485649994268,50.16,66.192139996168,1,9.4535099981,non_overlapping_yes_buckets,True,4.982057416267943,C,2026-05-08,high,20°C,True
True,175.036802,3,18°C|19°C|20°C,66.79571000018001,130.087739994772,Shanghai,1,False,367.35,300.55428999982,228.45,152.72,85.92428999981999,5.684341886080802e-14,-130.087739994772,2,196.883449994952,non_overlapping_yes_buckets,True,2.405382399161865,C,2026-05-08,high,19°C,True
False,45.695682,2,28°C|30°C,61.40515000195,-54.804340001949996,Shenzhen,2,False,100.5,39.09484999805,100.5,36.07,-25.335150001949998,0.0,54.804340001949996,0,6.60081,non_overlapping_yes_buckets,True,2.7862489603548655,C,2026-05-08,high,30°C,True
False,65.232232,1,12°C,21.477579,65.230921,Warsaw,1,False,102.016125,80.538546,0.0061249999999972715,102.016125,80.538546,0.0061249999999972715,-65.230921,0,86.7085,overlapping_or_single_bucket_yes_markets,False,1.0,C,2026-05-08,high,12°C,True
False,2.472643,1,19°C,15.663799997800002,2.4726000042999985,Ankara,1,False,107.54,91.87620000220001,1.4210854715202004e-14,107.54,91.87620000220001,1.4210854715202004e-14,-2.4726000042999985,0,18.1364000021,overlapping_or_single_bucket_yes_markets,False,1.0,C,2026-05-09,high,,False
True,nan,3,9°C|10°C|11°C,2.682739998994,-2.682739998994,Buenos Aires,0,False,142.73,140.04726000100598,142.73,1.08,-1.602739998994,1.08,2.682739998994,3,0.0,non_overlapping_yes_buckets,True,132.1574074074074,C,2026-05-09,high,,False
True,nan,3,20°C|21°C|22°C,44.179412,-30.907112000452997,Hong Kong,0,False,400.0,355.820588,252.07,17.941200000000002,-26.238211999999997,17.941200000000002,30.907112000452997,3,13.272299999547,non_overlapping_yes_buckets,True,22.2950527277997,C,2026-05-09,low,,False
True,9.291373,2,24°C|25°C,24.071000003899996,3.270399998500004,Istanbul,1,False,187.0,162.9289999961,83.00999999999999,83.00999999999999,58.938999996099994,0.0,-3.270399998500004,1,27.3414000024,non_overlapping_yes_buckets,True,2.2527406336585956,C,2026-05-09,high,24°C,True
False,9.524263,3,14°C or below|15°C|16°C,41.57789301180229,4.38060599038176,Madrid,1,False,720.662857,679.0849639881977,550.0928570000001,80.236704,38.658810988197715,0.006703999999999155,-4.38060599038176,2,45.95849900218405,non_overlapping_yes_buckets,True,8.981710627096547,C,2026-05-09,high,,False
False,nan,4,22°C or below|23°C|24°C|25°C,50.366141990305,-50.366141990305,Qingdao,0,False,1236.2222,1185.8560580096948,1236.2222,100.0,49.633858009695,100.0,50.366141990305,4,0.0,non_overlapping_yes_buckets,True,12.362222,C,2026-05-09,high,,False
False,1.813152,1,29°C,12.07699999762,1.8130000025780006,Sao Paulo,1,False,120.14,108.06300000238,0.0,120.14,108.06300000238,0.0,-1.8130000025780006,0,13.890000000198,overlapping_or_single_bucket_yes_markets,False,1.0,C,2026-05-09,high,,False
False,nan,2,21°C|22°C or higher,64.253879995,-44.726279995000006,Seoul,0,False,331.06,266.806120005,160.0,160.0,95.746120005,131.06,44.726279995000006,2,19.5276,non_overlapping_yes_buckets,True,2.069125,C,2026-05-09,high,,False
False,34.751619,2,8°C or below|9°C,36.53519999197,34.751520001296,Seoul,2,False,226.17000000000002,189.63480000803003,0.0,57.95,21.41480000803,0.0,-34.751520001296,0,71.286719993266,non_overlapping_yes_buckets,True,3.902847282139776,C,2026-05-09,low,,False
False,299.141769,1,25°C,17.77020699803916,-0.7294069980391598,Shenzhen,1,True,514.605309,496.8351020019609,301.59530900000004,514.605309,496.8351020019609,301.59530900000004,0.7294069980391598,0,17.0408,overlapping_or_single_bucket_yes_markets,False,1.0,C,2026-05-09,high,25°C,True
False,nan,1,17°C or higher,4.5,-4.5,Toronto,0,False,50.0,45.5,50.0,50.0,45.5,50.0,4.5,1,0.0,overlapping_or_single_bucket_yes_markets,False,1.0,C,2026-05-09,high,,False
True,1.397176,3,10°C|11°C|12°C,14.252459997999999,1.2539000032000018,Warsaw,1,False,252.0,237.747540002,100.0,27.66,13.407540002000001,0.0,-1.2539000032000018,2,15.506360001200001,non_overlapping_yes_buckets,True,9.11062906724512,C,2026-05-09,high,,False
False,nan,1,21°C,20.63031099687211,-9.361211997064379,Busan,0,False,331.537903,310.9075920031279,239.00636599999996,331.537903,310.9075920031279,239.00636599999996,9.361211997064379,1,11.269098999807733,overlapping_or_single_bucket_yes_markets,False,1.0,C,2026-05-10,high,,False
True,17.588427,3,24°C|25°C|26°C,59.047079998650005,17.58817999835,Hong Kong,3,False,162.66,103.61292000134999,0.0,60.0,0.9529200013499945,0.0,-17.58817999835,0,76.635259997,non_overlapping_yes_buckets,True,2.711,C,2026-05-10,high,26°C,True
True,87.478836,3,12°C|13°C|14°C,27.613075999610494,-27.313075999610493,London,2,False,107.79186899999999,80.1787930003895,107.79186899999999,100.0,72.38692400038951,0.0,27.313075999610493,1,0.3,non_overlapping_yes_buckets,True,1.07791869,C,2026-05-10,high,13°C,True
False,518.841193,5,21°C or below|22°C|23°C|24°C|28°C,89.39809999627501,505.3685970033163,Qingdao,4,False,930.2600000000001,840.861900003725,88.28,51.0,-38.39809999627501,0.0,-505.3685970033163,1,594.7666969995913,non_overlapping_yes_buckets,True,18.240392156862747,C,2026-05-10,high,23°C,True
False,81.649192,5,19°C|20°C|21°C|22°C|23°C or higher,157.01890999661597,81.64881001365401,Sao Paulo,5,True,285.85,128.83109000338405,0.0,0.0,-157.01890999661597,0.0,-81.64881001365401,0,238.66772001027,non_overlapping_yes_buckets,True,3.3764469643279003,C,2026-05-10,high,20°C,True
False,3.615497,1,22°C or higher,359.41529998503,-300.56479998776,Seoul,1,False,416.32,56.90470001496999,304.18,416.32,56.90470001496999,304.18,300.56479998776,0,58.85049999727,overlapping_or_single_bucket_yes_markets,False,1.0,C,2026-05-10,high,22°C or higher,True
True,-2.4021120000000002,2,25°C|26°C,24.094000001599998,-2.4022299969999956,Shenzhen,2,False,134.0,109.9059999984,0.0,98.0,73.9059999984,0.0,2.4022299969999956,0,21.691770004600002,non_overlapping_yes_buckets,True,1.3673469387755102,C,2026-05-10,high,,False
False,0.2076,1,25°C or higher,0.6228,0.2076,Tokyo,1,False,10.38,9.757200000000001,0.0,10.38,9.757200000000001,0.0,-0.2076,0,0.8304,overlapping_or_single_bucket_yes_markets,False,1.0,C,2026-05-10,high,25°C or higher,True
True,10.281176,3,18°C|19°C|20°C,37.362400028778,30.383719954892,Ankara,1,False,436.0,398.637599971222,148.71000000000004,252.03,214.667599971222,0.0,-30.383719954892,2,67.74611998367,non_overlapping_yes_buckets,True,1.7299527833988018,C,2026-05-11,high,,False
False,nan,2,28°C or below|29°C,10.979509977002001,-10.979509977002001,Beijing,0,False,469.62,458.640490022998,469.62,465.72,454.740490022998,465.72,10.979509977002001,2,0.0,non_overlapping_yes_buckets,True,1.0083741303787683,C,2026-05-11,high,,False
False,36.479914,4,18°C|19°C|20°C|21°C or higher,93.519019982334,36.479370058078004,Buenos Aires,4,False,450.25,356.730980017666,0.0,129.85,36.33098001766599,0.0,-36.479370058078004,0,129.998390040412,non_overlapping_yes_buckets,True,3.4674624566807855,C,2026-05-11,high,,False
True,31.906675,2,19°C|20°C,21.553300031848,31.907469924170993,Busan,2,False,1336.12,1314.5666999681519,0.009999999999990905,233.0,211.446699968152,0.0,-31.907469924170993,0,53.46076995601899,non_overlapping_yes_buckets,True,5.7344206008583685,C,2026-05-11,high,,False
False,147.0,1,11°C,3.0,-3.0,London,1,True,300.0,297.0,300.0,300.0,297.0,300.0,3.0,0,0.0,overlapping_or_single_bucket_yes_markets,False,1.0,C,2026-05-11,high,,False
False,9.128738,1,19°C or higher,512.902020004,-512.902020004,Munich,1,False,522.03,9.127979996000022,522.03,522.03,9.127979996000022,522.03,512.902020004,0,0.0,overlapping_or_single_bucket_yes_markets,False,1.0,C,2026-05-11,high,19°C or higher,True
True,nan,2,12°C|13°C,18.95768999894,-11.614679995547,Paris,0,False,156.87,137.91231000106,100.0,105.0,86.04231000106,85.78,11.614679995547,2,7.343010003393,non_overlapping_yes_buckets,True,1.494,C,2026-05-11,high,,False
False,178.212326,5,17°C or below|18°C|19°C|20°C|21°C,56.995669972688,178.211769984059,Qingdao,5,False,1580.75,1523.754330027312,0.0,207.1,150.104330027312,0.0,-178.211769984059,0,235.207439956747,non_overlapping_yes_buckets,True,7.632786093674554,C,2026-05-11,high,,False
False,25.759189,4,16°C|17°C|18°C|20°C,28.293030000081,14.731970007833997,Sao Paulo,2,False,487.23,458.93696999991903,218.62,30.68,2.3869699999189997,0.0,-14.731970007833997,2,43.025000007915,non_overlapping_yes_buckets,True,15.881029986962192,C,2026-05-11,high,17°C,True
True,-3.236116,3,16°C|17°C|18°C,36.836000012693994,-26.312110011693996,Seoul,2,False,202.0,165.163999987306,173.14,130.0,93.163999987306,0.0,26.312110011693996,1,10.523890001,non_overlapping_yes_buckets,True,1.5538461538461539,C,2026-05-11,high,,False
False,12.581249999999999,3,26°C|27°C|30°C,49.608679987326,12.581289989935001,Shenzhen,3,False,551.75,502.141320012674,0.0,49.0,-0.6086799873259992,0.0,-12.581289989935001,0,62.189969977261,non_overlapping_yes_buckets,True,11.260204081632653,C,2026-05-11,high,,False
False,9.071543,2,31°C|32°C or higher,18.533449994663002,9.071309997573994,Taipei,2,False,534.01,515.476550005337,0.0,119.86,101.326550005337,0.0,-9.071309997573994,0,27.604759992236996,non_overlapping_yes_buckets,True,4.455281161354914,C,2026-05-11,high,,False
False,-0.134294,1,30°C,1.78476,-0.13432999935199996,Beijing,1,False,148.73,146.94523999999998,0.009999999999990905,148.73,146.94523999999998,0.009999999999990905,0.13432999935199996,0,1.650430000648,overlapping_or_single_bucket_yes_markets,False,1.0,C,2026-05-12,high,,False
False,10.458108,1,23°C or higher,37.222510006101544,10.457600000270453,Buenos Aires,1,False,434.64387,397.4213599938985,0.0038700000000062573,434.64387,397.4213599938985,0.0038700000000062573,-10.457600000270453,0,47.680110006372,overlapping_or_single_bucket_yes_markets,False,1.0,C,2026-05-12,high,,False
False,97.0,9,17°C|18°C|19°C|20°C|21°C|22°C|23°C|24°C|25°C or higher,98.483699978483,-55.210559997782,Busan,1,False,571.856,473.372300021517,283.84,87.37,-11.113699978482998,87.37,55.210559997782,8,43.273139980701,non_overlapping_yes_buckets,True,6.54522147190111,C,2026-05-12,high,21°C,True
False,69.894089,1,27°C or higher,19.885999995628,-19.885999995628,Istanbul,1,False,89.78,69.894000004372,89.78,89.78,69.894000004372,89.78,19.885999995628,0,0.0,overlapping_or_single_bucket_yes_markets,False,1.0,C,2026-05-12,high,27°C or higher,True
False,nan,2,12°C or below|13°C,4.817129993079,-4.817129993079,Moscow,0,False,261.05,256.232870006921,261.05,158.52,153.70287000692102,158.52,4.817129993079,2,0.0,non_overlapping_yes_buckets,True,1.6467953570527378,C,2026-05-12,high,,False
False,nan,1,9°C,2.2398970020133184,-2.2398970020133184,Munich,0,False,72.254741,70.01484399798667,72.254741,72.254741,70.01484399798667,72.254741,2.2398970020133184,1,0.0,overlapping_or_single_bucket_yes_markets,False,1.0,C,2026-05-12,high,,False
False,0.01,1,31°C or higher,1.05,0.010000000000000009,Qingdao,1,False,50.0,48.95,0.0,50.0,48.95,0.0,-0.010000000000000009,0,1.06,overlapping_or_single_bucket_yes_markets,False,1.0,C,2026-05-12,high,,False
False,nan,1,19°C or below,2.5500000000000003,-2.5500000000000003,Sao Paulo,0,False,150.0,147.45,150.0,150.0,147.45,150.0,2.5500000000000003,1,0.0,overlapping_or_single_bucket_yes_markets,False,1.0,C,2026-05-12,high,,False
False,1.369974,5,16°C|17°C|18°C|19°C|22°C or higher,26.652199997215998,-13.482199997015998,Seoul,1,False,470.17,443.51780000278404,470.17,50.0,23.347800002784002,0.0,13.482199997015998,4,13.1700000002,non_overlapping_yes_buckets,True,9.4034,C,2026-05-12,high,,False
False,8.60927,1,11°C,3.1262699761920003,8.609490053244,Seoul,1,False,661.59,658.463730023808,0.0,661.59,658.463730023808,0.0,-8.609490053244,0,11.735760029436001,overlapping_or_single_bucket_yes_markets,False,1.0,C,2026-05-12,low,,False
False,49.920052,1,29°C or higher,41.079999997399995,-41.079999997399995,Taipei,1,False,91.0,49.920000002600005,91.0,91.0,49.920000002600005,91.0,41.079999997399995,0,0.0,overlapping_or_single_bucket_yes_markets,False,1.0,C,2026-05-12,high,29°C or higher,True
False,45.614121,1,25°C or higher,60.218200006315,-31.926000004675004,Tokyo,1,False,140.45,80.23179999368499,77.53999999999999,140.45,80.23179999368499,77.53999999999999,31.926000004675004,0,28.292200001639998,overlapping_or_single_bucket_yes_markets,False,1.0,C,2026-05-12,high,25°C or higher,True
False,33.429639,4,25°C|26°C|27°C|28°C or higher,92.426320025413,32.835080002032,Busan,3,False,2014.3,1921.873679974587,408.29999999999995,66.72,-25.706320025413007,0.0,-32.835080002032,1,125.261400027445,non_overlapping_yes_buckets,True,30.19034772182254,C,2026-05-13,high,,False
False,8.285672,1,14°C,8.95550000225,8.285040000708998,Helsinki,1,False,144.7,135.74449999774998,0.009999999999990905,144.7,135.74449999774998,0.009999999999990905,-8.285040000708998,0,17.240540002958998,overlapping_or_single_bucket_yes_markets,False,1.0,C,2026-05-13,high,,False
False,33.893531,2,30°C|31°C or higher,65.81466599999987,33.88890400118012,Hong Kong,2,False,150.0,84.18533400000013,0.006664999999998145,83.306665,17.49199900000012,0.0,-33.88890400118012,0,99.70357000118,non_overlapping_yes_buckets,True,1.8005762204020532,C,2026-05-13,high,31°C or higher,True
True,nan,2,11°C|12°C,47.336259997154,-21.156259997154002,London,0,False,204.72,157.383740002846,101.81,101.81,54.473740002846,100.0,21.156259997154002,2,26.18,non_overlapping_yes_buckets,True,2.010804439642471,C,2026-05-13,high,,False
False,13.154888,2,18°C or below|22°C,18.228599996326,13.154799991295999,Moscow,2,False,269.0,250.771400003674,0.0,40.86,22.631400003674,0.0,-13.154799991295999,0,31.383399987622,non_overlapping_yes_buckets,True,6.5834557023984335,C,2026-05-13,high,22°C,True
False,90.890948,2,23°C or below|31°C,20.447149987468,-9.109019975371998,Qingdao,2,True,267.43,246.982850012532,100.0,100.0,79.552850012532,0.0,9.109019975371998,0,11.338130012096,non_overlapping_yes_buckets,True,2.6743,C,2026-05-13,high,23°C or below,True
False,-0.460729,3,17°C|18°C|23°C or higher,28.558730010578003,-6.355030018228003,Seoul,1,False,171.53,142.971269989422,150.0,150.0,121.441269989422,0.0,6.355030018228003,2,22.20369999235,non_overlapping_yes_buckets,True,1.1435333333333333,C,2026-05-13,high,,False
False,7.003085,2,32°C|33°C or higher,57.664169995322,-5.562369991512,Shenzhen,1,False,392.41999999999996,334.75583000467793,207.68999999999997,91.07,33.405830004677995,0.009999999999990905,5.562369991512,1,52.10180000381,non_overlapping_yes_buckets,True,4.308993082244427,C,2026-05-13,high,33°C or higher,True
True,nan,2,24°C|25°C,10.568159984444998,9.071160026654,Tel Aviv,0,False,465.85,455.281840015555,159.8,159.8,149.231840015555,113.98000000000002,-9.071160026654,2,19.639320011099,non_overlapping_yes_buckets,True,2.915206508135169,C,2026-05-13,high,,False
False,20.815665000000003,2,33°C or below|35°C,36.356350005746,20.815539998273003,Beijing,2,False,343.17,306.81364999425404,0.0,50.0,13.643649994253998,0.0,-20.815539998273003,0,57.171890004019005,non_overlapping_yes_buckets,True,6.8634,C,2026-05-14,high,33°C or below,True
False,-19.799429,2,27°C|28°C or higher,73.33788999691399,-19.79956999150499,Busan,2,False,134.57,61.23211000308601,0.0,94.0,20.662110003086013,0.0,19.79956999150499,0,53.538320005409,non_overlapping_yes_buckets,True,1.431595744680851,C,2026-05-14,high,,False
True,nan,2,13°C|14°C,33.042799991942005,-18.466599991782005,Istanbul,0,False,229.3,196.25720000805802,121.21,121.21,88.16720000805799,114.65,18.466599991782005,2,14.57620000016,non_overlapping_yes_buckets,True,1.891758105766851,C,2026-05-14,high,,False
True,nan,3,9°C|10°C|11°C,17.339739999205,-17.339739999205,London,0,False,485.84,468.500260000795,485.84,49.9,32.560260000795,49.9,17.339739999205,3,0.0,non_overlapping_yes_buckets,True,9.73627254509018,C,2026-05-14,high,,False
True,18.292088,2,between 94-95°F|between 96-97°F,61.484839977837,18.292240029677004,Miami,2,False,514.09,452.60516002216303,0.0,315.71,254.22516002216298,0.0,-18.292240029677004,0,79.777080007514,non_overlapping_yes_buckets,True,1.6283614709701943,F,2026-05-14,high,between 94-95°F,True
False,3.951683,1,14°C,10.774279990705,3.9516599976549998,Milan,1,False,244.55,233.77572000929501,0.0,244.55,233.77572000929501,0.0,-3.9516599976549998,0,14.72593998836,overlapping_or_single_bucket_yes_markets,False,1.0,C,2026-05-14,high,,False
False,10.066854,1,25°C,5.65123000052,10.06689000122,Moscow,1,False,215.8,210.14876999948,0.0,215.8,210.14876999948,0.0,-10.06689000122,0,15.718120001740001,overlapping_or_single_bucket_yes_markets,False,1.0,C,2026-05-14,high,,False
False,nan,1,11°C,9.334999999,-9.334999999,Paris,0,False,65.0,55.665000000999996,65.0,65.0,55.665000000999996,65.0,9.334999999,1,0.0,overlapping_or_single_bucket_yes_markets,False,1.0,C,2026-05-14,high,,False
False,49.788516,4,24°C|25°C|26°C|27°C or higher,222.07756400489896,-35.21460400151196,Seoul,4,True,276.613863,54.53629899510102,100.00386299999997,22.19,-199.88756400489896,0.0,35.21460400151196,0,186.862960003387,non_overlapping_yes_buckets,True,12.465699098693104,C,2026-05-14,high,26°C,True
False,nan,1,11°C or below,58.62195996047999,5.162349043480354,Seoul,0,False,1373.23,1314.6080400395201,537.4012680000001,1373.23,1314.6080400395201,537.4012680000001,-5.162349043480354,1,63.784309003960345,overlapping_or_single_bucket_yes_markets,False,1.0,C,2026-05-14,low,,False
False,-28.462799,2,22°C or below|23°C,37.781329990171,-37.026329990171,Shanghai,1,False,216.63,178.848670009829,216.63,197.77,159.988670009829,190.22,37.026329990171,1,0.755,non_overlapping_yes_buckets,True,1.095363300803964,C,2026-05-14,high,,False
True,nan,2,22°C|23°C,19.597079999358,-14.169079999358,Tokyo,0,False,151.1,131.502920000642,108.69375,72.56,52.962920000642,72.56,14.169079999358,2,5.428,non_overlapping_yes_buckets,True,2.082414553472988,C,2026-05-14,high,,False
False,4.976401,1,28°C,10.529219995239998,4.976350005487001,Busan,1,False,166.48999999999998,155.96078000475998,0.0,166.48999999999998,155.96078000475998,0.0,-4.976350005487001,0,15.505570000727,overlapping_or_single_bucket_yes_markets,False,1.0,C,2026-05-15,high,,False
False,0.488053,1,43°C,13.01564997243,0.4878000494640009,Lucknow,1,False,709.38,696.36435002757,0.0,709.38,696.36435002757,0.0,-0.4878000494640009,0,13.503450021894,overlapping_or_single_bucket_yes_markets,False,1.0,C,2026-05-15,high,,False
False,72.0375,4,23°C|24°C|25°C|26°C or higher,18.676469999965,-18.676469999965,Moscow,1,False,200.0,181.323530000035,200.0,84.75,66.07353000003499,84.75,18.676469999965,3,0.0,non_overlapping_yes_buckets,True,2.359882005899705,C,2026-05-15,high,23°C,True
False,54.0,1,26°C or higher,46.0,-46.0,Seoul,1,False,100.0,54.0,100.0,100.0,54.0,100.0,46.0,0,0.0,overlapping_or_single_bucket_yes_markets,False,1.0,C,2026-05-15,high,26°C or higher,True
False,84.63591100000001,2,28°C|30°C or higher,553.752699998529,-502.765199995161,Shenzhen,2,False,587.4,33.64730000147097,587.4,170.16,-383.59269999852904,0.0,502.765199995161,0,50.987500003368,non_overlapping_yes_buckets,True,3.4520451339915375,C,2026-05-15,high,28°C,True
False,13.959001,1,16°C,11.017100005495,13.959149981246,Wellington,1,False,273.01,261.99289999450497,0.0,273.01,261.99289999450497,0.0,-13.959149981246,0,24.976249986741,overlapping_or_single_bucket_yes_markets,False,1.0,C,2026-05-15,high,,False
False,1.652007,4,18°C|21°C|22°C|23°C,30.877519992167997,1.222880012057999,Ankara,3,False,154.68,123.802480007832,39.0,39.0,8.122480007832003,0.0,-1.222880012057999,1,32.100400004225996,non_overlapping_yes_buckets,True,3.9661538461538464,C,2026-05-16,high,,False
False,13.269296,2,13°C|15°C,12.254350002884,7.358699995970003,Buenos Aires,1,False,155.38,143.125649997116,69.89,69.89,57.635649997116005,0.0,-7.358699995970003,1,19.613049998854002,non_overlapping_yes_buckets,True,2.223207898125626,C,2026-05-16,high,,False
False,2.29822,2,between 70-71°F|72°F or higher,0.8238800000000001,2.29822,Los Angeles,2,False,6.64,5.81612,0.0,5.98,5.1561200000000005,0.0,-2.29822,0,3.1221,non_overlapping_yes_buckets,True,1.1103678929765886,F,2026-05-16,high,,False
True,-0.7942949999999998,2,21°C|22°C,10.503600002164,-0.794340004563999,Moscow,2,False,92.62,82.116399997836,0.0,83.0,72.496399997836,0.0,0.794340004563999,0,9.7092599976,non_overlapping_yes_buckets,True,1.1159036144578314,C,2026-05-16,high,,False
False,nan,1,14°C,0.400408,-0.400408,Munich,0,False,20.0204,19.619992,20.0204,20.0204,19.619992,20.0204,0.400408,1,0.0,overlapping_or_single_bucket_yes_markets,False,1.0,C,2026-05-16,high,,False
False,0.453242,1,14°C,9.527000000000001,0.45239799884815746,Paris,1,False,77.9,68.373,0.0066700000000139426,77.9,68.373,0.0066700000000139426,-0.45239799884815746,0,9.979397998848158,overlapping_or_single_bucket_yes_markets,False,1.0,C,2026-05-16,high,,False
True,596.4,2,21°C|22°C,4.0,595.4,Qingdao,1,False,600.0,596.0,10.0,10.0,6.0,0.0,-595.4,1,599.4,non_overlapping_yes_buckets,True,60.0,C,2026-05-16,high,21°C,True
True,nan,2,23°C|24°C,17.394919998592,-17.394919998592,Sao Paulo,0,False,63.41,46.015080001407995,63.41,59.64,42.245080001408,59.64,17.394919998592,2,0.0,non_overlapping_yes_buckets,True,1.063212608987257,C,2026-05-16,high,,False
False,63.157116,3,24°C|25°C|26°C or higher,36.851040003129995,63.15695999279501,Seoul,3,False,200.0,163.14895999687002,0.0,106.45,69.59895999687001,0.0,-63.15695999279501,0,100.007999995925,non_overlapping_yes_buckets,True,1.8788163457022076,C,2026-05-16,high,24°C,True
True,146.038813,3,24°C|25°C|26°C,71.440159993227,-49.252159993103,Shenzhen,1,False,261.09000000000003,189.64984000677305,222.76,222.76,151.319840006773,181.91000000000003,49.252159993103,2,22.188000000124,non_overlapping_yes_buckets,True,1.1720685940025142,C,2026-05-16,high,26°C,True
False,-1.5598889999999999,2,27°C|28°C or higher,24.00876399720429,-1.5613639958042924,Tokyo,2,False,157.046857,133.0380930027957,0.008166000000016993,156.298166,132.28940200279573,0.00685699999999656,1.5613639958042924,0,22.4474000014,non_overlapping_yes_buckets,True,1.0047901457781658,C,2026-05-16,high,,False
False,2.791882,2,18°C|25°C,9.18231602388897,2.7917839608720296,Toronto,2,False,495.92,486.73768397611104,0.0012100000000003774,24.11121,14.92889397611103,0.0,-2.7917839608720296,0,11.974099984760999,non_overlapping_yes_buckets,True,20.56802624173569,C,2026-05-16,high,,False
False,3.445033,1,21°C,10.325950004017,3.4448899783589972,Ankara,1,False,395.39,385.064049995983,0.0,395.39,385.064049995983,0.0,-3.4448899783589972,0,13.770839982375998,overlapping_or_single_bucket_yes_markets,False,1.0,C,2026-05-17,high,,False
False,5.677997,1,20°C,18.696549988567,5.677290017422997,Beijing,1,False,931.43,912.733450011433,0.0,931.43,912.733450011433,0.0,-5.677290017422997,0,24.373840005989997,overlapping_or_single_bucket_yes_markets,False,1.0,C,2026-05-17,high,,False
False,87.290686,1,30°C,22.84939999934,-22.84939999934,Busan,1,False,110.14,87.29060000065999,110.14,110.14,87.29060000065999,110.14,22.84939999934,0,0.0,overlapping_or_single_bucket_yes_markets,False,1.0,C,2026-05-17,high,30°C,True
True,80.998036,2,18°C|19°C,39.49699998675,80.72744001325,London,1,False,601.0,561.50300001325,233.04000000000002,106.5,67.00300001325,0.0,-80.72744001325,1,120.22444,non_overlapping_yes_buckets,True,5.643192488262911,C,2026-05-17,high,18°C,True
True,1.579163,5,between 80-81°F|between 82-83°F|between 84-85°F|between 86-87°F|between 88-89°F,104.675389990921,-47.346240025401,Miami,1,False,4008.03,3903.3546100090794,229.52999999999997,111.47,6.794610009078994,0.0,47.346240025401,4,57.32914996552,non_overlapping_yes_buckets,True,35.95613169462636,F,2026-05-17,high,,False
False,3.630675,1,22°C,17.096600002271998,3.6306999993600044,Milan,1,False,84.72,67.623399997728,0.0,84.72,67.623399997728,0.0,-3.6306999993600044,0,20.727300001632003,overlapping_or_single_bucket_yes_markets,False,1.0,C,2026-05-17,high,,False
False,7.286917,2,27°C|28°C or higher,7.79500000675,7.2870300005000015,Moscow,2,False,135.0,127.20499999325,0.0,107.5,99.70499999325,0.0,-7.2870300005000015,0,15.082030007250001,non_overlapping_yes_buckets,True,1.255813953488372,C,2026-05-17,high,,False
True,1.039409,2,17°C|18°C,13.437892971649001,1.0387270119219991,Paris,2,False,1050.97075,1037.532857028351,0.0007499999999254214,100.0,86.562107028351,0.0,-1.0387270119219991,0,14.476619983571,non_overlapping_yes_buckets,True,10.5097075,C,2026-05-17,high,,False
False,4.831571,1,20°C or below,9.73548999602,4.831480001699999,Qingdao,1,False,184.85,175.11451000398,0.0,184.85,175.11451000398,0.0,-4.831480001699999,0,14.56696999772,overlapping_or_single_bucket_yes_markets,False,1.0,C,2026-05-17,high,,False
False,-17.1858,2,21°C|23°C or higher,38.044719994248,-17.987819993458,Sao Paulo,1,False,395.68,357.635280005752,204.06,150.0,111.955280005752,0.0,17.987819993458,1,20.056900000789998,non_overlapping_yes_buckets,True,2.6378666666666666,C,2026-05-17,high,,False
False,21.814118,1,26°C or higher,27.998565000000003,21.812835001835996,Seoul,1,False,199.98975,171.99118499999997,0.009749999999996817,199.98975,171.99118499999997,0.009749999999996817,-21.812835001835996,0,49.811400001836,overlapping_or_single_bucket_yes_markets,False,1.0,C,2026-05-17,high,,False
True,0.25161599999999995,3,24°C|25°C|26°C,15.690549999724999,-14.650669998802998,Shenzhen,2,False,71.92,56.229450000275,71.92,22.86,7.169450000275001,0.0,14.650669998802998,1,1.039880000922,non_overlapping_yes_buckets,True,3.146106736657918,C,2026-05-17,high,,False
False,-7.695493,1,32°C,29.464880000213,-7.696430994153868,Tel Aviv,1,False,202.42000000000002,172.95511999978703,0.005557000000010248,202.42000000000002,172.95511999978703,0.005557000000010248,7.696430994153868,0,21.768449006059132,overlapping_or_single_bucket_yes_markets,False,1.0,C,2026-05-17,high,,False
False,nan,1,22°C,2.4425000000000003,-2.4425000000000003,Chongqing,0,False,48.85,46.4075,48.85,48.85,46.4075,48.85,2.4425000000000003,1,0.0,overlapping_or_single_bucket_yes_markets,False,1.0,C,2026-05-18,high,,False
True,nan,3,42°C|43°C|44°C,41.11553000587,1.3238779994727423,Jeddah,0,False,263.86,222.74446999413001,80.24,157.97,116.85446999413,54.33000000000001,-1.3238779994727423,3,42.43940800534274,non_overlapping_yes_buckets,True,1.6703171488257265,C,2026-05-18,high,,False
False,nan,1,19°C,15.4,-15.4,Qingdao,0,False,140.0,124.6,140.0,140.0,124.6,140.0,15.4,1,0.0,overlapping_or_single_bucket_yes_markets,False,1.0,C,2026-05-18,high,,False
True,nan,3,18°C|19°C|20°C,27.453079997798003,-27.453079997798003,Sao Paulo,0,False,150.0,122.546920002202,150.0,11.74,-15.713079997798003,11.74,27.453079997798003,3,0.0,non_overlapping_yes_buckets,True,12.776831345826235,C,2026-05-18,high,,False
False,nan,2,33°C|34°C or higher,25.042850004561,-25.042850004561,Taipei,0,False,99.35,74.30714999543899,99.35,82.93,57.887149995439,82.93,25.042850004561,2,0.0,non_overlapping_yes_buckets,True,1.1979983118292534,C,2026-05-18,high,,False
False,nan,1,23°C,4.4270150004305115,-4.4270150004305115,Wuhan,0,False,36.287008,31.85999299956949,36.287008,36.287008,31.85999299956949,36.287008,4.4270150004305115,1,0.0,overlapping_or_single_bucket_yes_markets,False,1.0,C,2026-05-18,high,,False
True,0.673199,2,27°C|28°C,4.4058,0.6731999996939999,Shanghai,2,False,14.66,10.2542,0.0,10.0,5.5942,0.0,-0.6731999996939999,0,5.078999999694,non_overlapping_yes_buckets,True,1.466,C,2026-05-20,high,27°C,True
False,91.168095,3,29°C|30°C|31°C or higher,69.9827260019,-35.75862599996301,Shenzhen,1,False,254.48000000000002,184.4972739981,100.01000000000002,66.45,-3.532726001900002,66.45,35.75862599996301,2,34.224100001936996,non_overlapping_yes_buckets,True,3.8296463506395786,C,2026-05-20,high,31°C or higher,True
False,3.72,2,35°C|36°C or higher,0.36000000000000004,-0.36000000000000004,Taipei,1,False,4.0,3.64,4.0,4.0,3.64,4.0,0.36000000000000004,1,0.0,non_overlapping_yes_buckets,True,1.0,C,2026-05-20,high,35°C,True
False,0.309484,1,14°C,16.267450011570002,0.3098099864399977,Ankara,1,False,514.95,498.68254998843,0.0,514.95,498.68254998843,0.0,-0.3098099864399977,0,16.57725999801,overlapping_or_single_bucket_yes_markets,False,1.0,C,2026-05-21,high,,False
False,19.264678,2,31°C|32°C or higher,53.776603037080086,19.262246941138905,Beijing,2,False,926.100562,872.3239589629198,0.009999999999990905,566.31,512.5333969629198,0.0005619999999453285,-19.262246941138905,0,73.03884997821899,non_overlapping_yes_buckets,True,1.6353244018293869,C,2026-05-21,high,,False
True,226.741546,6,17°C|18°C|19°C|20°C|21°C|22°C,110.756109965402,226.738520017744,Busan,6,False,778.89,668.1338900345979,0.009999999999990905,138.88,28.12389003459799,0.0,-226.738520017744,0,337.494629983146,non_overlapping_yes_buckets,True,5.608366935483871,C,2026-05-21,high,21°C,True
True,136.354426,3,24°C|25°C|26°C,92.30519998312,118.63029501443906,London,1,False,466.12,373.81480001688,466.12,242.0,149.69480001687998,0.0031329999999911706,-118.63029501443906,2,210.93549499755906,non_overlapping_yes_buckets,True,1.926115702479339,C,2026-05-21,high,24°C,True
False,10.720179,1,21°C,13.543229983045,10.719710008875,Mexico City,1,False,591.85,578.306770016955,0.0,591.85,578.306770016955,0.0,-10.719710008875,0,24.26293999192,overlapping_or_single_bucket_yes_markets,False,1.0,C,2026-05-21,high,,False
False,nan,1,33°C or higher,1.199988,-1.199988,Moscow,0,False,599.994,598.7940120000001,599.994,599.994,598.7940120000001,599.994,1.199988,1,0.0,overlapping_or_single_bucket_yes_markets,False,1.0,C,2026-05-21,high,,False
False,8.268253,1,between 64-65°F,24.477509999566003,8.268209997819994,New York City,1,False,249.62,225.142490000434,0.0,249.62,225.142490000434,0.0,-8.268209997819994,0,32.745719997386,overlapping_or_single_bucket_yes_markets,False,1.0,F,2026-05-21,high,,False
False,10.23112,2,27°C|29°C,11.651649997576001,10.230990008423998,Panama City,2,False,390.32,378.668350002424,0.0,340.0,328.348350002424,0.0,-10.230990008423998,0,21.882640006,non_overlapping_yes_buckets,True,1.148,C,2026-05-21,high,,False
False,nan,1,25°C,24.0,-2.9478000026939988,Paris,0,False,100.0,76.0,11.14,100.0,76.0,11.14,2.9478000026939988,1,21.052199997306,overlapping_or_single_bucket_yes_markets,False,1.0,C,2026-05-21,high,,False
False,37.81666,1,19°C or below,34.314629998545996,37.81642999238501,Qingdao,1,False,403.24,368.925370001454,0.0,403.24,368.925370001454,0.0,-37.81642999238501,0,72.131059990931,overlapping_or_single_bucket_yes_markets,False,1.0,C,2026-05-21,high,,False
False,78.712118,4,18°C|20°C|21°C|22°C or higher,96.47883598040272,72.83611401949528,Seoul,3,False,938.6600000000001,842.1811640195974,129.41,87.403183,-9.075652980402722,0.0,-72.83611401949528,1,169.314949999898,non_overlapping_yes_buckets,True,10.739425817020875,C,2026-05-21,high,20°C,True
False,-40.732943999999996,6,26°C|27°C|29°C|30°C|31°C|32°C or higher,134.541259957617,-83.286929933458,Shenzhen,5,False,496.18,361.638740042383,116.53999999999999,106.67,-27.871259957617,0.0,83.286929933458,1,51.254330024159,non_overlapping_yes_buckets,True,4.651542139308146,C,2026-05-21,high,29°C,True
False,6.17762,3,36°C|37°C|38°C or higher,13.329999999499998,6.177600000500002,Taipei,3,False,40.0,26.670000000500004,0.0,6.0,-7.329999999499998,0.0,-6.177600000500002,0,19.5076,non_overlapping_yes_buckets,True,6.666666666666667,C,2026-05-21,high,36°C,True
True,-6.0066,2,24°C|25°C,28.67500000165,-11.93660000165,Warsaw,1,False,100.0,71.32499999835,51.5,51.5,22.82499999835,0.0,11.93660000165,1,16.738400000000002,non_overlapping_yes_buckets,True,1.941747572815534,C,2026-05-21,high,24°C,True
False,nan,1,26°C,13.460899997004999,-13.460899997004999,Amsterdam,0,False,187.49,174.02910000299502,187.49,187.49,174.02910000299502,187.49,13.460899997004999,1,0.0,overlapping_or_single_bucket_yes_markets,False,1.0,C,2026-05-22,high,,False
False,nan,1,23°C,6.253819989456001,-6.253819989456001,Beijing,0,False,329.68,323.426180010544,329.68,329.68,323.426180010544,329.68,6.253819989456001,1,0.0,overlapping_or_single_bucket_yes_markets,False,1.0,C,2026-05-22,high,,False
False,37.122652,5,8°C or below|9°C|10°C|11°C|12°C,64.04628704101201,37.118412958888996,Buenos Aires,5,False,1418.1399999999999,1354.093712958988,0.009999999999763531,103.36,39.31371295898799,0.0,-37.118412958888996,0,101.164699999901,non_overlapping_yes_buckets,True,13.720394736842104,C,2026-05-22,high,,False
False,8.229837,3,21°C|24°C|25°C,28.987560017042004,8.230010001952,Busan,3,False,553.94,524.952439982958,0.0,36.57,7.582439982957997,0.0,-8.230010001952,0,37.217570018994,non_overlapping_yes_buckets,True,15.147388569866012,C,2026-05-22,high,,False
False,7.201128,1,31°C or higher,88.94400000000002,7.201299995087993,Hong Kong,1,False,222.36,133.416,0.0,222.36,133.416,0.0,-7.201299995087993,0,96.14529999508801,overlapping_or_single_bucket_yes_markets,False,1.0,C,2026-05-22,high,31°C or higher,True
False,400.775769,4,27°C|28°C|29°C|30°C or higher,245.05597800452512,318.9623200027033,London,1,True,933.781167,688.7251889954748,426.951167,200.0,-45.055978004525116,13.012436000000093,-318.9623200027033,3,564.0182980072284,non_overlapping_yes_buckets,True,4.668905835,C,2026-05-22,high,28°C,True
False,nan,1,33°C,1.901029998,4.029170002,Madrid,0,False,346.01,344.108970002,120.0,346.01,344.108970002,120.0,-4.029170002,1,5.9302,overlapping_or_single_bucket_yes_markets,False,1.0,C,2026-05-22,high,,False
False,0.140913,1,31°C,2.5486400049599998,0.14079999213000027,Moscow,1,False,260.96,258.41135999503996,0.009999999999990905,260.96,258.41135999503996,0.009999999999990905,-0.14079999213000027,0,2.68943999709,overlapping_or_single_bucket_yes_markets,False,1.0,C,2026-05-22,high,,False
False,-12.839158,1,27°C or higher,45.998863999896095,-12.840163997797092,Seoul,1,False,199.99506,153.9961960001039,0.005059999999986076,199.99506,153.9961960001039,0.005059999999986076,12.840163997797092,0,33.158700002099,overlapping_or_single_bucket_yes_markets,False,1.0,C,2026-05-22,high,,False
False,51.073983999999996,3,27°C|28°C|32°C or higher,215.64294300831784,-66.88770301730983,Shenzhen,3,True,595.822839,380.1798959916822,235.92283900000007,96.94,-118.70294300831785,0.0,66.88770301730983,0,148.755239991008,non_overlapping_yes_buckets,True,6.146305333195792,C,2026-05-22,high,32°C or higher,True
False,5.497022,2,35°C|36°C or higher,28.13901199761768,5.4956780087023205,Taipei,2,False,147.444285,119.30527300238234,0.00711099999999476,109.987111,81.84809900238233,0.004285000000010086,-5.4956780087023205,0,33.63469000632,non_overlapping_yes_buckets,True,1.3405596679414555,C,2026-05-22,high,,False
False,4.859733,1,17°C,27.466599995456,4.859700000593001,Toronto,1,False,140.87,113.40340000454401,0.0,140.87,113.40340000454401,0.0,-4.859700000593001,0,32.326299996049,overlapping_or_single_bucket_yes_markets,False,1.0,C,2026-05-22,high,,False
False,-3.716021,1,24°C,31.93469999446,-3.716099990222002,Warsaw,1,False,167.66,135.72530000554,0.0,167.66,135.72530000554,0.0,3.716099990222002,0,28.218600004238,overlapping_or_single_bucket_yes_markets,False,1.0,C,2026-05-22,high,,False
False,nan,1,27°C,12.849215,-12.849215,Beijing,0,False,484.9523,472.10308499999996,484.9523,484.9523,472.10308499999996,484.9523,12.849215,1,0.0,overlapping_or_single_bucket_yes_markets,False,1.0,C,2026-05-23,high,,False
False,3.627518,1,18°C,21.511750045832,3.6248499271389996,Busan,1,False,1978.11,1956.5982499541678,0.0,1978.11,1956.5982499541678,0.0,-3.6248499271389996,0,25.136599972971,overlapping_or_single_bucket_yes_markets,False,1.0,C,2026-05-23,high,,False
False,-14.749991,1,26°C or higher,18.40632500267433,-14.750144994260328,Helsinki,1,False,263.930031,245.52370599732566,3.099999997857594e-05,263.930031,245.52370599732566,3.099999997857594e-05,14.750144994260328,0,3.656180008414,overlapping_or_single_bucket_yes_markets,False,1.0,C,2026-05-23,high,,False
False,nan,2,32°C|33°C or higher,11.80896699961538,-11.80896699961538,Hong Kong,0,False,31.0,19.19103300038462,31.0,28.032966,16.223999000384616,28.032966,11.80896699961538,2,0.0,non_overlapping_yes_buckets,True,1.1058408874751249,C,2026-05-23,high,,False
False,1.7159209999999998,3,27°C|28°C|30°C,93.7584759953587,-5.687636003134699,London,2,False,1188.674417,1094.9159410046414,237.50708599999996,26.73,-67.02847599535869,0.0,5.687636003134699,1,88.070839992224,non_overlapping_yes_buckets,True,44.469675158997376,C,2026-05-23,high,30°C,True
False,-7.99984,1,20°C or below,8.999897993057107,-7.999917993057108,Qingdao,1,False,999.988665,990.9887670069429,0.008664999999950851,999.988665,990.9887670069429,0.008664999999950851,7.999917993057108,0,0.9999800000000001,overlapping_or_single_bucket_yes_markets,False,1.0,C,2026-05-23,high,,False
True,180.384089,4,16°C|17°C|18°C|19°C,29.000127992500904,171.2080720049691,Sao Paulo,1,False,442.28,413.2798720074991,347.85999999999996,171.07000000000002,142.06987200749913,0.009612000000004173,-171.2080720049691,3,200.20819999747,non_overlapping_yes_buckets,True,2.5853744081370196,C,2026-05-23,high,18°C,True
True,-2.750376,2,19°C|20°C,48.364299002355004,-9.205990029277089,Seoul,1,False,2906.813,2858.448700997645,147.53,147.53,99.16570099764499,0.004780000000209839,9.205990029277089,1,39.158308973077915,non_overlapping_yes_buckets,True,19.70319934928489,C,2026-05-23,high,,False
False,nan,3,32°C|33°C|34°C or higher,176.88675200530378,-102.80945200670777,Shenzhen,0,False,672.3199999999999,495.43324799469616,437.2099999999999,171.96,-4.9267520053037686,171.96,102.80945200670777,3,74.077299998596,non_overlapping_yes_buckets,True,3.9097464526634096,C,2026-05-23,high,,False
False,1.739556,1,30°C,4.49928,1.7396100033650006,Wuhan,1,False,499.92,495.42072,0.0,499.92,495.42072,0.0,-1.7396100033650006,0,6.238890003365,overlapping_or_single_bucket_yes_markets,False,1.0,C,2026-05-23,high,,False
False,nan,1,25°C,11.649600000816,-11.649600000816,Amsterdam,0,False,160.68,149.030399999184,160.68,160.68,149.030399999184,160.68,11.649600000816,1,0.0,overlapping_or_single_bucket_yes_markets,False,1.0,C,2026-05-24,high,,False
False,nan,1,20°C,15.320360004892,-4.685360006892001,Ankara,0,False,188.84,173.519639995108,118.84,188.84,173.519639995108,118.84,4.685360006892001,1,10.634999998,overlapping_or_single_bucket_yes_markets,False,1.0,C,2026-05-24,high,,False
True,-4.433229,2,13°C|14°C,35.859319995732,-13.148349997620002,Buenos Aires,1,False,212.13,176.270680004268,147.83999999999997,76.53,40.670680004268,0.0,13.148349997620002,1,22.710969998112,non_overlapping_yes_buckets,True,2.7718541748333987,C,2026-05-24,high,,False
False,nan,1,23°C,4.0,-4.0,Busan,0,False,200.0,196.0,200.0,200.0,196.0,200.0,4.0,1,0.0,overlapping_or_single_bucket_yes_markets,False,1.0,C,2026-05-24,high,,False
False,nan,1,22°C or higher,0.9211,-0.9211,Helsinki,0,False,92.11,91.1889,92.11,92.11,91.1889,92.11,0.9211,1,0.0,overlapping_or_single_bucket_yes_markets,False,1.0,C,2026-05-24,high,,False
False,-15.59571,4,27°C|28°C|29°C|31°C,69.988000004394,-34.889529991851994,London,3,False,764.3199999999999,694.3319999956059,199.9999999999999,130.98,60.991999995605994,0.0,34.889529991851994,1,35.098470012542,non_overlapping_yes_buckets,True,5.835394716750649,C,2026-05-24,high,,False
False,nan,1,between 84-85°F,0.7320099992001665,-0.7320099992001665,Miami,0,False,61.000833,60.268823000799834,61.000833,61.000833,60.268823000799834,61.000833,0.7320099992001665,1,0.0,overlapping_or_single_bucket_yes_markets,False,1.0,F,2026-05-24,high,,False
False,1.39841,1,31°C,14.364700000524998,1.3983999981420006,Milan,1,False,56.57,42.205299999475,0.0,56.57,42.205299999475,0.0,-1.3983999981420006,0,15.763099998666998,overlapping_or_single_bucket_yes_markets,False,1.0,C,2026-05-24,high,,False
True,168.559,2,21°C|22°C,72.22288499828224,157.3967130012938,Moscow,1,False,325.82,253.59711500171775,198.970553,198.970553,126.74766800171776,0.0006089999999971951,-157.3967130012938,1,229.61959799957603,non_overlapping_yes_buckets,True,1.6375287452711658,C,2026-05-24,high,21°C,True
True,nan,2,between 52-53°F|between 54-55°F,13.188460000000001,-12.14846,New York City,0,False,343.12,329.93154,213.12,110.0,96.81154,110.0,12.14846,2,1.04,non_overlapping_yes_buckets,True,3.1192727272727274,F,2026-05-24,high,,False
False,-1.632145,1,32°C,4.976067997092233,-1.632367997554233,Paris,1,False,82.934466,77.95839800290777,0.004465999999993642,82.934466,77.95839800290777,0.004465999999993642,1.632367997554233,0,3.3436999995380003,overlapping_or_single_bucket_yes_markets,False,1.0,C,2026-05-24,high,,False
True,nan,3,19°C|20°C|21°C,13.728641995283121,-13.728641995283121,Qingdao,0,False,399.990181,386.2615390047169,399.990181,3.614452,-10.114189995283121,3.614452,13.728641995283121,3,0.0,non_overlapping_yes_buckets,True,110.66412861479417,C,2026-05-24,high,,False
False,0.3825749999999999,2,24°C|25°C or higher,21.688200007642,0.3826399817560038,Sao Paulo,2,False,173.5,151.811799992358,0.0,150.11,128.42179999235802,0.0,-0.3826399817560038,0,22.070839989398003,non_overlapping_yes_buckets,True,1.1558190660182532,C,2026-05-24,high,25°C or higher,True
False,-1.365868,2,between 72-73°F|74°F or higher,36.82229999716199,-1.3659629960773003,Seattle,2,False,222.42,185.597700002838,4.9999999873762135e-06,164.76,127.937700002838,0.0,1.3659629960773003,0,35.45633700108469,non_overlapping_yes_buckets,True,1.3499635833940278,F,2026-05-24,high,between 72-73°F,True
False,0.095,1,24°C,0.10999999999999999,0.09500000000000003,Seoul,1,False,5.0,4.89,0.0,5.0,4.89,0.0,-0.09500000000000003,0,0.20500000000000002,overlapping_or_single_bucket_yes_markets,False,1.0,C,2026-05-24,high,24°C,True
False,nan,1,21°C,0.7994,-0.7994,Shanghai,0,False,57.1,56.3006,57.1,57.1,56.3006,57.1,0.7994,1,0.0,overlapping_or_single_bucket_yes_markets,False,1.0,C,2026-05-24,low,,False
False,-8.748072,1,33°C,35.25139999446,-8.748199993964,Shenzhen,1,False,158.56,123.30860000554,0.0,158.56,123.30860000554,0.0,8.748199993964,0,26.503200000496,overlapping_or_single_bucket_yes_markets,False,1.0,C,2026-05-24,high,,False
False,nan,1,32°C,2.9450000015,-2.9450000015,Taipei,0,False,235.0,232.0549999985,235.0,235.0,232.0549999985,235.0,2.9450000015,1,0.0,overlapping_or_single_bucket_yes_markets,False,1.0,C,2026-05-24,high,,False
True,48.586887,2,13°C|14°C,3.078140001496,-3.078140001496,Toronto,1,False,65.0,61.921859998504,65.0,51.03,47.951859998504,51.03,3.078140001496,1,0.0,non_overlapping_yes_buckets,True,1.2737605330197923,C,2026-05-24,high,14°C,True
False,0.275247,1,26°C,14.49,0.2753000018999998,Warsaw,1,False,63.0,48.51,0.0,63.0,48.51,0.0,-0.2753000018999998,0,14.7653000019,overlapping_or_single_bucket_yes_markets,False,1.0,C,2026-05-24,high,,False
False,nan,1,30°C,3.2,-3.2,Wuhan,0,False,200.0,196.8,200.0,200.0,196.8,200.0,3.2,1,0.0,overlapping_or_single_bucket_yes_markets,False,1.0,C,2026-05-24,high,,False
False,nan,1,30°C,2.1929999999999996,-2.1929999999999996,Chengdu,0,False,73.1,70.907,73.1,73.1,70.907,73.1,2.1929999999999996,1,0.0,overlapping_or_single_bucket_yes_markets,False,1.0,C,2026-05-25,high,,False
False,-9.722394,1,33°C or higher,37.93657400763153,-9.722876000342616,Hong Kong,1,False,434.069566,396.1329919923685,0.0006799999999884676,434.069566,396.1329919923685,0.0006799999999884676,9.722876000342616,0,28.21369800728891,overlapping_or_single_bucket_yes_markets,False,1.0,C,2026-05-25,high,,False
True,nan,4,32°C|33°C|34°C|35°C,119.82740604432615,-110.48050601240016,London,0,False,2139.856333,2020.028926955674,791.4363330000001,199.99591600000002,80.16850995567387,199.99591600000002,110.48050601240016,4,9.346900031926,non_overlapping_yes_buckets,True,10.699500148793039,C,2026-05-25,high,,False
True,nan,3,28°C|29°C|30°C,14.53282,-14.53282,Madrid,0,False,1198.42,1183.8871800000002,1198.42,374.66,360.12718,374.66,14.53282,3,0.0,non_overlapping_yes_buckets,True,3.1986868093738323,C,2026-05-25,high,,False
True,69.7495,2,between 84-85°F|between 86-87°F,17.117408003843998,67.63209199615599,Miami,1,False,352.3645,335.24709199615603,352.3645,100.0,82.88259199615601,0.0,-67.63209199615599,1,84.7495,non_overlapping_yes_buckets,True,3.523645,F,2026-05-25,high,between 86-87°F,True
False,3.402002,1,34°C or higher,27.768599002559313,3.4015009824606857,Paris,1,False,348.302487,320.5338879974407,0.0024869999999737047,348.302487,320.5338879974407,0.0024869999999737047,-3.4015009824606857,0,31.17009998502,overlapping_or_single_bucket_yes_markets,False,1.0,C,2026-05-25,high,,False
False,nan,1,27°C,0.8300000000000001,-0.8300000000000001,Qingdao,0,False,83.0,82.17,83.0,83.0,82.17,83.0,0.8300000000000001,1,0.0,overlapping_or_single_bucket_yes_markets,False,1.0,C,2026-05-25,high,,False
False,nan,1,between 60-61°F,0.17729999999999999,-0.17729999999999999,San Francisco,0,False,1.97,1.7927,1.97,1.97,1.7927,1.97,0.17729999999999999,1,0.0,overlapping_or_single_bucket_yes_markets,False,1.0,F,2026-05-25,high,,False
True,-3.37195,3,23°C|24°C|25°C,12.897279990982998,-11.799279987910998,Sao Paulo,1,False,295.84,282.94272000901697,295.84,122.8842,109.98692000901701,0.004200000000011528,11.799279987910998,2,1.098000003072,non_overlapping_yes_buckets,True,2.4074697967680136,C,2026-05-25,high,,False
False,0.0,1,between 64-65°F,0.00030000000000000003,-0.00030000000000000003,Seattle,1,False,0.1,0.09970000000000001,0.1,0.1,0.09970000000000001,0.1,0.00030000000000000003,0,0.0,overlapping_or_single_bucket_yes_markets,False,1.0,F,2026-05-25,high,,False
False,nan,1,26°C,20.953282000632004,-13.044582002157004,Seoul,0,False,179.834775,158.881492999368,107.08477500000001,179.834775,158.881492999368,107.08477500000001,13.044582002157004,1,7.908699998475,overlapping_or_single_bucket_yes_markets,False,1.0,C,2026-05-25,high,,False
False,77.133956,3,33°C|34°C|35°C or higher,95.703330002103,-55.62213000690301,Shenzhen,1,False,258.29,162.58666999789702,140.03,105.0,9.296669997896998,105.0,55.62213000690301,2,40.081199995199995,non_overlapping_yes_buckets,True,2.4599047619047623,C,2026-05-25,high,33°C,True
False,nan,3,38°C|39°C|40°C or higher,31.827943998162546,-26.927363995924544,Taipei,0,False,1346.425,1314.5970560018375,1183.245,150.0,118.17205600183746,150.0,26.927363995924544,3,4.900580002238001,non_overlapping_yes_buckets,True,8.976166666666666,C,2026-05-25,high,,False
True,nan,2,23°C|24°C,28.299020027567998,-28.299020027567998,Warsaw,0,False,559.92,531.620979972432,559.92,116.26,87.960979972432,116.26,28.299020027567998,2,0.0,non_overlapping_yes_buckets,True,4.816101840701875,C,2026-05-25,high,,False
False,nan,1,23°C,13.725412001479999,-13.725412001479999,Ankara,0,False,125.27019999999999,111.54478799852,125.27019999999999,125.27019999999999,111.54478799852,125.27019999999999,13.725412001479999,1,0.0,overlapping_or_single_bucket_yes_markets,False,1.0,C,2026-05-26,high,,False
False,195.432463,2,14°C or below|15°C,14.799800993518067,195.37099900648195,Buenos Aires,1,False,214.46,199.66019900648195,5.120083,5.120083,-9.679717993518068,0.0,-195.37099900648195,1,210.1708,non_overlapping_yes_buckets,True,41.886039738027684,C,2026-05-26,high,14°C or below,True
False,nan,1,23°C,4.998945,-4.998945,Busan,0,False,99.9789,94.97995499999999,99.9789,99.9789,94.97995499999999,99.9789,4.998945,1,0.0,overlapping_or_single_bucket_yes_markets,False,1.0,C,2026-05-26,high,,False
False,nan,3,35°C|36°C|37°C or higher,182.39596200430165,-39.98112598865393,London,0,False,1908.841833,1726.4458709956982,591.875,591.875,409.4790379956984,159.68183299999987,39.98112598865393,3,142.41483601564772,non_overlapping_yes_buckets,True,3.2250759586061246,C,2026-05-26,high,,False
False,nan,1,between 60-61°F,1.2869700000000002,-1.2869700000000002,Los Angeles,0,False,428.99,427.70303,428.99,428.99,427.70303,428.99,1.2869700000000002,1,0.0,overlapping_or_single_bucket_yes_markets,False,1.0,F,2026-05-26,high,,False
False,nan,1,33°C,11.400000001,-11.400000001,Madrid,0,False,99.0,87.599999999,99.0,99.0,87.599999999,99.0,11.400000001,1,0.0,overlapping_or_single_bucket_yes_markets,False,1.0,C,2026-05-26,high,,False
False,-0.88611,1,between 86-87°F,28.999999999999996,-0.886099999700992,Miami,1,False,100.0,71.0,0.0,100.0,71.0,0.0,0.886099999700992,0,28.113900000299004,overlapping_or_single_bucket_yes_markets,False,1.0,F,2026-05-26,high,between 86-87°F,True
False,nan,1,13°C,0.84,-0.84,Moscow,0,False,28.0,27.16,28.0,28.0,27.16,28.0,0.84,1,0.0,overlapping_or_single_bucket_yes_markets,False,1.0,C,2026-05-26,high,,False
False,-20.315199,1,33°C,49.98570000459401,-20.31540000306801,Paris,1,False,354.67,304.68429999540604,0.0,354.67,304.68429999540604,0.0,20.31540000306801,0,29.670300001525998,overlapping_or_single_bucket_yes_markets,False,1.0,C,2026-05-26,high,,False
False,nan,1,23°C,1.2,-1.2,Qingdao,0,False,300.0,298.8,300.0,300.0,298.8,300.0,1.2,1,0.0,overlapping_or_single_bucket_yes_markets,False,1.0,C,2026-05-26,high,,False
False,31.662803,3,22°C|23°C|25°C or higher,567.5350620223619,28.462837966301095,Seoul,2,False,633.18,65.64493797763805,199.997625,199.997625,-367.5374370223619,0.0,-28.462837966301095,1,595.997899988663,non_overlapping_yes_buckets,True,3.1659375955089466,C,2026-05-26,high,25°C or higher,True
False,-49.942809,1,34°C,54.4917100032,-49.944960010866,Shenzhen,1,False,681.9942,627.5024899968,0.004199999999968895,681.9942,627.5024899968,0.004199999999968895,49.944960010866,0,4.546749992334,overlapping_or_single_bucket_yes_markets,False,1.0,C,2026-05-26,high,,False
False,0.229878,2,27°C|30°C or higher,19.17339999834,-15.86449999744,Toronto,1,False,102.60000000000001,83.42660000166,102.60000000000001,30.79,11.61660000166,0.0,15.86449999744,1,3.3089000008999996,non_overlapping_yes_buckets,True,3.3322507307567397,C,2026-05-26,high,,False
False,nan,1,26°C,1.284485,-1.284485,Ankara,0,False,47.72425,46.439764999999994,47.72425,47.72425,46.439764999999994,47.72425,1.284485,1,0.0,overlapping_or_single_bucket_yes_markets,False,1.0,C,2026-05-27,high,,False
False,nan,1,32°C,11.0,-11.0,Chengdu,0,False,100.0,89.0,100.0,100.0,89.0,100.0,11.0,1,0.0,overlapping_or_single_bucket_yes_markets,False,1.0,C,2026-05-27,high,,False
False,nan,1,33°C,0.3,-0.3,Chongqing,0,False,30.0,29.7,30.0,30.0,29.7,30.0,0.3,1,0.0,overlapping_or_single_bucket_yes_markets,False,1.0,C,2026-05-27,high,,False
True,-2.700583,3,11°C|12°C|13°C,18.66735000045473,-18.18207000045473,Helsinki,1,False,485.28,466.6126499995452,277.392093,55.842321,37.174970999545266,0.0,18.18207000045473,2,0.48528,non_overlapping_yes_buckets,True,8.69018320352408,C,2026-05-27,high,,False
False,nan,1,26°C,22.5,-22.5,Istanbul,0,False,90.0,67.5,90.0,90.0,67.5,90.0,22.5,1,0.0,overlapping_or_single_bucket_yes_markets,False,1.0,C,2026-05-27,high,,False
True,nan,2,31°C|32°C,7.199953999966483,-7.199953999966483,Madrid,0,False,499.996166,492.7962120000335,499.996166,200.0,192.80004600003352,200.0,7.199953999966483,2,0.0,non_overlapping_yes_buckets,True,2.49998083,C,2026-05-27,high,,False
False,-8.083637,3,20°C|21°C|25°C or higher,19.849760002331,-11.740860005581,Sao Paulo,1,False,167.46,147.610239997669,167.46,77.5,57.650239997669004,0.0,11.740860005581,2,8.108899996749999,non_overlapping_yes_buckets,True,2.160774193548387,C,2026-05-27,high,,False
False,nan,1,23°C,67.733100002818,-24.129999999679,Seoul,0,False,386.72,318.98689999718204,184.39000000000001,386.72,318.98689999718204,184.39000000000001,24.129999999679,1,43.603100003139005,overlapping_or_single_bucket_yes_markets,False,1.0,C,2026-05-27,high,,False
False,nan,4,17°C|18°C|21°C|22°C,41.58649995767,-41.58649995767,Seoul,0,False,986.21,944.6235000423301,986.21,67.75,26.16350004233,67.75,41.58649995767,4,0.0,non_overlapping_yes_buckets,True,14.55660516605166,C,2026-05-27,low,,False
False,nan,1,26°C,4.65,-4.65,Shanghai,0,False,150.0,145.35,150.0,150.0,145.35,150.0,4.65,1,0.0,overlapping_or_single_bucket_yes_markets,False,1.0,C,2026-05-27,high,,False
False,nan,1,34°C,20.782829004911658,-20.782829004911658,Shenzhen,0,False,564.673534,543.8907049950884,564.673534,564.673534,543.8907049950884,564.673534,20.782829004911658,1,0.0,overlapping_or_single_bucket_yes_markets,False,1.0,C,2026-05-27,high,,False
False,nan,2,28°C|29°C or higher,72.18684,-63.260819988966006,Tokyo,0,False,1175.93,1103.74316,569.9918,569.9918,497.80496,365.2600000000001,63.260819988966006,2,8.926020011034,non_overlapping_yes_buckets,True,2.063064766896647,C,2026-05-27,high,,False
True,nan,3,21°C|22°C|23°C,22.7065719998189,-22.7065719998189,Toronto,0,False,724.64,701.933428000181,724.64,195.507544,172.8009720001811,195.507544,22.7065719998189,3,0.0,non_overlapping_yes_buckets,True,3.706455439898524,C,2026-05-27,high,,False
False,nan,1,23°C or below,8.418639992963,-8.418639992963,Wuhan,0,False,228.8,220.38136000703702,228.8,228.8,220.38136000703702,228.8,8.418639992963,1,0.0,overlapping_or_single_bucket_yes_markets,False,1.0,C,2026-05-27,high,,False
False,nan,3,12°C or below|13°C|14°C,17.5119800128,-17.5119800128,Buenos Aires,0,False,281.48,263.9680199872,281.48,118.42,100.9080199872,118.42,17.5119800128,3,0.0,non_overlapping_yes_buckets,True,2.3769633507853403,C,2026-05-28,high,,False
False,nan,1,26°C,17.685600002999998,-4.995700002199996,Busan,0,False,134.92000000000002,117.23439999700003,1.920000000000016,134.92000000000002,117.23439999700003,1.920000000000016,4.995700002199996,1,12.689900000800002,overlapping_or_single_bucket_yes_markets,False,1.0,C,2026-05-28,high,,False
True,nan,5,25°C|26°C|27°C|28°C|29°C,36.105760008879,-36.105760008879,London,0,False,585.0,548.894239991121,585.0,134.17,98.06423999112098,134.17,36.105760008879,5,0.0,non_overlapping_yes_buckets,True,4.360140120742342,C,2026-05-28,high,,False
False,89.9748,1,33°C,9.9972,89.97479999999999,Paris,1,False,111.08,101.08279999999999,0.0,111.08,101.08279999999999,0.0,-89.97479999999999,0,99.972,overlapping_or_single_bucket_yes_markets,False,1.0,C,2026-05-28,high,33°C,True
False,0.0,2,33°C|34°C or higher,0.40152000000000004,-0.40152000000000004,Qingdao,1,False,100.0,99.59848,100.0,0.76,0.35847999999999997,0.76,0.40152000000000004,1,0.0,non_overlapping_yes_buckets,True,131.57894736842104,C,2026-05-28,high,,False
True,111.02555,5,20°C|21°C|22°C|23°C|24°C,159.15339300844488,80.02392699323013,Seoul,2,False,1465.84,1306.686606991555,1000.0,122.32,-36.83339300844489,0.0,-80.02392699323013,3,239.177320001675,non_overlapping_yes_buckets,True,11.983649444081099,C,2026-05-28,high,23°C,True
False,nan,1,15°C,0.005,-0.005,Seoul,0,False,5.0,4.995,5.0,5.0,4.995,5.0,0.005,1,0.0,overlapping_or_single_bucket_yes_markets,False,1.0,C,2026-05-28,low,,False
False,-30.627312999999997,3,32°C|34°C|35°C or higher,56.575700000824,-30.629899999903998,Shenzhen,3,False,200.0,143.42429999917601,0.010000000000019327,41.0,-15.575700000824,0.0,30.629899999903998,0,25.945800000920002,non_overlapping_yes_buckets,True,4.878048780487805,C,2026-05-28,high,,False
False,-0.219947,1,26°C,75.100100001693,-0.22010000169299815,Busan,1,False,99.84,24.73989999830701,1.4210854715202004e-14,99.84,24.73989999830701,1.4210854715202004e-14,0.22010000169299815,0,74.88,overlapping_or_single_bucket_yes_markets,False,1.0,C,2026-05-29,high,26°C,True
True,71.624627,3,23°C|24°C|25°C,35.76762101442227,61.20697898957773,London,2,False,565.25,529.4823789855777,374.918135,120.0,84.23237898557772,0.0,-61.20697898957773,1,96.974600004,non_overlapping_yes_buckets,True,4.710416666666666,C,2026-05-29,high,,False
False,nan,2,21°C|22°C or higher,2.17256999708,-2.17256999708,London,0,False,134.88,132.70743000292,134.88,82.28,80.10743000292,82.28,2.17256999708,2,0.0,non_overlapping_yes_buckets,True,1.6392805055906658,C,2026-05-29,low,,False
False,-5.47988,4,21°C|22°C|23°C|25°C,155.105179999296,-19.36661995996002,Seoul,2,False,4536.21,4381.104820000704,605.165,59.03,-96.07517999929601,0.0,19.36661995996002,2,135.738560039336,non_overlapping_yes_buckets,True,76.84584109774691,C,2026-05-29,high,25°C,True
True,nan,2,35°C|36°C,83.045907996204,-50.361907996203996,Shenzhen,0,False,648.2351,565.189192003796,481.4251,172.3,89.25409200379602,72.30000000000001,50.361907996203996,2,32.684,non_overlapping_yes_buckets,True,3.762246662797446,C,2026-05-29,high,,False
False,-0.297214,1,29°C,20.3192,-0.29719999795199925,Taipei,1,False,92.36,72.0408,0.0,92.36,72.0408,0.0,0.29719999795199925,0,20.022000002048,overlapping_or_single_bucket_yes_markets,False,1.0,C,2026-05-29,high,29°C,True
False,-14.477659,1,31°C or higher,32.851,-14.477699999999999,Tokyo,1,False,167.03,134.179,0.0,167.03,134.179,0.0,14.477699999999999,0,18.3733,overlapping_or_single_bucket_yes_markets,False,1.0,C,2026-05-29,high,,False
True,-14.260604,2,15°C|16°C,31.243429997950997,-14.262310007617998,Ankara,2,False,870.33,839.086570002049,0.010000000000104592,200.12,168.876570002049,0.0,14.262310007617998,0,16.981119990333,non_overlapping_yes_buckets,True,4.349040575654607,C,2026-05-30,high,,False
False,-10.472909,3,25°C|26°C|30°C,46.493019996305,-25.850629985919,London,1,False,528.5500000000001,482.05698000369506,237.73000000000002,150.1,103.60698000369499,0.0,25.850629985919,2,20.642390010386002,non_overlapping_yes_buckets,True,3.5213191205862766,C,2026-05-30,high,,False
False,nan,1,between 66-67°F,0.9882,-0.9882,New York City,0,False,10.98,9.991800000000001,10.98,10.98,9.991800000000001,10.98,0.9882,1,0.0,overlapping_or_single_bucket_yes_markets,False,1.0,F,2026-05-30,high,,False
False,nan,2,30°C or below|34°C,13.266344000215032,-13.266344000215032,Qingdao,0,False,100.0,86.73365599978497,100.0,32.376342,19.10999799978497,32.376342,13.266344000215032,2,0.0,non_overlapping_yes_buckets,True,3.0886750578555167,C,2026-05-30,high,,False
False,nan,1,between 66-67°F,11.545479997,-11.545479997,Seattle,0,False,341.28,329.734520003,341.28,341.28,329.734520003,341.28,11.545479997,1,0.0,overlapping_or_single_bucket_yes_markets,False,1.0,F,2026-05-30,high,,False
False,-12.27002,2,26°C|27°C or higher,54.9086999985,-26.3884999955,Seoul,1,False,200.72,145.8113000015,139.2695,200.0,145.0913000015,0.0,26.3884999955,1,28.520200003,non_overlapping_yes_buckets,True,1.0036,C,2026-05-30,high,,False
False,0.5397909999999999,2,12°C or below|14°C,3.8,0.5400600054020002,Seoul,2,False,300.0,296.2,0.0,200.0,196.2,0.0,-0.5400600054020002,0,4.340060005402,non_overlapping_yes_buckets,True,1.5,C,2026-05-30,low,,False
False,nan,1,29°C or higher,2.73,-2.73,Tokyo,0,False,7.0,4.27,7.0,7.0,4.27,7.0,2.73,1,0.0,overlapping_or_single_bucket_yes_markets,False,1.0,C,2026-05-30,high,,False
False,-0.556365,1,23°C,14.57946,-0.5561999974439988,Warsaw,1,False,167.58,153.00054,0.0,167.58,153.00054,0.0,0.5561999974439988,0,14.023260002556,overlapping_or_single_bucket_yes_markets,False,1.0,C,2026-05-30,high,,False
False,-80.36240699999999,3,23°C|25°C|26°C or higher,231.499700001666,-109.48369999249302,Istanbul,2,False,528.59,297.090299998334,229.6,45.99,-185.509700001666,0.0,109.48369999249302,1,122.016000009173,non_overlapping_yes_buckets,True,11.493585562078714,C,2026-05-31,high,26°C or higher,True
True,128.853744,5,22°C|23°C|24°C|25°C|26°C,76.36828800573734,104.04501199840367,London,2,False,233.734586,157.36629799426265,183.49,150.0,73.63171199426266,0.0,-104.04501199840367,3,180.413300004141,non_overlapping_yes_buckets,True,1.5582305733333335,C,2026-05-31,high,24°C,True
False,73.522092,3,29°C|30°C|31°C or higher,63.19234900405673,41.65270099594327,Munich,1,False,201.159121,137.96677199594328,201.159121,104.95157499999999,41.75922599594326,0.0015749999999883357,-41.65270099594327,2,104.84505,non_overlapping_yes_buckets,True,1.9166851092992174,C,2026-05-31,high,29°C,True
False,nan,1,27°C or below,18.599849992097134,-18.599849992097134,Qingdao,0,False,1599.9878,1581.3879500079029,1599.9878,1599.9878,1581.3879500079029,1599.9878,18.599849992097134,1,0.0,overlapping_or_single_bucket_yes_markets,False,1.0,C,2026-05-31,high,,False
False,nan,1,between 70-71°F,1.7117499999999999,-1.7117499999999999,Seattle,0,False,41.75,40.03825,41.75,41.75,40.03825,41.75,1.7117499999999999,1,0.0,overlapping_or_single_bucket_yes_markets,False,1.0,F,2026-05-31,high,,False
False,22.703363,1,28°C or higher,33.058600000000006,22.703400002399995,Seoul,1,False,103.0,69.94139999999999,0.0,103.0,69.94139999999999,0.0,-22.703400002399995,0,55.7620000024,overlapping_or_single_bucket_yes_markets,False,1.0,C,2026-05-31,high,,False
True,13.650176,3,29°C|30°C|31°C,16.01048,-1.1785899941430014,Shenzhen,1,False,147.71,131.69952,100.0,80.48,64.46952,0.0,1.1785899941430014,2,14.831890005857,non_overlapping_yes_buckets,True,1.8353628230616301,C,2026-05-31,high,29°C,True
False,nan,1,26°C or higher,11.900699999999999,-11.900699999999999,Toronto,0,False,132.23,120.32929999999999,132.23,132.23,120.32929999999999,132.23,11.900699999999999,1,0.0,overlapping_or_single_bucket_yes_markets,False,1.0,C,2026-05-31,high,,False
True,-0.239887,3,18°C|19°C|20°C,51.77738799943381,-18.28424999837732,Warsaw,1,False,532.014,480.2366120005662,532.014,96.0,44.22261200056619,0.00839000000000567,18.28424999837732,2,33.493138001056494,non_overlapping_yes_buckets,True,5.5418125,C,2026-05-31,high,20°C,True
False,-4.553204,2,28°C|29°C or higher,28.397299996097004,-4.553199992097003,Istanbul,2,False,90.0,61.602700003902996,0.0,67.99000000000001,39.592700003903005,0.0,4.553199992097003,0,23.844100004,non_overlapping_yes_buckets,True,1.3237240770701573,C,2026-06-01,high,,False
False,315.829702,4,23°C|24°C|25°C|26°C or higher,168.76897600859658,222.1114179940628,London,1,False,751.59,582.8210239914034,751.59,398.870476,230.10149999140341,0.01292999999998301,-222.1114179940628,3,390.8803940026594,non_overlapping_yes_buckets,True,1.8842958935872707,C,2026-06-01,high,23°C,True
False,nan,1,74°F or higher,2.1172,-2.1172,Los Angeles,0,False,211.72,209.6028,211.72,211.72,209.6028,211.72,2.1172,1,0.0,overlapping_or_single_bucket_yes_markets,False,1.0,F,2026-06-01,high,,False
True,85.0,3,between 90-91°F|between 92-93°F|between 94-95°F,25.9199999995,-25.9199999995,Miami,1,False,109.0,83.08000000050001,109.0,58.0,32.0800000005,58.0,25.9199999995,2,0.0,non_overlapping_yes_buckets,True,1.8793103448275863,F,2026-06-01,high,between 92-93°F,True
False,54.5144,1,20°C or higher,11.165600000000001,-11.165600000000001,Moscow,1,False,65.68,54.51440000000001,65.68,65.68,54.51440000000001,65.68,11.165600000000001,0,0.0,overlapping_or_single_bucket_yes_markets,False,1.0,C,2026-06-01,high,20°C or higher,True
True,nan,3,19°C|20°C|21°C,26.147133999869148,-26.147133999869148,Munich,0,False,468.8,442.65286600013087,468.8,143.15,117.00286600013087,143.15,26.147133999869148,3,0.0,non_overlapping_yes_buckets,True,3.2748864827104436,C,2026-06-01,high,,False
False,nan,1,27°C,36.673030004164,-35.473030004163995,Paris,0,False,517.37,480.696969995836,511.37,517.37,480.696969995836,511.37,35.473030004163995,1,1.2000000000000002,overlapping_or_single_bucket_yes_markets,False,1.0,C,2026-06-01,high,,False
False,nan,2,19°C or below|21°C,17.603200003029,-17.603200003029,Sao Paulo,0,False,415.99,398.38679999697104,415.99,36.0,18.396799996971,36.0,17.603200003029,2,0.0,non_overlapping_yes_buckets,True,11.555277777777778,C,2026-06-01,high,,False
False,nan,2,14°C or below|15°C,9.04768,-9.04768,Seoul,0,False,220.64,211.59231999999997,220.64,160.0,150.95232,160.0,9.04768,2,0.0,non_overlapping_yes_buckets,True,1.379,C,2026-06-01,low,,False
False,nan,1,29°C,22.382,-22.382,Shanghai,0,False,117.8,95.41799999999999,117.8,117.8,95.41799999999999,117.8,22.382,1,0.0,overlapping_or_single_bucket_yes_markets,False,1.0,C,2026-06-01,high,,False
False,-1.0,1,31°C or higher,37.0,-1.0,Taipei,1,False,100.0,63.0,0.0,100.0,63.0,0.0,1.0,0,36.0,overlapping_or_single_bucket_yes_markets,False,1.0,C,2026-06-01,high,,False
True,nan,2,25°C|26°C,21.997011000188905,-21.997011000188905,Busan,0,False,99.988819,77.9918079998111,99.988819,99.981256,77.9842449998111,99.981256,21.997011000188905,2,0.0,non_overlapping_yes_buckets,True,1.0000756441787448,C,2026-06-02,high,,False
True,65.180015,5,17°C|18°C|19°C|20°C|21°C,77.163479994632,9.076520005367996,London,1,False,578.65,501.486520005368,578.65,88.0,10.836520005368001,0.0,-9.076520005367996,4,86.24,non_overlapping_yes_buckets,True,6.5755681818181815,C,2026-06-02,high,19°C,True
True,3.726304,2,between 92-93°F|between 94-95°F,79.148339999625,3.7189180004298663,Miami,2,False,61.13,-18.01833999962499,0.008423000000000513,57.35,-21.798339999624993,7.105427357601002e-15,-3.7189180004298663,0,82.86725800005486,non_overlapping_yes_buckets,True,1.0659110723626852,F,2026-06-02,high,between 92-93°F,True
False,40.143773,6,18°C|19°C|20°C|21°C|23°C|24°C or higher,79.196840016576,18.440289982343984,Milan,5,False,437.3,358.103159983424,98.16,41.91,-37.28684001657601,0.0,-18.440289982343984,1,97.63712999891999,non_overlapping_yes_buckets,True,10.43426389883083,C,2026-06-02,high,23°C,True
False,nan,4,23°C or below|24°C|25°C|26°C,35.530219993517,-33.340219993417,Qingdao,0,False,520.0,484.469780006483,520.0,114.28,78.74978000648301,114.28,33.340219993417,4,2.1900000001,non_overlapping_yes_buckets,True,4.550227511375569,C,2026-06-02,high,,False
False,-23.943088,2,29°C|30°C or higher,59.66435,-23.943299996701,Seoul,2,False,147.5,87.83565,0.0,109.13,49.46565,0.0,23.943299996701,0,35.721050003299,non_overlapping_yes_buckets,True,1.351599010354623,C,2026-06-02,high,29°C,True
False,nan,2,32°C|34°C,20.254926001028,-20.254926001028,Shenzhen,0,False,599.9826,579.727673998972,599.9826,73.72,53.465073998972,73.72,20.254926001028,2,0.0,non_overlapping_yes_buckets,True,8.138667932718395,C,2026-06-02,high,,False
False,nan,1,27°C,35.419959997528,-35.419959997528,Ankara,0,False,382.34,346.920040002472,382.34,382.34,346.920040002472,382.34,35.419959997528,1,0.0,overlapping_or_single_bucket_yes_markets,False,1.0,C,2026-06-03,high,,False
False,nan,1,between 80-81°F,26.066399994532,-7.566699988611997,Atlanta,0,False,217.47,191.403600005468,80.75999999999999,217.47,191.403600005468,80.75999999999999,7.566699988611997,1,18.49970000592,overlapping_or_single_bucket_yes_markets,False,1.0,F,2026-06-03,high,,False
False,nan,1,31°C,3.3,-3.3,Beijing,0,False,55.0,51.7,55.0,55.0,51.7,55.0,3.3,1,0.0,overlapping_or_single_bucket_yes_markets,False,1.0,C,2026-06-03,high,,False
False,nan,2,20°C|21°C or higher,6.7797,-6.7797,Buenos Aires,0,False,500.0,493.2203,500.0,100.0,93.2203,100.0,6.7797,2,0.0,non_overlapping_yes_buckets,True,5.0,C,2026-06-03,high,,False
False,nan,1,30°C,4.0,-4.0,Chongqing,0,False,100.0,96.0,100.0,100.0,96.0,100.0,4.0,1,0.0,overlapping_or_single_bucket_yes_markets,False,1.0,C,2026-06-03,high,,False
False,nan,1,between 86-87°F,3.9999330000000004,-3.9999330000000004,Dallas,0,False,99.99832500000001,95.99839200000001,99.99832500000001,99.99832500000001,95.99839200000001,99.99832500000001,3.9999330000000004,1,0.0,overlapping_or_single_bucket_yes_markets,False,1.0,F,2026-06-03,high,,False
False,nan,1,29°C,3.78525,-3.78525,Hong Kong,0,False,537.55,533.7647499999999,537.55,537.55,533.7647499999999,537.55,3.78525,1,0.0,overlapping_or_single_bucket_yes_markets,False,1.0,C,2026-06-03,low,,False
True,nan,2,20°C|21°C,51.77964900183465,-34.79825100004369,London,0,False,602.935165,551.1555159981654,602.935165,412.76277,360.98312099816536,258.38640899999996,34.79825100004369,2,16.981398001790957,non_overlapping_yes_buckets,True,1.460730494177079,C,2026-06-03,high,,False
True,nan,3,28°C|29°C|30°C,26.828010033587002,-26.828010033587002,Madrid,0,False,1143.89,1117.0619899664132,1143.89,100.0,73.171989966413,100.0,26.828010033587002,3,0.0,non_overlapping_yes_buckets,True,11.4389,C,2026-06-03,high,,False
False,nan,1,26°C,1.979535004372094,-1.979535004372094,Milan,0,False,123.720937,121.74140199562791,123.720937,123.720937,121.74140199562791,123.720937,1.979535004372094,1,0.0,overlapping_or_single_bucket_yes_markets,False,1.0,C,2026-06-03,high,,False
True,69.396485,2,24°C|25°C,17.76604600063302,67.3747519995755,Moscow,1,False,168.437166,150.67111999936697,168.437166,88.69,70.92395399936697,0.0016679999999951178,-67.3747519995755,1,85.14079800020852,non_overlapping_yes_buckets,True,1.899167504791972,C,2026-06-03,high,24°C,True
False,nan,1,17°C,9.078000000000001,-9.078000000000001,Munich,0,False,45.39,36.312,45.39,45.39,36.312,45.39,9.078000000000001,1,0.0,overlapping_or_single_bucket_yes_markets,False,1.0,C,2026-06-03,high,,False
False,nan,2,between 84-85°F|86°F or higher,53.832,-53.832,New York City,0,False,245.0,191.168,245.0,126.0,72.168,126.0,53.832,2,0.0,non_overlapping_yes_buckets,True,1.9444444444444444,F,2026-06-03,high,,False
False,nan,1,21°C,5.599909000096683,-5.599909000096683,Paris,0,False,399.993499,394.3935899999033,399.993499,399.993499,394.3935899999033,399.993499,5.599909000096683,1,0.0,overlapping_or_single_bucket_yes_markets,False,1.0,C,2026-06-03,high,,False
False,82.802613,1,24°C or below,28.187399999999997,-3.0273999999999965,Qingdao,1,False,159.83,131.64260000000002,85.83000000000001,159.83,131.64260000000002,85.83000000000001,3.0273999999999965,0,25.16,overlapping_or_single_bucket_yes_markets,False,1.0,C,2026-06-03,high,24°C or below,True
True,nan,2,28°C|29°C,5.499380001709284,-5.499380001709284,Shanghai,0,False,99.960552,94.46117199829072,99.960552,17.28,11.780619998290717,17.28,5.499380001709284,2,0.0,non_overlapping_yes_buckets,True,5.784754166666667,C,2026-06-03,high,,False
False,nan,2,31°C|33°C,4.7540000000000004,-4.7540000000000004,Shenzhen,0,False,145.4,140.64600000000002,145.4,100.0,95.246,100.0,4.7540000000000004,2,0.0,non_overlapping_yes_buckets,True,1.454,C,2026-06-03,high,,False
True,164.380443,4,18°C|19°C|20°C|21°C,86.970817004825,119.436383006249,Tokyo,1,False,1501.801911,1414.831093995175,1501.801911,262.978905,176.008087995175,0.008904999999970187,-119.436383006249,3,206.407200011074,non_overlapping_yes_buckets,True,5.710731478633239,C,2026-06-03,high,21°C,True
True,nan,4,15°C|16°C|17°C|18°C,10.832936,-10.832936,Tokyo,0,False,300.0,289.167064,300.0,30.0,19.167064,30.0,10.832936,4,0.0,non_overlapping_yes_buckets,True,10.0,C,2026-06-03,low,,False
False,nan,1,25°C,1.265,-1.265,Ankara,0,False,115.0,113.735,115.0,115.0,113.735,115.0,1.265,1,0.0,overlapping_or_single_bucket_yes_markets,False,1.0,C,2026-06-04,high,,False
True,nan,3,19°C|20°C|21°C,16.540277999524,-16.540277999524,Buenos Aires,0,False,172.98,156.439722000476,172.98,50.0,33.459722000476,50.0,16.540277999524,3,0.0,non_overlapping_yes_buckets,True,3.4596,C,2026-06-04,high,,False
False,nan,1,29°C,2.04780000423,-2.04780000423,Hong Kong,0,False,93.3,91.25219999577,93.3,93.3,91.25219999577,93.3,2.04780000423,1,0.0,overlapping_or_single_bucket_yes_markets,False,1.0,C,2026-06-04,low,,False
True,nan,2,between 76-77°F|between 78-79°F,9.417069,0.719490994400001,Miami,0,False,304.0,294.582931,152.0,74.26725,64.850181,74.26725,-0.719490994400001,2,10.1365599944,non_overlapping_yes_buckets,True,4.093325119753323,F,2026-06-04,high,,False
False,nan,1,25°C,5.099758000048336,-5.099758000048336,Moscow,0,False,99.995254,94.89549599995166,99.995254,99.995254,94.89549599995166,99.995254,5.099758000048336,1,0.0,overlapping_or_single_bucket_yes_markets,False,1.0,C,2026-06-04,high,,False
False,nan,1,25°C,10.0,-10.0,Munich,0,False,100.0,90.0,100.0,100.0,90.0,100.0,10.0,1,0.0,overlapping_or_single_bucket_yes_markets,False,1.0,C,2026-06-04,high,,False
False,nan,1,28°C,12.1,-12.1,Qingdao,0,False,110.0,97.9,110.0,110.0,97.9,110.0,12.1,1,0.0,overlapping_or_single_bucket_yes_markets,False,1.0,C,2026-06-04,high,,False
False,nan,1,23°C,2.2439999999999998,-2.2439999999999998,Sao Paulo,0,False,102.0,99.756,102.0,102.0,99.756,102.0,2.2439999999999998,1,0.0,overlapping_or_single_bucket_yes_markets,False,1.0,C,2026-06-04,high,,False
False,nan,1,35°C,7.0450000085,-7.0450000085,Shenzhen,0,False,2280.0,2272.9549999915,2280.0,2280.0,2272.9549999915,2280.0,7.0450000085,1,0.0,overlapping_or_single_bucket_yes_markets,False,1.0,C,2026-06-04,high,,False
False,nan,1,34°C,8.482200003068,-8.482200003068,Taipei,0,False,140.62,132.13779999693202,140.62,140.62,132.13779999693202,140.62,8.482200003068,1,0.0,overlapping_or_single_bucket_yes_markets,False,1.0,C,2026-06-04,high,,False
True,nan,2,21°C|22°C,30.81159999451,-30.81159999451,Tokyo,0,False,144.3,113.48840000549,144.3,49.99,19.17840000549,49.99,30.81159999451,2,0.0,non_overlapping_yes_buckets,True,2.886577315463093,C,2026-06-04,high,,False
True,nan,2,21°C|22°C,16.25242999831,-16.25242999831,Warsaw,0,False,111.27,95.01757000168999,111.27,63.02,46.767570001690004,63.02,16.25242999831,2,0.0,non_overlapping_yes_buckets,True,1.765629958743256,C,2026-06-04,high,,False
False,nan,1,15°C,8.480359995498999,-8.480359995498999,Wellington,0,False,195.23,186.749640004501,195.23,195.23,186.749640004501,195.23,8.480359995498999,1,0.0,overlapping_or_single_bucket_yes_markets,False,1.0,C,2026-06-04,high,,False
True,nan,3,23°C|24°C|25°C,12.23319899974411,-12.23319899974411,Ankara,0,False,378.38,366.1468010002559,378.38,49.985449,37.75225000025589,49.985449,12.23319899974411,3,0.0,non_overlapping_yes_buckets,True,7.5698029640586,C,2026-06-05,high,,False
False,-16.5866,1,31°C or higher,19.2269,-16.5866,Busan,1,False,200.0,180.7731,0.0,200.0,180.7731,0.0,16.5866,0,2.6403,overlapping_or_single_bucket_yes_markets,False,1.0,C,2026-06-05,high,,False
True,250.116821,4,19°C|20°C|21°C|22°C,184.1876729871285,160.39032301285062,London,1,False,1077.28558,893.0979070128715,1077.28558,362.724094,178.53642101287147,0.010412999999971362,-160.39032301285062,3,344.5779959999791,non_overlapping_yes_buckets,True,2.9699862728170467,C,2026-06-05,high,19°C,True
False,nan,5,23°C or below|24°C|25°C|26°C|27°C,15.82007801373945,-15.82007801373945,Madrid,0,False,3456.65,3440.8299219862606,3456.65,226.22,210.39992198626055,226.22,15.82007801373945,5,0.0,non_overlapping_yes_buckets,True,15.280037131995403,C,2026-06-05,high,,False
True,1.253661,3,25°C|26°C|27°C,39.098250003936,-11.858650001885998,Moscow,1,False,367.73,328.631749996064,367.73,72.9,33.801749996064004,0.0,11.858650001885998,2,27.239600002050004,non_overlapping_yes_buckets,True,5.044307270233196,C,2026-06-05,high,,False
False,0.3003,1,26°C,0.0297,-0.0297,Qingdao,1,False,0.33,0.3003,0.33,0.33,0.3003,0.33,0.0297,0,0.0,overlapping_or_single_bucket_yes_markets,False,1.0,C,2026-06-05,high,26°C,True
True,-22.242853000000004,5,21°C|22°C|23°C|24°C|25°C,242.63825199335884,-22.250003994969234,Seoul,5,False,1337.00003,1094.361778006641,0.006528000000002976,50.0,-192.63825199335884,0.0,22.250003994969234,0,220.3882479983896,non_overlapping_yes_buckets,True,26.7400006,C,2026-06-05,high,23°C,True
True,nan,2,32°C|33°C,12.399999999999999,-12.399999999999999,Shenzhen,0,False,300.0,287.6,300.0,200.0,187.6,200.0,12.399999999999999,2,0.0,non_overlapping_yes_buckets,True,1.5,C,2026-06-05,high,,False
True,521.591247,4,27°C|28°C|29°C|30°C,75.44955999686,473.37160999999196,Taipei,1,False,584.42,508.97044000313997,201.57,2.72,-72.72955999686,0.0,-473.37160999999196,3,548.821169996852,non_overlapping_yes_buckets,True,214.86029411764702,C,2026-06-05,high,28°C,True
True,nan,2,23°C|24°C,25.568916000463584,-25.568916000463584,Warsaw,0,False,164.64,139.0710839995364,164.64,37.952867999999995,12.38395199953641,37.952867999999995,25.568916000463584,2,0.0,non_overlapping_yes_buckets,True,4.33801208382987,C,2026-06-05,high,,False
False,nan,3,22°C|24°C|25°C,15.267645994182331,-15.267645994182331,Ankara,0,False,376.100499,360.8328530058177,376.100499,69.78,54.51235400581767,69.78,15.267645994182331,3,0.0,non_overlapping_yes_buckets,True,5.389803654342218,C,2026-06-06,high,,False
True,59.563877,3,15°C|16°C|17°C,57.04846400416619,-57.04846400416619,Buenos Aires,1,False,241.26019,184.2117259958338,241.26019,98.09,41.04153599583381,98.09,57.04846400416619,2,0.0,non_overlapping_yes_buckets,True,2.4595798756244265,C,2026-06-06,high,17°C,True
False,nan,2,between 88-89°F|90°F or higher,14.288859001102397,-14.288859001102397,Chicago,0,False,400.0,385.7111409988976,400.0,56.253542,41.96468299889761,56.253542,14.288859001102397,2,0.0,non_overlapping_yes_buckets,True,7.110663360540035,F,2026-06-06,high,,False
True,287.343688,2,29°C|30°C,11.812143993316827,282.3440260091471,Hong Kong,1,False,999.9775999999999,988.1654560066831,999.9775999999999,324.393139,312.58099500668317,0.0031390000000328655,-282.3440260091471,1,294.15617000246397,non_overlapping_yes_buckets,True,3.082610202800867,C,2026-06-06,high,30°C,True
False,nan,1,24°C or below,4.8775999998225705,-4.8775999998225705,Hong Kong,0,False,425.074285,420.1966850001774,425.074285,425.074285,420.1966850001774,425.074285,4.8775999998225705,1,0.0,overlapping_or_single_bucket_yes_markets,False,1.0,C,2026-06-06,low,,False
False,197.373444,5,19°C or below|20°C|21°C|22°C|23°C,60.70566402933644,159.33407597066355,Istanbul,1,False,1616.66,1555.9543359706636,1616.66,100.0,39.29433597066356,0.0024670000000242,-159.33407597066355,4,220.03974,non_overlapping_yes_buckets,True,16.166600000000003,C,2026-06-06,high,22°C,True
False,nan,1,22°C,3.430376,-3.430376,Moscow,0,False,1043.032,1039.601624,1043.032,1043.032,1039.601624,1043.032,3.430376,1,0.0,overlapping_or_single_bucket_yes_markets,False,1.0,C,2026-06-06,high,,False
True,nan,3,between 92-93°F|between 94-95°F|between 96-97°F,39.772952002967,-35.002952004567,New York City,0,False,612.08,572.307047997033,612.08,70.88,31.107047997032993,70.88,35.002952004567,3,4.7699999984,non_overlapping_yes_buckets,True,8.635440180586908,F,2026-06-06,high,,False
False,nan,1,between 74-75°F,2.9564,-2.9564,New York City,0,False,19.45,16.4936,19.45,19.45,16.4936,19.45,2.9564,1,0.0,overlapping_or_single_bucket_yes_markets,False,1.0,F,2026-06-06,low,,False
False,nan,1,23°C,6.0300000176,-6.0300000176,Paris,0,False,403.0,396.9699999824,403.0,403.0,396.9699999824,403.0,6.0300000176,1,0.0,overlapping_or_single_bucket_yes_markets,False,1.0,C,2026-06-06,high,,False
True,nan,2,21°C|22°C,12.8185,-12.8185,Qingdao,0,False,69.87,57.051500000000004,69.87,5.29,-7.5285,5.29,12.8185,2,0.0,non_overlapping_yes_buckets,True,13.207939508506618,C,2026-06-06,high,,False
False,nan,1,between 60-61°F,2.8663019999999997,-2.8663019999999997,San Francisco,0,False,15.9239,13.057598,15.9239,15.9239,13.057598,15.9239,2.8663019999999997,1,0.0,overlapping_or_single_bucket_yes_markets,False,1.0,F,2026-06-06,high,,False
False,-40.355948,2,24°C|25°C or higher,67.07659399504445,-57.21549398312245,Sao Paulo,1,False,489.566411,422.48981700495557,489.566411,277.371781,210.29518700495555,0.0017809999999940374,57.21549398312245,1,9.861100011922,non_overlapping_yes_buckets,True,1.7650188106193831,C,2026-06-06,high,,False
False,nan,1,between 52-53°F,3.0999999999999996,-3.0999999999999996,Seattle,0,False,100.0,96.9,100.0,100.0,96.9,100.0,3.0999999999999996,1,0.0,overlapping_or_single_bucket_yes_markets,False,1.0,F,2026-06-06,high,,False
True,nan,3,23°C|24°C|25°C,28.179102000008196,-28.179102000008196,Shanghai,0,False,599.996692,571.8175899999918,599.996692,65.44,37.2608979999918,65.44,28.179102000008196,3,0.0,non_overlapping_yes_buckets,True,9.168653606356969,C,2026-06-06,high,,False
False,-8.0,1,30°C or below,8.0,-8.0,Shenzhen,1,False,200.0,192.0,200.0,200.0,192.0,200.0,8.0,0,0.0,overlapping_or_single_bucket_yes_markets,False,1.0,C,2026-06-06,high,,False
False,-39.827017,2,31°C|32°C or higher,39.827148002411995,-39.827148002411995,Taipei,2,False,199.994449,160.167300997588,199.994449,145.179872,105.35272399758799,145.179872,39.827148002411995,0,0.0,non_overlapping_yes_buckets,True,1.3775631996699929,C,2026-06-06,high,,False
False,8.795137,1,14°C,8.786314,8.794885996319998,Buenos Aires,1,False,175.72628,166.939966,0.006280000000003838,175.72628,166.939966,0.006280000000003838,-8.794885996319998,0,17.58119999632,overlapping_or_single_bucket_yes_markets,False,1.0,C,2026-06-07,high,,False
True,nan,2,28°C|29°C,20.48701998872,-16.59117998258,Hong Kong,0,False,482.62,462.13298001128,294.5,63.73,43.24298001128,63.73,16.59117998258,2,3.89584000614,non_overlapping_yes_buckets,True,7.572885611172133,C,2026-06-07,high,,False
False,nan,2,22°C or below|23°C,6.4430129896824715,-6.4430129896824715,Hong Kong,0,False,417.570875,411.12786201031753,417.570875,5.0,-1.4430129896824715,5.0,6.4430129896824715,2,0.0,non_overlapping_yes_buckets,True,83.514175,C,2026-06-07,low,,False
False,nan,1,22°C,16.340536997419907,-11.650936997419908,Istanbul,0,False,149.913183,133.5726460025801,91.293183,149.913183,133.5726460025801,91.293183,11.650936997419908,1,4.6895999999999995,overlapping_or_single_bucket_yes_markets,False,1.0,C,2026-06-07,high,,False
True,nan,2,20°C|21°C,128.16165999708,-39.41876000592599,London,0,False,762.41,634.24834000292,605.6099999999999,596.32,468.15834000292006,250.16000000000003,39.41876000592599,2,88.742899991154,non_overlapping_yes_buckets,True,1.2785249530453446,C,2026-06-07,high,,False
False,nan,1,between 66-67°F,8.09919,-8.09919,Seattle,0,False,99.99,91.89080999999999,99.99,99.99,91.89080999999999,99.99,8.09919,1,0.0,overlapping_or_single_bucket_yes_markets,False,1.0,F,2026-06-07,high,,False
False,4.092420000000001,2,27°C|28°C or higher,24.022659996,4.092220005074001,Seoul,2,False,196.93,172.907340004,0.0,88.98,64.957340004,0.0,-4.092220005074001,0,28.114880001074003,non_overlapping_yes_buckets,True,2.2131939761744213,C,2026-06-07,high,,False
False,488.976998,5,16°C|17°C|18°C|20°C|21°C,35.838564994584004,-35.838564994584004,Seoul,2,True,640.435,604.596435005416,640.435,91.15,55.311435005416,91.15,35.838564994584004,3,0.0,non_overlapping_yes_buckets,True,7.026165660998354,C,2026-06-07,low,17°C,True
True,nan,4,26°C|27°C|28°C|29°C,49.77716198987248,-49.77716198987248,Shenzhen,0,False,1251.92,1202.1428380101277,1251.92,115.554968,65.77780601012752,115.554968,49.77716198987248,4,0.0,non_overlapping_yes_buckets,True,10.833978163535125,C,2026-06-07,high,,False
False,nan,1,19°C,0.0504,-0.0504,Tokyo,0,False,5.04,4.9896,5.04,5.04,4.9896,5.04,0.0504,1,0.0,overlapping_or_single_bucket_yes_markets,False,1.0,C,2026-06-07,high,,False
True,-0.44,2,23°C|24°C,3.1726900000000002,-0.7526900000000003,Busan,1,False,104.23,101.05731,104.23,22.0,18.82731,0.0,0.7526900000000003,1,2.42,non_overlapping_yes_buckets,True,4.737727272727273,C,2026-06-08,high,,False
False,nan,1,17°C,15.8,-15.8,London,0,False,223.0,207.2,223.0,223.0,207.2,223.0,15.8,1,0.0,overlapping_or_single_bucket_yes_markets,False,1.0,C,2026-06-08,high,,False
False,0.039316,1,between 76-77°F,0.00908,0.039320000220000005,New York City,1,False,4.54,4.53092,0.0,4.54,4.53092,0.0,-0.039320000220000005,0,0.04840000022,overlapping_or_single_bucket_yes_markets,False,1.0,F,2026-06-08,high,,False
True,nan,2,between 54-55°F|between 56-57°F,8.592099998064999,-8.592099998064999,Seattle,0,False,2000.0,1991.407900001935,2000.0,40.13,31.537900001935004,40.13,8.592099998064999,2,0.0,non_overlapping_yes_buckets,True,49.838026414153994,F,2026-06-08,high,,False
True,nan,2,15°C|16°C,4.4999210000000005,-4.4999210000000005,Seoul,0,False,500.0,495.500079,500.0,99.99683999999999,95.49691899999999,99.99683999999999,4.4999210000000005,2,0.0,non_overlapping_yes_buckets,True,5.000158004992958,C,2026-06-08,low,,False
True,49.4,2,22°C|23°C,20.152859998604,-20.152859998604,Shanghai,1,False,100.46,80.307140001396,100.46,65.0,44.847140001396,65.0,20.152859998604,1,0.0,non_overlapping_yes_buckets,True,1.5455384615384615,C,2026-06-08,high,23°C,True
False,nan,1,18°C,2.1,-2.1,Shanghai,0,False,300.0,297.9,300.0,300.0,297.9,300.0,2.1,1,0.0,overlapping_or_single_bucket_yes_markets,False,1.0,C,2026-06-08,low,,False
True,47.4417,3,28°C|29°C|30°C,21.561387006972957,35.25151299302704,Shenzhen,1,False,426.11,404.54861299302706,426.11,58.571418,37.010030993027044,0.0014180000000010295,-35.25151299302704,2,56.8129,non_overlapping_yes_buckets,True,7.275050093545627,C,2026-06-08,high,29°C,True
True,98.807618,4,27°C|28°C|29°C|30°C,45.369780000042,76.44461500238275,Hong Kong,1,False,123.06,77.690219999958,109.23,100.0,54.630219999958,0.01515600000000461,-76.44461500238275,3,121.81439500242475,non_overlapping_yes_buckets,True,1.2306,C,2026-06-09,high,28°C,True
False,276.066138,4,18°C|19°C|20°C|21°C or higher,161.672610000308,172.8758880052073,London,1,False,1545.58,1383.907389999692,1545.58,261.86,100.18738999969202,0.0036860000000160653,-172.8758880052073,3,334.5484980055153,non_overlapping_yes_buckets,True,5.9023142137019775,C,2026-06-09,high,19°C,True
False,nan,1,34°C,3.8531600113819997,-3.8531600113819997,Madrid,0,False,416.68,412.826839988618,416.68,416.68,412.826839988618,416.68,3.8531600113819997,1,0.0,overlapping_or_single_bucket_yes_markets,False,1.0,C,2026-06-09,high,,False
True,33.5746,2,28°C|29°C,19.8184,-19.8184,Moscow,1,False,50.0,30.1816,50.0,37.7,17.881600000000002,37.7,19.8184,1,0.0,non_overlapping_yes_buckets,True,1.326259946949602,C,2026-06-09,high,28°C,True
False,-11.184636,1,30°C or higher,35.926000002,-11.184700000320003,Qingdao,1,False,60.96,25.033999998,0.0,60.96,25.033999998,0.0,11.184700000320003,0,24.74130000168,overlapping_or_single_bucket_yes_markets,False,1.0,C,2026-06-09,high,30°C or higher,True
False,-10.123399,1,26°C,11.886470002944002,-10.123390013952001,Sao Paulo,1,False,238.08,226.193529997056,0.0,238.08,226.193529997056,0.0,10.123390013952001,0,1.7630799889920001,overlapping_or_single_bucket_yes_markets,False,1.0,C,2026-06-09,high,,False
False,44.8,6,21°C|22°C|23°C|25°C|26°C|27°C or higher,73.441460017765,-73.441460017765,Seoul,1,False,921.35,847.908539982235,921.35,50.0,-23.441460017764996,50.0,73.441460017765,5,0.0,non_overlapping_yes_buckets,True,18.427,C,2026-06-09,high,25°C,True
True,nan,2,13°C|14°C,0.045228,-0.045228,Seoul,0,False,15.0,14.954772,15.0,1.0152,0.9699720000000001,1.0152,0.045228,2,0.0,non_overlapping_yes_buckets,True,14.775413711583923,C,2026-06-09,low,,False
True,11.518914,2,26°C|27°C,29.732000001600003,18.948540008427994,Shenzhen,1,False,4152.0,4122.2679999984,3886.2799999999997,66.0,36.2679999984,0.0,-18.948540008427994,1,48.680540010028,non_overlapping_yes_buckets,True,62.90909090909091,C,2026-06-09,high,27°C,True
True,nan,2,17°C|18°C,8.430899997006001,-8.430899997006001,Tokyo,0,False,118.14,109.709100002994,118.14,60.12,51.689100002993996,60.12,8.430899997006001,2,0.0,non_overlapping_yes_buckets,True,1.9650698602794412,C,2026-06-09,low,,False
True,-42.064941000000005,3,18°C|19°C|20°C,51.767651004632384,-47.18791101844039,London,2,False,2394.987256,2343.2196049953677,1502.94,975.560713,923.7930619953676,0.0007130000000188375,47.18791101844039,1,4.579739986191999,non_overlapping_yes_buckets,True,2.4549853474880554,C,2026-06-10,high,,False
True,42.340254,2,30°C|31°C,22.62674000282,37.111757997180746,Moscow,1,False,166.82,144.19325999718,166.82,62.89,40.26325999718,0.007370000000001653,-37.111757997180746,1,59.738498000000746,non_overlapping_yes_buckets,True,2.6525679758308156,C,2026-06-10,high,30°C,True
False,nan,1,17°C,1.7936,-1.7936,Paris,0,False,44.84,43.046400000000006,44.84,44.84,43.046400000000006,44.84,1.7936,1,0.0,overlapping_or_single_bucket_yes_markets,False,1.0,C,2026-06-10,high,,False
True,nan,2,between 80-81°F|between 82-83°F,13.119799967346001,-13.119799967346001,San Francisco,0,False,676.78,663.660200032654,676.78,66.0,52.880200032654,66.0,13.119799967346001,2,0.0,non_overlapping_yes_buckets,True,10.254242424242424,F,2026-06-10,high,,False
True,nan,2,20°C|21°C,2.9243500015,-2.9243500015,Seoul,0,False,95.0,92.0756499985,95.0,78.45,75.5256499985,78.45,2.9243500015,2,0.0,non_overlapping_yes_buckets,True,1.2109623964308476,C,2026-06-10,high,,False
True,-6.898133,2,15°C|16°C,28.40075699341,-17.66033699101,Seoul,1,False,129.04113999999998,100.64038300658999,113.71,113.71,85.30924300659,0.0011399999999923693,17.66033699101,1,10.7404200024,non_overlapping_yes_buckets,True,1.1348266643215197,C,2026-06-10,low,,False
True,nan,2,29°C|30°C,15.307000000000002,-15.307000000000002,Shanghai,0,False,148.98,133.673,148.98,84.98,69.673,84.98,15.307000000000002,2,0.0,non_overlapping_yes_buckets,True,1.753118380795481,C,2026-06-10,high,,False
False,nan,1,27°C,1.60872,-1.60872,Shenzhen,0,False,67.03,65.42128,67.03,67.03,65.42128,67.03,1.60872,1,0.0,overlapping_or_single_bucket_yes_markets,False,1.0,C,2026-06-10,high,,False
True,nan,2,23°C|24°C,60.178670003264,-10.297073003841376,Taipei,0,False,592.5,532.321329996736,287.93,199.99,139.811329996736,100.01647500000001,10.297073003841376,2,49.88159699942263,non_overlapping_yes_buckets,True,2.96264813240662,C,2026-06-10,high,,False
False,nan,1,28°C,18.497199998143998,-18.497199998143998,Ankara,0,False,274.96,256.46280000185595,274.96,274.96,256.46280000185595,274.96,18.497199998143998,1,0.0,overlapping_or_single_bucket_yes_markets,False,1.0,C,2026-06-11,high,,False
False,nan,5,13°C|14°C|15°C|16°C|19°C,33.537289987568,-33.537289987568,Buenos Aires,0,False,446.36,412.822710012432,446.36,100.0,66.462710012432,100.0,33.537289987568,5,0.0,non_overlapping_yes_buckets,True,4.4636000000000005,C,2026-06-11,high,,False
True,nan,2,14°C|15°C,51.484090007757004,-12.008890007757003,London,0,False,246.72,195.235909992243,223.17000000000002,223.17000000000002,171.685909992243,123.36,12.008890007757003,2,39.4752,non_overlapping_yes_buckets,True,1.1055249361473316,C,2026-06-11,high,,False
False,nan,1,33°C,16.88259099766,-16.88259099766,Madrid,0,False,211.209775,194.32718400234,211.209775,211.209775,194.32718400234,211.209775,16.88259099766,1,0.0,overlapping_or_single_bucket_yes_markets,False,1.0,C,2026-06-11,high,,False
False,423.200214,4,31°C|32°C|33°C|34°C or higher,80.93761106628993,415.1075089046621,Moscow,2,False,647.34,566.4023889337101,647.34,503.570047,422.63243593371004,4.6999999995023245e-05,-415.1075089046621,2,496.04511997095204,non_overlapping_yes_buckets,True,1.285501399172775,C,2026-06-11,high,31°C,True
False,126.160587,4,14°C|15°C|17°C|18°C,60.551090017485,-60.551090017485,Munich,1,False,678.8,618.248909982515,678.8,95.29,34.738909982515004,95.29,60.551090017485,3,0.0,non_overlapping_yes_buckets,True,7.123517682862839,C,2026-06-11,high,17°C,True
False,-9.15179,5,between 88-89°F|between 90-91°F|between 96-97°F|between 98-99°F|between 100-101°F,32.76270899937451,-23.80970900052951,New York City,1,False,799.995545,767.2328360006255,799.995545,20.961933,-11.800775999374512,0.0,23.80970900052951,4,8.952999998845,non_overlapping_yes_buckets,True,38.164206755169005,F,2026-06-11,high,,False
False,nan,1,31°C or higher,96.3077999974,-96.3077999974,Qingdao,0,False,465.5,369.1922000026,465.5,465.5,369.1922000026,465.5,96.3077999974,1,0.0,overlapping_or_single_bucket_yes_markets,False,1.0,C,2026-06-11,high,,False
False,nan,1,19°C,9.373900000499999,-9.373900000499999,Sao Paulo,0,False,48.65,39.2760999995,48.65,48.65,39.2760999995,48.65,9.373900000499999,1,0.0,overlapping_or_single_bucket_yes_markets,False,1.0,C,2026-06-11,high,,False
False,nan,1,25°C,2.5316800028,-2.5316800028,Seoul,0,False,130.73,128.1983199972,130.73,130.73,128.1983199972,130.73,2.5316800028,1,0.0,overlapping_or_single_bucket_yes_markets,False,1.0,C,2026-06-11,high,,False
False,nan,1,30°C,1.7600000080000002,-1.7600000080000002,Tel Aviv,0,False,208.0,206.239999992,208.0,208.0,206.239999992,208.0,1.7600000080000002,1,0.0,overlapping_or_single_bucket_yes_markets,False,1.0,C,2026-06-11,high,,False
False,7.5456,1,26°C,0.3144,-0.3144,Tokyo,1,False,7.86,7.5456,7.86,7.86,7.5456,7.86,0.3144,0,0.0,overlapping_or_single_bucket_yes_markets,False,1.0,C,2026-06-11,high,26°C,True
True,nan,3,13°C|14°C|15°C,34.2700360041803,52.228104009765715,Warsaw,0,False,2191.12,2156.8499639958195,2191.12,366.5,332.22996399581973,217.56,-52.228104009765715,3,86.49814001394601,non_overlapping_yes_buckets,True,5.978499317871759,C,2026-06-11,high,,False
False,49.528025,2,27°C|29°C,27.681900009621,34.94549999037899,Ankara,1,False,342.45,314.76809999037897,342.45,63.26,35.578099990379,0.0,-34.94549999037899,1,62.627399999999994,non_overlapping_yes_buckets,True,5.413373379702814,C,2026-06-12,high,29°C,True
True,176.843,5,30°C|31°C|32°C|33°C|34°C,70.28710501108627,-70.28710501108627,Beijing,1,False,305.662266,235.3751609889137,305.662266,199.994775,129.70766998891372,199.994775,70.28710501108627,4,0.0,non_overlapping_yes_buckets,True,1.5283512581766199,C,2026-06-12,high,32°C,True
False,170.518146,3,17°C|18°C|19°C or higher,80.72144099854351,-22.032140994665504,Buenos Aires,1,False,418.634059,337.91261800145645,340.704059,176.228309,95.50686800145648,176.228309,22.032140994665504,2,58.68930000387801,non_overlapping_yes_buckets,True,2.375521057743339,C,2026-06-12,high,17°C,True
True,-11.317868,3,33°C|34°C|35°C,34.09690900262219,-33.71692900442219,Guangzhou,1,False,199.992187,165.8952779973778,199.992187,199.984145,165.88723599737781,0.004145000000022492,33.71692900442219,2,0.37997999819999995,non_overlapping_yes_buckets,True,1.0000402131879005,C,2026-06-12,high,,False
True,nan,2,25°C|26°C,8.495998,-8.495998,Istanbul,0,False,205.709,197.21300200000002,205.709,99.9789,91.482902,99.9789,8.495998,2,0.0,non_overlapping_yes_buckets,True,2.0575241375930324,C,2026-06-12,high,,False
False,124.904759,5,19°C|20°C|23°C|24°C|25°C or higher,130.565889986317,106.592410010664,London,1,False,823.71,693.1441100136831,367.65,112.19,-18.37588998631699,0.0,-106.592410010664,4,237.158299996981,non_overlapping_yes_buckets,True,7.342098226223372,C,2026-06-12,high,23°C,True
True,25.076966,2,31°C|32°C,29.872739994166,25.07626001299199,Moscow,2,False,412.28,382.40726000583396,0.009999999999990905,45.76,15.887260005833998,0.0,-25.07626001299199,0,54.94900000715799,non_overlapping_yes_buckets,True,9.009615384615385,C,2026-06-12,high,31°C,True
True,nan,2,13°C|14°C,43.798800000628006,-43.798800000628006,Munich,0,False,1111.3,1067.501199999372,1111.3,100.04,56.241199999372,100.04,43.798800000628006,2,0.0,non_overlapping_yes_buckets,True,11.10855657736905,C,2026-06-12,high,,False
True,169.824419,5,between 88-89°F|between 90-91°F|between 92-93°F|between 94-95°F|between 96-97°F,87.5183899990188,114.4476040034168,New York City,1,False,278.12,190.60161000098122,278.12,183.829666,96.31127600098121,0.014215000000007194,-114.4476040034168,4,201.9659940024356,non_overlapping_yes_buckets,True,1.5129222940545406,F,2026-06-12,high,between 94-95°F,True
True,1.68863,2,between 70-71°F|between 72-73°F,28.149030990070003,1.5855690131299944,New York City,1,False,367.48,339.33096900993,50.8555,50.8555,22.706469009929997,0.0,-1.5855690131299944,1,29.734600003199997,non_overlapping_yes_buckets,True,7.225963760065284,F,2026-06-12,low,,False
True,0.0,2,34°C|35°C,20.710703992188066,-20.710703992188066,Panama City,1,True,366.435231,345.7245270078119,366.435231,0.0,-20.710703992188066,0.0,20.710703992188066,1,0.0,non_overlapping_yes_buckets,True,1.0,C,2026-06-12,high,,False
True,nan,2,29°C|30°C,52.426499987848004,-52.426499987848004,Qingdao,0,False,280.88,228.453500012152,280.88,162.88,110.45350001215199,162.88,52.426499987848004,2,0.0,non_overlapping_yes_buckets,True,1.7244597249508842,C,2026-06-12,high,,False
True,nan,2,between 80-81°F|between 82-83°F,9.25254998998,-9.25254998998,San Francisco,0,False,309.35,300.09745001002,309.35,89.3,80.04745001002,89.3,9.25254998998,2,0.0,non_overlapping_yes_buckets,True,3.464165733482643,F,2026-06-12,high,,False
True,nan,3,17°C|18°C|19°C,35.255199993001,-35.255199993001,Sao Paulo,0,False,598.53,563.2748000069989,598.53,175.39999999999998,140.144800006999,175.39999999999998,35.255199993001,3,0.0,non_overlapping_yes_buckets,True,3.4123717217787917,C,2026-06-12,high,,False
False,230.494486,5,20°C|21°C|22°C|23°C|24°C or higher,60.354094001396,-52.488394004515996,Warsaw,1,False,460.71,400.355905998604,460.71,255.11768,194.76358599860401,252.0,52.488394004515996,4,7.865699996880001,non_overlapping_yes_buckets,True,1.8058724899034828,C,2026-06-12,high,20°C,True
False,nan,1,13°C,6.0,-6.0,Buenos Aires,0,False,150.0,144.0,150.0,150.0,144.0,150.0,6.0,1,0.0,overlapping_or_single_bucket_yes_markets,False,1.0,C,2026-06-13,high,,False
False,-3.820626,1,between 96-97°F,9.654640003536999,-3.8207500035369995,Dallas,1,False,114.39,104.735359996463,0.0,114.39,104.735359996463,0.0,3.8207500035369995,0,5.833889999999999,overlapping_or_single_bucket_yes_markets,False,1.0,F,2026-06-13,high,,False
False,-6.50006,3,19°C or below|20°C|23°C,32.671330003262,-29.371329999262,London,1,False,207.98999999999998,175.31866999673798,207.98999999999998,104.94,72.268669996738,0.0,29.371329999262,2,3.300000004,non_overlapping_yes_buckets,True,1.9819897084048026,C,2026-06-13,high,,False
True,54.871942,2,29°C|30°C,20.156071999540217,-20.156071999540217,Moscow,1,False,151.18,131.0239280004598,151.18,66.864246,46.70817400045978,66.864246,20.156071999540217,1,0.0,non_overlapping_yes_buckets,True,2.2609990995785703,C,2026-06-13,high,29°C,True
False,nan,1,28°C,35.92220000425,-24.594990009500002,Paris,0,False,461.48,425.55779999575003,353.98,461.48,425.55779999575003,353.98,24.594990009500002,1,11.32720999475,overlapping_or_single_bucket_yes_markets,False,1.0,C,2026-06-13,high,,False
False,6.44,3,28°C|29°C|30°C or higher,39.45690998624,-16.00690998624,Seoul,1,False,500.0,460.54309001376,500.0,100.0,60.54309001376,0.0,16.00690998624,2,23.45,non_overlapping_yes_buckets,True,5.0,C,2026-06-13,high,,False
True,nan,2,28°C|29°C,11.5585,-11.5585,Shenzhen,0,False,97.9,86.34150000000001,97.9,72.28,60.7215,72.28,11.5585,2,0.0,non_overlapping_yes_buckets,True,1.3544548976203652,C,2026-06-13,high,,False
False,nan,1,30°C,2.258,-2.258,Tel Aviv,0,False,225.8,223.542,225.8,225.8,223.542,225.8,2.258,1,0.0,overlapping_or_single_bucket_yes_markets,False,1.0,C,2026-06-13,high,,False
True,nan,3,28°C|29°C|30°C,40.820949986547,-40.820949986547,Tokyo,0,False,381.92,341.099050013453,381.92,203.43,162.60905001345301,203.43,40.820949986547,3,0.0,non_overlapping_yes_buckets,True,1.8774025463304331,C,2026-06-13,high,,False
True,nan,2,18°C|19°C,32.383046996811565,-18.310046997041567,Warsaw,0,False,290.73873100000003,258.35568400318846,245.88,245.88,213.49695300318842,161.00873100000004,18.310046997041567,2,14.072999999769998,non_overlapping_yes_buckets,True,1.1824415609240282,C,2026-06-13,high,,False
False,nan,3,19°C or below|20°C|22°C,37.914963999577,-37.914963999577,Ankara,0,False,391.223,353.30803600042304,391.223,53.33,15.415036000423001,53.33,37.914963999577,3,0.0,non_overlapping_yes_buckets,True,7.335889743108945,C,2026-06-14,high,,False
False,-6.864115,1,9°C,11.498976000967682,-6.864776004359682,Buenos Aires,1,False,174.985369,163.48639299903232,0.0053690000000017335,174.985369,163.48639299903232,0.0053690000000017335,6.864776004359682,0,4.634199996607999,overlapping_or_single_bucket_yes_markets,False,1.0,C,2026-06-14,high,,False
False,89.163648,1,between 68-69°F,15.646400000848999,-15.646400000848999,Chicago,1,False,104.81,89.163599999151,104.81,104.81,89.163599999151,104.81,15.646400000848999,0,0.0,overlapping_or_single_bucket_yes_markets,False,1.0,F,2026-06-14,high,between 68-69°F,True
False,nan,1,30°C,10.9428,-10.9428,Guangzhou,0,False,50.0,39.0572,50.0,50.0,39.0572,50.0,10.9428,1,0.0,overlapping_or_single_bucket_yes_markets,False,1.0,C,2026-06-14,high,,False
True,nan,2,27°C|28°C,66.59319799999896,-66.59319799999896,Hong Kong,0,False,300.0,233.40680200000105,300.0,299.959985,233.36678700000107,299.959985,66.59319799999896,2,0.0,non_overlapping_yes_buckets,True,1.0001334011268201,C,2026-06-14,low,,False
False,0.4749,1,23°C,3.7993740000000003,0.47472599999999954,London,1,False,94.98434999999999,91.18497599999999,0.004349999999988086,94.98434999999999,91.18497599999999,0.004349999999988086,-0.47472599999999954,0,4.2741,overlapping_or_single_bucket_yes_markets,False,1.0,C,2026-06-14,high,,False
False,-1.887772,1,22°C,8.386999999079999,-1.887799996697999,Munich,1,False,58.98,50.59300000092,0.0,58.98,50.59300000092,0.0,1.887799996697999,0,6.499200002382,overlapping_or_single_bucket_yes_markets,False,1.0,C,2026-06-14,high,,False
True,172.894023,3,23°C|24°C|25°C,51.50600000208,-51.50600000208,Qingdao,1,False,400.0,348.49399999792,400.0,214.8,163.29399999792003,214.8,51.50600000208,2,0.0,non_overlapping_yes_buckets,True,1.8621973929236497,C,2026-06-14,high,25°C,True
False,nan,2,28°C|29°C or higher,42.74764498800064,-42.74764498800064,Seoul,0,False,638.0,595.2523550119994,638.0,495.53639499999997,452.78875001199935,495.53639499999997,42.74764498800064,2,0.0,non_overlapping_yes_buckets,True,1.2874937268734823,C,2026-06-14,high,,False
True,242.431796,2,22°C|23°C,106.92515399674502,-59.06915399674502,Shanghai,1,False,1178.8303329999999,1071.905179003255,1178.8303329999999,478.56,371.634846003255,239.28,59.06915399674502,1,47.856,non_overlapping_yes_buckets,True,2.4632863862420593,C,2026-06-14,high,22°C,True
True,nan,3,25°C|26°C|27°C,35.08132100001897,-35.08132100001897,Taipei,0,False,326.695,291.613678999981,326.695,100.0,64.91867899998104,100.0,35.08132100001897,3,0.0,non_overlapping_yes_buckets,True,3.26695,C,2026-06-14,high,,False
True,nan,2,14°C|15°C,50.43964098577045,-50.43964098577045,Warsaw,0,False,400.922075,350.48243401422957,400.922075,399.98611300000005,349.5464720142296,399.98611300000005,50.43964098577045,2,0.0,non_overlapping_yes_buckets,True,1.002339986238472,C,2026-06-14,high,,False
False,54.0,1,26°C,14.4,53.99999999999999,Ankara,1,False,72.0,57.6,0.0,72.0,57.6,0.0,-53.99999999999999,0,68.39999999999999,overlapping_or_single_bucket_yes_markets,False,1.0,C,2026-06-15,high,26°C,True
True,89.352972,2,between 78-79°F|between 80-81°F,17.39229099996169,78.55729499825217,Atlanta,1,False,100.0,82.60770900003831,99.928619,99.928619,82.53632800003831,0.052511000000009744,-78.55729499825217,1,95.94958599821386,non_overlapping_yes_buckets,True,1.0007143198886799,F,2026-06-15,high,between 80-81°F,True
False,113.788234,4,25°C or below|26°C|27°C|28°C,70.951569989595,55.144180014308006,Beijing,1,False,205.55,134.59843001040502,179.25,131.4,60.448430010405005,0.0,-55.144180014308006,3,126.095750003903,non_overlapping_yes_buckets,True,1.5643074581430747,C,2026-06-15,high,27°C,True
True,43.012017,3,30°C|31°C|32°C,38.08177598652612,22.362224013473877,Istanbul,1,False,631.89,593.8082240134738,631.89,67.16,29.07822401347388,0.0,-22.362224013473877,2,60.443999999999996,non_overlapping_yes_buckets,True,9.408725431804646,C,2026-06-15,high,30°C,True
False,nan,2,22°C|24°C or higher,29.650409000646505,-29.650409000646505,London,0,False,500.2221,470.5716909993535,500.2221,199.985143,170.3347339993535,199.985143,29.650409000646505,2,0.0,non_overlapping_yes_buckets,True,2.501296308796299,C,2026-06-15,high,,False
False,nan,1,33°C,12.3,-12.3,Madrid,0,False,100.0,87.7,100.0,100.0,87.7,100.0,12.3,1,0.0,overlapping_or_single_bucket_yes_markets,False,1.0,C,2026-06-15,high,,False
False,nan,1,23°C,14.3650000025,0.6651299957399992,Moscow,0,False,115.0,100.6349999975,30.650000000000006,115.0,100.6349999975,30.650000000000006,-0.6651299957399992,1,15.03012999824,overlapping_or_single_bucket_yes_markets,False,1.0,C,2026-06-15,high,,False
False,133.317068,3,27°C|30°C|31°C,36.435099996764,125.441900000836,Paris,1,False,280.0,243.564900003236,280.0,148.0,111.564900003236,0.0,-125.441900000836,2,161.8769999976,non_overlapping_yes_buckets,True,1.8918918918918919,C,2026-06-15,high,27°C,True
False,nan,3,30°C|31°C|32°C or higher,51.634209003586975,-51.634209003586975,Seoul,0,False,1862.6122,1810.9779909964132,1862.6122,169.029057,117.39484799641302,169.029057,51.634209003586975,3,0.0,non_overlapping_yes_buckets,True,11.019479331296276,C,2026-06-15,high,,False
False,-10.330507,1,18°C,16.090800008471998,-10.330500012336,Seoul,1,False,200.76,184.669199991528,0.0,200.76,184.669199991528,0.0,10.330500012336,0,5.760299996135999,overlapping_or_single_bucket_yes_markets,False,1.0,C,2026-06-15,low,,False
True,nan,2,27°C|28°C,40.128949986125,-35.847189991289,Shenzhen,0,False,442.05,401.921050013875,245.51,245.51,205.38105001387498,43.50000000000006,35.847189991289,2,4.2817599948359994,non_overlapping_yes_buckets,True,1.8005376563072788,C,2026-06-15,high,,False
False,nan,1,24°C,12.583244,-12.583244,Amsterdam,0,False,318.0322,305.448956,318.0322,318.0322,305.448956,318.0322,12.583244,1,0.0,overlapping_or_single_bucket_yes_markets,False,1.0,C,2026-06-16,high,,False
True,nan,2,30°C|31°C,2.5368589994790454,-2.5368589994790454,Ankara,0,False,39.03809,36.50123100052095,39.03809,22.48,19.943141000520956,22.48,2.5368589994790454,2,0.0,non_overlapping_yes_buckets,True,1.736569839857651,C,2026-06-16,high,,False
False,nan,1,23°C,3.1074300146800002,-3.1074300146800002,Beijing,0,False,297.8,294.69256998532,297.8,297.8,294.69256998532,297.8,3.1074300146800002,1,0.0,overlapping_or_single_bucket_yes_markets,False,1.0,C,2026-06-16,high,,False
False,nan,2,20°C|21°C or higher,7.266350010433,-7.266350010433,Buenos Aires,0,False,190.76,183.493649989567,190.76,83.39,76.123649989567,83.39,7.266350010433,2,0.0,non_overlapping_yes_buckets,True,2.2875644561698043,C,2026-06-16,high,,False
True,104.182546,2,27°C|28°C,63.821329988887,95.877750013208,London,1,False,267.59000000000003,203.76867001111304,252.96,252.96,189.138670011113,0.0,-95.877750013208,1,159.699080002095,non_overlapping_yes_buckets,True,1.0578352308665402,C,2026-06-16,high,27°C,True
False,-5.316935,1,35°C,12.1039699986,-5.31685000444,Madrid,1,False,123.4,111.2960300014,0.0,123.4,111.2960300014,0.0,5.31685000444,0,6.78711999416,overlapping_or_single_bucket_yes_markets,False,1.0,C,2026-06-16,high,,False
True,nan,3,14°C|15°C|16°C,8.65741900655,-8.65741900655,Moscow,0,False,942.823,934.16558099345,942.823,49.44165,40.78423099345,49.44165,8.65741900655,3,0.0,non_overlapping_yes_buckets,True,19.06940808002969,C,2026-06-16,high,,False
True,nan,4,23°C|24°C|25°C|26°C,59.24142601058927,-48.48192701062464,Munich,0,False,542.194374,482.95294798941075,444.38073900000006,201.85000000000002,142.60857398941076,201.85000000000002,48.48192701062464,4,10.759498999964633,non_overlapping_yes_buckets,True,2.6861252117909338,C,2026-06-16,high,,False
False,nan,2,25°C or below|26°C,15.108800002466001,-15.108800002466001,Paris,0,False,176.12,161.011199997534,176.12,76.9,61.79119999753401,76.9,15.108800002466001,2,0.0,non_overlapping_yes_buckets,True,2.2902470741222367,C,2026-06-16,high,,False
True,nan,2,25°C|26°C,12.96072,-12.96072,Qingdao,0,False,114.48,101.51928000000001,114.48,26.28,13.319280000000001,26.28,12.96072,2,0.0,non_overlapping_yes_buckets,True,4.3561643835616435,C,2026-06-16,high,,False
True,196.304973,6,between 72-73°F|between 74-75°F|between 76-77°F|between 78-79°F|between 80-81°F|between 82-83°F,55.789462993386365,-55.789462993386365,Seattle,1,False,521.367,465.5775370066136,521.367,73.02000000000001,17.230537006613645,73.02000000000001,55.789462993386365,5,0.0,non_overlapping_yes_buckets,True,7.140057518488084,F,2026-06-16,high,between 76-77°F,True
False,nan,2,30°C|32°C or higher,24.680133995107745,-24.680133995107745,Seoul,0,False,150.0,125.31986600489225,150.0,19.390571,-5.289562995107744,19.390571,24.680133995107745,2,0.0,non_overlapping_yes_buckets,True,7.735718561356444,C,2026-06-16,high,,False
False,107.193066,1,26°C,2.2019999989,107.19300000109999,Shenzhen,1,False,110.5,108.29800000110001,0.0,110.5,108.29800000110001,0.0,-107.19300000109999,0,109.395,overlapping_or_single_bucket_yes_markets,False,1.0,C,2026-06-16,high,26°C,True
False,nan,1,27°C,21.3216,-21.3216,Tokyo,0,False,88.84,67.5184,88.84,88.84,67.5184,88.84,21.3216,1,0.0,overlapping_or_single_bucket_yes_markets,False,1.0,C,2026-06-16,high,,False
False,nan,2,32°C|33°C or higher,13.600399999278,-13.600399999278,Guangzhou,0,False,100.0,86.399600000722,100.0,40.21,26.609600000722,40.21,13.600399999278,2,0.0,non_overlapping_yes_buckets,True,2.486943546381497,C,2026-06-17,high,,False
False,nan,2,15°C|17°C,10.932810995392,-10.932810995392,Helsinki,0,False,408.99190899999996,398.05909800460796,408.99190899999996,123.98,113.047189004608,123.98,10.932810995392,2,0.0,non_overlapping_yes_buckets,True,3.2988539199870943,C,2026-06-17,high,,False
True,137.047106,3,26°C|27°C|28°C,68.891689986992,-67.891690986992,London,1,False,593.01,524.118310013008,593.01,154.8,85.908310013008,153.68889000000001,67.891690986992,2,0.9999990000000001,non_overlapping_yes_buckets,True,3.830813953488372,C,2026-06-17,high,26°C,True
False,nan,1,26°C,6.315099999999999,-6.315099999999999,Munich,0,False,57.41,51.094899999999996,57.41,57.41,51.094899999999996,57.41,6.315099999999999,1,0.0,overlapping_or_single_bucket_yes_markets,False,1.0,C,2026-06-17,high,,False
False,nan,1,between 80-81°F,6.1636000006,-6.1636000006,New York City,0,False,84.72,78.5563999994,84.72,84.72,78.5563999994,84.72,6.1636000006,1,0.0,overlapping_or_single_bucket_yes_markets,False,1.0,F,2026-06-17,high,,False
False,nan,1,33°C,23.365599998272,-23.365599998272,Paris,0,False,182.12,158.75440000172802,182.12,182.12,158.75440000172802,182.12,23.365599998272,1,0.0,overlapping_or_single_bucket_yes_markets,False,1.0,C,2026-06-17,high,,False
False,nan,1,19°C,5.3,-5.3,Sao Paulo,0,False,100.0,94.7,100.0,100.0,94.7,100.0,5.3,1,0.0,overlapping_or_single_bucket_yes_markets,False,1.0,C,2026-06-17,high,,False
False,196.839812,3,29°C|30°C|31°C or higher,25.488808988522734,-25.488808988522734,Seoul,1,False,212.5,187.01119101147725,212.5,62.446985,36.95817601147726,62.446985,25.488808988522734,2,0.0,non_overlapping_yes_buckets,True,3.4028864644145753,C,2026-06-17,high,30°C,True
True,76.0,3,25°C|26°C|27°C,29.310673990437,65.689326009563,Shenzhen,1,False,150.05,120.73932600956302,150.05,100.0,70.689326009563,0.0,-65.689326009563,2,95.0,non_overlapping_yes_buckets,True,1.5005000000000002,C,2026-06-17,high,27°C,True
False,60.286,1,34°C or higher,9.814,-9.814,Taipei,1,False,70.1,60.285999999999994,70.1,70.1,60.285999999999994,70.1,9.814,0,0.0,overlapping_or_single_bucket_yes_markets,False,1.0,C,2026-06-17,high,34°C or higher,True
False,-8.322411,3,25°C or below|26°C|27°C,55.748139998978004,-25.526129993346004,Ankara,2,False,339.52,283.771860001022,212.53,100.0,44.251860001021996,0.0,25.526129993346004,1,30.222010005632,non_overlapping_yes_buckets,True,3.3952,C,2026-06-18,high,,False
True,nan,3,28°C|29°C|30°C,210.73217599753838,-210.73217599753838,London,0,False,907.962479,697.2303030024616,907.962479,386.602253,175.87007700246164,386.602253,210.73217599753838,3,0.0,non_overlapping_yes_buckets,True,2.348570066403622,C,2026-06-18,high,,False
False,nan,1,36°C,5.336400000014,-5.336400000014,Madrid,0,False,20.26,14.923599999986003,20.26,20.26,14.923599999986003,20.26,5.336400000014,1,0.0,overlapping_or_single_bucket_yes_markets,False,1.0,C,2026-06-18,high,,False
False,nan,1,33°C,7.199927001010175,-7.199927001010175,Munich,0,False,599.993916,592.7939889989898,599.993916,599.993916,592.7939889989898,599.993916,7.199927001010175,1,0.0,overlapping_or_single_bucket_yes_markets,False,1.0,C,2026-06-18,high,,False
False,nan,1,37°C,29.777999998400002,-29.777999998400002,Paris,0,False,166.0,136.2220000016,166.0,166.0,136.2220000016,166.0,29.777999998400002,1,0.0,overlapping_or_single_bucket_yes_markets,False,1.0,C,2026-06-18,high,,False
True,140.795,2,26°C|27°C,25.205,-25.205,Shenzhen,1,False,145.0,119.795,145.0,105.0,79.795,105.0,25.205,1,0.0,non_overlapping_yes_buckets,True,1.380952380952381,C,2026-06-18,high,26°C,True
False,nan,3,33°C|34°C|35°C or higher,39.07709899205546,-39.07709899205546,Guangzhou,0,False,284.574468,245.49736900794457,284.574468,100.0,60.92290100794454,100.0,39.07709899205546,3,0.0,non_overlapping_yes_buckets,True,2.84574468,C,2026-06-19,high,,False
True,16.0236,3,30°C|31°C|32°C,474.8469560112531,-227.1706560006551,London,1,True,1386.49,911.643043988747,601.8199999999999,245.467094,-229.3798620112531,245.467094,227.1706560006551,2,247.676300010598,non_overlapping_yes_buckets,True,5.6483741971541,C,2026-06-19,high,30°C,True
False,4.5,1,between 68-69°F,0.0,29.5,Los Angeles,1,True,0.0,0.0,0.0,0.0,0.0,0.0,-29.5,0,29.5,overlapping_or_single_bucket_yes_markets,False,nan,F,2026-06-19,high,,False
False,-8.758,1,34°C,29.37269999665,-8.758000002798,Munich,1,False,220.54,191.16730000335,0.0,220.54,191.16730000335,0.0,8.758000002798,0,20.614699993852,overlapping_or_single_bucket_yes_markets,False,1.0,C,2026-06-19,high,,False
True,nan,2,26°C|27°C,12.463550004992,-12.463550004992,Sao Paulo,0,False,230.91,218.446449995008,230.91,70.0,57.536449995008,70.0,12.463550004992,2,0.0,non_overlapping_yes_buckets,True,3.2987142857142855,C,2026-06-19,high,,False
True,87.90408,3,30°C|31°C|32°C,50.990659993516,-44.717209991866,Shanghai,1,False,470.5,419.509340006484,235.25,101.75,50.759340006484,101.75,44.717209991866,2,6.27345000165,non_overlapping_yes_buckets,True,4.624078624078624,C,2026-06-19,high,31°C,True
True,nan,3,27°C|28°C|29°C,17.3688729934,-17.3688729934,Shenzhen,0,False,154.0,136.6311270066,154.0,116.88,99.51112700659999,116.88,17.3688729934,3,0.0,non_overlapping_yes_buckets,True,1.3175906913073239,C,2026-06-19,high,,False
True,nan,2,17°C|18°C,24.757160009880998,-13.364462017550975,Buenos Aires,0,False,463.25,438.492839990119,353.13,353.13,328.372839990119,83.493336,13.364462017550975,2,11.392697992330023,non_overlapping_yes_buckets,True,1.311839832356356,C,2026-06-20,high,,False
False,nan,1,25°C,8.999990003038967,-8.999990003038967,Busan,0,False,299.999666,290.999675996961,299.999666,299.999666,290.999675996961,299.999666,8.999990003038967,1,0.0,overlapping_or_single_bucket_yes_markets,False,1.0,C,2026-06-20,high,,False
False,nan,1,23°C,1.25,-1.25,Istanbul,0,False,26.0,24.75,26.0,26.0,24.75,26.0,1.25,1,0.0,overlapping_or_single_bucket_yes_markets,False,1.0,C,2026-06-20,high,,False
True,-6.8228,2,27°C|28°C,50.358579000000006,-35.18137900000001,London,1,False,271.7158,221.35722099999998,271.7158,100.0,49.641420999999994,0.0,35.18137900000001,1,15.1772,non_overlapping_yes_buckets,True,2.717158,C,2026-06-20,high,,False
False,nan,1,39°C,25.30384,-25.30384,Madrid,0,False,227.972,202.66816,227.972,227.972,202.66816,227.972,25.30384,1,0.0,overlapping_or_single_bucket_yes_markets,False,1.0,C,2026-06-20,high,,False
True,nan,2,22°C|23°C,63.328577998185146,-39.79283900452788,Moscow,0,False,453.478973,390.15039500181484,293.159832,84.15,20.82142200181486,84.15,39.79283900452788,2,23.535738993657265,non_overlapping_yes_buckets,True,5.388936102198454,C,2026-06-20,high,,False
False,nan,1,31°C,13.999727999777738,-13.999727999777738,Munich,0,False,199.99611299999998,185.99638500022223,199.99611299999998,199.99611299999998,185.99638500022223,199.99611299999998,13.999727999777738,1,0.0,overlapping_or_single_bucket_yes_markets,False,1.0,C,2026-06-20,high,,False
False,nan,1,25°C,6.5,-6.5,Sao Paulo,0,False,50.0,43.5,50.0,50.0,43.5,50.0,6.5,1,0.0,overlapping_or_single_bucket_yes_markets,False,1.0,C,2026-06-20,high,,False
True,nan,2,between 74-75°F|between 76-77°F,42.59756300004668,-42.59756300004668,Seattle,0,False,214.33,171.73243699995334,214.33,188.295818,145.69825499995332,188.295818,42.59756300004668,2,0.0,non_overlapping_yes_buckets,True,1.138262136018337,F,2026-06-20,high,,False
False,nan,1,24°C,14.308200005969999,-14.308200005969999,Ankara,0,False,182.26,167.95179999402998,182.26,182.26,167.95179999402998,182.26,14.308200005969999,1,0.0,overlapping_or_single_bucket_yes_markets,False,1.0,C,2026-06-21,high,,False
False,-1.198505,1,16°C,2.0376,-1.1984999999559998,Buenos Aires,1,False,5.66,3.6224000000000003,0.0,5.66,3.6224000000000003,0.0,1.1984999999559998,0,0.8391000000440001,overlapping_or_single_bucket_yes_markets,False,1.0,C,2026-06-21,high,,False
True,93.023075,3,20°C|21°C|22°C,88.279349993962,86.979430006038,Cape Town,1,False,499.991666,411.712316006038,499.991666,22.26,-66.019349993962,0.0,-86.979430006038,2,175.25878,non_overlapping_yes_buckets,True,22.461440521114106,C,2026-06-21,high,22°C,True
False,nan,1,between 66-67°F,4.999938,-4.999938,Chicago,0,False,999.9876,994.987662,999.9876,999.9876,994.987662,999.9876,4.999938,1,0.0,overlapping_or_single_bucket_yes_markets,False,1.0,F,2026-06-21,high,,False
False,nan,1,31°C,12.7737,-12.7737,Hong Kong,0,False,141.93,129.15630000000002,141.93,141.93,129.15630000000002,141.93,12.7737,1,0.0,overlapping_or_single_bucket_yes_markets,False,1.0,C,2026-06-21,high,,False
False,-16.662604,1,27°C,34.391400003293995,-16.662700000403994,Istanbul,1,False,180.3,145.90859999670602,0.0,180.3,145.90859999670602,0.0,16.662700000403994,0,17.72870000289,overlapping_or_single_bucket_yes_markets,False,1.0,C,2026-06-21,high,,False
False,-88.429413,3,30°C|31°C|32°C or higher,176.409969993588,-117.31657199202515,London,1,False,474.93,298.520030006412,311.02,271.82,95.410030006412,0.004739999999969768,117.31657199202515,2,59.093398001562846,non_overlapping_yes_buckets,True,1.7472224266058423,C,2026-06-21,high,,False
False,nan,1,40°C,1.8817199988171995,-1.8817199988171995,Madrid,0,False,26.881714,24.9999940011828,26.881714,26.881714,24.9999940011828,26.881714,1.8817199988171995,1,0.0,overlapping_or_single_bucket_yes_markets,False,1.0,C,2026-06-21,high,,False
False,61.688401,3,23°C|24°C|25°C or higher,30.87900500659107,58.22759499340894,Sao Paulo,1,False,197.63,166.75099499340894,160.61275,82.849999,51.970993993408925,0.0,-58.22759499340894,2,89.10660000000001,non_overlapping_yes_buckets,True,2.385395321489382,C,2026-06-21,high,23°C,True
False,nan,1,between 80-81°F,5.799505000048332,-5.799505000048332,Seattle,0,False,373.31208300000003,367.5125779999517,373.31208300000003,373.31208300000003,367.5125779999517,373.31208300000003,5.799505000048332,1,0.0,overlapping_or_single_bucket_yes_markets,False,1.0,F,2026-06-21,high,,False
False,nan,1,30°C or higher,37.12474599903389,-37.12474599903389,Tokyo,0,False,202.975406,165.85066000096612,202.975406,202.975406,165.85066000096612,202.975406,37.12474599903389,1,0.0,overlapping_or_single_bucket_yes_markets,False,1.0,C,2026-06-21,high,,False
True,nan,3,31°C|32°C|33°C,236.099219952436,-108.24201997567897,Warsaw,0,False,1480.91,1244.810780047564,781.3500000000001,15.0,-221.099219952436,15.0,108.24201997567897,3,127.85719997675702,non_overlapping_yes_buckets,True,98.72733333333333,C,2026-06-21,high,,False
True,nan,2,34°C|35°C,17.31957000311,-17.31957000311,Hong Kong,0,False,259.15,241.83042999688996,259.15,103.85,86.53042999688999,103.85,17.31957000311,2,0.0,non_overlapping_yes_buckets,True,2.4954260953298024,C,2026-06-22,high,,False
False,nan,3,25°C|28°C|29°C,57.700439989994,-57.700439989994,London,0,False,358.0,300.299560010006,358.0,250.0,192.299560010006,250.0,57.700439989994,3,0.0,non_overlapping_yes_buckets,True,1.432,C,2026-06-22,high,,False
True,78.470978,2,23°C|24°C,24.422499999525,64.12590000047499,Moscow,2,True,77.35,52.92750000047499,28.689999999999998,47.5,23.077500000475,0.0,-64.12590000047499,0,88.54839999999999,non_overlapping_yes_buckets,True,1.6284210526315788,C,2026-06-22,high,24°C,True
False,nan,1,between 62-63°F,10.91759999028,-10.91759999028,New York City,0,False,215.92,205.00240000972,215.92,215.92,205.00240000972,215.92,10.91759999028,1,0.0,overlapping_or_single_bucket_yes_markets,False,1.0,F,2026-06-22,low,,False
True,nan,2,24°C|25°C,31.8675,-31.8675,Seoul,0,False,300.0,268.1325,300.0,122.45,90.58250000000001,122.45,31.8675,2,0.0,non_overlapping_yes_buckets,True,2.449979583503471,C,2026-06-22,high,,False
True,306.740826,4,24°C|25°C|26°C|27°C,108.021015017135,236.99918398370178,Shanghai,1,False,506.2085,398.18748498286504,461.43773200000004,267.0,158.978984982865,0.0,-236.99918398370178,3,345.0201990008368,non_overlapping_yes_buckets,True,1.8959119850187267,C,2026-06-22,high,24°C,True
False,nan,2,35°C|36°C or higher,102.27910600940999,-102.27910600940999,Shenzhen,0,False,919.78,817.5008939905899,919.78,418.3173,316.03819399059,418.3173,102.27910600940999,2,0.0,non_overlapping_yes_buckets,True,2.1987615620965233,C,2026-06-22,high,,False
False,nan,1,29°C,6.82,-6.82,Warsaw,0,False,250.0,243.18,250.0,250.0,243.18,250.0,6.82,1,0.0,overlapping_or_single_bucket_yes_markets,False,1.0,C,2026-06-22,high,,False
True,nan,2,29°C|30°C,5.0117830001000625,-5.0117830001000625,Chongqing,0,False,399.991181,394.9793979998999,399.991181,305.94,300.9282169998999,305.94,5.0117830001000625,2,0.0,non_overlapping_yes_buckets,True,1.3074170785121264,C,2026-06-23,high,,False
True,nan,2,34°C|35°C,37.74026200219511,-37.74026200219511,London,0,False,749.3839,711.643637997805,749.3839,99.997555,62.257292997804896,99.997555,37.74026200219511,2,0.0,non_overlapping_yes_buckets,True,7.4940222288434954,C,2026-06-23,high,,False
True,nan,2,24°C|25°C,49.576629997915006,-49.576629997915006,Moscow,0,False,130.0,80.423370002085,130.0,93.27,43.69337000208499,93.27,49.576629997915006,2,0.0,non_overlapping_yes_buckets,True,1.3938029377077303,C,2026-06-23,high,,False
False,nan,3,69°F or below|between 70-71°F|between 72-73°F,111.74444901746577,-58.83128900810577,New York City,0,False,681.091198,569.3467489825342,681.091198,229.12,117.37555098253424,209.16,58.83128900810577,3,52.91316000936,non_overlapping_yes_buckets,True,2.972639656075419,F,2026-06-23,high,,False
False,nan,2,18°C or below|19°C,19.399931000215588,-19.399931000215588,Sao Paulo,0,False,999.99057,980.5906389997845,999.99057,399.999903,380.59997199978443,399.999903,19.399931000215588,2,0.0,non_overlapping_yes_buckets,True,2.49997703124443,C,2026-06-23,high,,False
False,nan,1,27°C,12.145000000000001,-12.145000000000001,Seoul,0,False,121.45,109.305,121.45,121.45,109.305,121.45,12.145000000000001,1,0.0,overlapping_or_single_bucket_yes_markets,False,1.0,C,2026-06-23,high,,False
False,-0.99,2,35°C|36°C or higher,7.03,-1.0200000000000005,Shenzhen,1,False,100.0,92.97,6.0,6.0,-1.0300000000000002,0.0,1.0200000000000005,1,6.01,non_overlapping_yes_buckets,True,16.666666666666668,C,2026-06-23,high,,False
True,121.9001,2,22°C|23°C,19.963000001999998,-19.963000001999998,Tokyo,1,False,207.0,187.036999998,207.0,140.0,120.036999998,140.0,19.963000001999998,1,0.0,non_overlapping_yes_buckets,True,1.4785714285714286,C,2026-06-23,high,23°C,True
False,nan,1,27°C or below,5.34,-5.34,Beijing,0,False,267.0,261.66,267.0,267.0,261.66,267.0,5.34,1,0.0,overlapping_or_single_bucket_yes_markets,False,1.0,C,2026-06-24,high,,False
False,nan,1,27°C,6.0,-6.0,Istanbul,0,False,100.0,94.0,100.0,100.0,94.0,100.0,6.0,1,0.0,overlapping_or_single_bucket_yes_markets,False,1.0,C,2026-06-24,high,,False
False,nan,1,31°C,1.467279,-1.467279,Milan,0,False,489.093,487.625721,489.093,489.093,487.625721,489.093,1.467279,1,0.0,overlapping_or_single_bucket_yes_markets,False,1.0,C,2026-06-24,high,,False
False,-1.860002,1,22°C,25.4400000026,-1.8600000047999998,Moscow,1,False,58.0,32.5599999974,0.0,58.0,32.5599999974,0.0,1.8600000047999998,0,23.5799999978,overlapping_or_single_bucket_yes_markets,False,1.0,C,2026-06-24,high,22°C,True
False,71.3136,1,34°C,27.987000000000002,71.31361999999999,Munich,1,False,100.0,72.013,0.0,100.0,72.013,0.0,-71.31361999999999,0,99.30062,overlapping_or_single_bucket_yes_markets,False,1.0,C,2026-06-24,high,34°C,True
True,nan,2,16°C|17°C,3.0614500000000002,-3.0614500000000002,Sao Paulo,0,False,648.53,645.4685499999999,648.53,588.13,585.06855,588.13,3.0614500000000002,2,0.0,non_overlapping_yes_buckets,True,1.1026983830105588,C,2026-06-24,high,,False
False,nan,3,30°C|31°C|32°C or higher,41.567870002324,-41.567870002324,Seoul,0,False,570.26,528.692129997676,570.26,167.56,125.992129997676,167.56,41.567870002324,3,0.0,non_overlapping_yes_buckets,True,3.4033182143709717,C,2026-06-24,high,,False
False,nan,1,23°C,37.534400000552,-37.534400000552,Shanghai,0,False,272.96,235.42559999944797,272.96,272.96,235.42559999944797,272.96,37.534400000552,1,0.0,overlapping_or_single_bucket_yes_markets,False,1.0,C,2026-06-24,high,,False
False,nan,1,29°C,14.254059999570002,-14.254059999570002,Busan,0,False,65.54,51.28594000043,65.54,65.54,51.28594000043,65.54,14.254059999570002,1,0.0,overlapping_or_single_bucket_yes_markets,False,1.0,C,2026-06-25,high,,False
True,nan,2,28°C|29°C,27.269190000000002,-27.269190000000002,Istanbul,0,False,199.9792,172.71000999999998,199.9792,100.0,72.73080999999999,100.0,27.269190000000002,2,0.0,non_overlapping_yes_buckets,True,1.999792,C,2026-06-25,high,,False
False,433.074298,5,26°C or below|27°C|28°C|29°C|30°C,362.7270259670842,170.04372201121902,London,1,False,6814.66,6451.932974032916,6814.66,350.0,-12.727025967084217,0.0026329999999461506,-170.04372201121902,4,532.7707479783032,non_overlapping_yes_buckets,True,19.470457142857143,C,2026-06-25,high,29°C,True
False,nan,1,31°C,29.267199988989,-0.14799998898899958,Madrid,0,False,242.67,213.40280001101098,121.33999999999997,242.67,213.40280001101098,121.33999999999997,0.14799998898899958,1,29.1192,overlapping_or_single_bucket_yes_markets,False,1.0,C,2026-06-25,high,,False
True,-8.3,2,between 92-93°F|between 94-95°F,20.83639,-8.636390000000002,Miami,1,False,112.13,91.29361,112.13,50.0,29.16361,0.0,8.636390000000002,1,12.2,non_overlapping_yes_buckets,True,2.2426,F,2026-06-25,high,,False
False,nan,1,between 86-87°F,0.36294400003365923,-0.36294400003365923,New York City,0,False,6.979692,6.616747999966341,6.979692,6.979692,6.616747999966341,6.979692,0.36294400003365923,1,0.0,overlapping_or_single_bucket_yes_markets,False,1.0,F,2026-06-25,high,,False
True,nan,3,23°C|24°C|25°C,107.22902900810821,-106.70402900810821,Seoul,0,False,760.3248500000001,653.0958209918919,725.3248500000001,150.0,42.77097099189179,150.0,106.70402900810821,3,0.525,non_overlapping_yes_buckets,True,5.068832333333334,C,2026-06-25,high,,False
False,nan,1,18°C,2.0510150016346915,-2.0510150016346915,Seoul,0,False,165.99192299999999,163.9409079983653,165.99192299999999,165.99192299999999,163.9409079983653,165.99192299999999,2.0510150016346915,1,0.0,overlapping_or_single_bucket_yes_markets,False,1.0,C,2026-06-25,low,,False
False,6.553,1,22°C,111.85000000000001,6.553100000000001,Tokyo,1,False,200.0,88.14999999999999,0.0,200.0,88.14999999999999,0.0,-6.553100000000001,0,118.40310000000001,overlapping_or_single_bucket_yes_markets,False,1.0,C,2026-06-25,high,22°C,True
True,nan,2,38°C|39°C,9.499106000107835,-9.499106000107835,Amsterdam,0,False,199.9901,190.49099399989217,199.9901,49.994699,40.49559299989216,49.994699,9.499106000107835,2,0.0,non_overlapping_yes_buckets,True,4.000226103971544,C,2026-06-26,high,,False
True,23.6436,4,35°C|36°C|37°C|38°C,58.274805007033436,-58.274805007033436,London,1,False,639.734333,581.4595279929665,639.734333,24.4,-33.87480500703344,24.4,58.274805007033436,3,0.0,non_overlapping_yes_buckets,True,26.218620204918032,C,2026-06-26,high,36°C,True
False,nan,1,36°C,0.65,-0.65,Munich,0,False,5.0,4.35,5.0,5.0,4.35,5.0,0.65,1,0.0,overlapping_or_single_bucket_yes_markets,False,1.0,C,2026-06-26,high,,False
True,nan,2,between 76-77°F|between 78-79°F,6.163260000005,-6.163260000005,New York City,0,False,56.95,50.78673999999501,56.95,55.04,48.876739999994996,55.04,6.163260000005,2,0.0,non_overlapping_yes_buckets,True,1.034702034883721,F,2026-06-26,high,,False
False,126.145778,8,17°C|18°C|19°C|21°C|22°C|23°C|24°C|25°C or higher,98.500738027522,50.96656197247799,Sao Paulo,1,False,853.769,755.2682619724781,853.769,100.0,1.4992619724779956,0.0,-50.96656197247799,7,149.4673,non_overlapping_yes_buckets,True,8.53769,C,2026-06-26,high,19°C,True
False,-26.789777,3,30°C or below|33°C|34°C,70.23594700080332,-36.78958700022632,Amsterdam,1,False,999.9997500000001,929.7638029991967,999.9997500000001,150.37,80.13405299919668,0.0,36.78958700022632,2,33.446360000577,non_overlapping_yes_buckets,True,6.650261022810401,C,2026-06-27,high,30°C or below,True
False,165.847306,4,17°C|18°C|19°C|20°C or higher,45.339831012815,216.01297298875795,Buenos Aires,2,False,1138.0731,1092.733268987185,118.1,118.1,72.760168987185,0.003100000000131331,-216.01297298875795,2,261.35280400157296,non_overlapping_yes_buckets,True,9.636520745131246,C,2026-06-27,high,19°C,True
False,nan,1,between 98-99°F,0.11697000000000002,-0.11697000000000002,Dallas,0,False,5.57,5.45303,5.57,5.57,5.45303,5.57,0.11697000000000002,1,0.0,overlapping_or_single_bucket_yes_markets,False,1.0,F,2026-06-27,high,,False
False,nan,1,29°C,35.912699991432,-35.912699991432,Istanbul,0,False,245.52,209.60730000856802,245.52,245.52,209.60730000856802,245.52,35.912699991432,1,0.0,overlapping_or_single_bucket_yes_markets,False,1.0,C,2026-06-27,high,,False
True,174.79199,3,31°C|32°C|33°C,299.59004301053557,-6.4281150098172475,London,1,False,740.360238,440.7701949894644,740.360238,302.23,2.6399569894644515,0.0012080000000196378,6.4281150098172475,2,293.1619280007183,non_overlapping_yes_buckets,True,2.449658333057605,C,2026-06-27,high,31°C,True
True,47.4804,2,36°C|37°C,83.1334870098366,-83.1334870098366,Milan,1,False,472.899568,389.7660809901634,472.899568,75.0,-8.1334870098366,75.0,83.1334870098366,1,0.0,non_overlapping_yes_buckets,True,6.305327573333333,C,2026-06-27,high,36°C,True
True,nan,3,37°C|38°C|39°C,86.68910201861,-86.68910201861,Munich,0,False,885.04,798.35089798139,885.04,305.58,218.89089798138997,305.58,86.68910201861,3,0.0,non_overlapping_yes_buckets,True,2.896262844426991,C,2026-06-27,high,,False
False,nan,1,between 72-73°F,1.1498000000000002,-1.1498000000000002,New York City,0,False,57.49,56.3402,57.49,57.49,56.3402,57.49,1.1498000000000002,1,0.0,overlapping_or_single_bucket_yes_markets,False,1.0,F,2026-06-27,low,,False
False,nan,1,38°C,3.6,-3.6,Paris,0,False,300.0,296.4,300.0,300.0,296.4,300.0,3.6,1,0.0,overlapping_or_single_bucket_yes_markets,False,1.0,C,2026-06-27,high,,False
False,-0.946171,2,30°C|31°C or higher,24.300580000000004,-2.4106800015280037,Seoul,1,False,152.24,127.93942000000001,112.66,112.66,88.35942,0.0,2.4106800015280037,1,21.889899998472,non_overlapping_yes_buckets,True,1.351322563465294,C,2026-06-27,high,,False
False,nan,1,28°C,6.8500000000000005,-6.8500000000000005,Shenzhen,0,False,137.0,130.15,137.0,137.0,130.15,137.0,6.8500000000000005,1,0.0,overlapping_or_single_bucket_yes_markets,False,1.0,C,2026-06-27,high,,False
False,nan,1,27°C,19.462500002000002,-19.462500002000002,Taipei,0,False,110.0,90.537499998,110.0,110.0,90.537499998,110.0,19.462500002000002,1,0.0,overlapping_or_single_bucket_yes_markets,False,1.0,C,2026-06-27,high,,False
False,-6.14275,1,23°C,61.6301,-6.142799999999994,Tokyo,1,False,250.0,188.3699,0.0,250.0,188.3699,0.0,6.142799999999994,0,55.487300000000005,overlapping_or_single_bucket_yes_markets,False,1.0,C,2026-06-27,high,23°C,True
False,nan,1,37°C,39.43524500161395,-39.43524500161395,Warsaw,0,False,605.624934,566.1896889983861,605.624934,605.624934,566.1896889983861,605.624934,39.43524500161395,1,0.0,overlapping_or_single_bucket_yes_markets,False,1.0,C,2026-06-27,high,,False
False,-6.176006,3,27°C or below|28°C|35°C,16.848630001780002,-15.365430001780002,Beijing,1,False,764.83,747.9813699982201,764.83,200.0,183.15136999822,200.0,15.365430001780002,2,1.4831999999999999,non_overlapping_yes_buckets,True,3.8241500000000004,C,2026-06-28,high,,False
False,nan,1,27°C,41.526240006001004,-17.735540003695004,London,0,False,364.15,322.623759993999,225.15999999999997,364.15,322.623759993999,225.15999999999997,17.735540003695004,1,23.790700002306,overlapping_or_single_bucket_yes_markets,False,1.0,C,2026-06-28,high,,False
False,2.999905,1,between 72-73°F,0.0,27.999199000000033,Los Angeles,1,True,0.0,0.0,0.0,0.0,0.0,0.0,-27.999199000000033,0,27.999199000000033,overlapping_or_single_bucket_yes_markets,False,nan,F,2026-06-28,high,,False
False,nan,2,26°C|27°C or higher,10.291540015035,-10.291540015035,Mexico City,0,False,480.1,469.808459984965,480.1,66.25,55.958459984965,66.25,10.291540015035,2,0.0,non_overlapping_yes_buckets,True,7.246792452830189,C,2026-06-28,high,,False
True,nan,2,38°C|39°C,16.161657000284002,-16.161657000284002,Milan,0,False,1140.03425,1123.8725929997158,1140.03425,329.46000000000004,313.29834299971606,329.46000000000004,16.161657000284002,2,0.0,non_overlapping_yes_buckets,True,3.4603115704486123,C,2026-06-28,high,,False
False,138.682994,5,27°C or below|28°C|29°C|31°C|32°C,53.761030023017,125.88396997698301,Paris,2,False,740.99,687.228969976983,740.99,95.3265,41.565469976982996,0.0,-125.88396997698301,3,179.645,non_overlapping_yes_buckets,True,7.773179546086346,C,2026-06-28,high,31°C,True
False,186.97745600000002,4,28°C|29°C|30°C|31°C or higher,24.38602000548,186.97717999452001,Qingdao,4,False,265.89,241.50397999452,265.89,49.0,24.61397999452,2.842170943040401e-14,-186.97717999452001,0,211.3632,non_overlapping_yes_buckets,True,5.426326530612244,C,2026-06-28,high,29°C,True
False,181.200778,9,20°C or below|21°C|22°C|23°C|24°C|27°C|28°C|29°C|30°C or higher,50.666787941746,151.94322605835237,Sao Paulo,1,False,1129.8,1079.133212058254,1129.8,116.09,65.423212058254,0.0036949999999933425,-151.94322605835237,8,202.61001400009837,non_overlapping_yes_buckets,True,9.732104401757256,C,2026-06-28,high,27°C,True
True,81.28105000000001,2,30°C|31°C,18.71885000478072,-18.71885000478072,Shanghai,2,False,217.001,198.2821499952193,217.001,99.999036,81.28018599521928,99.999036,18.71885000478072,0,0.0,non_overlapping_yes_buckets,True,2.17003091909806,C,2026-06-28,high,30°C,True
False,94.579191,1,28°C,5.119657,94.57883299716998,Shenzhen,1,False,103.99314,98.873483,0.003140000000001919,103.99314,98.873483,0.003140000000001919,-94.57883299716998,0,99.69848999716999,overlapping_or_single_bucket_yes_markets,False,1.0,C,2026-06-28,high,28°C,True
False,nan,2,23°C|26°C,22.7109,-22.7109,Tokyo,0,False,200.0,177.2891,200.0,84.83,62.1191,84.83,22.7109,2,0.0,non_overlapping_yes_buckets,True,2.357656489449487,C,2026-06-28,high,,False
True,174.071258,3,27°C|28°C|29°C,71.124056999443,-71.124056999443,Beijing,1,False,202.84,131.715943000557,202.84,198.79000000000002,127.66594300055702,198.79000000000002,71.124056999443,2,0.0,non_overlapping_yes_buckets,True,1.0203732582121836,C,2026-06-29,high,27°C,True
True,nan,2,16°C|17°C,5.6774000000000004,-5.6774000000000004,Buenos Aires,0,False,350.0,344.3226,350.0,3.38,-2.2974000000000006,3.38,5.6774000000000004,2,0.0,non_overlapping_yes_buckets,True,103.55029585798817,C,2026-06-29,high,,False
True,nan,2,30°C|31°C,4.9066000051,-4.9066000051,Busan,0,False,211.66,206.7533999949,211.66,105.0,100.0933999949,105.0,4.9066000051,2,0.0,non_overlapping_yes_buckets,True,2.0158095238095237,C,2026-06-29,high,,False
False,nan,1,26°C,4.264099994406,-4.264099994406,London,0,False,614.44,610.175900005594,614.44,614.44,610.175900005594,614.44,4.264099994406,1,0.0,overlapping_or_single_bucket_yes_markets,False,1.0,C,2026-06-29,high,,False
False,-4.6194,3,32°C or below|33°C|34°C,20.974399998750002,-10.767799998750002,Madrid,1,False,381.72,360.74560000125,381.72,100.0,79.02560000125,0.0,10.767799998750002,2,10.2066,non_overlapping_yes_buckets,True,3.8172,C,2026-06-29,high,34°C,True
False,nan,3,26°C or below|27°C|28°C,23.946279994721998,-23.946279994721998,Munich,0,False,463.71,439.763720005278,463.71,105.0,81.053720005278,105.0,23.946279994721998,3,0.0,non_overlapping_yes_buckets,True,4.416285714285714,C,2026-06-29,high,,False
False,nan,1,between 88-89°F,7.7700000000000005,-7.7700000000000005,New York City,0,False,50.0,42.23,50.0,50.0,42.23,50.0,7.7700000000000005,1,0.0,overlapping_or_single_bucket_yes_markets,False,1.0,F,2026-06-29,high,,False
True,117.047147,4,24°C|25°C|26°C|27°C,33.315168999532304,-33.315168999532304,Qingdao,1,False,508.0,474.6848310004677,508.0,132.999658,99.6844890004677,132.999658,33.315168999532304,3,0.0,non_overlapping_yes_buckets,True,3.8195586939028066,C,2026-06-29,high,27°C,True
False,603.656923,6,21°C|22°C|23°C|28°C|29°C|30°C or higher,70.510614025106,561.566974985931,Sao Paulo,1,False,685.6,615.0893859748941,685.6,103.69,33.179385974894004,0.03501699999992525,-561.566974985931,5,632.0775890110369,non_overlapping_yes_buckets,True,6.612016587906259,C,2026-06-29,high,28°C,True
False,nan,1,25°C,8.804209999886,-8.804209999886,Seoul,0,False,106.54,97.73579000011401,106.54,106.54,97.73579000011401,106.54,8.804209999886,1,0.0,overlapping_or_single_bucket_yes_markets,False,1.0,C,2026-06-29,high,,False
False,nan,1,25°C,4.5,-4.5,Shanghai,0,False,300.0,295.5,300.0,300.0,295.5,300.0,4.5,1,0.0,overlapping_or_single_bucket_yes_markets,False,1.0,C,2026-06-29,high,,False
True,nan,2,29°C|30°C,16.04489599610084,-16.04489599610084,Shenzhen,0,False,182.267999,166.22310300389915,182.267999,120.35,104.30510400389915,120.35,16.04489599610084,2,0.0,non_overlapping_yes_buckets,True,1.5144827503115912,C,2026-06-29,high,,False
False,nan,2,23°C or below|24°C,17.53912699522393,-17.53912699522393,Tokyo,0,False,234.469903,216.93077600477605,234.469903,155.0,137.46087300477606,155.0,17.53912699522393,2,0.0,non_overlapping_yes_buckets,True,1.5127090516129031,C,2026-06-29,high,,False
True,nan,2,25°C|26°C,36.87700000431,-36.87700000431,Beijing,0,False,125.0,88.12299999569001,125.0,97.7,60.822999995690004,97.7,36.87700000431,2,0.0,non_overlapping_yes_buckets,True,1.2794268167860798,C,2026-06-30,high,,False
True,nan,2,16°C|17°C,27.138186001997,-27.138186001997,Buenos Aires,0,False,313.7829,286.644713998003,313.7829,125.14099999999999,98.00281399800299,125.14099999999999,27.138186001997,2,0.0,non_overlapping_yes_buckets,True,2.5074348135303377,C,2026-06-30,high,,False
False,nan,1,between 100-101°F,3.159520011543,-3.159520011543,Chicago,0,False,500.19,497.030479988457,500.19,500.19,497.030479988457,500.19,3.159520011543,1,0.0,overlapping_or_single_bucket_yes_markets,False,1.0,F,2026-06-30,high,,False
False,nan,1,28°C,3.3336400002940003,0.9594500016470002,Istanbul,0,False,99.06,95.726359999706,49.53,99.06,95.726359999706,49.53,-0.9594500016470002,1,4.2930900019410005,overlapping_or_single_bucket_yes_markets,False,1.0,C,2026-06-30,high,,False
False,nan,1,25°C,25.0123,-23.0552,London,0,False,173.37,148.3577,163.37,173.37,148.3577,163.37,23.0552,1,1.9571,overlapping_or_single_bucket_yes_markets,False,1.0,C,2026-06-30,high,,False
False,nan,1,38°C,10.7268,-10.7268,Madrid,0,False,74.46000000000001,63.73320000000001,74.46000000000001,74.46000000000001,63.73320000000001,74.46000000000001,10.7268,1,0.0,overlapping_or_single_bucket_yes_markets,False,1.0,C,2026-06-30,high,,False
False,nan,4,18°C or below|19°C|20°C|21°C,41.047989999256,-41.047989999256,Mexico City,0,False,303.88,262.832010000744,303.88,89.2,48.152010000744006,89.2,41.047989999256,4,0.0,non_overlapping_yes_buckets,True,3.406726457399103,C,2026-06-30,high,,False
False,nan,1,33°C,1.0662,-1.0662,Milan,0,False,17.77,16.7038,17.77,17.77,16.7038,17.77,1.0662,1,0.0,overlapping_or_single_bucket_yes_markets,False,1.0,C,2026-06-30,high,,False
False,nan,1,27°C,15.171399995290002,0.04940000470999806,Moscow,0,False,95.15,79.97860000471,47.58500000000001,95.15,79.97860000471,47.58500000000001,-0.04940000470999806,1,15.2208,overlapping_or_single_bucket_yes_markets,False,1.0,C,2026-06-30,high,,False
False,nan,1,29°C,3.492,-3.492,Munich,0,False,50.0,46.508,50.0,50.0,46.508,50.0,3.492,1,0.0,overlapping_or_single_bucket_yes_markets,False,1.0,C,2026-06-30,high,,False
True,99.45,2,between 90-91°F|between 92-93°F,23.176799999568,-23.176799999568,New York City,1,False,159.84,136.663200000432,159.84,117.0,93.823200000432,117.0,23.176799999568,1,0.0,non_overlapping_yes_buckets,True,1.3661538461538463,F,2026-06-30,high,between 90-91°F,True
False,48.651735,3,between 74-75°F|between 76-77°F|78°F or higher,14.95357602709,-14.95357602709,New York City,1,False,692.52,677.56642397291,692.52,55.0,40.04642397291,55.0,14.95357602709,2,0.0,non_overlapping_yes_buckets,True,12.591272727272727,F,2026-06-30,low,between 74-75°F,True
False,285.426005,7,24°C|25°C|26°C|27°C|28°C|29°C|30°C or higher,155.656809981938,-155.656809981938,Qingdao,1,False,357.8,202.143190018062,357.8,151.34,-4.3168099819380075,151.34,155.656809981938,6,0.0,non_overlapping_yes_buckets,True,2.364213030262984,C,2026-06-30,high,26°C,True
False,nan,3,28°C|29°C|30°C or higher,34.337701996869114,-34.337701996869114,Sao Paulo,0,False,312.62,278.2822980031309,312.62,166.93,132.5922980031309,166.93,34.337701996869114,3,0.0,non_overlapping_yes_buckets,True,1.872761037560654,C,2026-06-30,high,,False
False,111.020068,2,23°C or below|24°C,29.580000006400002,-25.080000006400002,Busan,1,False,132.0,102.4199999936,130.0,130.0,100.4199999936,127.0,25.080000006400002,1,4.5,non_overlapping_yes_buckets,True,1.0153846153846153,C,2026-07-01,high,23°C or below,True
False,nan,1,24°C,13.069409993754999,-13.069409993754999,London,0,False,128.41,115.340590006245,128.41,128.41,115.340590006245,128.41,13.069409993754999,1,0.0,overlapping_or_single_bucket_yes_markets,False,1.0,C,2026-07-01,high,,False
True,-4.503839,2,19°C|20°C,39.500547997905,-4.504507989482995,Munich,2,False,273.87,234.369452002095,0.0051200000000051205,197.16512,157.66457200209499,0.0,4.504507989482995,0,34.99604000842201,non_overlapping_yes_buckets,True,1.3890387914454645,C,2026-07-01,high,,False
False,nan,1,between 80-81°F,4.47183999825,-4.47183999825,New York City,0,False,234.55,230.07816000175,234.55,234.55,230.07816000175,234.55,4.47183999825,1,0.0,overlapping_or_single_bucket_yes_markets,False,1.0,F,2026-07-01,low,,False
False,nan,3,29°C|30°C|31°C or higher,17.322570000359,-17.322570000359,Sao Paulo,0,False,159.31,141.987429999641,159.31,113.89,96.567429999641,113.89,17.322570000359,3,0.0,non_overlapping_yes_buckets,True,1.398805865308631,C,2026-07-01,high,,False
False,-7.391303000000001,4,30°C|31°C|32°C|33°C or higher,73.648030001647,-7.3913400102150035,Seoul,4,False,185.72,112.071969998353,0.0,135.71,62.06196999835301,0.0,7.3913400102150035,0,66.256689991432,non_overlapping_yes_buckets,True,1.368506373885491,C,2026-07-01,high,30°C,True
True,97.586357,3,23°C|24°C|25°C,71.02188399459865,-45.82018398579865,London,1,False,1720.3765,1649.3546160054013,1211.3765,120.21,49.18811600540134,120.21,45.82018398579865,2,25.201700008800003,non_overlapping_yes_buckets,True,14.31142583811663,C,2026-07-02,high,25°C,True
False,nan,1,36°C,8.0,-8.0,Madrid,0,False,100.0,92.0,100.0,100.0,92.0,100.0,8.0,1,0.0,overlapping_or_single_bucket_yes_markets,False,1.0,C,2026-07-02,high,,False
False,-1.69469,1,between 88-89°F,7.351200001772,-1.694699999996999,Miami,1,False,40.99,33.638799998228,0.0,40.99,33.638799998228,0.0,1.694699999996999,0,5.656500001775001,overlapping_or_single_bucket_yes_markets,False,1.0,F,2026-07-02,high,,False
True,nan,3,31°C|32°C|33°C,68.165881999814,-68.165881999814,Moscow,0,False,995.9902000000001,927.824318000186,995.9902000000001,52.67,-15.495881999814003,52.67,68.165881999814,3,0.0,non_overlapping_yes_buckets,True,18.91000949307006,C,2026-07-02,high,,False
True,4.1,3,between 102-103°F|between 104-105°F|between 106-107°F,24.548106005217694,-24.548106005217694,New York City,1,False,488.23516,463.68705399478233,488.23516,5.0,-19.548106005217694,5.0,24.548106005217694,2,0.0,non_overlapping_yes_buckets,True,97.647032,F,2026-07-02,high,between 102-103°F,True
False,nan,1,between 86-87°F,3.837450002013,1.6913199984879999,New York City,0,False,75.9,72.062549997987,46.31,75.9,72.062549997987,46.31,-1.6913199984879999,1,5.528770000501,overlapping_or_single_bucket_yes_markets,False,1.0,F,2026-07-02,low,,False
False,nan,6,24°C or below|25°C|26°C|27°C|28°C|29°C,47.14089001561099,-47.14089001561099,Qingdao,0,False,362.5,315.359109984389,362.5,200.0,152.85910998438902,200.0,47.14089001561099,6,0.0,non_overlapping_yes_buckets,True,1.8125,C,2026-07-02,high,,False
True,nan,3,27°C|28°C|29°C,30.593581999304,-30.593581999304,Sao Paulo,0,False,429.661,399.067418000696,429.661,169.9164,139.322818000696,169.9164,30.593581999304,3,0.0,non_overlapping_yes_buckets,True,2.528661153367185,C,2026-07-02,high,,False
False,nan,1,30°C,3.68000001,-3.68000001,Seoul,0,False,300.0,296.31999999,300.0,300.0,296.31999999,300.0,3.68000001,1,0.0,overlapping_or_single_bucket_yes_markets,False,1.0,C,2026-07-02,high,,False
True,nan,2,22°C|23°C,35.228200013874,-35.228200013874,Tokyo,0,False,341.55,306.321799986126,341.55,64.62,29.391799986126003,64.62,35.228200013874,2,0.0,non_overlapping_yes_buckets,True,5.2855153203342615,C,2026-07-02,high,,False
True,nan,2,25°C|26°C,23.6420000023,-23.6420000023,Warsaw,0,False,100.0,76.3579999977,100.0,63.0,39.3579999977,63.0,23.6420000023,2,0.0,non_overlapping_yes_buckets,True,1.5873015873015872,C,2026-07-02,high,,False
False,nan,1,19°C,11.808299999599999,-11.808299999599999,Amsterdam,0,False,52.0,40.191700000400004,52.0,52.0,40.191700000400004,52.0,11.808299999599999,1,0.0,overlapping_or_single_bucket_yes_markets,False,1.0,C,2026-07-03,high,,False
False,nan,1,32°C,15.439999997466,-15.439999997466,Ankara,0,False,56.43,40.990000002534,56.43,56.43,40.990000002534,56.43,15.439999997466,1,0.0,overlapping_or_single_bucket_yes_markets,False,1.0,C,2026-07-03,high,,False
False,-1.250658,4,8°C|11°C|12°C|13°C or higher,47.091880005848,-7.812831019437311,Buenos Aires,2,False,1038.52,991.428119994152,29.05,29.05,-18.041880005847997,0.0,7.812831019437311,2,39.279048986410686,non_overlapping_yes_buckets,True,35.74939759036145,C,2026-07-03,high,,False
False,-11.258708,2,18°C|19°C or higher,32.98350700672182,-9.136027005565822,Cape Town,1,False,428.44,395.4564929932782,214.22,137.470528,104.48702099327818,0.0005280000000027485,9.136027005565822,1,23.847480001156,non_overlapping_yes_buckets,True,3.1165952894281457,C,2026-07-03,high,,False
False,-6.926707,1,20°C or higher,6.9269900049099995,-6.9269900049099995,Helsinki,1,False,335.45,328.52300999509,335.45,335.45,328.52300999509,335.45,6.9269900049099995,0,0.0,overlapping_or_single_bucket_yes_markets,False,1.0,C,2026-07-03,high,,False
False,nan,1,28°C,5.91,-0.21583999649999974,Hong Kong,0,False,394.0,388.09,197.0,394.0,388.09,197.0,0.21583999649999974,1,5.6941600035,overlapping_or_single_bucket_yes_markets,False,1.0,C,2026-07-03,high,,False
True,68.090354,2,27°C|28°C,77.17186500411572,38.13819499690429,London,1,False,745.916022,668.7441569958843,745.916022,160.19,83.01813499588428,0.0,-38.13819499690429,1,115.31006000102,non_overlapping_yes_buckets,True,4.656445608340096,C,2026-07-03,high,27°C,True
False,nan,1,25°C,27.629600004149,-1.6408000041489998,Moscow,0,False,324.87,297.240399995851,162.44,324.87,297.240399995851,162.44,1.6408000041489998,1,25.9888,overlapping_or_single_bucket_yes_markets,False,1.0,C,2026-07-03,high,,False
False,nan,1,97°F or below,3.4000000000000004,-3.4000000000000004,New York City,0,False,200.0,196.6,200.0,200.0,196.6,200.0,3.4000000000000004,1,0.0,overlapping_or_single_bucket_yes_markets,False,1.0,F,2026-07-03,high,,False
True,91.500441,2,27°C|28°C,15.882240008752001,88.494259989158,Sao Paulo,1,False,260.05,244.167759991248,260.05,105.44999999999999,89.56775999124798,0.0,-88.494259989158,1,104.37649999791,non_overlapping_yes_buckets,True,2.466097676623993,C,2026-07-03,high,27°C,True
True,nan,3,27°C|28°C|29°C,28.723788977939996,-20.314098977939995,Shenzhen,0,False,1617.9977999999999,1589.2740110220598,1306.5277999999998,105.0,76.27621102206001,105.0,20.314098977939995,3,8.409690000000001,non_overlapping_yes_buckets,True,15.409502857142856,C,2026-07-03,high,,False
False,-1.78652,1,24°C,27.837599989726,-1.7865999884330002,Tokyo,1,False,265.97,238.132400010274,0.0,265.97,238.132400010274,0.0,1.7865999884330002,0,26.051000001293,overlapping_or_single_bucket_yes_markets,False,1.0,C,2026-07-03,high,,False
False,nan,1,27°C,6.50120000033,-6.50120000033,Wuhan,0,False,57.1,50.59879999967,57.1,57.1,50.59879999967,57.1,6.50120000033,1,0.0,overlapping_or_single_bucket_yes_markets,False,1.0,C,2026-07-03,high,,False
False,nan,3,31°C or below|32°C|34°C,15.098795993687999,-15.098795993687999,Beijing,0,False,214.31,199.21120400631202,214.31,174.29,159.191204006312,174.29,15.098795993687999,3,0.0,non_overlapping_yes_buckets,True,1.2296173044925125,C,2026-07-04,high,,False
True,nan,3,23°C|24°C|25°C,124.99296301643403,-61.82308299560803,Busan,0,False,852.85,727.857036983566,852.85,506.51919100000003,381.526227983566,102.97919100000001,61.82308299560803,3,63.169880020826,non_overlapping_yes_buckets,True,1.6837466677545885,C,2026-07-04,high,,False
False,-3.336348,7,23°C or below|24°C|25°C|26°C|27°C|29°C|30°C,78.024860953145,-57.17290095032799,London,2,False,2234.4051,2156.380239046855,1718.34,10.0,-68.024860953145,0.0,57.17290095032799,5,20.851960002817002,non_overlapping_yes_buckets,True,223.44051,C,2026-07-04,high,29°C,True
False,nan,3,93°F or below|between 94-95°F|between 98-99°F,74.072465995915,-45.622465992915,New York City,0,False,464.448823,390.376357004085,464.448823,80.97,6.897534004085003,80.97,45.622465992915,3,28.450000003,non_overlapping_yes_buckets,True,5.736060553291343,F,2026-07-04,high,,False
False,nan,1,29°C,4.49991,-4.49991,Paris,0,False,49.998999999999995,45.499089999999995,49.998999999999995,49.998999999999995,45.499089999999995,49.998999999999995,4.49991,1,0.0,overlapping_or_single_bucket_yes_markets,False,1.0,C,2026-07-04,high,,False
True,nan,2,28°C|29°C,52.60236700534,-52.60236700534,Qingdao,0,False,314.19134,261.58897299466,314.19134,117.5,64.89763299466,117.5,52.60236700534,2,0.0,non_overlapping_yes_buckets,True,2.67396885106383,C,2026-07-04,high,,False
True,-1.782953,2,22°C|23°C,474.024000002791,-43.57920300268006,Seoul,2,True,493.72999999999996,19.70599999720895,83.58538799999997,386.23,-87.794000002791,0.001113000000032116,43.57920300268006,0,430.44479700011095,non_overlapping_yes_buckets,True,1.2783315640939334,C,2026-07-04,low,23°C,True
False,398.90882,3,19°C or below|20°C|21°C,139.701266000314,353.4524120089791,Warsaw,1,False,763.12,623.418733999686,523.01,359.1979,219.496633999686,0.0036859999999023785,-353.4524120089791,2,493.15367800929306,non_overlapping_yes_buckets,True,2.124511306998176,C,2026-07-04,high,20°C,True
True,103.111643,3,between 94-95°F|between 96-97°F|between 98-99°F,14.49566700281701,-14.49566700281701,Austin,1,False,108.89,94.39433299718299,108.89,95.289766,80.79409899718299,95.289766,14.49566700281701,2,0.0,non_overlapping_yes_buckets,True,1.1427250225380972,F,2026-07-05,high,between 94-95°F,True
True,-2.99731,3,10°C|11°C|12°C,46.390108003356005,-21.949508008314005,Buenos Aires,1,False,388.77,342.379891996644,300.63,134.24,87.849891996644,0.0,21.949508008314005,2,24.440599995042,non_overlapping_yes_buckets,True,2.896081644815256,C,2026-07-05,high,,False
True,2.704257,2,between 92-93°F|between 94-95°F,34.949340000051,1.0696700029889996,Dallas,1,False,246.57,211.620659999949,103.02000000000001,103.02000000000001,68.07065999994902,0.009999999999990905,-1.0696700029889996,1,36.01901000304,non_overlapping_yes_buckets,True,2.3934187536400695,F,2026-07-05,high,,False
True,nan,2,26°C|27°C,24.103002999488385,-13.027002999036386,London,0,False,1200.428999,1176.3259960005116,1200.428999,200.0,175.89699700051162,87.64,13.027002999036386,2,11.076000000452,non_overlapping_yes_buckets,True,6.002144995,C,2026-07-05,high,,False
True,nan,2,20°C|21°C,26.999781,-26.999781,Moscow,0,False,100.0,73.000219,100.0,99.998175,72.998394,99.998175,26.999781,2,0.0,non_overlapping_yes_buckets,True,1.0000182503330686,C,2026-07-05,high,,False
False,nan,2,22°C or below|23°C,33.3,-33.3,Munich,0,False,300.0,266.7,300.0,150.0,116.7,150.0,33.3,2,0.0,non_overlapping_yes_buckets,True,2.0,C,2026-07-05,high,,False
True,175.410727,5,between 76-77°F|between 78-79°F|between 80-81°F|between 82-83°F|between 84-85°F,69.018727996127,-69.018727996127,New York City,1,False,524.731187,455.712459003873,524.731187,154.59,85.571272003873,154.59,69.018727996127,4,0.0,non_overlapping_yes_buckets,True,3.394341076395627,F,2026-07-05,high,between 78-79°F,True
False,nan,5,61°F or below|between 62-63°F|between 64-65°F|between 66-67°F|between 68-69°F,27.841160043042997,-27.841160043042997,New York City,0,False,917.21,889.368839956957,917.21,218.75,190.908839956957,218.75,27.841160043042997,5,0.0,non_overlapping_yes_buckets,True,4.19296,F,2026-07-05,low,,False
True,2.713917,2,27°C|28°C,18.600122995732036,-2.6959229914420355,Paris,1,False,329.976745,311.376622004268,329.976745,204.1,185.49987700426794,0.0,2.6959229914420355,1,15.90420000429,non_overlapping_yes_buckets,True,1.6167405438510534,C,2026-07-05,high,,False
True,nan,2,17°C|18°C,29.557844001511796,-29.557844001511796,Sao Paulo,0,False,894.54,864.9821559984882,894.54,185.619058,156.0612139984882,185.619058,29.557844001511796,2,0.0,non_overlapping_yes_buckets,True,4.81922497419419,C,2026-07-05,high,,False
False,-3.50007,3,25°C|29°C|30°C,28.03991998767,-8.93991998817,Seoul,1,False,368.99,340.95008001233003,368.99,105.0,76.96008001233,0.0,8.93991998817,2,19.0999999995,non_overlapping_yes_buckets,True,3.514190476190476,C,2026-07-05,high,,False
False,nan,1,22°C,1.90056,-1.90056,Seoul,0,False,488.12,486.21944,488.12,488.12,486.21944,488.12,1.90056,1,0.0,overlapping_or_single_bucket_yes_markets,False,1.0,C,2026-07-05,low,,False
True,nan,2,24°C|25°C,25.4599999955,-25.4599999955,Tokyo,0,False,97.0,71.5400000045,97.0,50.0,24.5400000045,50.0,25.4599999955,2,0.0,non_overlapping_yes_buckets,True,1.94,C,2026-07-05,high,,False
True,nan,2,18°C|19°C,60.3730499908308,-3.8105299816107916,Warsaw,0,False,601.123356,540.7503060091691,601.123356,486.37,425.9969500091692,71.16999999999996,3.8105299816107916,2,56.56252000922001,non_overlapping_yes_buckets,True,1.2359383925817793,C,2026-07-05,high,,False
True,nan,2,28°C|29°C,51.0882,-51.0882,Wuhan,0,False,185.0,133.9118,185.0,139.57,88.48179999999999,139.57,51.0882,2,0.0,non_overlapping_yes_buckets,True,1.3254997492297773,C,2026-07-05,high,,False
False,nan,1,30°C,1.451551001482854,-1.451551001482854,Beijing,0,False,69.12147399999999,67.66992299851714,69.12147399999999,69.12147399999999,67.66992299851714,69.12147399999999,1.451551001482854,1,0.0,overlapping_or_single_bucket_yes_markets,False,1.0,C,2026-07-06,high,,False
True,nan,2,29°C|30°C,16.570939996428002,-16.570939996428002,Hong Kong,0,False,211.56,194.989060003572,211.56,105.0,88.429060003572,105.0,16.570939996428002,2,0.0,non_overlapping_yes_buckets,True,2.0148571428571427,C,2026-07-06,high,,False
True,-2.238921,2,33°C|34°C,34.657482005349,-10.074142009705003,London,1,False,839.3105,804.653017994651,839.3105,224.55,189.892517994651,2.842170943040401e-14,10.074142009705003,1,24.583339995644,non_overlapping_yes_buckets,True,3.7377443776441774,C,2026-07-06,high,,False
False,111.720207,5,63°F or below|between 64-65°F|between 66-67°F|between 68-69°F|between 70-71°F,16.054988004920002,104.61046199507999,New York City,1,False,723.539,707.48401199508,723.539,131.20999999999998,115.15501199507997,0.0,-104.61046199507999,4,120.66544999999999,non_overlapping_yes_buckets,True,5.514358661687372,F,2026-07-06,high,between 70-71°F,True
False,nan,4,59°F or below|between 60-61°F|between 62-63°F|between 64-65°F,13.358308003465309,-13.358308003465309,New York City,0,False,280.0,266.6416919965347,280.0,107.82,94.46169199653468,107.82,13.358308003465309,4,0.0,non_overlapping_yes_buckets,True,2.596920793915786,F,2026-07-06,low,,False
False,3.608491,5,18°C or below|19°C|20°C|21°C|22°C,35.487175948623,-18.651355944008998,Sao Paulo,1,False,9905.216,9869.728824051377,8777.886,135.2,99.712824051377,0.009999999999990905,18.651355944008998,4,16.835820004614,non_overlapping_yes_buckets,True,73.26343195266273,C,2026-07-06,high,,False
True,nan,3,24°C|25°C|26°C,80.486820004797,-26.128700004014995,Seoul,0,False,506.65999999999997,426.173179995203,506.65999999999997,300.0,219.51317999520302,190.41,26.128700004014995,3,54.358120000782,non_overlapping_yes_buckets,True,1.6888666666666665,C,2026-07-06,high,,False
False,nan,1,20°C,0.7658400000000001,-0.7658400000000001,Seoul,0,False,127.64,126.87416,127.64,127.64,126.87416,127.64,0.7658400000000001,1,0.0,overlapping_or_single_bucket_yes_markets,False,1.0,C,2026-07-06,low,,False
True,nan,2,11°C|12°C,22.065469991651998,-22.065469991651998,Wellington,0,False,145.0,122.934530008348,145.0,110.54,88.47453000834801,110.54,22.065469991651998,2,0.0,non_overlapping_yes_buckets,True,1.3117423557083407,C,2026-07-06,high,,False
False,138.578735,3,18°C|19°C|20°C or higher,34.425987994140336,-34.425987994140336,Buenos Aires,1,False,1004.99,970.5640120058597,1004.99,161.877052,127.45106400585965,161.877052,34.425987994140336,2,0.0,non_overlapping_yes_buckets,True,6.208353732559943,C,2026-07-07,high,18°C,True
True,735.411291,3,28°C|29°C|30°C,104.38177998882674,657.3414240269608,Hong Kong,1,False,909.156466,804.7746860111733,909.156466,765.61,661.2282200111733,0.05903699999998935,-657.3414240269608,2,761.7232040157875,non_overlapping_yes_buckets,True,1.187492935045258,C,2026-07-07,high,28°C,True
True,nan,2,28°C|29°C,21.301342995102978,-21.301342995102978,London,0,False,549.992766,528.6914230048969,549.992766,400.0,378.69865700489703,400.0,21.301342995102978,2,0.0,non_overlapping_yes_buckets,True,1.374981915,C,2026-07-07,high,,False
True,118.55085,2,23°C|24°C,58.74924,-58.74924,Qingdao,1,False,150.0,91.25076,150.0,105.0,46.25076,105.0,58.74924,1,0.0,non_overlapping_yes_buckets,True,1.4285714285714286,C,2026-07-07,high,23°C,True
True,nan,2,25°C|26°C,25.09842001204,-3.2770200120399977,Seoul,0,False,314.92,289.82157998796004,314.92,242.46,217.36157998796,121.23,3.2770200120399977,2,21.8214,non_overlapping_yes_buckets,True,1.2988534191206798,C,2026-07-07,high,,False
False,nan,2,19°C or below|20°C,4.522929993238,-4.522929993238,Seoul,0,False,256.95,252.427070006762,256.95,189.43,184.907070006762,189.43,4.522929993238,2,0.0,non_overlapping_yes_buckets,True,1.3564377342553977,C,2026-07-07,low,,False
False,nan,4,36°C|37°C|38°C|39°C or higher,65.57220305681825,-65.57220305681825,Shanghai,0,False,1456.94,1391.3677969431817,1456.94,116.88,51.30779694318174,116.88,65.57220305681825,4,0.0,non_overlapping_yes_buckets,True,12.465263518138263,C,2026-07-07,high,,False
True,271.376318,5,25°C|26°C|27°C|28°C|29°C,162.07499502383675,175.17460297616387,Shenzhen,1,False,2807.093863,2645.018867976163,2807.093863,351.31,189.23500497616325,0.008335000000045056,-175.17460297616387,4,337.2495980000006,non_overlapping_yes_buckets,True,7.990361398764624,C,2026-07-07,high,28°C,True
False,63.673277,4,18°C|19°C|20°C|21°C or higher,134.234500002332,36.0173979968165,Buenos Aires,1,False,544.43,410.195499997668,544.43,134.04,-0.19450000233200626,0.0048469999999838365,-36.0173979968165,3,170.2518979991485,non_overlapping_yes_buckets,True,4.061698000596837,C,2026-07-08,high,18°C,True
True,nan,2,31°C|32°C,12.374080043905,-12.374080043905,Istanbul,0,False,794.05,781.675919956095,794.05,268.96000000000004,256.58591995609504,268.96000000000004,12.374080043905,2,0.0,non_overlapping_yes_buckets,True,2.9522977394408083,C,2026-07-08,high,,False
False,-0.635772,1,28°C,16.72429999898,-0.6357999989800014,Seoul,1,False,36.95,20.22570000102,0.0,36.95,20.22570000102,0.0,0.6357999989800014,0,16.0885,overlapping_or_single_bucket_yes_markets,False,1.0,C,2026-07-08,high,28°C,True
False,nan,1,24°C,0.53,-0.53,Seoul,0,False,53.0,52.47,53.0,53.0,52.47,53.0,0.53,1,0.0,overlapping_or_single_bucket_yes_markets,False,1.0,C,2026-07-08,low,,False
False,308.498905,4,36°C|37°C|38°C|39°C or higher,107.19302998952746,-107.19302998952746,Shanghai,1,False,689.938217,582.7451870104726,689.938217,348.39,241.1969700104725,348.39,107.19302998952746,3,0.0,non_overlapping_yes_buckets,True,1.9803617124486927,C,2026-07-08,high,36°C,True
True,nan,2,18°C|19°C,46.5313810005,-46.5313810005,Warsaw,0,False,375.944525,329.4131439995,375.944525,105.0,58.4686189995,105.0,46.5313810005,2,0.0,non_overlapping_yes_buckets,True,3.5804240476190476,C,2026-07-08,high,,False
False,nan,1,32°C,42.90188900053762,-41.40188900053762,Ankara,0,False,362.326985,319.42509599946237,347.326985,362.326985,319.42509599946237,347.326985,41.40188900053762,1,1.5,overlapping_or_single_bucket_yes_markets,False,1.0,C,2026-07-09,high,,False
False,nan,2,between 82-83°F|between 88-89°F,30.9471000005,-22.148699999999998,New York City,0,False,161.17,130.2228999995,161.17,60.0,29.0528999995,5.0,22.148699999999998,2,8.798400000500001,non_overlapping_yes_buckets,True,2.6861666666666664,F,2026-07-09,high,,False
False,586.619365,6,26°C|27°C|28°C|29°C|30°C|31°C or higher,95.841850976113,508.018648023887,Qingdao,1,False,1432.5304,1336.6885490238872,1432.5304,220.94,125.098149023887,0.018219999999928405,-508.018648023887,5,603.860499,non_overlapping_yes_buckets,True,6.483798316284965,C,2026-07-09,high,28°C,True
True,-10.479009,5,18°C|19°C|20°C|21°C|22°C,79.666636982591,-58.567386985275,Sao Paulo,2,False,2213.9199999999996,2134.2533630174084,1162.0699999999997,10.46,-69.206636982591,0.0,58.567386985275,3,21.099249997316,non_overlapping_yes_buckets,True,211.6558317399617,C,2026-07-09,high,22°C,True
True,215.037243,3,29°C|30°C|31°C,90.02948999456001,-90.02948999456001,Shanghai,1,False,234.12,144.09051000544,234.12,215.0,124.97051000543999,215.0,90.02948999456001,2,0.0,non_overlapping_yes_buckets,True,1.0889302325581396,C,2026-07-09,high,29°C,True
False,nan,1,33°C or higher,7.398990008170999,-7.398990008170999,Tokyo,0,False,332.96,325.561009991829,332.96,332.96,325.561009991829,332.96,7.398990008170999,1,0.0,overlapping_or_single_bucket_yes_markets,False,1.0,C,2026-07-09,high,,False
False,nan,1,19°C,26.105200005,-26.105200005,Warsaw,0,False,150.0,123.894799995,150.0,150.0,123.894799995,150.0,26.105200005,1,0.0,overlapping_or_single_bucket_yes_markets,False,1.0,C,2026-07-09,high,,False
False,164.810151,3,27°C or below|28°C|29°C,76.182,-76.182,Beijing,1,False,201.0,124.818,201.0,150.0,73.818,150.0,76.182,2,0.0,non_overlapping_yes_buckets,True,1.34,C,2026-07-10,high,27°C or below,True
False,-4.851132,2,27°C|31°C,21.564459992270997,-11.642459992270997,London,1,False,242.0,220.435540007729,150.0,150.0,128.435540007729,0.0,11.642459992270997,1,9.922,non_overlapping_yes_buckets,True,1.6133333333333333,C,2026-07-10,high,,False
False,nan,5,22°C or below|23°C|24°C|25°C|26°C,83.08562199004265,-83.08562199004265,Moscow,0,False,747.35,664.2643780099573,747.35,138.147387,55.061765009957355,138.147387,83.08562199004265,5,0.0,non_overlapping_yes_buckets,True,5.409801924085614,C,2026-07-10,high,,False
True,nan,2,28°C|29°C,61.827559998736,-61.827559998736,Qingdao,0,False,411.39,349.562440001264,411.39,250.0,188.172440001264,250.0,61.827559998736,2,0.0,non_overlapping_yes_buckets,True,1.64556,C,2026-07-10,high,,False
False,nan,4,27°C|28°C|29°C|30°C or higher,33.1241620417126,-33.1241620417126,Sao Paulo,0,False,644.1622,611.0380379582874,644.1622,176.84350799999999,143.7193459582874,176.84350799999999,33.1241620417126,4,0.0,non_overlapping_yes_buckets,True,3.642554975781186,C,2026-07-10,high,,False
True,nan,3,32°C|33°C|34°C,53.140269988029004,-53.140269988029004,Tokyo,0,False,515.75,462.609730011971,515.75,216.45,163.309730011971,216.45,53.140269988029004,3,0.0,non_overlapping_yes_buckets,True,2.382767382767383,C,2026-07-10,high,,False
False,nan,1,17°C,50.070500002896004,-28.222500002896005,Warsaw,0,False,436.96000000000004,386.88949999710405,218.48000000000005,436.96000000000004,386.88949999710405,218.48000000000005,28.222500002896005,1,21.848,overlapping_or_single_bucket_yes_markets,False,1.0,C,2026-07-10,high,,False
True,nan,2,30°C|31°C,18.87812002232,-18.87812002232,Beijing,0,False,954.5,935.62187997768,954.5,47.04,28.161879977679998,47.04,18.87812002232,2,0.0,non_overlapping_yes_buckets,True,20.29124149659864,C,2026-07-11,high,,False
True,nan,3,25°C|26°C|27°C,13.021983998188148,-13.021983998188148,Helsinki,0,False,121.11659999999999,108.09461600181184,121.11659999999999,27.721514,14.699530001811851,27.721514,13.021983998188148,3,0.0,non_overlapping_yes_buckets,True,4.369047087399339,C,2026-07-11,high,,False
False,150.102968,1,27°C,20.69719999172,-20.69719999172,London,1,False,170.8,150.10280000828,170.8,170.8,150.10280000828,170.8,20.69719999172,0,0.0,overlapping_or_single_bucket_yes_markets,False,1.0,C,2026-07-11,high,27°C,True
True,nan,2,26°C|27°C,21.505970000096,-21.505970000096,Moscow,0,False,134.44,112.934029999904,134.44,74.45,52.944029999904004,74.45,21.505970000096,2,0.0,non_overlapping_yes_buckets,True,1.805775688381464,C,2026-07-11,high,,False
False,nan,1,between 78-79°F,7.570500006105,-7.570500006105,New York City,0,False,142.41,134.839499993895,142.41,142.41,134.839499993895,142.41,7.570500006105,1,0.0,overlapping_or_single_bucket_yes_markets,False,1.0,F,2026-07-11,high,,False
False,nan,1,27°C,6.132509986816,-0.003989991423999584,Qingdao,0,False,471.04,464.90749001318403,235.52,471.04,464.90749001318403,235.52,0.003989991423999584,1,6.128519995392001,overlapping_or_single_bucket_yes_markets,False,1.0,C,2026-07-11,high,,False
False,135.612873,2,32°C|33°C or higher,47.780789999855,-47.780789999855,Seoul,1,False,405.99,358.209210000145,405.99,168.78,120.999210000145,168.78,47.780789999855,1,0.0,non_overlapping_yes_buckets,True,2.405439033060789,C,2026-07-11,high,32°C,True
True,nan,2,28°C|29°C,32.486460991116004,-23.181660986907005,Shanghai,0,False,320.2579,287.771439008884,199.98790000000002,143.13,110.64353900888399,143.13,23.181660986907005,2,9.304800004209,non_overlapping_yes_buckets,True,2.2375316146160835,C,2026-07-11,high,,False
False,nan,1,33°C,5.5989070004363,-5.5989070004363,Ankara,0,False,99.980477,94.3815699995637,99.980477,99.980477,94.3815699995637,99.980477,5.5989070004363,1,0.0,overlapping_or_single_bucket_yes_markets,False,1.0,C,2026-07-12,high,,False
False,-0.606398,1,11°C,19.113000002514,-0.6064000021479998,Buenos Aires,1,False,115.02,95.906999997486,0.0,115.02,95.906999997486,0.0,0.6064000021479998,0,18.506600000366,overlapping_or_single_bucket_yes_markets,False,1.0,C,2026-07-12,high,,False
False,nan,1,28°C,9.843,-9.843,Istanbul,0,False,65.62,55.777,65.62,65.62,55.777,65.62,9.843,1,0.0,overlapping_or_single_bucket_yes_markets,False,1.0,C,2026-07-12,high,,False
True,nan,3,25°C|26°C|27°C,66.90324400808716,-66.90324400808716,London,0,False,969.93,903.0267559919128,969.93,288.99,222.08675599191287,288.99,66.90324400808716,3,0.0,non_overlapping_yes_buckets,True,3.3562753036437245,C,2026-07-12,high,,False
False,nan,4,between 80-81°F|between 82-83°F|between 84-85°F|86°F or higher,20.937890016190998,-20.937890016190998,Los Angeles,0,False,1199.45,1178.512109983809,1199.45,231.5,210.562109983809,231.5,20.937890016190998,4,0.0,non_overlapping_yes_buckets,True,5.181209503239741,F,2026-07-12,high,,False
True,nan,2,26°C|27°C,7.27468000873,-7.27468000873,Mexico City,0,False,360.94,353.66531999127,360.94,80.44,73.16531999127,80.44,7.27468000873,2,0.0,non_overlapping_yes_buckets,True,4.487071108901044,C,2026-07-12,high,,False
False,nan,2,18°C|20°C,9.768965999999999,-9.768965999999999,Moscow,0,False,200.0,190.231034,200.0,94.22415000000001,84.455184,94.22415000000001,9.768965999999999,2,0.0,non_overlapping_yes_buckets,True,2.1225980812774643,C,2026-07-12,high,,False
True,nan,2,between 86-87°F|between 88-89°F,29.457985004345275,-29.457985004345275,New York City,0,False,299.99772700000005,270.53974199565477,299.99772700000005,248.14000000000001,218.68201499565475,248.14000000000001,29.457985004345275,2,0.0,non_overlapping_yes_buckets,True,1.2089857620697995,F,2026-07-12,high,,False
False,245.532558,1,34°C or higher,122.25780000179199,-122.25780000179199,Seoul,1,False,367.78999999999996,245.53219999820797,367.78999999999996,367.78999999999996,245.53219999820797,367.78999999999996,122.25780000179199,0,0.0,overlapping_or_single_bucket_yes_markets,False,1.0,C,2026-07-12,high,34°C or higher,True
True,nan,3,27°C|28°C|29°C,304.7929219614004,-228.4281219614004,Shanghai,0,False,2043.923912,1739.1309900385995,1566.643912,529.586047,224.7931250385996,529.586047,228.4281219614004,3,76.3648,non_overlapping_yes_buckets,True,3.859474628492242,C,2026-07-12,high,,False
False,nan,1,29°C,0.5,-0.5,Toronto,0,False,10.0,9.5,10.0,10.0,9.5,10.0,0.5,1,0.0,overlapping_or_single_bucket_yes_markets,False,1.0,C,2026-07-12,high,,False
True,31.951743,3,19°C|20°C|21°C,31.707480007271997,20.642919993358,Warsaw,1,False,255.4,223.69251999272802,255.4,72.96000000000001,41.25251999272801,0.010000000000005116,-20.642919993358,2,52.350400000629996,non_overlapping_yes_buckets,True,3.5005482456140347,C,2026-07-12,high,19°C,True
False,784.402767,9,9°C|10°C|11°C|12°C|13°C|14°C|15°C|16°C|17°C or higher,140.6547449892128,650.6631530107963,Buenos Aires,1,False,797.869566,657.2148210107872,797.869566,314.09,173.4352550107872,0.012704999999982647,-650.6631530107963,8,791.3178980000091,non_overlapping_yes_buckets,True,2.540257779617307,C,2026-07-13,high,9°C,True
False,nan,2,33°C|35°C,28.164836999153483,-28.164836999153483,Busan,0,False,199.981156,171.8163190008465,199.981156,55.825,27.66016300084652,55.825,28.164836999153483,2,0.0,non_overlapping_yes_buckets,True,3.5822867174205104,C,2026-07-13,high,,False
False,62.094798,4,24°C or below|25°C|26°C|27°C,50.931687004145395,-43.5417270043454,London,1,False,218.53,167.5983129958546,128.0,80.642595,29.710907995854605,80.642595,43.5417270043454,3,7.389959999799999,non_overlapping_yes_buckets,True,2.709858233108694,C,2026-07-13,high,26°C,True
False,nan,1,37°C,4.229470029213001,-4.229470029213001,Paris,0,False,593.19,588.9605299707871,593.19,593.19,588.9605299707871,593.19,4.229470029213001,1,0.0,overlapping_or_single_bucket_yes_markets,False,1.0,C,2026-07-13,high,,False
False,nan,1,34°C or higher,17.872599995939996,-17.872599995939996,Seoul,0,False,125.96,108.08740000406,125.96,125.96,108.08740000406,125.96,17.872599995939996,1,0.0,overlapping_or_single_bucket_yes_markets,False,1.0,C,2026-07-13,high,,False
False,12.202629,1,27°C,51.136440000629,7.200037999166376,Seoul,1,True,137.89,86.75355999937099,10.006554999999992,137.89,86.75355999937099,10.006554999999992,-7.200037999166376,0,58.33647799979538,overlapping_or_single_bucket_yes_markets,False,1.0,C,2026-07-13,low,27°C,True
True,369.836834,2,28°C|29°C,35.858579993959,352.92718801363145,Tokyo,1,False,802.62,766.761420006041,166.38,166.38,130.521420006041,0.00737000000003718,-352.92718801363145,1,388.78576800759043,non_overlapping_yes_buckets,True,4.82401730977281,C,2026-07-13,high,28°C,True
False,13.656,6,20°C or below|22°C|23°C|24°C|25°C|27°C,57.472361024436005,-57.472361024436005,Warsaw,1,False,1530.0,1472.527638975564,1530.0,17.07,-40.402361024436004,17.07,57.472361024436005,5,0.0,non_overlapping_yes_buckets,True,89.63093145869946,C,2026-07-13,high,25°C,True
False,nan,1,38°C,12.06645399924232,-12.06645399924232,Wuhan,0,False,106.043405,93.97695100075768,106.043405,106.043405,93.97695100075768,106.043405,12.06645399924232,1,0.0,overlapping_or_single_bucket_yes_markets,False,1.0,C,2026-07-13,high,,False
True,nan,3,17°C|18°C|19°C,41.810195008113496,-41.810195008113496,Buenos Aires,0,False,406.98510999999996,365.17491499188645,406.98510999999996,115.5602,73.7500049918865,115.5602,41.810195008113496,3,0.0,non_overlapping_yes_buckets,True,3.5218449777691627,C,2026-07-14,high,,False
False,nan,2,20°C or below|21°C,27.669925966856,-16.270125973286,Helsinki,0,False,841.5699999999999,813.9000740331439,588.6199999999999,138.6507,110.980774033144,138.6507,16.270125973286,2,11.39979999357,non_overlapping_yes_buckets,True,6.069713315547631,C,2026-07-14,high,,False
True,163.097558,3,28°C|29°C|30°C,52.299440007513,-52.299440007513,Hong Kong,1,False,210.0,157.700559992487,210.0,184.4,132.100559992487,184.4,52.299440007513,2,0.0,non_overlapping_yes_buckets,True,1.13882863340564,C,2026-07-14,high,28°C,True
False,-1.088344,6,24°C or below|25°C|26°C|27°C|28°C|30°C,115.52373700200621,-110.59986700083121,London,1,False,1085.825764,970.3020269979937,1085.825764,77.75,-37.773737002006214,0.0,110.59986700083121,5,4.9238700011750005,non_overlapping_yes_buckets,True,13.965604681672025,C,2026-07-14,high,,False
False,49.66666,3,26°C|27°C|28°C or higher,56.386080011785,35.77391798996072,Mexico City,1,False,350.68,294.293919988215,350.68,141.65,85.26391998821501,0.005791000000016311,-35.77391798996072,2,92.15999800174572,non_overlapping_yes_buckets,True,2.4756794917049065,C,2026-07-14,high,26°C,True
False,nan,4,between 84-85°F|between 86-87°F|between 88-89°F|90°F or higher,1.9973160000831998,-1.9973160000831998,San Francisco,0,False,885.87,883.8726839999168,885.87,58.36,56.3626839999168,58.36,1.9973160000831998,4,0.0,non_overlapping_yes_buckets,True,15.179403701165182,F,2026-07-14,high,,False
False,nan,1,29°C,39.4215000035,-12.771500003499998,Seoul,0,False,205.0,165.5784999965,102.5,205.0,165.5784999965,102.5,12.771500003499998,1,26.650000000000002,overlapping_or_single_bucket_yes_markets,False,1.0,C,2026-07-14,high,,False
False,nan,1,39°C or higher,6.6743100080060005,-6.6743100080060005,Shanghai,0,False,381.35,374.67568999199403,381.35,381.35,374.67568999199403,381.35,6.6743100080060005,1,0.0,overlapping_or_single_bucket_yes_markets,False,1.0,C,2026-07-14,high,,False
True,nan,3,26°C|27°C|28°C,142.31394100238754,-142.31394100238754,Shenzhen,0,False,4042.4440210000002,3900.1300799976125,4042.4440210000002,477.9,335.58605899761244,477.9,142.31394100238754,3,0.0,non_overlapping_yes_buckets,True,8.458765476041014,C,2026-07-14,high,,False
True,-0.75413,2,20°C|21°C,22.958460023458002,-3.856140017314001,Buenos Aires,1,False,398.86,375.90153997654204,398.86,202.56,179.601539976542,0.0,3.856140017314001,1,19.102320006144,non_overlapping_yes_buckets,True,1.9690955766192733,C,2026-07-15,high,,False
True,nan,2,27°C|28°C,23.84245599482399,-23.84245599482399,Mexico City,0,False,468.196636,444.35418000517603,468.196636,387.51,363.667544005176,387.51,23.84245599482399,2,0.0,non_overlapping_yes_buckets,True,1.2082182034012026,C,2026-07-15,high,,False
False,nan,1,20°C,14.487380005551998,-3.5218499989999987,Sao Paulo,0,False,203.66,189.17261999444798,53.889999999999986,203.66,189.17261999444798,53.889999999999986,3.5218499989999987,1,10.965530006552,overlapping_or_single_bucket_yes_markets,False,1.0,C,2026-07-15,high,,False
True,nan,2,25°C|26°C,13.949049987862999,-13.949049987862999,Seoul,0,False,401.0,387.050950012137,401.0,95.19,81.240950012137,95.19,13.949049987862999,2,0.0,non_overlapping_yes_buckets,True,4.212627376825297,C,2026-07-15,high,,False
True,nan,2,21°C|22°C,6.2041000317499995,-6.2041000317499995,Seoul,0,False,692.5,686.29589996825,692.5,42.54,36.33589996825,42.54,6.2041000317499995,2,0.0,non_overlapping_yes_buckets,True,16.278796426892338,C,2026-07-15,low,,False
True,nan,2,26°C|27°C,8.858500000000001,-8.858500000000001,Shenzhen,0,False,171.65,162.7915,171.65,165.371875,156.513375,165.371875,8.858500000000001,2,0.0,non_overlapping_yes_buckets,True,1.0379636803416543,C,2026-07-15,high,,False
False,nan,1,35°C,5.430280004976,-5.430280004976,Tokyo,0,False,140.52,135.089719995024,140.52,140.52,135.089719995024,140.52,5.430280004976,1,0.0,overlapping_or_single_bucket_yes_markets,False,1.0,C,2026-07-15,high,,False
False,139.899721,3,24°C|25°C|26°C or higher,46.933482997540594,-46.933482997540594,Buenos Aires,1,False,457.811428,410.8779450024594,457.811428,171.15,124.21651700245941,171.15,46.933482997540594,2,0.0,non_overlapping_yes_buckets,True,2.67491339760444,C,2026-07-16,high,24°C,True
True,-6.416854,3,28°C|29°C|30°C,45.889533990808076,-37.133123991300074,Hong Kong,1,False,499.441997,453.5524630091919,499.441997,108.38,62.49046600919192,0.0,37.133123991300074,2,8.756409999508,non_overlapping_yes_buckets,True,4.608248726702344,C,2026-07-16,high,,False
False,nan,1,between 78-79°F,6.887210002323,-6.887210002323,Los Angeles,0,False,231.56,224.672789997677,231.56,231.56,224.672789997677,231.56,6.887210002323,1,0.0,overlapping_or_single_bucket_yes_markets,False,1.0,F,2026-07-16,high,,False
False,nan,2,34°C|35°C or higher,5.103400000000001,-5.103400000000001,Lucknow,0,False,3103.4,3098.2966,3103.4,2000.0,1994.8966,2000.0,5.103400000000001,2,0.0,non_overlapping_yes_buckets,True,1.5517,C,2026-07-16,high,,False
True,nan,3,between 90-91°F|between 92-93°F|between 94-95°F,75.69076599405061,-75.69076599405061,New York City,0,False,543.930588,468.23982200594935,543.930588,211.687053,135.9962870059494,211.687053,75.69076599405061,3,0.0,non_overlapping_yes_buckets,True,2.569503331883032,F,2026-07-16,high,,False
False,nan,1,30°C,15.21273000595,-15.21273000595,Qingdao,0,False,248.0,232.78726999405,248.0,248.0,232.78726999405,248.0,15.21273000595,1,0.0,overlapping_or_single_bucket_yes_markets,False,1.0,C,2026-07-16,high,,False
True,nan,2,27°C|28°C,34.03038601750402,-34.03038601750402,Sao Paulo,0,False,745.27,711.2396139824959,745.27,322.684121,288.65373498249596,322.684121,34.03038601750402,2,0.0,non_overlapping_yes_buckets,True,2.309596139067531,C,2026-07-16,high,,False
False,110.39839,4,between 62-63°F|between 64-65°F|between 66-67°F|between 70-71°F,59.75683198968539,-41.85019198414539,Seattle,1,False,292.84000000000003,233.08316801031464,176.24000000000004,118.628188,58.87135601031461,118.628188,41.85019198414539,3,17.906640005539998,non_overlapping_yes_buckets,True,2.468553258185146,F,2026-07-16,high,between 64-65°F,True
False,nan,1,29°C,0.35744,-0.35744,Shenzhen,0,False,178.72,178.36256,178.72,178.72,178.36256,178.72,0.35744,1,0.0,overlapping_or_single_bucket_yes_markets,False,1.0,C,2026-07-16,high,,False
False,nan,2,25°C|26°C or higher,22.258669997193,-22.258669997193,Buenos Aires,0,False,328.0,305.741330002807,328.0,198.69,176.431330002807,198.69,22.258669997193,2,0.0,non_overlapping_yes_buckets,True,1.6508128239971815,C,2026-07-17,high,,False
False,nan,1,35°C,1.25289,-1.25289,Busan,0,False,139.21,137.95711,139.21,139.21,137.95711,139.21,1.25289,1,0.0,overlapping_or_single_bucket_yes_markets,False,1.0,C,2026-07-17,high,,False
True,174.801661,2,30°C|31°C,39.483499999335,169.801500000665,Hong Kong,1,False,220.3,180.816500000665,200.0,200.0,160.516500000665,0.0,-169.801500000665,1,209.285,non_overlapping_yes_buckets,True,1.1015000000000001,C,2026-07-17,high,30°C,True
False,-7.47708,1,27°C,24.0,-7.476999996,Munich,1,False,120.0,96.0,0.0,120.0,96.0,0.0,7.476999996,0,16.523000004,overlapping_or_single_bucket_yes_markets,False,1.0,C,2026-07-17,high,,False
True,nan,2,between 88-89°F|between 90-91°F,19.799860000000002,-19.799860000000002,New York City,0,False,300.0,280.20014,300.0,299.986,280.18613999999997,299.986,19.799860000000002,2,0.0,non_overlapping_yes_buckets,True,1.0000466688445462,F,2026-07-17,high,,False
False,165.130356,7,26°C or below|27°C|28°C|29°C|30°C|31°C|32°C,110.67856805996578,84.78703194003421,Shenzhen,1,False,2184.38,2073.701431940034,2184.38,163.99,53.311431940034225,0.006401000000010981,-84.78703194003421,6,195.4656,non_overlapping_yes_buckets,True,13.320202451368985,C,2026-07-17,high,29°C,True
False,nan,1,29°C,9.999688,-9.999688,Tokyo,0,False,99.99688,89.997192,99.99688,99.99688,89.997192,99.99688,9.999688,1,0.0,overlapping_or_single_bucket_yes_markets,False,1.0,C,2026-07-17,high,,False
False,90.3,1,15°C,14.700000000000001,-14.700000000000001,Wellington,1,False,105.0,90.3,105.0,105.0,90.3,105.0,14.700000000000001,0,0.0,overlapping_or_single_bucket_yes_markets,False,1.0,C,2026-07-17,high,15°C,True
False,nan,2,16°C or below|17°C,23.04145911068504,-23.04145911068504,Amsterdam,0,False,3556.0099999999998,3532.9685408893147,3556.0099999999998,1029.115798,1006.074338889315,1029.115798,23.04145911068504,2,0.0,non_overlapping_yes_buckets,True,3.4554031790307818,C,2026-07-18,high,,False
False,nan,1,30°C,14.999999999999998,-14.999999999999998,Ankara,0,False,100.0,85.0,100.0,100.0,85.0,100.0,14.999999999999998,1,0.0,overlapping_or_single_bucket_yes_markets,False,1.0,C,2026-07-18,high,,False
True,81.161007,2,33°C|34°C,26.649930000528,-26.649930000528,Chongqing,1,False,128.16,101.510069999472,128.16,86.28,59.630069999472,86.28,26.649930000528,1,0.0,non_overlapping_yes_buckets,True,1.4853963838664812,C,2026-07-18,high,34°C,True
False,nan,1,31°C,5.78245999941,-5.78245999941,Hong Kong,0,False,140.0,134.21754000059,140.0,140.0,134.21754000059,140.0,5.78245999941,1,0.0,overlapping_or_single_bucket_yes_markets,False,1.0,C,2026-07-18,high,,False
False,408.336405,5,20°C or below|21°C|22°C|23°C|24°C,55.68562099347823,-55.68562099347823,London,1,False,2012.91,1957.2243790065218,2012.91,204.98999999999998,149.30437900652174,204.98999999999998,55.68562099347823,4,0.0,non_overlapping_yes_buckets,True,9.819552173276746,C,2026-07-18,high,21°C,True
True,nan,2,25°C|26°C,29.236724000000002,-29.236724000000002,Moscow,0,False,345.25960000000003,316.02287600000005,345.25960000000003,163.31666,134.079936,163.31666,29.236724000000002,2,0.0,non_overlapping_yes_buckets,True,2.1140500913991263,C,2026-07-18,high,,False
False,1.75244,2,77°F or below|between 78-79°F,73.445065991056,-25.997165983442997,New York City,1,False,247.87,174.424934008944,204.99666,204.99666,131.551594008944,0.0,25.997165983442997,1,47.447900007613,non_overlapping_yes_buckets,True,1.2091416513810518,F,2026-07-18,high,,False
False,nan,1,between 66-67°F,3.99984,-3.99984,New York City,0,False,399.98400000000004,395.98416000000003,399.98400000000004,399.98400000000004,395.98416000000003,399.98400000000004,3.99984,1,0.0,overlapping_or_single_bucket_yes_markets,False,1.0,F,2026-07-18,low,,False
False,nan,1,25°C,43.5,1.5,Seoul,0,False,300.0,256.5,150.0,300.0,256.5,150.0,-1.5,1,45.0,overlapping_or_single_bucket_yes_markets,False,1.0,C,2026-07-18,high,,False
False,nan,1,17°C or below,4.967380001724001,-4.967380001724001,Seoul,0,False,256.47,251.50261999827603,256.47,256.47,251.50261999827603,256.47,4.967380001724001,1,0.0,overlapping_or_single_bucket_yes_markets,False,1.0,C,2026-07-18,low,,False
False,nan,1,38°C or higher,19.521400009132,-19.521400009132,Taipei,0,False,188.53,169.008599990868,188.53,188.53,169.008599990868,188.53,19.521400009132,1,0.0,overlapping_or_single_bucket_yes_markets,False,1.0,C,2026-07-18,high,,False
True,68.25,2,15°C|16°C,47.277199995991,-47.277199995991,Wellington,1,False,137.03,89.752800004009,137.03,105.0,57.722800004009,105.0,47.277199995991,1,0.0,non_overlapping_yes_buckets,True,1.305047619047619,C,2026-07-18,high,15°C,True
False,-0.282293,1,31°C,1.9665709999946428,-0.28239100039364295,Ankara,1,False,11.11057,9.143999000005357,0.0005699999999997374,11.11057,9.143999000005357,0.0005699999999997374,0.28239100039364295,0,1.6841799996009998,overlapping_or_single_bucket_yes_markets,False,1.0,C,2026-07-19,high,,False
False,112.011427,4,19°C or below|20°C|21°C|22°C,70.27432802412534,67.84087197587468,London,1,False,972.52,902.2456719758746,972.52,143.87189999999998,73.59757197587464,0.0018999999999778083,-67.84087197587468,3,138.11520000000002,non_overlapping_yes_buckets,True,6.759624360281612,C,2026-07-19,high,21°C,True
False,-0.408453,1,28°C,7.0004699995749995,-0.40850999922199893,Moscow,1,False,173.81,166.809530000425,0.0,173.81,166.809530000425,0.0,0.40850999922199893,0,6.591960000353001,overlapping_or_single_bucket_yes_markets,False,1.0,C,2026-07-19,high,,False
True,23.783718,2,between 76-77°F|between 78-79°F,15.713500000000002,20.183800004466995,New York City,1,False,600.0,584.2865,600.0,173.05,157.3365,0.0,-20.183800004466995,1,35.897300004467,non_overlapping_yes_buckets,True,3.4672060098237503,F,2026-07-19,high,,False
False,-4.0,2,19°C or below|20°C,7.621599997312,-7.621599997312,Seoul,1,False,338.16,330.53840000268804,338.16,200.0,192.378400002688,200.0,7.621599997312,1,0.0,non_overlapping_yes_buckets,True,1.6908,C,2026-07-19,low,,False
True,51.492155,3,28°C|29°C|30°C,44.439499994373,20.002660008626997,Beijing,1,False,350.0,305.560500005627,350.0,65.0,20.560500005627,0.0,-20.002660008626997,2,64.442160003,non_overlapping_yes_buckets,True,5.384615384615385,C,2026-07-20,high,30°C,True
False,nan,1,23°C,34.226200008,-34.226200008,London,0,False,210.0,175.773799992,210.0,210.0,175.773799992,210.0,34.226200008,1,0.0,overlapping_or_single_bucket_yes_markets,False,1.0,C,2026-07-20,high,,False
False,0.516069,1,21°C,4.647610002564,0.5159500070820009,Munich,1,False,272.62,267.972389997436,0.0,272.62,267.972389997436,0.0,-0.5159500070820009,0,5.163560009646001,overlapping_or_single_bucket_yes_markets,False,1.0,C,2026-07-20,high,,False
True,nan,2,28°C|29°C,51.730000000000004,-51.730000000000004,Sao Paulo,0,False,336.0,284.27,336.0,181.0,129.26999999999998,181.0,51.730000000000004,2,0.0,non_overlapping_yes_buckets,True,1.856353591160221,C,2026-07-20,high,,False
True,nan,3,23°C|24°C|25°C,32.431377998684994,-32.431377998684994,Seoul,0,False,565.6988,533.267422001315,565.6988,96.0,63.568622001315006,96.0,32.431377998684994,3,0.0,non_overlapping_yes_buckets,True,5.892695833333334,C,2026-07-20,high,,False
False,nan,3,18°C or below|19°C|20°C,14.108280009746546,-14.108280009746546,Seoul,0,False,245.32999999999998,231.22171999025343,245.32999999999998,111.36,97.25171999025345,111.36,14.108280009746546,3,0.0,non_overlapping_yes_buckets,True,2.203035201149425,C,2026-07-20,low,,False
False,nan,1,27°C,9.999668,-9.999668,Shenzhen,0,False,199.99336,189.993692,199.99336,199.99336,189.993692,199.99336,9.999668,1,0.0,overlapping_or_single_bucket_yes_markets,False,1.0,C,2026-07-20,high,,False
True,nan,2,31°C|32°C,10.092799999723999,-10.092799999723999,Wuhan,0,False,300.0,289.907200000276,300.0,59.48,49.387200000275996,59.48,10.092799999723999,2,0.0,non_overlapping_yes_buckets,True,5.043712172158709,C,2026-07-20,high,,False
True,nan,4,29°C|30°C|31°C|32°C,48.59171001,-48.59171001,Wuhan,0,False,220.0,171.40828999000001,220.0,129.99,81.39828999000001,129.99,48.59171001,4,0.0,non_overlapping_yes_buckets,True,1.6924378798369104,C,2026-07-21,high,,False
