wallet,weather_date,condition_id,asset,outcome,temperature_bucket,event_slug,buy_count,sell_count,buy_shares,sell_shares,sold_share_ratio,buy_usd_weighted_price,sell_usd_weighted_price,sell_minus_buy_price,first_buy_to_first_sell_seconds,last_buy_to_first_sell_seconds,buy_after_sell,same_hour_two_way
0x7c63520c2ca9b336af0c205b9ccf68217bb393d4,2026-05-01,0x31bf1d9e7e12698b15a70e730b9ff59375d738e0208db122c4cdc145381d82a6,30000814479555189046363635944818435596235088570187394878337072555240360461633,YES,29°C,highest-temperature-in-beijing-on-may-1-2026,1,0,20.96,0,0.0,0.08367986641221374,,,,,False,0
0x7c63520c2ca9b336af0c205b9ccf68217bb393d4,2026-05-01,0x63d53072921981c2c1b65065ea16674fe813169d137a93213873e463811489be,85521127232692924497456285813424597881970659144819498509774543636389020431604,YES,30°C,highest-temperature-in-beijing-on-may-1-2026,1,0,10.05,0,0.0,0.010494527363184078,,,,,False,0
0x7c63520c2ca9b336af0c205b9ccf68217bb393d4,2026-05-01,0x64d84f9b515a798ec26e75ef12bfade6c76403652f9b20246f48269674c4462d,99564678434606693840093860088175883829868393179520056789442486820258598022186,YES,26°C,highest-temperature-in-beijing-on-may-1-2026,2,9,342.07,342.07,1.0,0.2499803841319028,0.24588996404244748,-0.0040904200894553155,5840,1750,False,0
0x7c63520c2ca9b336af0c205b9ccf68217bb393d4,2026-05-01,0xfe5d206613e5ea0c9681335bd38f819fcce0bb6db33899f04adf215ec3d14aaa,3548203461721129920655325079533575881095067529368150143179985837272914359042,YES,25°C,highest-temperature-in-beijing-on-may-1-2026,2,1,493.29,229.56,0.4653652009973849,0.004793995418516491,0.00380083638264506,-0.0009931590358714312,390,-1296,True,1
0x7c63520c2ca9b336af0c205b9ccf68217bb393d4,2026-05-02,0x15909f61199742d67ea807f757208e9a637db45fb70051774d452a5461419587,92340627579866178745181525311350866039572224855774603812261652377431803930477,NO,24°C,highest-temperature-in-beijing-on-may-2-2026,18,0,93.556856,0,0.0,0.012128731645278888,,,,,False,0
0x7c63520c2ca9b336af0c205b9ccf68217bb393d4,2026-05-02,0x15909f61199742d67ea807f757208e9a637db45fb70051774d452a5461419587,95964064301487920869779228082703818241058109178730050503156088317981208834509,YES,24°C,highest-temperature-in-beijing-on-may-2-2026,22,0,168.5,0,0.0,0.8952644510385757,,,,,False,0
0x7c63520c2ca9b336af0c205b9ccf68217bb393d4,2026-05-02,0x9519d4b167151f59a883213ad98a205621b19f6afdbc9d2720a4421aa961ecd4,29863422689008728892940410795172328467337826368931772666076274433075638569610,YES,25°C,highest-temperature-in-beijing-on-may-2-2026,1,2,16.0,16.0,1.0,0.027789375,0.15909,0.131300625,6298,6298,False,0
0x7c63520c2ca9b336af0c205b9ccf68217bb393d4,2026-05-04,0x76ce847af306166d9f5a3a5ce0e74c03cdc45ad54d8cf9b050023ef60eda1310,111448005831755640274080066228614617726447982875487417831896083461119832584448,NO,26°C,highest-temperature-in-beijing-on-may-4-2026,18,0,92.209975,0,0.0,0.02597060675919281,,,,,False,0
0x7c63520c2ca9b336af0c205b9ccf68217bb393d4,2026-05-04,0x76ce847af306166d9f5a3a5ce0e74c03cdc45ad54d8cf9b050023ef60eda1310,48152388605161274350430977656210792548627271709395788457861185532635731568941,YES,26°C,highest-temperature-in-beijing-on-may-4-2026,18,3,155.92000000000002,63.7,0.40854284248332473,0.7148552462801435,0.95,0.23514475371985644,3732,-2112,True,1
0x7c63520c2ca9b336af0c205b9ccf68217bb393d4,2026-05-05,0x146c905ee851102a0d7fb24a1c7328a19eeb6ffac802a222998753c415a64ade,66190869002704856322962274194738014820370536615555082978251660593378232942211,YES,28°C or below,highest-temperature-in-beijing-on-may-5-2026,1,1,1.005,1.0,0.9950248756218907,0.005,0.02855,0.023549999999999998,14160,14160,False,0
0x7c63520c2ca9b336af0c205b9ccf68217bb393d4,2026-05-05,0x2e81bb27ba254a3c4b0124bfdef89d71543994c9b5bece0ea18f2b92f3b2aeab,84609510110282858324391019806806492763617130440786253187455430948328380922595,NO,31°C,highest-temperature-in-beijing-on-may-5-2026,1,4,205.0,170.77,0.8330243902439025,0.5839501951219512,0.8106290332025531,0.22667883808060185,4698,4698,False,0
0x7c63520c2ca9b336af0c205b9ccf68217bb393d4,2026-05-05,0x2e81bb27ba254a3c4b0124bfdef89d71543994c9b5bece0ea18f2b92f3b2aeab,97330453251716628920627675634974144566478742357841376116445358421286248581493,YES,31°C,highest-temperature-in-beijing-on-may-5-2026,6,1,196.74,162.51,0.8260140286672766,0.13031366270204328,0.0009500953787459235,-0.12936356732329735,22298,2648,False,0
0x7c63520c2ca9b336af0c205b9ccf68217bb393d4,2026-05-05,0xa46ba50740fef7f262e1f51c51a9a0804e498b0d6bc40622e9e3a5b60369bec7,109432169913985954432800249369363555360624717090138304021524096956655985463170,YES,30°C,highest-temperature-in-beijing-on-may-5-2026,1,0,21.05,0,0.0,0.993,,,,,False,0
0x7c63520c2ca9b336af0c205b9ccf68217bb393d4,2026-05-05,0xa46ba50740fef7f262e1f51c51a9a0804e498b0d6bc40622e9e3a5b60369bec7,15379922809557708665676971226285398290641217413074583458307668650582037674854,NO,30°C,highest-temperature-in-beijing-on-may-5-2026,2,0,21.05,0,0.0,0.002,,,,,False,0
0x7c63520c2ca9b336af0c205b9ccf68217bb393d4,2026-05-06,0x24d62d1077bdb66197a9f611de5113dd34ea9617bdfa53eec9da6104d2dedc13,46638911895947899584714998309930269929056736923815876183237811516155899658097,YES,25°C,highest-temperature-in-beijing-on-may-6-2026,2,6,250.01999999999998,250.02,1.0000000000000002,0.45507495400367975,0.6314892008639309,0.17641424686025114,362,-966,True,1
0x7c63520c2ca9b336af0c205b9ccf68217bb393d4,2026-05-06,0x524ea73af3e8aa39825b9ea89501fa3c6411ae185ed342ce7f7b357d0321dc09,9437326432832047652803690471387689236956645786031021233620315309901952008178,NO,26°C,highest-temperature-in-beijing-on-may-6-2026,107,0,431.229375,0,0.0,0.038414920133861476,,,,,False,0
0x7c63520c2ca9b336af0c205b9ccf68217bb393d4,2026-05-06,0x524ea73af3e8aa39825b9ea89501fa3c6411ae185ed342ce7f7b357d0321dc09,98294956512414206833583932065542207951884876594305456681972083705186473652668,YES,26°C,highest-temperature-in-beijing-on-may-6-2026,73,1,462.103332,30.85,0.06675996008615666,0.9547994841119215,0.985,0.030200515888078483,5560,-3658,True,1
0x7c63520c2ca9b336af0c205b9ccf68217bb393d4,2026-05-07,0x64faeae756ff18a1c629a662ef9647dbffcc0d6f0e1040cb1fae594eeaaad9b3,100030401845158145758047770584203597624656677725418378057264736264046574201968,NO,25°C,highest-temperature-in-beijing-on-may-7-2026,4,0,30.58,0,0.0,0.004,,,,,False,0
0x7c63520c2ca9b336af0c205b9ccf68217bb393d4,2026-05-07,0x64faeae756ff18a1c629a662ef9647dbffcc0d6f0e1040cb1fae594eeaaad9b3,9844283517588829535822198068888840811826162095553098909671713690806906662854,YES,25°C,highest-temperature-in-beijing-on-may-7-2026,4,0,30.58,0,0.0,0.9910000000000001,,,,,False,0
0x7c63520c2ca9b336af0c205b9ccf68217bb393d4,2026-05-14,0x33b14a55836b32de407fc3145d6a0b11472b2d439ee3ca5cf696925c180cdfcc,68285337135628535724807023424812950307910842066517672867169068544603686828973,YES,38°C,highest-temperature-in-beijing-on-may-14-2026,4,0,32.581416,0,0.0,0.01414999888279871,,,,,False,0
0x7c63520c2ca9b336af0c205b9ccf68217bb393d4,2026-05-14,0x9734e319ac355f8b5888554f3b13613706d2e4841e5ac4f16fd62be16e3aa88e,113991469714722319527323763760451142834431554490551947290270168025755736941038,YES,37°C,highest-temperature-in-beijing-on-may-14-2026,6,0,51.640458,0,0.0,0.02490336162394222,,,,,False,0
0x7c63520c2ca9b336af0c205b9ccf68217bb393d4,2026-05-14,0xc46581a98bab98005be7791b8f775e3806763077e244d2c955af1ffea616d4c6,45318478066930538918302076725236151540196003056059945678068287823977848728852,YES,36°C,highest-temperature-in-beijing-on-may-14-2026,8,1,42.79,6.72,0.15704603879411078,0.04646880112175743,0.060000000000000005,0.013531198878242577,3409,-6778,True,0
0x7c63520c2ca9b336af0c205b9ccf68217bb393d4,2026-05-15,0x0a0a2c2e0b1a5cb2a478aaa1059324f752060e1bffdc28c3bcc0a2d8af0c9a33,46919219596152938037717923999755202742383876660679459894395592129680611122817,YES,34°C,highest-temperature-in-beijing-on-may-15-2026,19,9,237.991076,237.991029,0.9999998025136035,0.02638356070124243,0.0230336371208345,-0.0033499235804079278,7683,-61290,True,0
0x7c63520c2ca9b336af0c205b9ccf68217bb393d4,2026-05-15,0x361584ab94ee60edd21c7c413728c155db7bd532c3d221226d7e2a9f31c72190,51207008817872921168609952711706542923387205434540073149009863987695977111400,YES,33°C,highest-temperature-in-beijing-on-may-15-2026,20,10,120.200722,112.837775,0.9387445692713892,0.08304843626480046,0.058007329548991904,-0.02504110671580856,4384,-71454,True,4
0x7c63520c2ca9b336af0c205b9ccf68217bb393d4,2026-05-15,0x6341a52a39e80043bb87670f8a1b6633c845c77a120e1802ec049ab4b6c31a0d,35777473566623739727453298019013397787203431322508769709727107057506994097424,YES,35°C,highest-temperature-in-beijing-on-may-15-2026,11,3,112.725114,112.72,0.9999546330021897,0.02070808285010916,0.01108543293115685,-0.009622649918952309,21015,-16510,True,0
0x7c63520c2ca9b336af0c205b9ccf68217bb393d4,2026-05-15,0xa39eab14389b480884d75a567547525efb574eaf12a49eccbb1ed6ba97e1b02c,13283327349962731014006257259228641502967930256518995334429182730243944925721,YES,32°C,highest-temperature-in-beijing-on-may-15-2026,22,5,68.528341,38.433332,0.5608385003804485,0.13472633169391915,0.12011446210284345,-0.014611869591075702,11278,-27229,True,1
0x7c63520c2ca9b336af0c205b9ccf68217bb393d4,2026-05-15,0xa44a582226793c793a30d1dfb210acd72a2b7fbab10424c5ec07d53476313c65,82472294151449516023001353381733073805113977827525327718569998576163665180172,YES,36°C,highest-temperature-in-beijing-on-may-15-2026,4,1,33.74,23.09,0.6843509187907527,0.014368701837581505,0.009,-0.005368701837581506,14710,-28485,True,0
0x7c63520c2ca9b336af0c205b9ccf68217bb393d4,2026-05-16,0x11eb7a73bdee8a7b130bfb51d814f6a8795ddb06ed74264010ecbe68dad5564a,1995055765359316749012455069088450073824890639372955675394973650909545867350,YES,26°C,highest-temperature-in-beijing-on-may-16-2026,9,2,42.810514,30.585713,0.7144439564542486,0.07000000046717496,0.06999997024754663,-3.021962832749914e-08,8428,1386,False,1
0x7c63520c2ca9b336af0c205b9ccf68217bb393d4,2026-05-16,0x4831268e7628b046035e25d223cdef683293bfcee03db7e7f138484401489e23,13895984240677113485884537702960912101420312972005763266192258918086085341931,YES,29°C,highest-temperature-in-beijing-on-may-16-2026,31,7,176.377853,146.99,0.8333812749155077,0.016719287313243347,0.015873256684128173,-0.0008460306291151742,32575,-89475,True,2
0x7c63520c2ca9b336af0c205b9ccf68217bb393d4,2026-05-16,0x5734875ec622b7817a696fd9ff171c57012452dc3bbacbf423a929608de12807,84481202393039890916385235095706993178435244027247869577583616021164072142990,YES,27°C,highest-temperature-in-beijing-on-may-16-2026,5,0,30.81,0,0.0,0.05,,,,,False,0
0x7c63520c2ca9b336af0c205b9ccf68217bb393d4,2026-05-16,0x6501d09c0a81809d6a0b4beb3928747b6a93c6dcc82856eb21fecb7706147eca,71250037962535081421079178792497940641737975400781709665653176604690919889168,YES,28°C,highest-temperature-in-beijing-on-may-16-2026,22,6,124.989098,124.98,0.999927209651517,0.06148573053947473,0.03506873099695951,-0.026416999542515224,63655,-43550,True,2
0x7c63520c2ca9b336af0c205b9ccf68217bb393d4,2026-05-16,0xc5c699a636600036ef186b77a5d03ae294a19f3745e2511b8190168ccb531b74,70803492580811538945945655895512269991319242052538881001791811735710718178034,YES,30°C,highest-temperature-in-beijing-on-may-16-2026,10,8,218.838135,218.828259,0.9999548707541307,0.014176002733710008,0.016430186011761855,0.002254183278051847,17274,-16300,True,1
0x7c63520c2ca9b336af0c205b9ccf68217bb393d4,2026-05-16,0xe4d7b431616267ea409121baab30a9ee2bc1177738f50429e4f4a87902a147b3,85926621205917432080622761402804114500215075263125973660932130744577889205203,YES,25°C or below,highest-temperature-in-beijing-on-may-16-2026,17,11,133.678125,114.829956,0.8590033410477593,0.3876455104378521,0.36241934987765734,-0.025226160560194777,4445,-17628,True,3
0x7c63520c2ca9b336af0c205b9ccf68217bb393d4,2026-05-16,0xe901fee227e01d7428d3725fb9d957ded1021da4a6cc0a34b50cbf78f6b7be05,80334413709559189303566303966684158366146542027454802639484720912987552771184,YES,31°C,highest-temperature-in-beijing-on-may-16-2026,2,0,26.57,0,0.0,0.012233345878810689,,,,,False,0
0x7c63520c2ca9b336af0c205b9ccf68217bb393d4,2026-05-17,0x38c8f8688ef1e9d5b277ff094510d8ffd975a894bef48c012ce2d16e156c659c,3642524071303805640318169873836128096164976278454088299148814024769973083865,YES,21°C,arch-highest-temperature-in-beijing-on-may-17-2026,13,2,71.207072,51.35,0.7211362377040303,0.190055181597693,0.1948685491723466,0.004813367574653615,37644,-15733,True,2
0x7c63520c2ca9b336af0c205b9ccf68217bb393d4,2026-05-17,0x3d3181b698bf7e95bd8b3c86fa83bca21aaa209275b1386704ef0901440fc2da,90170092540913225573380621592096898934692613397968622427965057701237397859419,YES,20°C,arch-highest-temperature-in-beijing-on-may-17-2026,6,0,14.90788,0,0.0,0.24000005366289504,,,,,False,0
0x7c63520c2ca9b336af0c205b9ccf68217bb393d4,2026-05-17,0x85f545e8d17f4947c0c6fa053b25abfb07ab7db77029577f281fa0617f37580b,56411668367903707199467961247686620236094753237541395624815125940198053746448,YES,22°C,arch-highest-temperature-in-beijing-on-may-17-2026,18,3,100.245344,34.27,0.3418612639006955,0.04673017033090335,0.042340822877152025,-0.004389347453751323,42256,-84399,True,1
0x7c63520c2ca9b336af0c205b9ccf68217bb393d4,2026-05-17,0xf81a93f5c508a7482e038efd1ea73c65c05c171989cc99d6df6c27f7bf7599c3,61411470161085719137424572700487148942791045439265255809229802234014890577055,YES,23°C or higher,arch-highest-temperature-in-beijing-on-may-17-2026,8,3,91.202919,91.2,0.999967994445441,0.0307822384500654,0.012669736842105263,-0.018112501607960137,35019,-73168,True,0
0x7c63520c2ca9b336af0c205b9ccf68217bb393d4,2026-05-18,0x07e7c570f4d38fa8786947312850b4fc9af50860ddc03cf27b1d84a769d71443,50384465183738878501027544150766297502223593156913462221046121449874976711895,YES,30°C,arch-highest-temperature-in-beijing-on-may-18-2026,17,2,139.855618,126.54,0.9047902530451084,0.019480504530036115,0.012136715663031452,-0.007343788867004663,62931,-50866,True,1
0x7c63520c2ca9b336af0c205b9ccf68217bb393d4,2026-05-18,0x1d3e1176b7a9ba3968a72bf46afd4e35f6c63e869b3af9e21d8ee395a0eaca5a,101094381974829074146722814205444388008790568546824449635567112440703789113065,YES,24°C,arch-highest-temperature-in-beijing-on-may-18-2026,7,2,37.224270000000004,21.57,0.5794606583285582,0.04177911346548904,0.053263792304126104,0.01148467883863706,1346,1297,False,1
0x7c63520c2ca9b336af0c205b9ccf68217bb393d4,2026-05-18,0x408820d2b9bf488e5af59e331ef4eac90f2c41dd01b05a056673876e0f11e0fd,115370649889434322912167012482075923771155504240363910415658649759678320817006,YES,26°C,arch-highest-temperature-in-beijing-on-may-18-2026,1,0,6.5,0,0.0,0.26,,,,,False,0
0x7c63520c2ca9b336af0c205b9ccf68217bb393d4,2026-05-18,0x77254dbb4abf10cdff0210808df94b7da4dcf20a4a764b73db1d5abc4e8698ce,56962825135844378484371374410484058929037027473023259307316125919469238636662,YES,27°C,arch-highest-temperature-in-beijing-on-may-18-2026,8,7,59.690000000000005,59.682306,0.9998711006868821,0.20268721728932818,0.32037969511432757,0.11769247782499939,45552,-5144,True,1
0x7c63520c2ca9b336af0c205b9ccf68217bb393d4,2026-05-18,0xd26a4043020037b568b666b49afd9cd16e9f3ace22f3f6a4ce23a5fe5331ea00,60890727028459290629294173458778279207298782319411698250207268537234926168874,YES,22°C or below,arch-highest-temperature-in-beijing-on-may-18-2026,2,0,19.64,0,0.0,0.018478615071283098,,,,,False,0
0x7c63520c2ca9b336af0c205b9ccf68217bb393d4,2026-05-18,0xdf5e2429f94af73de508e171d361395c1e43d018c48ba2638730992d9faaf536,76592857712506272826723553897947767404823081267689158565545653612021248606973,YES,29°C,arch-highest-temperature-in-beijing-on-may-18-2026,13,2,98.85927,40.24,0.407043264632644,0.05140434478223438,0.022,-0.02940434478223438,67601,-30770,True,0
0x7c63520c2ca9b336af0c205b9ccf68217bb393d4,2026-05-18,0xe5791c16702ce215137af2a3e1826f1da6309208c198cd3059542262738b6bf1,60062267788865075263889581698797280247089466776736457906023569325463862668783,YES,23°C,arch-highest-temperature-in-beijing-on-may-18-2026,1,0,7.34,0,0.0,0.020000000000000004,,,,,False,0
0x7c63520c2ca9b336af0c205b9ccf68217bb393d4,2026-05-18,0xec188e3ad1141aa7abc7a144c7d025d588a8fdb47f5c3d928aca93a95ed4cac1,25376780816590974182747920431673595414260562800144208326491948758938636419935,YES,28°C,arch-highest-temperature-in-beijing-on-may-18-2026,19,10,86.50002,73.108234,0.8451817005360229,0.1662789326522699,0.17338538091345498,0.007106448261185089,59819,-52465,True,0
0x7c63520c2ca9b336af0c205b9ccf68217bb393d4,2026-05-19,0x1c5be49ff371bc2eab873e5b8333fa6922ff298ea6c3580559439686d937d9e2,48204437222726154420245808380294109219182203580063593597351411279898478618406,YES,31°C or higher,arch-highest-temperature-in-beijing-on-may-19-2026,1,1,200.0,92.72,0.4636,0.0062982,0.01,0.0037018,25584,25584,False,0
0x7c63520c2ca9b336af0c205b9ccf68217bb393d4,2026-05-19,0x2b32ee23ea933462cc8b608a4734d075171bf095590b0ffc7eaefdf1b48cda18,536201514061251427769984756752421808268968521687993838025117381353963574677,YES,23°C,arch-highest-temperature-in-beijing-on-may-19-2026,6,4,109.373521,68.506665,0.6263551211814786,0.021130443446179262,0.07049283452931185,0.04936239108313259,40635,-25918,True,0
0x7c63520c2ca9b336af0c205b9ccf68217bb393d4,2026-05-19,0x2b926f896579cceac503509db30bfdd1e26eab21af28a882bacf5bd6bdc1d807,49932731060956847176012853426809795607370556309046870802572270884341746939572,YES,28°C,arch-highest-temperature-in-beijing-on-may-19-2026,6,2,25.08,12.82,0.5111642743221692,0.056363636363636366,0.06252730109204369,0.00616366472840732,60352,30212,False,0
0x7c63520c2ca9b336af0c205b9ccf68217bb393d4,2026-05-19,0x62467d1a98cc31eddf87139da8ae2a626fa78593d22612e73dd5923c39bba259,35291398011079049763366989524842279701125179900110580819365842599515578509041,YES,29°C,arch-highest-temperature-in-beijing-on-may-19-2026,6,1,22.577717,15.641024,0.6927637546347135,0.03818796205125611,0.038999940157370766,0.0008119781061146567,46165,17381,False,0
0x7c63520c2ca9b336af0c205b9ccf68217bb393d4,2026-05-19,0x628ae2ecb65f6ee528703d23dc74f9dc8c7cd9fd1b8d63216dbd526c92740c78,34937378734136622092141784369123565822626377958720610793789365662997870600374,YES,24°C,arch-highest-temperature-in-beijing-on-may-19-2026,6,2,38.339999999999996,19.549999999999997,0.5099113197704747,0.07855242566510172,0.10078465473145781,0.022232229066356093,37557,-742,True,0
0x7c63520c2ca9b336af0c205b9ccf68217bb393d4,2026-05-19,0x92eb2fd784a763be21276f22f794a7d641c16f454ce688af9c636227e16d505c,51866699125649960403602948354419831035374664349462530163717851916506591948868,YES,21°C or below,arch-highest-temperature-in-beijing-on-may-19-2026,1,2,200.0,120.95,0.60475,0.010495,0.01103927242662257,0.000544272426622569,31421,31421,False,0
0x7c63520c2ca9b336af0c205b9ccf68217bb393d4,2026-05-19,0xb5a9928034985f027683415eb580257c1c948008bd8386110132a672f71d6728,107125309251921432025810587965163876294557343017219864659589109798620205081002,YES,22°C,arch-highest-temperature-in-beijing-on-may-19-2026,13,2,275.545166,128.23000000000002,0.4653683527149956,0.013175342731289287,0.012871636902440925,-0.0003037058288483628,76720,-611,True,1
0x7c63520c2ca9b336af0c205b9ccf68217bb393d4,2026-05-21,0x06f9da257e4c3e872b005e3f46f5e05c5b6964b2048bd973e18bdc04293095f2,53776999658554861945227836640993155965588683586496039851936651328248662583331,YES,29°C,highest-temperature-in-beijing-on-may-21-2026,3,1,12.49,5.0,0.400320256204964,0.09199359487590072,0.12,0.02800640512409927,11114,5269,False,0
0x7c63520c2ca9b336af0c205b9ccf68217bb393d4,2026-05-21,0x2794ab978d18809613ccdfd6d9661e56ae9587c72b4dc9dcbf8c0256df945962,15571906308764927325366803928949149713691789344006610198975557000804856237354,YES,30°C,highest-temperature-in-beijing-on-may-21-2026,3,0,26.09,0,0.0,0.01410080490609429,,,,,False,0
0x7c63520c2ca9b336af0c205b9ccf68217bb393d4,2026-05-21,0xb991c4417189048cf493596064cffa16c1bee960b16c24bc73ca709859fb14ff,15247397263853519411220206973667728796373448701278942230086577108836946606486,YES,26°C,highest-temperature-in-beijing-on-may-21-2026,3,2,6.4096340000000005,6.4,0.9984969500598629,0.14503761057183606,0.22,0.07496238942816394,41153,18386,False,0
0x7c63520c2ca9b336af0c205b9ccf68217bb393d4,2026-05-21,0xc5eb76e431e7a2c2fd3c9b2505d2bf4036953e068b5d031b985dfeb7af3ba36c,28375401649114054998419447844729022152451002937973735570875373642203842697171,YES,27°C,highest-temperature-in-beijing-on-may-21-2026,14,5,41.686634,32.93,0.7899414474193335,0.19363669419795326,0.27565441846340727,0.082017724265454,19802,-35444,True,0
0x7c63520c2ca9b336af0c205b9ccf68217bb393d4,2026-05-21,0xee609ecdeb3d6dc6f4e2c11be503bdfd84224f33691ce0a49792b287f5e8c8c3,26762780452888628683934787431265547202284716364062936537382847990990143726758,YES,28°C,highest-temperature-in-beijing-on-may-21-2026,12,4,52.1277,26.54,0.5091342990387069,0.16046364984451647,0.25166917859834215,0.09120552875382568,1211,-70263,True,1
0x7c63520c2ca9b336af0c205b9ccf68217bb393d4,2026-05-22,0x00de043d027ecc99f534c8d847f6d0a623ad728e5dd1da293c94415f696921a8,115625694608368712579832925012943077075883119048140818742267201626151353287833,YES,20°C,highest-temperature-in-beijing-on-may-22-2026,7,5,63.65,29.560665,0.4644252160251375,0.1263110761979576,0.2593378396595611,0.1330267634616035,30160,-64862,True,0
0x7c63520c2ca9b336af0c205b9ccf68217bb393d4,2026-05-22,0x95f5bc8e5be4071bd269ba6496126007c57d8dc56ff387fd37e0eb7c4775f277,16659505859368341080529893373579103077710672366853174789831353839440782039890,YES,17°C,highest-temperature-in-beijing-on-may-22-2026,1,5,19.09,18.29,0.9580932425353588,0.016,0.003,-0.013000000000000001,55401,55401,False,0
0x7c63520c2ca9b336af0c205b9ccf68217bb393d4,2026-05-22,0xc715c38cef5cf19d34a4da9e0efcff0922e0e0f5a0650d272d126acd63ed3fb4,69116269063494475377236592059788147705275361762658464392166909405096484496990,YES,18°C,highest-temperature-in-beijing-on-may-22-2026,8,1,99.995843,99.99,0.999941567570964,0.026861386627842123,0.0019002900290029006,-0.024961096598839223,127017,17154,False,0
0x7c63520c2ca9b336af0c205b9ccf68217bb393d4,2026-05-22,0xccdcee755294f50e44b0bfb6c0f7a5e41b39d84354f339ed8a6799863cde1f82,102731341341124680567883900010637744018749317995051548402416334454116006956642,YES,19°C,highest-temperature-in-beijing-on-may-22-2026,6,2,49.34,49.34,1.0,0.07306445074989866,0.027641062018646127,-0.04542338873125253,98803,-4261,True,1
0x7c63520c2ca9b336af0c205b9ccf68217bb393d4,2026-05-23,0x45e1c7b0c3699dd7ed6c9a0f7afad1560dce8b37405df36b61f973990188bdf7,55948571263742661058813811407187809439935150234577346343723626806315765124675,YES,30°C,highest-temperature-in-beijing-on-may-23-2026,3,0,12.870000000000001,0,0.0,0.011932400932400932,,,,,False,0
0x7c63520c2ca9b336af0c205b9ccf68217bb393d4,2026-05-23,0x4d4f272d16e9a4d1630e13b5a953331ef6bc50583ad6730f9c6bdf75d24316d6,82766836989826173207241883450029245067145157811406297296530589552608953352303,YES,26°C or below,highest-temperature-in-beijing-on-may-23-2026,2,0,8.77,0,0.0,0.51,,,,,False,0
0x7c63520c2ca9b336af0c205b9ccf68217bb393d4,2026-05-23,0x94c99b09cdc5f9f4b7a37e76f9ad800c28d4728ef55ccfef18082c94a86aa3ab,85914656811408302998297804784940981832487080686274302935294838288095186882765,YES,27°C,highest-temperature-in-beijing-on-may-23-2026,8,6,60.227555,46.918886,0.779026908862563,0.20514629889923308,0.20046081230487867,-0.0046854865943544155,74017,-10577,True,1
0x7c63520c2ca9b336af0c205b9ccf68217bb393d4,2026-05-23,0xbee75b2d5c2790ed7e49a686ffc1cf6ea92496b87ef8f6f55c059451295aa141,71373489989599179959502079303053544723713651553167458726960472140769544819192,YES,28°C,highest-temperature-in-beijing-on-may-23-2026,19,7,118.59485500000001,106.26,0.8959916515771278,0.0721230950533225,0.05588198757763975,-0.016241107475682748,45989,-52393,True,3
0x7c63520c2ca9b336af0c205b9ccf68217bb393d4,2026-05-23,0xec9bd1593a7995da246f873f164aae3f7ad78348717605b62334d83d85239c82,80848384062220018645308237764323720875278815124580281906214878883598134165186,YES,29°C,highest-temperature-in-beijing-on-may-23-2026,9,6,111.510825,93.03999999999999,0.8343584580241424,0.023371748886262835,0.019244518486672402,-0.004127230399590433,46383,-35734,True,0
0x7c63520c2ca9b336af0c205b9ccf68217bb393d4,2026-05-24,0x2564c2cbfa550a47b95bc026990d099d4d41b4ceea482c45619a247f27653d15,92466760355935274711281140377847076975100888870314137457230651992787202456628,YES,31°C,highest-temperature-in-beijing-on-may-24-2026,10,6,83.970432,55.16,0.65689789472561,0.14453587662857326,0.12255801305293691,-0.021977863575636344,45292,-67277,True,0
0x7c63520c2ca9b336af0c205b9ccf68217bb393d4,2026-05-24,0x8493023ca4e517ad244200adfe79ec707421fd21ad4a59990dc30be652f080ee,36282725548443781865542038056471956619651124714360613033033389348784618537408,YES,30°C,highest-temperature-in-beijing-on-may-24-2026,10,5,64.260277,43.439046000000005,0.6759859749748667,0.22114717930643218,0.2151934690278419,-0.005953710278590291,55104,-31286,True,1
0x7c63520c2ca9b336af0c205b9ccf68217bb393d4,2026-05-24,0x8fe9e1a66ae761306973ca49b159260b427dc20def2156e87a657c9d42d7d724,10868326053047362203207651791765656768922055829208057269985930022887744212588,YES,32°C,highest-temperature-in-beijing-on-may-24-2026,7,8,95.380777,72.71,0.7623129343976721,0.04411382599661565,0.04341369825333517,-0.0007001277432804806,61075,-43293,True,0
0x7c63520c2ca9b336af0c205b9ccf68217bb393d4,2026-05-24,0xaa4f8578ea4bac02bd1b3ea94a8ba1ee438f47c37bd9c4bbdb470eefea9df1aa,51640856997226242692696004278152098362628457232174640437546947063713668799151,YES,33°C,highest-temperature-in-beijing-on-may-24-2026,6,1,46.660000000000004,46.65,0.9997856836690955,0.014346335190741534,0.01,-0.0043463351907415335,90906,20876,False,0
0x7c63520c2ca9b336af0c205b9ccf68217bb393d4,2026-05-25,0x1c0d9b63bab8793f238799e283a4c698d7b5cdd893297b7e493b6ed1af4bedd6,31860785666289414054391199261848045379961115771608356762846981657063742301446,YES,20°C,highest-temperature-in-beijing-on-may-25-2026,15,3,371.07794,68.183332,0.18374396494709438,0.012744282238928028,0.042508321535239736,0.02976403929631171,67965,-33281,True,1
0x7c63520c2ca9b336af0c205b9ccf68217bb393d4,2026-05-25,0x3a97e21d03ef6c7b628c9b676d8567e1a8fae9376262142864a395ce7c9a5e75,9021423798695152281205148610886391617780939020434824625989448256693839943050,YES,26°C,highest-temperature-in-beijing-on-may-25-2026,1,0,105.26,0,0.0,0.019724206726201784,,,,,False,0
0x7c63520c2ca9b336af0c205b9ccf68217bb393d4,2026-05-25,0x6782bc416796677638c13466bf766f5aa82f062d9926cb60ed29ca04a6e3e35a,11099022316676933336040479818951648315397511008045847728413810500389581509317,YES,25°C,highest-temperature-in-beijing-on-may-25-2026,3,0,95.47,0,0.0,0.02659872211165811,,,,,False,0
0x7c63520c2ca9b336af0c205b9ccf68217bb393d4,2026-05-25,0x7ec636a3c590cd5e53fbd5133960c71050c690e5faa087c45ed740fd8cf9ef67,21836494140555897266640591036244750647297703687888431778765892391460561170105,YES,27°C or higher,highest-temperature-in-beijing-on-may-25-2026,1,1,77.0,77.0,1.0,0.016787142857142858,0.005,-0.011787142857142857,12444,12444,False,0
0x7c63520c2ca9b336af0c205b9ccf68217bb393d4,2026-05-25,0x92f7b43e9bbab10a503f623a053752e1486a6cdbbbaba2a5b0364f3b4d1104ee,95265801282883880249312404158310961989136033676149695455429788542798951636798,YES,19°C,highest-temperature-in-beijing-on-may-25-2026,6,0,41.53,0,0.0,0.0207700457500602,,,,,False,0
0x7c63520c2ca9b336af0c205b9ccf68217bb393d4,2026-05-25,0xae275d28fa9d89f2ea3dddfda2282bd0e65a4e2abdadb3918af87b48c8314bf0,100565622801541433585043548952792613941052449605397256259507625951296450918538,YES,22°C,highest-temperature-in-beijing-on-may-25-2026,19,7,124.364402,92.44,0.74329951749376,0.3271620041239775,0.3643130679359585,0.03715106381198102,26098,-55872,True,1
0x7c63520c2ca9b336af0c205b9ccf68217bb393d4,2026-05-25,0xb7c66a6d805eba85b1747097c06ec30c3e77068b679e3a5eb251a6fd468e19f0,59474789678709887731378591706267545083505270320841878555157718292999116320493,YES,21°C,highest-temperature-in-beijing-on-may-25-2026,11,2,134.337913,134.32999999999998,0.9999410963009377,0.13568556778159865,0.05166455743318694,-0.08402101034841172,51617,-53665,True,2
0x7c63520c2ca9b336af0c205b9ccf68217bb393d4,2026-05-25,0xb9c73b85aa3ef280f44944f9900a4809c6f4ee82b7a9f5852ec665d5f31a8fcc,57245258041963532640421782743065568146372389073525862915745391310886104423663,YES,24°C,highest-temperature-in-beijing-on-may-25-2026,8,0,43.843356,0,0.0,0.10455319615587821,,,,,False,0
0x7c63520c2ca9b336af0c205b9ccf68217bb393d4,2026-05-26,0x43722b194a2da66778006af0f0a508831dd09ad44838337b7f5c5703571190b6,75260747291741013236396561217956674880489698289897303981076280416327405769946,YES,27°C,highest-temperature-in-beijing-on-may-26-2026,10,5,77.008448,29.41,0.3819061513874426,0.13123819869736889,0.15867052023121386,0.027432321533844978,23121,-31244,True,0
0x7c63520c2ca9b336af0c205b9ccf68217bb393d4,2026-05-26,0x92505e0a608cab52d7814f9acf9fc3d15023ec8b878fc385a19369f9dbb0a6d9,21456777929927485638917072764320244014532594558382942465368463899287794260024,NO,26°C,highest-temperature-in-beijing-on-may-26-2026,2,13,53.239999999999995,53.238887,0.9999790946656649,0.6487960180315553,0.7577900341906096,0.10899401615905435,2135,2081,False,0
0x7c63520c2ca9b336af0c205b9ccf68217bb393d4,2026-05-26,0xa42afb979bee4c595a252585bd233df3fbcbacc7107778a8247df08316f891f1,69824285158366698944938955975883421549139779486730018230234496697618220981623,YES,23°C or below,highest-temperature-in-beijing-on-may-26-2026,6,12,176.187166,176.180205,0.9999604908793414,0.029475705398428396,0.08876727098824752,0.05929156558981913,4032,-74730,True,2
0x7c63520c2ca9b336af0c205b9ccf68217bb393d4,2026-05-26,0xa9a8a29f53b31e2fa7cd494b01dabb9fd64d56f0c081576f5b3a2b2a561807c4,65446590645741022537432208182471041258550770499690104723081285559292700650004,YES,31°C,highest-temperature-in-beijing-on-may-26-2026,1,2,448.56,448.556666,0.9999925673265561,0.005248729266987694,0.002999997775086013,-0.0022487314919016808,41874,41874,False,0
0x7c63520c2ca9b336af0c205b9ccf68217bb393d4,2026-05-26,0xb5a1967b117a1b5996cdc3a4e3326485ef47cba4c7118ea53dd37867bcd7c0bb,106234144825235443811965077382249730785399477604348457908183424787721772066659,YES,30°C,highest-temperature-in-beijing-on-may-26-2026,6,3,717.9499999999999,717.95,1.0000000000000002,0.006315481579497181,0.005038345288669127,-0.0012771362908280534,25980,-61191,True,1
0x7c63520c2ca9b336af0c205b9ccf68217bb393d4,2026-05-26,0xc14748812410d0f95f612ab84edf2fd2b81751d7037a82341cc702a31b7d7a10,87878284016303188914277509912171867145591448844960778623416043368213043132609,YES,29°C,highest-temperature-in-beijing-on-may-26-2026,19,6,285.294333,169.461111,0.5939869510131489,0.03051091799990293,0.02806543030394744,-0.002445487695955491,39373,-75917,True,0
0x7c63520c2ca9b336af0c205b9ccf68217bb393d4,2026-05-26,0xca268e900a050b496e3c24a342e4206616c4e36f24652e3d30d0b5476f4789d6,1179564069012685674768978247041838117174262187522211586730142497629411207429,YES,28°C,highest-temperature-in-beijing-on-may-26-2026,13,3,101.3254,34.42,0.33969764738160424,0.0825881368343969,0.10422719349215571,0.02163905665775881,25699,-50163,True,2
0x7c63520c2ca9b336af0c205b9ccf68217bb393d4,2026-05-26,0xd2b17b7493479120bdb41e8e2ec2e9607c63c849ae5f2c65424331afe13e7e4a,53653964096822199950136813212823866507983742317223158225876318896935751932271,NO,25°C,highest-temperature-in-beijing-on-may-26-2026,3,13,62.82,62.82,1.0,0.718608723336517,0.7612352753900031,0.04262655205348609,9137,-6681,True,1
0x7c63520c2ca9b336af0c205b9ccf68217bb393d4,2026-05-26,0xdf1c970f897fa1a064fff7bf196fb2f2a7ecbe55b8850838267ec7fccb1e2726,1184879801002246153781113428086198823765365655271402136051832995752669422575,NO,24°C,highest-temperature-in-beijing-on-may-26-2026,3,1,44.69333,7.23,0.16176910514387718,0.7120000232696915,0.817,0.10499997673030848,3558,3201,False,0
0x7c63520c2ca9b336af0c205b9ccf68217bb393d4,2026-05-26,0xdf1c970f897fa1a064fff7bf196fb2f2a7ecbe55b8850838267ec7fccb1e2726,92028934800130126716706981304029871483671679246399173488444080910318209346930,YES,24°C,highest-temperature-in-beijing-on-may-26-2026,1,6,75.7,75.692901,0.9999062219286659,0.020979920739762216,0.11754044147416148,0.09656052073439927,14553,14553,False,0
0x7c63520c2ca9b336af0c205b9ccf68217bb393d4,2026-05-27,0x03d75029396ff3dc77296f6499c82ccea9e9061275e7a02c39c2d3bd5e2277da,6356884000079308307011675544041146081376332622338777086957998231129835821570,YES,31°C,highest-temperature-in-beijing-on-may-27-2026,5,0,161.99,0,0.0,0.03190801901351935,,,,,False,0
0x7c63520c2ca9b336af0c205b9ccf68217bb393d4,2026-05-27,0x1a809a3dde2657a850d15f46c3cb2068f3dd45bd46f1d84f5e99084d2cbc706e,40983588214289816259409507715173732324294085099931945116980597857446927782394,YES,30°C,highest-temperature-in-beijing-on-may-27-2026,10,11,136.91269,136.903633,0.9999338483525524,0.11545384142258837,0.24849521706995165,0.1330413756473633,105943,29466,False,0
0x7c63520c2ca9b336af0c205b9ccf68217bb393d4,2026-05-27,0x430ed9708f7d0e83ad2d63606c39f2dbc3d720fb9e20fec76046ce78cf39129e,1811730456324423556896834045580788124814654201883326679959569316493813201809,NO,28°C,highest-temperature-in-beijing-on-may-27-2026,4,8,65.82,65.82,1.0,0.6723397143725311,0.896501063506533,0.22416134913400187,80537,25934,False,0
0x7c63520c2ca9b336af0c205b9ccf68217bb393d4,2026-05-27,0x55d8abbd7a4cb6467ba13cf3b6509596975c38ddec0ee80eda9a3ac30a76c11e,111408529256357800789279324121718628754521409126495812597083212757574393154443,YES,29°C,highest-temperature-in-beijing-on-may-27-2026,1,0,2.531642,0,0.0,0.21000007110010024,,,,,False,0
0x7c63520c2ca9b336af0c205b9ccf68217bb393d4,2026-05-27,0x55d8abbd7a4cb6467ba13cf3b6509596975c38ddec0ee80eda9a3ac30a76c11e,79734960891678238207810558216219536627980633944409279554572154570200095719681,NO,29°C,highest-temperature-in-beijing-on-may-27-2026,3,0,37.098568,0,0.0,0.6500000215641747,,,,,False,0
0x7c63520c2ca9b336af0c205b9ccf68217bb393d4,2026-05-27,0x7056e397d43c3e6959e6139b4e3603a60cf55b651296c4e70ddb8e6ce50aa61c,6002430893491644759545601770519770026427973721851498914742405164954100286107,YES,32°C,highest-temperature-in-beijing-on-may-27-2026,6,0,363.21999999999997,0,0.0,0.014137519960354608,,,,,False,0
0x7c63520c2ca9b336af0c205b9ccf68217bb393d4,2026-05-27,0xe0c1e7ffc71987bedfceef8ffdf4817c73ae7ab3f667d67f7aebcb711fe2751f,90843876597048596919041338267305633684675227022103686632994332551228765372816,NO,27°C,highest-temperature-in-beijing-on-may-27-2026,6,4,53.372118,46.81,0.8770496984961325,0.7675977932897472,0.9874723349711599,0.21987454168141274,135435,88855,False,0
0x7c63520c2ca9b336af0c205b9ccf68217bb393d4,2026-05-28,0x165b744a9594cf223247e6f3a32e0088889a318777ecb527764ed634f80b1062,106950833157911124876683151353692758101400386788281501103575953112420682895591,YES,34°C,highest-temperature-in-beijing-on-may-28-2026,1,1,8.4,8.4,1.0,0.03,0.006999999999999999,-0.023,82291,82291,False,0
0x7c63520c2ca9b336af0c205b9ccf68217bb393d4,2026-05-28,0x52071afd583b895b8d011df2c76d6ec41152c17efd77de108751c74c6375b838,30745417973493620358116332947992226239347844775329506718278524545625251390144,NO,29°C,highest-temperature-in-beijing-on-may-28-2026,5,1,29.685638,29.68,0.9998100765090513,0.7071985449664244,0.83,0.12280145503357554,135266,90636,False,0
0x7c63520c2ca9b336af0c205b9ccf68217bb393d4,2026-05-28,0x6320d43bf61d91559b72b806027fc800b12a98588cb0052a9658e3373e488f75,25158169036697866687460549639045483431037756971762682489942183372530240252915,YES,31°C,highest-temperature-in-beijing-on-may-28-2026,9,3,73.65243,73.643332,0.9998764738651529,0.25607073656632917,0.2999999918526228,0.043929255286293656,110923,11097,False,0
0x7c63520c2ca9b336af0c205b9ccf68217bb393d4,2026-05-28,0x96ac5d8a3f33a353cc1e488596f9e1dececa5b7d89d752e6a5ddf83c71bc9493,110837535270876309969110375219328767468637782834269872962977808398027540939034,YES,32°C,highest-temperature-in-beijing-on-may-28-2026,9,4,77.070314,77.07,0.999995925798356,0.10653676589406397,0.05,-0.056536765894063964,113906,60038,False,0
0x7c63520c2ca9b336af0c205b9ccf68217bb393d4,2026-05-28,0x9fc45be48faa072bf58296160d779c240b5500c6d98a72d9878556a19340734b,4942643844524716148816329188693993509464945823647287717161401841702007897438,YES,30°C,highest-temperature-in-beijing-on-may-28-2026,2,1,3.653683,3.65,0.9989919760417091,0.3020749200190603,0.998950684931507,0.6968757649124466,146445,91401,False,0
0x7c63520c2ca9b336af0c205b9ccf68217bb393d4,2026-05-28,0xd52ec695b422ad050573edf953054784c00a3447009d29da86227cc3b04a3939,16563657233684005846004690536151057115735399251558706918803957722031450055738,YES,33°C,highest-temperature-in-beijing-on-may-28-2026,7,3,131.547481,131.54,0.9999431308000492,0.04713151443774131,0.030734833510719175,-0.016396680927022133,42418,-32799,True,0
0x7c63520c2ca9b336af0c205b9ccf68217bb393d4,2026-05-29,0x0cc12d343a9cb481a89ad3de04b5f7e8ce04a28fa05e3c8a23992be2d0b86fe4,63155023417139027057131925730665559578443648515950297923039889672482316269534,YES,37°C,highest-temperature-in-beijing-on-may-29-2026,10,7,254.768272,65.34,0.2564683564678729,0.011776627350206308,0.004917355371900827,-0.006859271978305481,103873,49219,False,0
0x7c63520c2ca9b336af0c205b9ccf68217bb393d4,2026-05-29,0x1a24f94eba4e694884c28830c4220f1b586944d76b3e38620aba10831a4bdd2b,114897903607697755377534464969676028855623225166225306223168446330658134016800,YES,30°C or below,highest-temperature-in-beijing-on-may-29-2026,1,1,29.48,29.48,1.0,0.015,0.013000000000000001,-0.0019999999999999983,20979,20979,False,0
0x7c63520c2ca9b336af0c205b9ccf68217bb393d4,2026-05-29,0x5d78d80afcb5a64f538a44d9fa8dcb70dab0f84609dc855a4b5a9373c8ca6ac7,108718273378491026806167933192332217918381476042565402172491196003748465458793,NO,32°C,highest-temperature-in-beijing-on-may-29-2026,1,3,25.9,25.89,0.9996138996138997,0.7,0.960359212050985,0.260359212050985,159576,159576,False,0
0x7c63520c2ca9b336af0c205b9ccf68217bb393d4,2026-05-29,0xa49bbf3178e62a0cc36ad763f01ac45e436917030cdc0cd519b11e2f79a7025f,97315341528306425944118780900809352111267882146418781364901631818993641991135,YES,35°C,highest-temperature-in-beijing-on-may-29-2026,5,0,73.516125,0,0.0,0.03341022122697571,,,,,False,0
0x7c63520c2ca9b336af0c205b9ccf68217bb393d4,2026-05-29,0xd2c3779ff9b846f991b7af2825aa13a38c06188365406f2f09498f11f3a971bf,113251763631333944817128882361447262237641409927055526542447622419666390848067,NO,33°C,highest-temperature-in-beijing-on-may-29-2026,1,5,44.21,44.203806,0.9998598959511422,0.65,0.6631328759338053,0.0131328759338053,8631,8631,False,0
0x7c63520c2ca9b336af0c205b9ccf68217bb393d4,2026-05-29,0xdaa477325a3f29c76ec8b2d0093a827522de2a3c671a0c79b37cb2f46f7dbb69,32849103721709191188760949958096414581693747232677978493914960128469096628470,YES,36°C,highest-temperature-in-beijing-on-may-29-2026,10,5,116.590875,93.88666500000001,0.8052659781479469,0.027513911358843478,0.017428449503451845,-0.010085461855391633,114672,9989,False,0
0x7c63520c2ca9b336af0c205b9ccf68217bb393d4,2026-05-29,0xe032ddc54103f71b8aaec186198d9af783c8a151dae91721bce3c2bb1e6ae736,30668609549148959487788657294058963359387489892472981849139609333154016492479,YES,34°C,highest-temperature-in-beijing-on-may-29-2026,4,5,50.05,50.041665,0.9998334665334666,0.16197802197802197,0.2542960750806353,0.09231805310261332,48335,-39608,True,0
0x7c63520c2ca9b336af0c205b9ccf68217bb393d4,2026-05-30,0x238db71cc6564eb1c621161987d93a15cf327cd34049adfc6d39ec082c5a0f64,4550559265159800889589655786940839476347742214970919379014814185710662917293,NO,34°C or below,highest-temperature-in-beijing-on-may-30-2026,2,0,49.06,0,0.0,0.7501752955564615,,,,,False,0
0x7c63520c2ca9b336af0c205b9ccf68217bb393d4,2026-05-30,0x288046255dd5ed9a03717117b6aeebbc7de24230c61047a20ee4e01bd8e928b9,110007841110885863515916890817887869105535222861611264767358189488141144417368,YES,38°C,highest-temperature-in-beijing-on-may-30-2026,6,18,247.161848,167.431705,0.6774172727499593,0.052622640206185865,0.16703346000090008,0.11441081979471421,42623,32456,False,0
0x7c63520c2ca9b336af0c205b9ccf68217bb393d4,2026-05-30,0x2c24ad9a8a14792fe7cf2a7cde64700c33f1ca68f413d2f36e109627196a9af8,49909147379970773076520412778813255982345722581425592205944389484716161158262,YES,41°C,highest-temperature-in-beijing-on-may-30-2026,13,3,922.3791329999999,922.37,0.9999900984316826,0.003992272665604633,0.0036967594349339205,-0.0002955132306707124,16354,-44611,True,0
0x7c63520c2ca9b336af0c205b9ccf68217bb393d4,2026-05-30,0x41dc5bf61fc250586eee43c42a937002182a4a6c2b56c0a2d8cb11f8f21d3805,107698394575927449835676172482197926512595787257669648843251631243006732494922,YES,40°C,highest-temperature-in-beijing-on-may-30-2026,6,3,439.15,439.15,1.0,0.009436046908801093,0.0032747125128088353,-0.006161334395992258,149448,93320,False,0
0x7c63520c2ca9b336af0c205b9ccf68217bb393d4,2026-05-30,0x5ff7b5023a726ae66f003a3eeb7e888fe526158d8bf35372165781819cd82770,81989987726386790795659015854150710718220004890256720343499635296526908600197,YES,37°C,highest-temperature-in-beijing-on-may-30-2026,2,2,14.47,14.469999999999999,0.9999999999999999,0.2,0.2869661368348307,0.08696613683483068,38593,36682,False,0
0x7c63520c2ca9b336af0c205b9ccf68217bb393d4,2026-05-30,0x5ff7b5023a726ae66f003a3eeb7e888fe526158d8bf35372165781819cd82770,89217487366551092262566595466533888444417101352014503521352452637849039488691,NO,37°C,highest-temperature-in-beijing-on-may-30-2026,1,6,39.29,39.282701,0.999814227538814,0.67,0.7024643748402127,0.032464374840212695,996,996,False,1
0x7c63520c2ca9b336af0c205b9ccf68217bb393d4,2026-05-30,0x6280f2b0829a40be3861c0ce7f2759d900aaa389eafab9cb411393f4b9851448,106791717949092342617277131688167529906111387582873240545063339039029153839570,NO,35°C,highest-temperature-in-beijing-on-may-30-2026,2,0,7.41875,0,0.0,0.76,,,,,False,0
0x7c63520c2ca9b336af0c205b9ccf68217bb393d4,2026-05-30,0x80162003a9117bdddad489e66b10098d576fc3c0bb960bb8e138ea3eb41268ad,24530265036709910641975605520435600427107965022460253661019412306823043725238,YES,42°C,highest-temperature-in-beijing-on-may-30-2026,10,6,110.519,110.50999999999999,0.9999185660384186,0.002,0.001,-0.001,35504,28606,False,0
0x7c63520c2ca9b336af0c205b9ccf68217bb393d4,2026-05-30,0xa98bfc5ea2cd0e6fdb410ca5f4e3c8ceaef037cc7b9d6f8dd759aa930d584bcd,80921169900313872773526389699672834724830111485591855203599694350782177210785,YES,39°C,highest-temperature-in-beijing-on-may-30-2026,10,12,666.862733,666.861624,0.9999983369890906,0.015605718366031408,0.016759470927359885,0.0011537525613284777,68483,-5372,True,1
0x7c63520c2ca9b336af0c205b9ccf68217bb393d4,2026-05-30,0xd4efdc0c9a7cd97b0a903e3c15317fdb0a25f0032c4842d8d084d6c181aac46c,108447289638839394454579729316387516168994177449857308140067567727199813502288,NO,36°C,highest-temperature-in-beijing-on-may-30-2026,14,9,77.253332,31.030933,0.4016776001325095,0.6967173014621557,0.7618524393062883,0.0651351378441326,16079,-58576,True,1
0x7c63520c2ca9b336af0c205b9ccf68217bb393d4,2026-05-31,0x133456731de12171e4d2f021928686b5909d7da2b93271c0fb14ba79971e40bf,106231717449044931994254283702942240236216429223518126251603600368590037973323,YES,38°C,highest-temperature-in-beijing-on-may-31-2026,8,0,564.9,0,0.0,0.017233563462559748,,,,,False,0
0x7c63520c2ca9b336af0c205b9ccf68217bb393d4,2026-05-31,0x5b9aed163bfd203a12d3277b1250fa0d6e56472f0dbc77952a1691ba14ff89d7,7622763278041096741609193365450077499626375634769006132816572438952420299452,NO,35°C,highest-temperature-in-beijing-on-may-31-2026,1,0,2.76857,0,0.0,0.6500001805986484,,,,,False,0
0x7c63520c2ca9b336af0c205b9ccf68217bb393d4,2026-05-31,0x5b9aed163bfd203a12d3277b1250fa0d6e56472f0dbc77952a1691ba14ff89d7,81839147861714672602165952015681663916255131719566500829153691595048941169097,YES,35°C,highest-temperature-in-beijing-on-may-31-2026,8,6,93.519406,93.50999999999999,0.9998994219445747,0.07459426121675751,0.26880012832852107,0.19420586711176357,71605,13872,False,0
0x7c63520c2ca9b336af0c205b9ccf68217bb393d4,2026-05-31,0x6325597baf444d0342bc58e2b63fd433c2b98d67a4f7119af11136893d1677d1,79609531856289227109829811420432921345129700202556207986440247686510038221133,YES,39°C,highest-temperature-in-beijing-on-may-31-2026,3,5,159.63983299999998,61.72,0.38662029920815566,0.006200451237004239,0.002,-0.004200451237004239,171256,146875,False,0
0x7c63520c2ca9b336af0c205b9ccf68217bb393d4,2026-05-31,0x65b81ae1b1818afb3661dd85d3045bdf0dd368548af2b0bb63c2ec59fee2af1f,74183411044850355799575479880814255271539468382033581404710879551519513176559,YES,40°C,highest-temperature-in-beijing-on-may-31-2026,4,3,99.07,99.06,0.9998990612698093,0.002678812960532957,0.001,-0.001678812960532957,168346,49378,False,0
0x7c63520c2ca9b336af0c205b9ccf68217bb393d4,2026-05-31,0x76b49dde39985405c13311a46cde3dcb4eb5a47cb7b3f76031c11e78e87c6d54,76389891620126591575107300466129020384457875235718382299191505720437634578278,YES,37°C,highest-temperature-in-beijing-on-may-31-2026,13,1,430.19665,52.5,0.12203721251664791,0.04135212582431779,0.05,0.008647874175682212,132561,116386,False,0
0x7c63520c2ca9b336af0c205b9ccf68217bb393d4,2026-05-31,0xc7db8402def768f79eabcd2deeb636f64d028ec57d438a21c48ef209c6bb7850,110699889802290767106207390943123956724085121984210686205929844215058533638158,YES,36°C,highest-temperature-in-beijing-on-may-31-2026,16,5,442.551078,210.030191,0.4745897173026432,0.0465872800336959,0.0936150603224467,0.04702778028875079,74636,-27615,True,0
0x7c63520c2ca9b336af0c205b9ccf68217bb393d4,2026-05-31,0xd591b06fde2dcfb7e9740f73ed1e620848467456a720899e2d5a74eb29156674,31317742911954786960343168693776378182032310400102043006662264403258619071143,NO,32°C or below,highest-temperature-in-beijing-on-may-31-2026,3,9,61.25,61.25,1.0,0.72,0.9214922448979592,0.20149224489795925,69961,25469,False,0
0x7c63520c2ca9b336af0c205b9ccf68217bb393d4,2026-05-31,0xe7c41d802d639329ab103e145a4b24912871975278f26002d1c5c28c7c9ef742,33311019436086607521585179922454800528573134402544369389132490040087293730580,YES,41°C,highest-temperature-in-beijing-on-may-31-2026,1,2,76.32,76.31,0.9998689727463314,0.002,0.001,-0.001,92811,92811,False,0
0x7c63520c2ca9b336af0c205b9ccf68217bb393d4,2026-05-31,0xec0e6b1de64f26499023c5310b871fa49f8cf9e82261ed703de29493199af752,47345009559855031981824895404360398205093335632378733247397094383338965791335,NO,33°C,highest-temperature-in-beijing-on-may-31-2026,3,6,43.95,43.944942,0.9998849146757678,0.7601183162684869,0.8771611986653665,0.11704288239687954,137076,26210,False,0
0x7c63520c2ca9b336af0c205b9ccf68217bb393d4,2026-05-31,0xf566a62727c3473eb80cc24c4782cf4eca8b98ad43b772699a61a358da9af042,2772078127890901413349618822985290429783987223523081825750442744690671174019,NO,34°C,highest-temperature-in-beijing-on-may-31-2026,6,12,57.899936,57.891425,0.9998530050188656,0.6931344276442724,0.7656003803672133,0.07246595272294098,125641,1820,False,0
0x7c63520c2ca9b336af0c205b9ccf68217bb393d4,2026-06-01,0x40ecb59e8bfde6e7ed9db6ea1080504b1f53675b43a7759e921426a69c8e73ba,18090656177991790368501471615312947797383698679327399575417663731648507493872,YES,38°C,highest-temperature-in-beijing-on-june-1-2026,6,0,151.68,0,0.0,0.020263976793248945,,,,,False,0
0x7c63520c2ca9b336af0c205b9ccf68217bb393d4,2026-06-01,0x5cfc3cd84f69745afc387800752e9d95a02377269bf042e4bf34393af4419352,69229808732244000233030581309239458505525247406427832356949894826754149281761,YES,37°C,highest-temperature-in-beijing-on-june-1-2026,6,12,131.58,131.578332,0.9999873233014134,0.057129274965800274,0.17600009551724674,0.11887082055144646,111752,69496,False,0
0x7c63520c2ca9b336af0c205b9ccf68217bb393d4,2026-06-01,0x6d04b4fdc6a1215eb127cb5325d45cb2a9d2af1a4b4519b2756e8a65f4305e4f,30188257383650866884635949524310211454852916879861488878975109836297755916160,YES,36°C,highest-temperature-in-beijing-on-june-1-2026,4,8,62.15,62.142742,0.9998832180209172,0.1598889782783588,0.2301925782418806,0.07030359996352181,43272,-47207,True,0
0x7c63520c2ca9b336af0c205b9ccf68217bb393d4,2026-06-01,0x81af861ec79dd61edfff8c9affc4818081648ffaba2e9941d26183b44cbbda29,59185838755458543483900259841219053394976760755648970063185528131181238567431,NO,35°C,highest-temperature-in-beijing-on-june-1-2026,13,16,92.9585,92.958171,0.9999964607862648,0.6776454546921475,0.7589509264333526,0.08130547174120506,12318,-103364,True,0
0x7c63520c2ca9b336af0c205b9ccf68217bb393d4,2026-06-01,0x946da6dd135a79cded1760cbd2a233bd8bf7c584360aa64ec36f7009b01409ab,27718984124113544509797060144384753554677606951419869515348215824682752562648,NO,34°C,highest-temperature-in-beijing-on-june-1-2026,8,13,73.827141,73.826095,0.9999858317688342,0.7536813866325935,0.8798609353508405,0.126179548718247,63080,-56221,True,0
0x7c63520c2ca9b336af0c205b9ccf68217bb393d4,2026-06-01,0xb3e1f1239b90faebace8e4c6ab17de786f20431f8f5ab6cbe0df3ced8dec9aa7,87824455827068339644453759929099497522298445590348554328572558693431808601224,YES,39°C,highest-temperature-in-beijing-on-june-1-2026,7,0,300.05918,0,0.0,0.00801002322275226,,,,,False,0
0x7c63520c2ca9b336af0c205b9ccf68217bb393d4,2026-06-01,0xcacfd036e39c807b8478859ca39ac13d99425d35aee0586ef1d3d2851384376f,102939904785445988691162908259376365041486401468007495677244660171730126532373,NO,33°C,highest-temperature-in-beijing-on-june-1-2026,1,0,0.10476,0,0.0,0.7900057273768614,,,,,False,0
0x7c63520c2ca9b336af0c205b9ccf68217bb393d4,2026-06-01,0xd329a40e00428a9886897548fc40858220dc402025d3c588e1319e446cafdd1b,2732243383967695027215200561642795448704762370497546153519963112396498764440,YES,40°C or higher,highest-temperature-in-beijing-on-june-1-2026,4,10,575.98,575.98,1.0,0.00941966734956075,0.0019507448175283865,-0.007468922532032364,96898,51400,False,0
0x7c63520c2ca9b336af0c205b9ccf68217bb393d4,2026-06-01,0xf6eb1492d870d7637db8f3c958bf5f861c46bc7f22d10ee52cdb1ecd9597af70,85710491096737542135721683985322749607518178084406611469963362526476995733394,YES,30°C or below,highest-temperature-in-beijing-on-june-1-2026,1,1,5.0,5.0,1.0,0.007000000000000001,0.008,0.0009999999999999992,6418,6418,False,0
0x7c63520c2ca9b336af0c205b9ccf68217bb393d4,2026-06-02,0x9e639d54b8d80a7f1bdbc7c708ce9c1fc9cb7d512df576c78336d02b2393cd45,74405542515812962818152363512517426119020759399981579866220276216038546200955,YES,39°C,highest-temperature-in-beijing-on-june-2-2026,25,0,363.522781,0,0.0,0.03368655457111503,,,,,False,0
0x7c63520c2ca9b336af0c205b9ccf68217bb393d4,2026-06-02,0xa01f218fe63857fa6445d277f5e420f1d949dda75559b75acaa5636b2ee56070,82651385883787062690447031469258105168828863743640817681544852762394000643218,YES,38°C,highest-temperature-in-beijing-on-june-2-2026,18,9,346.85,181.240683,0.5225333227620008,0.054333631252702894,0.048984355239932525,-0.005349276012770368,85150,-37506,True,1
0x7c63520c2ca9b336af0c205b9ccf68217bb393d4,2026-06-02,0xa50f291cf8abfa50102cf08e256b2b5cd675f5f1471daa4a41ea209dc546cf78,74349681571376432182190988079586947600903686739990575359914533556455023626417,YES,42°C,highest-temperature-in-beijing-on-june-2-2026,1,1,15.188,15.18,0.9994732683697656,0.001,0.001,0.0,4414,4414,False,0
0x7c63520c2ca9b336af0c205b9ccf68217bb393d4,2026-06-02,0xa8eb91acf2283429209e0352826d5070e00b6d6db5695805d19fc9bf48a2557e,107457968664226078156230126469102428266760301002300072017030101122986040173448,YES,33°C or below,highest-temperature-in-beijing-on-june-2-2026,3,1,16.2,16.2,1.0,0.05308641975308642,0.08600000000000001,0.032913580246913585,67571,52420,False,0
0x7c63520c2ca9b336af0c205b9ccf68217bb393d4,2026-06-02,0xa8eb91acf2283429209e0352826d5070e00b6d6db5695805d19fc9bf48a2557e,92449894996181005608138525181867114841032171516404430907339475991244369290627,NO,33°C or below,highest-temperature-in-beijing-on-june-2-2026,4,9,93.8,93.79376,0.9999334754797442,0.8706098081023455,0.8852912603141189,0.014681452211773416,17444,-32123,True,0
0x7c63520c2ca9b336af0c205b9ccf68217bb393d4,2026-06-02,0xc3753a328f619a8da277fcb13eae67f57b18595fe49885cf7d3d6a17d153305a,87266406889515973176995209357514251979364878457239625843305315562953369794283,YES,41°C,highest-temperature-in-beijing-on-june-2-2026,27,4,398.086,398.08,0.9999849278799052,0.0034384831418336746,0.001,-0.0024384831418336745,122014,14175,False,0
0x7c63520c2ca9b336af0c205b9ccf68217bb393d4,2026-06-02,0xd15570969b01e2a3b08570d31b6ab2a4385e2938f618fa11aa8f1350b031bafe,97719925417455731825806166064933586439382506130142259638646906904614461297957,NO,34°C,highest-temperature-in-beijing-on-june-2-2026,8,4,46.354701999999996,46.35,0.9998985647669573,0.824281083718325,0.8562934196332255,0.03201233591490049,56539,14107,False,0
0x7c63520c2ca9b336af0c205b9ccf68217bb393d4,2026-06-02,0xe41b94305ebb766a52fbcfe77be07f88e331f1a1edf35ccfdc95fb378b5f3406,73196358135114515521122094871054491286590713073429475874387751676937640975397,YES,40°C,highest-temperature-in-beijing-on-june-2-2026,11,1,391.198375,1.97,0.005035808239234122,0.006401322602630954,0.004,-0.002401322602630954,150418,72034,False,0
0x7c63520c2ca9b336af0c205b9ccf68217bb393d4,2026-06-02,0xec6e4b93fa74d65cfbcfd75d51191f7e5d88694dd5010cd656eab39ff947ca30,35993545251168427996737043956304127354593816967261203737546556883202192701156,NO,35°C,highest-temperature-in-beijing-on-june-2-2026,11,11,69.432203,69.431573,0.9999909264005349,0.6974084489296702,0.7673179750658969,0.0699095261362267,94117,7287,False,0
0x7c63520c2ca9b336af0c205b9ccf68217bb393d4,2026-06-02,0xef87b6027cc0ea6f4444c4b1dbe4fc9a0c85ee559d7b3489145eefb05e38b361,74249318127169623944294434014688729901585895997031242048740702953098834018998,NO,36°C,highest-temperature-in-beijing-on-june-2-2026,9,7,72.432851,72.43,0.9999606394065589,0.7039520645128272,0.7592213171337843,0.055269252620957054,125638,53718,False,0
0x7c63520c2ca9b336af0c205b9ccf68217bb393d4,2026-06-02,0xf8f194c3a1393455c389108b78903fa368fda907964a8f88d8c319365e2a056f,54937973038685067362020326396391676713884503740782069688546964162808438633299,YES,37°C,highest-temperature-in-beijing-on-june-2-2026,18,18,353.09555,314.75228500000003,0.8914082462948061,0.09705575445513262,0.13421442198584832,0.0371586675307157,10068,-50426,True,0
0x7c63520c2ca9b336af0c205b9ccf68217bb393d4,2026-06-03,0xff0b78be54e27d551dc2442fa8ed45cc30b4274b1eaab6d7a331ecff7f37e623,7314966783184038959036867506055255805255418793270707756744295652895611555411,YES,31°C,highest-temperature-in-beijing-on-june-3-2026,1,2,26.85,26.849999999999998,0.9999999999999999,0.033,0.031249534450651775,-0.0017504655493482263,9358,9358,False,0
0x7c63520c2ca9b336af0c205b9ccf68217bb393d4,2026-06-04,0x2b3cdcf97579da6dc2b7a03d14220a970e9a1eac93995af28c1e829488626538,10920385743963467894208383522106941075101899980406747658779033243033075459577,NO,25°C or below,highest-temperature-in-beijing-on-june-4-2026,16,12,223.921029,223.906731,0.9999361471315854,0.6045945421231518,0.42448834644457384,-0.18010619567857794,10283,-36176,True,2
0x7c63520c2ca9b336af0c205b9ccf68217bb393d4,2026-06-04,0x2b3cdcf97579da6dc2b7a03d14220a970e9a1eac93995af28c1e829488626538,3338868682884304294013806169234128163912137636922346184891439051108922642501,YES,25°C or below,highest-temperature-in-beijing-on-june-4-2026,9,9,66.804176,66.803332,0.9999873660592715,0.08380444659627267,0.1398178611809363,0.056013414584663634,9893,-5404,True,1
0x7c63520c2ca9b336af0c205b9ccf68217bb393d4,2026-06-04,0x7420405f60c5bd56cfeb041dc166645925c7ae3e8afc8ce4a70f9cd220deb879,39509054429568398810874136627463165633354288973881287672290750707653670324779,YES,29°C,highest-temperature-in-beijing-on-june-4-2026,26,4,699.794835,699.7900000000001,0.9999930908321152,0.02724807050054892,0.0034740993726689435,-0.02377397112787998,13839,-75315,True,1
0x7c63520c2ca9b336af0c205b9ccf68217bb393d4,2026-06-04,0x78cc0063be8657f92eef5fc554cdb6e5653984f64f5a116614bb65fca9d1ec81,23861680057138389065130945286154026824983216482165324121297775043076746132304,YES,31°C,highest-temperature-in-beijing-on-june-4-2026,19,3,633.3712,633.37,0.9999981053764364,0.00648401127174712,0.0010994679255411529,-0.005384543346205967,119787,26872,False,0
0x7c63520c2ca9b336af0c205b9ccf68217bb393d4,2026-06-04,0xa8ab4e7198c2b3a6685136f488158ff59c62eb04eef6f114cf63147168a568ea,21629359348534864487675935514854489777306019937747083645130205945136292121428,YES,26°C,highest-temperature-in-beijing-on-june-4-2026,11,16,154.668038,154.667814,0.9999985517369787,0.13319910995444323,0.19184209844719213,0.058642988492748904,12156,5761,False,0
0x7c63520c2ca9b336af0c205b9ccf68217bb393d4,2026-06-04,0xa8ab4e7198c2b3a6685136f488158ff59c62eb04eef6f114cf63147168a568ea,37364494351125174983378870381605889932570435994375038901108279448641087877945,NO,26°C,highest-temperature-in-beijing-on-june-4-2026,10,17,139.696925,139.685421,0.9999176502990312,0.7638516739004814,0.7980531769310414,0.03420150303056002,42564,-34879,True,1
0x7c63520c2ca9b336af0c205b9ccf68217bb393d4,2026-06-04,0xb406e103b578e9b282d5be938775d5d6e56b1eba699a046347a751a1b37ae578,6447329645424413853127257525876927487814988931907130419733038092788143695469,YES,28°C,highest-temperature-in-beijing-on-june-4-2026,28,19,224.410468,224.396422,0.9999374093368942,0.09986127741598934,0.08753960435251504,-0.0123216730634743,21988,-70365,True,0
0x7c63520c2ca9b336af0c205b9ccf68217bb393d4,2026-06-04,0xb46205b56aac8a4fe07454a0caed44d9c7707c823bf440ec5cc3af50e4cdf371,47932854540915660501170527892978816093210659301211267395853872907319138037864,NO,27°C,highest-temperature-in-beijing-on-june-4-2026,2,4,25.33,25.33,1.0,0.7268535333596526,0.7695420450059218,0.04268851164626919,18076,7502,False,0
0x7c63520c2ca9b336af0c205b9ccf68217bb393d4,2026-06-04,0xb46205b56aac8a4fe07454a0caed44d9c7707c823bf440ec5cc3af50e4cdf371,98143505960813235366470719204212796062003936030866216849364334896908058983106,YES,27°C,highest-temperature-in-beijing-on-june-4-2026,14,8,186.004507,185.99734,0.9999614686755951,0.09663068540591868,0.15514834244403708,0.0585176570381184,18464,-33953,True,1
0x7c63520c2ca9b336af0c205b9ccf68217bb393d4,2026-06-04,0xb58f003c132d2cb71a11eaf839918b750e352b53406ab029abe79765209ed924,80693743525556138089943774538078816375207413287966944817589362877306421970180,YES,32°C,highest-temperature-in-beijing-on-june-4-2026,12,14,953.587697,953.5799999999999,0.9999919283774064,0.005022822772429288,0.001,-0.004022822772429288,119454,57947,False,0
0x7c63520c2ca9b336af0c205b9ccf68217bb393d4,2026-06-04,0xb7fc8b996757c57cfda38776a12bc700f329de55e5c4d7f4814131fb7a9c8cab,73505010901378071725787377098450035766948205854937082308598429674070424907436,YES,33°C,highest-temperature-in-beijing-on-june-4-2026,6,12,181.795749,181.79,0.9999683765982889,0.003422907320016597,0.001,-0.002422907320016597,161856,92493,False,0
0x7c63520c2ca9b336af0c205b9ccf68217bb393d4,2026-06-04,0xe54b101d988d0525b074379219d7247a893110b3e8aed93f39e3c78e9993d3c9,31933831230416632155479412266716013062368670584219094790604989557727795294287,YES,30°C,highest-temperature-in-beijing-on-june-4-2026,30,1,681.089418,681.08,0.9999861721533897,0.020239724235445396,0.001,-0.019239724235445396,156794,98782,False,0
0x7c63520c2ca9b336af0c205b9ccf68217bb393d4,2026-06-05,0x3efa530c10c00554db9a14d496e003db55bdd08557cca0cf524581fd15f49519,17637992503669305112077013770306196894380310400304049410026573079213567992946,YES,31°C,highest-temperature-in-beijing-on-june-5-2026,6,9,199.024919,199.02,0.9999752845019372,0.012155317093735381,0.01170505476836499,-0.00045026232537039197,12730,-20305,True,0
0x7c63520c2ca9b336af0c205b9ccf68217bb393d4,2026-06-05,0x462a1aa163fef75aad3ca78a4398c017833e753f488247f54370044d796a8273,65698924762003658626189366802311484004981547728939573568794899069380768313937,YES,30°C,highest-temperature-in-beijing-on-june-5-2026,12,10,339.508469,339.500204,0.9999756559828262,0.03485924823866471,0.04093454388616509,0.006075295647500381,63496,32998,False,0
0x7c63520c2ca9b336af0c205b9ccf68217bb393d4,2026-06-05,0x4d1faeb2b965288f2560d3ded1590e16b1268225045d6e8865dc1f4ceea39bbf,13819038508849179390783451196508920015737339647538613495183866448668876783398,YES,26°C,highest-temperature-in-beijing-on-june-5-2026,1,3,12.52,12.52,1.0,0.11,0.16,0.05,4290,4290,False,0
0x7c63520c2ca9b336af0c205b9ccf68217bb393d4,2026-06-05,0x4d1faeb2b965288f2560d3ded1590e16b1268225045d6e8865dc1f4ceea39bbf,38477537542860806200410577940829099204177374714433797227213282859780802350478,NO,26°C,highest-temperature-in-beijing-on-june-5-2026,1,0,5.333332,0,0.0,0.700000112500028,,,,,False,0
0x7c63520c2ca9b336af0c205b9ccf68217bb393d4,2026-06-05,0x7018de98bbc6df6e803588dab191494f891c7057f56f9e7bf114f4ed72d2fbb7,113683988463618114216090694488442441433710624268175474010596139987948276173793,YES,25°C,highest-temperature-in-beijing-on-june-5-2026,7,6,76.08,76.071024,0.9998820189274448,0.038783385909568875,0.04502080844869395,0.006237422539125077,9726,2532,False,0
0x7c63520c2ca9b336af0c205b9ccf68217bb393d4,2026-06-05,0x87d196097b97edbda287ecb1b24debd276fbf176f3c3240dd88d3260f78b7d16,59345914032605652113903302748056096394707142963235081065732395657378375051414,YES,32°C,highest-temperature-in-beijing-on-june-5-2026,11,4,178.95999999999998,178.96,1.0000000000000002,0.004438980777827448,0.004999999999999999,0.0005610192221725515,24450,8516,False,0
0x7c63520c2ca9b336af0c205b9ccf68217bb393d4,2026-06-05,0xc18327edb164a93e226443f5fa8ac8568083c79ef8db04de0c47e69540fdcfcb,109872041343818093634172860343174347491898973968814058861314842137472402446312,YES,29°C,highest-temperature-in-beijing-on-june-5-2026,14,12,112.665836,112.6625,0.9999703903142386,0.11123736746603469,0.16030001109508488,0.04906264362905019,107496,16520,False,0
0x7c63520c2ca9b336af0c205b9ccf68217bb393d4,2026-06-05,0xc48b2cdeaae83f525ae2b5382683e12698ada765ba42f3cf2fd35622f0a16ecc,385507400770152570087783830797814502524626307880849627058337168331493843559,YES,27°C,highest-temperature-in-beijing-on-june-5-2026,3,5,54.7062,54.7,0.9998866673247274,0.18733346494547234,0.20989396709323582,0.022560502147763478,9532,8606,False,0
0x7c63520c2ca9b336af0c205b9ccf68217bb393d4,2026-06-05,0xc48b2cdeaae83f525ae2b5382683e12698ada765ba42f3cf2fd35622f0a16ecc,96390969702578142356547368913158782898146060970889864253929135962916535501145,NO,27°C,highest-temperature-in-beijing-on-june-5-2026,3,13,84.10000000000001,84.09876200000001,0.9999852794292509,0.6024815695600475,0.6462996209147526,0.04381805135470507,1479,750,False,1
0x7c63520c2ca9b336af0c205b9ccf68217bb393d4,2026-06-05,0xd61e2ef94da9b39a837ecb35e389b597e2b6ffb4815eb5bd2cf44ed21673048d,34342607588695429018920145607206199956795019504700870545760609020253705779921,YES,24°C,highest-temperature-in-beijing-on-june-5-2026,1,0,2.02425,0,0.0,0.012,,,,,False,0
0x7c63520c2ca9b336af0c205b9ccf68217bb393d4,2026-06-05,0xfd36fc150be9204a8853c2f0cfab79163176ef30744fec632c495e30a6d03ea3,1441871812739082609404138506636743766187067836883185138157532709160058612317,YES,28°C,highest-temperature-in-beijing-on-june-5-2026,10,11,103.176735,57.147467,0.5538793895736283,0.23017340100944267,0.28613161454732544,0.05595821353788277,19695,-68128,True,0
0x7c63520c2ca9b336af0c205b9ccf68217bb393d4,2026-06-06,0x4f0ffbab546a73c33da73d28d3441007fe725afd77e2847266ce38b9bc6d3580,67449811202192419739446926780323493129220939661730900717499237948581318835162,YES,23°C,highest-temperature-in-beijing-on-june-6-2026,3,8,112.74000000000001,112.74,0.9999999999999999,0.04999999999999999,0.067146531843179,0.017146531843179005,8654,8645,False,0
0x7c63520c2ca9b336af0c205b9ccf68217bb393d4,2026-06-06,0x5f1526e1fe20f5cf258be604ed04f3d2e1f3b0780ba7f4a58668d2a564b3a62f,4217287762561304301865608936776007732964022940405088476204426999521691730056,YES,24°C,highest-temperature-in-beijing-on-june-6-2026,9,1,333.080362,21.09,0.06331805295684169,0.010647442493172265,0.018000000000000002,0.007352557506827737,21679,-13916,True,0
0x7c63520c2ca9b336af0c205b9ccf68217bb393d4,2026-06-06,0x7533f09cc0855c57941a1003d3541138e970bbe93e4a0d74f51f147e46476118,59283210530855211916924872037306161528399991005462181827966043145784641588695,NO,22°C or below,highest-temperature-in-beijing-on-june-6-2026,7,9,168.29999999999998,113.542776,0.6746451336898397,0.06120083184789068,0.0890739099068707,0.027873078058980018,7219,-27476,True,1
0x7c63520c2ca9b336af0c205b9ccf68217bb393d4,2026-06-06,0x9ff2f359a6e5dfe766daf3667cff0bd505d39f8934dbfb6202c15a6060fc4db1,85970107514859538197891967692030488089905142242182299546782202943969579089636,YES,26°C,highest-temperature-in-beijing-on-june-6-2026,5,1,169.36266600000002,169.36,0.9999842586323009,0.0015881185998808023,0.001,-0.0005881185998808023,19501,10111,False,0
0x7c63520c2ca9b336af0c205b9ccf68217bb393d4,2026-06-06,0xb90d79b7ab6b49dadc9ed6311bfd28d7397c28240f1951dc916153582aac38ed,27705325855552539822331204373760654097041086469973957828438375628498330848922,YES,25°C,highest-temperature-in-beijing-on-june-6-2026,7,1,399.98433200000005,93.78,0.2344591837662281,0.0038000138465423684,0.01,0.006199986153457631,44520,36134,False,0
0x7c63520c2ca9b336af0c205b9ccf68217bb393d4,2026-06-07,0x058876db3b0a3b659273fc36c33e3dba82cccc1f7ed3bf7e044bc103e02f282d,49047490143937696688797623741709336496801053221733942452769868152307637995856,YES,23°C,highest-temperature-in-beijing-on-june-7-2026,1,1,51.71,103.42,2.0,0.004,0.002,-0.002,35088,35088,False,0
0x7c63520c2ca9b336af0c205b9ccf68217bb393d4,2026-06-07,0x07d11f71e2323bafa55c8402f31191204946517d2f7e0e2b4e97ccea16f2e33d,112064874471834356240693893270504946210497349472948015618616735139098149111759,YES,29°C,highest-temperature-in-beijing-on-june-7-2026,5,5,119.19999999999999,119.2,1.0000000000000002,0.09248942953020137,0.05144630872483221,-0.041043120805369156,8960,3767,False,0
0x7c63520c2ca9b336af0c205b9ccf68217bb393d4,2026-06-07,0x62f493fcd1249ac73f311d2a9be8059bfe7437ec1d76f7aebbf9fafd1c67263c,14262659198221595040683720453046958550238766416286556702612276297611489528346,YES,32°C or higher,highest-temperature-in-beijing-on-june-7-2026,4,3,72.03399999999999,56.04,0.7779659605186441,0.002,0.001447002141327623,-0.0005529978586723771,31102,20451,False,0
0x7c63520c2ca9b336af0c205b9ccf68217bb393d4,2026-06-07,0x735602ce862b0f97efbd80c7b794b558492d64e1698182ef4519fdcf549e7217,62709371014608723396085913880258642540771569727919024924947966334266256867514,YES,30°C,highest-temperature-in-beijing-on-june-7-2026,7,2,118.77788,118.77000000000001,0.9999336576810431,0.049999999999999996,0.020825376778647806,-0.02917462322135219,5688,2034,False,1
0x7c63520c2ca9b336af0c205b9ccf68217bb393d4,2026-06-07,0x8a103488b40ddbc50a9abfe88ef5d8d65a5a000fe2bca1f66b0e5f66c504c617,72736340985481029611575314946079309373933218455381223679134497986447634822204,YES,31°C,highest-temperature-in-beijing-on-june-7-2026,3,1,161.372333,161.37,0.9999855427509994,0.007884567176704323,0.0029999999999999996,-0.004884567176704324,39821,32124,False,0
0x7c63520c2ca9b336af0c205b9ccf68217bb393d4,2026-06-07,0xb94bbb382b52880fba42b92fcabe4f7007ed8e7807d8a4bbbf9d0b228c9d143d,35689589422213369188828015172370111053216627542555623145327874456390941634018,YES,24°C,highest-temperature-in-beijing-on-june-7-2026,2,2,43.75,43.75,1.0,0.019,0.014799999999999999,-0.004200000000000001,11569,11568,False,0
0x7c63520c2ca9b336af0c205b9ccf68217bb393d4,2026-06-07,0xbd4b89f510cd6a5e60e7161fcd69a164e27bb7a97cd14a2a9df91e87ff2996d8,78182153546350202462411403727057174188765809822641724703043583592038930098862,YES,25°C,highest-temperature-in-beijing-on-june-7-2026,3,4,34.18526,34.181110000000004,0.9998786026492121,0.05763486953148813,0.09554689710193728,0.037912027570449154,16935,9900,False,0
0x7c63520c2ca9b336af0c205b9ccf68217bb393d4,2026-06-07,0xc592e39c71e3f00d494ca2d2e06b234785feff19cb8fa1ad89363c9d1322f683,109932164508771514518805862098480321511987264653353017967823343679962936156292,YES,28°C,highest-temperature-in-beijing-on-june-7-2026,1,3,41.09,33.79,0.8223412022389875,0.19999999999999998,0.22582420834566438,0.0258242083456644,8952,8952,False,0
0x7c63520c2ca9b336af0c205b9ccf68217bb393d4,2026-06-08,0x3304564be8257b025f595c47cf368d7e50c37f6ee44e5966368874b4639b78af,102933845399401534935537583091820061398465243146542953632038287524564576695614,YES,31°C,highest-temperature-in-beijing-on-june-8-2026,15,12,306.72836,195.736763,0.6381436754006052,0.13383755254975446,0.14370268808420011,0.009865135534445651,13803,-47435,True,1
0x7c63520c2ca9b336af0c205b9ccf68217bb393d4,2026-06-08,0x348c71db4db7d67d68b08ea2c7d7d9451435bfdc9b8b94ff93fcffd4b703e6f9,92321814270871413890766019429818416187911397941532646377616186934611747902351,YES,30°C,highest-temperature-in-beijing-on-june-8-2026,2,0,28.672534,0,0.0,0.2900000048827216,,,,,False,0
0x7c63520c2ca9b336af0c205b9ccf68217bb393d4,2026-06-08,0x627bb65fb2d767967a3315a10e93f8780848e2b2e2fa20745c73bf2ecaf0629d,84883514576210827618677749865498242566877955575789885912628360578523313222915,YES,33°C,highest-temperature-in-beijing-on-june-8-2026,13,2,183.194462,183.186666,0.9999574441284148,0.02796272302161623,0.005999994562923046,-0.021962728458693185,64478,15231,False,0
0x7c63520c2ca9b336af0c205b9ccf68217bb393d4,2026-06-08,0x716d8f5c7e3f823cf5baa11c0e3fb0c04dde5cf83ff9d6d7ebde036b9d846f74,13940910555667837875814261621402707866602906175429641609375545606381156184939,YES,32°C,highest-temperature-in-beijing-on-june-8-2026,11,4,154.9167,154.91,0.9999567509506723,0.07993007209681074,0.05673416822671228,-0.023195903870098462,54999,-14432,True,0
0x7c63520c2ca9b336af0c205b9ccf68217bb393d4,2026-06-08,0x8341079fbf4525969abf8edb7ef9c53697875ebf33ecee8aec031fcae84b8b3f,9679603551227106438151351495946960664175581132881430312050115295620210821225,YES,35°C or higher,highest-temperature-in-beijing-on-june-8-2026,4,16,332.7908,214.48000000000002,0.6444889702479757,0.0033254945749702216,0.001,-0.0023254945749702216,114208,94474,False,0
0x7c63520c2ca9b336af0c205b9ccf68217bb393d4,2026-06-08,0xb04ceb0832dcb10986721f74102c7ffbc05b080ce01c7452f5b765e95c1274d6,19384704583148508237980415331289608338106267555103490229042248493035464785374,NO,29°C,highest-temperature-in-beijing-on-june-8-2026,3,4,16.981289,14.146663,0.8330735670301589,0.6760788300581894,0.719999903864254,0.04392107380606469,61983,17269,False,0
0x7c63520c2ca9b336af0c205b9ccf68217bb393d4,2026-06-08,0xd54788d857b1b4a1c84f794a388f1850a630fe3dcdfe129d1eb0a504eea93473,34758068710350047153007599623096738382376956109127208642301266955420405097353,YES,34°C,highest-temperature-in-beijing-on-june-8-2026,8,18,458.464166,458.46000000000004,0.9999909131393271,0.012168344690215114,0.001,-0.011168344690215114,111563,102798,False,0
0x7c63520c2ca9b336af0c205b9ccf68217bb393d4,2026-06-09,0x0fc8ba8471a40fa59d97c5b6217caf6c42f01daf6cdb9a74f48d4ae152d15ba3,54565083265094000039898130104128028794947191029356204774837435267654184301256,YES,28°C,highest-temperature-in-beijing-on-june-9-2026,19,11,228.107587,228.1,0.9999667393789932,0.14834064243553635,0.22394300745287157,0.07560236501733522,71865,-33318,True,1
0x7c63520c2ca9b336af0c205b9ccf68217bb393d4,2026-06-09,0x52f7afc75632d392b81b3715f232524e20a0d5b864768dcc19a6a836776672b6,39207467260967340189890093985361902060954017875894445381920005023064185240684,YES,29°C,highest-temperature-in-beijing-on-june-9-2026,10,5,158.942941,158.935788,0.9999549964285612,0.05302169411852019,0.05498767212831889,0.0019659780097987037,50770,-56054,True,0
0x7c63520c2ca9b336af0c205b9ccf68217bb393d4,2026-06-09,0x57bed688a9a8c1a27c0554fc784e15687fbbcf94cb722374db09b1190e455e27,97268098826888207747444728171039080106758793098321524588555488145449308364521,YES,27°C,highest-temperature-in-beijing-on-june-9-2026,5,8,80.497026,80.496837,0.9999976520871714,0.2584819344754426,0.3957943962444139,0.13731246176897133,40017,30373,False,0
0x7c63520c2ca9b336af0c205b9ccf68217bb393d4,2026-06-09,0x79a25eddf202ad1b8442842663dc20b713e44a4e361f413699e6e1b2ab6e5f74,63466529971112869009087309687820751312048723496759890168078281741531592915180,YES,30°C,highest-temperature-in-beijing-on-june-9-2026,6,0,436.55,0,0.0,0.012379750314969648,,,,,False,0
0x7c63520c2ca9b336af0c205b9ccf68217bb393d4,2026-06-09,0xcbf4fa1c51daffb6ee2db4bcc947791157f66eae49c3eea4e428dccbd6dd3a9a,11691490674145978872876714781131235965175625600412557582867652272141536806860,YES,32°C,highest-temperature-in-beijing-on-june-9-2026,1,1,200.0,200.0,1.0,0.002,0.002,0.0,35409,35409,False,0
0x7c63520c2ca9b336af0c205b9ccf68217bb393d4,2026-06-09,0xcf5496dee3a131c9e1e7d4916edf8f2586b3a8db5991204e208ecc2edbe15215,47116094914632101488285494569166379963655452388576800824188952568832491669190,YES,25°C,highest-temperature-in-beijing-on-june-9-2026,2,2,24.0,23.996665,0.9998610416666667,0.08,0.10459782640629438,0.024597826406294376,1116,1113,False,1
0x7c63520c2ca9b336af0c205b9ccf68217bb393d4,2026-06-09,0xd8e58c1dba7174250ceac5899f6b662243d80f142354330faa5d78070e2f2f63,74681994876741539297892941465566524821208127883890719088606743076474160257846,YES,33°C or higher,highest-temperature-in-beijing-on-june-9-2026,1,1,16.11,16.11,1.0,0.001,0.002,0.001,115945,115945,False,0
0x7c63520c2ca9b336af0c205b9ccf68217bb393d4,2026-06-09,0xda3b974b48b80e9e98ea2002e8b3d0366f8f4297d4f9607d8956ea323232ba21,51244711895548507257068249330542241535233160251640931924046510407448149847345,YES,31°C,highest-temperature-in-beijing-on-june-9-2026,2,0,556.05,0,0.0,0.009344699217696251,,,,,False,0
0x7c63520c2ca9b336af0c205b9ccf68217bb393d4,2026-06-09,0xf3951bd8b832b119ab5d47b088b9094e0e32a3b7a030898659eba3b6b706b3c4,89428417122915627019042945251625353543756603672169306377400237481570852710000,NO,26°C,highest-temperature-in-beijing-on-june-9-2026,5,6,70.273332,70.267056,0.9999106915835441,0.6443700862227509,0.7551931163872868,0.11082303016453587,124810,570,False,0
0x7c63520c2ca9b336af0c205b9ccf68217bb393d4,2026-06-10,0x49edde7c0a359b31a1c3ecbe16ef6a4218c1d295baf0485cb779eb5ffe4f9e49,72732220128088715054220227808164352349187587822193143524499861058963224490877,NO,26°C,highest-temperature-in-beijing-on-june-10-2026,3,8,45.463029000000006,45.46,0.9999333744348621,0.6733125942840279,0.7223449186097668,0.049032324325738896,34975,29910,False,0
0x7c63520c2ca9b336af0c205b9ccf68217bb393d4,2026-06-10,0x5edd872eb7c9cdaea3e5be8698222a15924ae01675dbf6b27917799a16dc83ec,115584204750501674481796770024784470753234669192565849194908664064903218769922,YES,29°C,highest-temperature-in-beijing-on-june-10-2026,10,9,291.91510700000003,291.91,0.9999825051877154,0.04777175852019196,0.04828652666917885,0.0005147681489868841,14272,-63560,True,0
0x7c63520c2ca9b336af0c205b9ccf68217bb393d4,2026-06-10,0xc06edccd751c0d9cd036f01c3f582a2894d6f9f7a04cc645d502c2e290a4e565,33550911693140245169025513079398113602223529570094533218888428528377427779275,YES,27°C,highest-temperature-in-beijing-on-june-10-2026,15,8,147.449399,147.441175,0.9999442249337347,0.27875192627946893,0.3272633916543327,0.04851146537486378,54069,-49525,True,1
0x7c63520c2ca9b336af0c205b9ccf68217bb393d4,2026-06-10,0xceba45d2f67fc33bf46d55838dc0cd25c801243b5ce59334b8f25f895eb55bfe,103755249561195093776989099778501811193043355993130844506548960926795482767142,YES,28°C,highest-temperature-in-beijing-on-june-10-2026,10,14,143.09989099999999,141.77512,0.9907423339686541,0.13565286363495555,0.20073124254805783,0.06507837891310228,113943,8938,False,0
0x7c63520c2ca9b336af0c205b9ccf68217bb393d4,2026-06-11,0x11c4c047330113de90b26e87372ccc3f39081be726d749d072559061203dd3ea,80023034674236933929736917673386916203981368162436687496539597785088361276109,YES,33°C,highest-temperature-in-beijing-on-june-11-2026,8,8,116.56,101.203332,0.8682509608785175,0.1062697323266987,0.12711141763593317,0.02084168530923447,8392,-88599,True,1
0x7c63520c2ca9b336af0c205b9ccf68217bb393d4,2026-06-11,0x9f7503fb47fd2332032f1fff3d5c712527739c49034e0431f4ab4e4ed88494cc,71505918185685193918130961281853204703614808683665164228639010031066052365491,YES,32°C,highest-temperature-in-beijing-on-june-11-2026,6,12,129.196664,129.190551,0.9999526845368082,0.2887989894228229,0.48600843106551966,0.19720944164269677,35376,-29677,True,0
0x7c63520c2ca9b336af0c205b9ccf68217bb393d4,2026-06-11,0xe276359afe34ae714a90975c6e638db2e1b245faedee1d9d4e0eab430156cfba,34587096425283313299172769714361389639440541117981461336814731394600951017694,YES,31°C,highest-temperature-in-beijing-on-june-11-2026,6,13,97.047611,97.034512,0.9998650250133412,0.27728983457408346,0.3027221386963846,0.02543230412230113,52223,749,False,1
0x7c63520c2ca9b336af0c205b9ccf68217bb393d4,2026-06-12,0x1524062315611cf6ee8df3ed29082faa5270d911c12305200906a0501f05287d,93235734709665372482953421250724441802788348130497979229948338490975248160513,NO,33°C,highest-temperature-in-beijing-on-june-12-2026,3,2,13.234284,13.223332,0.9991724523971224,0.6496071113480714,0.75,0.10039288865192864,8977,6415,False,0
0x7c63520c2ca9b336af0c205b9ccf68217bb393d4,2026-06-12,0x3a20c9304e014f9452d01dd99977c0755fd0087e3a9f46328c111fddfb2443cd,101056054893076357303904934578593151855646782736238147041176169594318997287977,YES,31°C,highest-temperature-in-beijing-on-june-12-2026,6,2,15.97944,15.960511,0.9988154153086717,0.05,0.07799994624232269,0.027999946242322687,136260,136250,False,0
0x7c63520c2ca9b336af0c205b9ccf68217bb393d4,2026-06-12,0x766e270f54012aaff7eef9cf39223198375c79c918002b4a13c4623416f7e601,63755146036861147403700674705921841932797258853854767487816225333559982447788,YES,35°C,highest-temperature-in-beijing-on-june-12-2026,11,7,116.682,63.305651,0.542548559332202,0.07465821634870846,0.15994542098619285,0.08528720463748439,53446,-69018,True,0
0x7c63520c2ca9b336af0c205b9ccf68217bb393d4,2026-06-12,0x7c514455cd8486f96000d19523099034533462038c73faf09f4996aed0edf6da,108235319620181140440278061915376010080933308557247198037483825781383367836151,YES,36°C,highest-temperature-in-beijing-on-june-12-2026,11,13,271.066592,246.344145,0.9087956696633424,0.025684493056230256,0.027141822266569398,0.0014573292103391422,65250,-32370,True,0
0x7c63520c2ca9b336af0c205b9ccf68217bb393d4,2026-06-12,0x9cb0618f127af630b00733c08668f8aa5e6e555c98a78cf190a6ad80c2494cdb,35724377268088693225726919042925098838889556498629625171616930884099611978400,YES,34°C,highest-temperature-in-beijing-on-june-12-2026,5,14,84.38,60.859674,0.7212570988385874,0.2529888599194122,0.299309802415307,0.0463209424958948,18752,-103278,True,0
0x7c63520c2ca9b336af0c205b9ccf68217bb393d4,2026-06-12,0xf6d964aa98b08b4d84b452820810791fbeba053538c36769e1dda3d0bef703f6,115520681231132182487216686953543158254362242573272014502651233468009492454052,YES,37°C,highest-temperature-in-beijing-on-june-12-2026,10,6,253.409057,205.3,0.8101525747755733,0.007123320773811174,0.001,-0.006123320773811174,153551,58961,False,0
0x7c63520c2ca9b336af0c205b9ccf68217bb393d4,2026-06-12,0xf9af17a846a7586749a1fe6c40b966d61adb53f2d97c01a558643d25c78f1985,1714118038661427518313316937268610404668479943787391065898808357663921924129,YES,32°C,highest-temperature-in-beijing-on-june-12-2026,1,1,6.99,4.166665,0.5960894134477825,0.13999999999999999,0.2399998559999424,0.0999998559999424,20609,20609,False,0
0x7c63520c2ca9b336af0c205b9ccf68217bb393d4,2026-06-12,0xf9af17a846a7586749a1fe6c40b966d61adb53f2d97c01a558643d25c78f1985,90200461757038218400564687400346301674611916517149704051741976997611484806500,NO,32°C,highest-temperature-in-beijing-on-june-12-2026,1,1,23.8,12.36,0.5193277310924369,0.84,0.91,0.07000000000000006,15861,15861,False,0
0x7c63520c2ca9b336af0c205b9ccf68217bb393d4,2026-06-13,0x0033f9cd5e6e246e4f1bb263fa1f98bdad433a66542cfd7a8882aa90d825e5ba,111842133594678547531446238677663011105285926031890717198383087635576089008261,YES,34°C,highest-temperature-in-beijing-on-june-13-2026,8,2,407.591666,407.59,0.9999959125758965,0.003300388874977635,0.001,-0.002300388874977635,124018,72292,False,0
0x7c63520c2ca9b336af0c205b9ccf68217bb393d4,2026-06-13,0x0abcf2c9d8c5db6575d2e1bb555c23acc2a725ecbe64be378476d03f4876201e,38560537796167634658711204442279648017283017301280520184302241636957342311001,YES,32°C,highest-temperature-in-beijing-on-june-13-2026,7,0,842.02,0,0.0,0.010722025605092516,,,,,False,0
0x7c63520c2ca9b336af0c205b9ccf68217bb393d4,2026-06-13,0x0d5a58f39cf005369bb97be59a5944cd37950cb64f809a1b4d4039312f91b9e5,6105785989053873925872887663663747255491337868198461612465962408348257371054,YES,30°C,highest-temperature-in-beijing-on-june-13-2026,23,2,462.235635,130.55,0.28243170823469727,0.040849922788839074,0.10048716966679433,0.059637246877955255,152294,40628,False,0
0x7c63520c2ca9b336af0c205b9ccf68217bb393d4,2026-06-13,0x0e50fe1b8f26162929e2b2b46c6cde25e575264a19fbef5db506531858ea612d,64103741777296542377325188065168046324509914406397623513542190687553898219111,YES,35°C,highest-temperature-in-beijing-on-june-13-2026,1,19,220.8,220.8,1.0,0.002,0.001,-0.001,159643,159643,False,0
0x7c63520c2ca9b336af0c205b9ccf68217bb393d4,2026-06-13,0x158802b3e4b906008a265667fbb28b3a37095fde8bd5c62b2458902f6d1d75f3,111048838292469307401689887204781998971439734776503223221950679550251268782030,NO,27°C or below,highest-temperature-in-beijing-on-june-13-2026,46,33,354.564999,354.555,0.9999717992468851,0.370337820626226,0.5778843902920562,0.20754656966583018,106057,-20802,True,2
0x7c63520c2ca9b336af0c205b9ccf68217bb393d4,2026-06-13,0x2a4ef750e0cd50be285aa13d2abab957f84ab7bba52201f1ac50059f3a7b287e,53522771611954073519107810271625097189426377014936356698638341430777931222453,NO,28°C,highest-temperature-in-beijing-on-june-13-2026,10,5,50.660000000000004,50.660000000000004,1.0,0.7499999999999999,0.7869147256217922,0.03691472562179232,12783,-19391,True,1
0x7c63520c2ca9b336af0c205b9ccf68217bb393d4,2026-06-13,0x2a4ef750e0cd50be285aa13d2abab957f84ab7bba52201f1ac50059f3a7b287e,63159266234338932929796158125321215830217845293970878770554341260722975337491,YES,28°C,highest-temperature-in-beijing-on-june-13-2026,1,1,8.0,8.0,1.0,0.21,0.24,0.03,33524,33524,False,0
0x7c63520c2ca9b336af0c205b9ccf68217bb393d4,2026-06-13,0x75e00973b3c4afe45528ed6022c41ddb712b094b35c9173c99ab94b214591b45,12793515187288212541065844544769848657446724166623137494515554421343216484729,YES,33°C,highest-temperature-in-beijing-on-june-13-2026,3,0,641.49,0,0.0,0.007870083711359492,,,,,False,0
0x7c63520c2ca9b336af0c205b9ccf68217bb393d4,2026-06-13,0xbfe9b486a569494f0ab1744f77eef60f2819ed3a1934f7ba886f0faae5fbf26a,8913211180035210205705635065825768536642467656807736898702065338836740702527,YES,29°C,highest-temperature-in-beijing-on-june-13-2026,11,3,572.13695,27.76,0.048519851759268484,0.06001494222668192,0.19987391930835732,0.1398589770816754,12677,-50316,True,0
0x7c63520c2ca9b336af0c205b9ccf68217bb393d4,2026-06-13,0xff589a1ef1a810706b173b601f8f611528b25c08ff17fb897dad48e5d8ab166c,60497431181596091764046100180149322313426837225543542895474000137013317601496,YES,31°C,highest-temperature-in-beijing-on-june-13-2026,15,0,681.8473710000001,0,0.0,0.02828726459957268,,,,,False,0
0x7c63520c2ca9b336af0c205b9ccf68217bb393d4,2026-06-14,0x15b2c595ed0b02659db22595335afef17708565a8ff88ac855c8fba5363b0dbd,94801573071477203068810872488084376160399196572621227514106365567998184443569,NO,29°C,highest-temperature-in-beijing-on-june-14-2026,18,22,179.516251,179.514116,0.9999881069263193,0.6996745603828368,0.6906726933942064,-0.00900186698863037,68419,-54899,True,0
0x7c63520c2ca9b336af0c205b9ccf68217bb393d4,2026-06-14,0x3b89e9c18715cdf30350102482af1fac30b38a9874c7c9d266da372b6c97a65f,11935300632533425276841022674399139890352632155866595737988969934535923583598,YES,33°C,highest-temperature-in-beijing-on-june-14-2026,3,9,139.0,139.0,1.0,0.017945323741007192,0.0010072661870503597,-0.01693805755395683,160033,156300,False,0
0x7c63520c2ca9b336af0c205b9ccf68217bb393d4,2026-06-14,0x4974defaaae713f46b81ee220334bfbd395725b743492c73482c912ec3daba15,93376619943547383217366558979684658119616113282307219708595111138519431533324,NO,28°C,highest-temperature-in-beijing-on-june-14-2026,10,8,143.943808,78.429877,0.5448645418634472,0.8545474147800787,0.9094492906064355,0.05490187582635686,30321,-73634,True,0
0x7c63520c2ca9b336af0c205b9ccf68217bb393d4,2026-06-14,0x64fd7d35d1ae9f1a4ae0da156480a895fb414a2c46b84d82f8ecaff23d8915d6,65972545175672126584394600667452327756297847662704997374312774533744445768477,YES,32°C,highest-temperature-in-beijing-on-june-14-2026,15,19,441.392564,307.415447,0.696467208722619,0.03073577379069757,0.01769769558782126,-0.013038078202876311,53185,35119,False,0
0x7c63520c2ca9b336af0c205b9ccf68217bb393d4,2026-06-14,0x7a43d47b1c3407e3624199177e5f2c167537d08d697aadf77fb85f7ade7fdf77,4968037327258027521539119699519081758841465201168127791040012535375192199025,YES,31°C,highest-temperature-in-beijing-on-june-14-2026,7,3,261.418244,36.399796,0.1392396928502052,0.13052692680469538,0.163110776774683,0.032583849969987616,53066,3045,False,0
0x7c63520c2ca9b336af0c205b9ccf68217bb393d4,2026-06-14,0xe391b55e15a64bc2377e1db899f0980aa7e505e2db23c721e057dbb3b26390e1,90047152302277059017325111118200582483992367601461427270730320912043661955819,YES,30°C,highest-temperature-in-beijing-on-june-14-2026,18,24,152.433903,152.424646,0.9999392720397641,0.2627133217208248,0.39455224977199554,0.13183892805117076,6499,-77816,True,0
0x7c63520c2ca9b336af0c205b9ccf68217bb393d4,2026-06-15,0x06736a68eeb9cea564a49349d1adc457e50bbe69e57aa9fcd6696258c413b01e,54541188768360754066881038797586624452688644837928634231546640486935154467461,YES,34°C,highest-temperature-in-beijing-on-june-15-2026,14,18,471.29,294.62,0.625135267033037,0.008143754376286363,0.001,-0.007143754376286363,158096,118425,False,0
0x7c63520c2ca9b336af0c205b9ccf68217bb393d4,2026-06-15,0x2f6611a75d5ef71cc5541d3421c1f821e59d76969909b3cbaac0ec5f7be8fc27,107916335795300733294233460139044270120711279103330347225252356667636101307228,NO,29°C,highest-temperature-in-beijing-on-june-15-2026,28,22,148.226266,148.220587,0.9999616869522976,0.7200085307417782,0.6798981237336484,-0.040110407008129734,47004,7887,False,0
0x7c63520c2ca9b336af0c205b9ccf68217bb393d4,2026-06-15,0x7d922aa4c91391bfa020925a2ad5c145ea7a06dc69d6d1edd24e2716d5eee9a3,80455021956265723280810055209449362840371688536023275653418355621289040099640,YES,32°C,highest-temperature-in-beijing-on-june-15-2026,16,0,705.8,0,0.0,0.034417242844998586,,,,,False,0
0x7c63520c2ca9b336af0c205b9ccf68217bb393d4,2026-06-15,0xb60e02f7a919b55e1ce004fee12ee8d7c70631f5fff7b8c54c20646ab9e855d3,42413321203185121742530833155120249121507210892046406559246289626171879163949,YES,33°C,highest-temperature-in-beijing-on-june-15-2026,4,0,764.72,0,0.0,0.014433897374202321,,,,,False,0
0x7c63520c2ca9b336af0c205b9ccf68217bb393d4,2026-06-15,0xda21554de91c766e18a3193c4a41ed166e3407b04f779c82a92667bdcf0c6324,24778969736595355562243787516684805352230818808123552361413344480345064217497,YES,35°C or higher,highest-temperature-in-beijing-on-june-15-2026,4,20,349.0,349.0,1.0,0.005999999999999999,0.001,-0.004999999999999999,123366,123340,False,0
0x7c63520c2ca9b336af0c205b9ccf68217bb393d4,2026-06-15,0xdff662d6faef9eb8920d0c50be150eda326c5ccc31a9b1874f9bb8c9b035d0e7,113417719192542511724671583726295012759450737046371087160621259035992159573036,YES,31°C,highest-temperature-in-beijing-on-june-15-2026,10,5,337.81025,43.299043,0.12817563410228078,0.11004006243149815,0.12368857667362303,0.013648514242124876,114046,10756,False,0
0x7c63520c2ca9b336af0c205b9ccf68217bb393d4,2026-06-15,0xef0f48e35e79eeab30f641771c8a5988fc9886470ca357b61ae29b7d7fd3c91f,10521775040573652131847284096062102382149393780395899539713253590311323047855,NO,30°C,highest-temperature-in-beijing-on-june-15-2026,8,6,41.726107,41.719441,0.999840243902936,0.6970482293016217,0.7559352485092021,0.05888701920758044,75434,10686,False,0
0x7c63520c2ca9b336af0c205b9ccf68217bb393d4,2026-06-15,0xff912fd5c7a520f1a4358452df296133c74bcdddf7ac2a53d7a08afa384adec5,106287768550941782488179440572848421941093713497361300327898699642506519186009,NO,28°C,highest-temperature-in-beijing-on-june-15-2026,8,15,107.32714,105.831076,0.9860607112050129,0.792975961159498,0.8441743519644457,0.0511983908049477,23730,3744,False,0
0x7c63520c2ca9b336af0c205b9ccf68217bb393d4,2026-06-16,0x11f3975cec7e6b249bafb789290f01c16bd7169ceb231c2cd0fb1f930e3fa1eb,113552798546664220694258404115745182609391185268139830014334786812889121649836,YES,23°C,highest-temperature-in-beijing-on-june-16-2026,17,0,491.307272,0,0.0,0.016244215086643376,,,,,False,0
0x7c63520c2ca9b336af0c205b9ccf68217bb393d4,2026-06-16,0x1fea2cf6559f66d22ac2a2ac66e6065f2a56507bf828d720a766dfcd35196010,109357815268989123028477070640094930844933324770029162744522241466990967591020,YES,30°C,highest-temperature-in-beijing-on-june-16-2026,8,0,146.312083,0,0.0,0.051687494600155474,,,,,False,0
0x7c63520c2ca9b336af0c205b9ccf68217bb393d4,2026-06-16,0x22082ab34a50f50952e539c07fabecf5c1e91e695d037476dbb53fc1602aed7c,18336600748988867651008388824914242592615477159900678797181177805814169357295,YES,29°C,highest-temperature-in-beijing-on-june-16-2026,6,8,147.002299,133.914135,0.9109662631874893,0.06020454822954843,0.12761608025919,0.06741153202964156,54337,-24926,True,0
0x7c63520c2ca9b336af0c205b9ccf68217bb393d4,2026-06-16,0x2f9ff2650e33f6d86d566768b75060325961a7e57ec86ca6db1fd8bbb491223c,70366410520402921405225628421766684491740832506152246113667979473099766730060,YES,26°C,highest-temperature-in-beijing-on-june-16-2026,2,1,10.904755999999999,10.9,0.9995638600258457,0.16000000366812428,0.29,0.1299999963318757,50762,50741,False,0
0x7c63520c2ca9b336af0c205b9ccf68217bb393d4,2026-06-16,0x36495d79dfe74d29dc678604132f135947966da9867a8b6e863544796387db74,51832576324768852204104268007332330338310405319140227120879475280795223322638,YES,24°C,highest-temperature-in-beijing-on-june-16-2026,11,2,231.121941,43.87,0.1898132207188412,0.03992844193014111,0.087,0.04707155806985888,152055,64536,False,0
0x7c63520c2ca9b336af0c205b9ccf68217bb393d4,2026-06-16,0x5985f6912f40903e04629d713942db577086ce1b5547bd73b5c615a974b73d42,54050495000302681571956463066922062752916929697972270626269953943633352099648,YES,31°C or higher,highest-temperature-in-beijing-on-june-16-2026,19,0,600.051756,0,0.0,0.02224551443525815,,,,,False,0
0x7c63520c2ca9b336af0c205b9ccf68217bb393d4,2026-06-16,0x76acd01ab977e1b7bdc2caa8fe0a42521f8e0a8d3d1ef66739f4fcf7df2dbbe2,50921203124746166937002808997350153898036418599561584176928309533185095084536,YES,28°C,highest-temperature-in-beijing-on-june-16-2026,4,5,33.654381,33.65,0.9998698237831205,0.11000000267424322,0.1976225854383358,0.08762258276409259,31107,31083,False,0
0x7c63520c2ca9b336af0c205b9ccf68217bb393d4,2026-06-16,0x76acd01ab977e1b7bdc2caa8fe0a42521f8e0a8d3d1ef66739f4fcf7df2dbbe2,9478926473268309712393925935131447905638142075746967314318709109297482061375,NO,28°C,highest-temperature-in-beijing-on-june-16-2026,4,2,27.76857,24.39,0.87833114920934,0.7200000216071624,0.82,0.09999997839283759,92778,82941,False,0
0x7c63520c2ca9b336af0c205b9ccf68217bb393d4,2026-06-16,0xb79d869c707b7e1aa20181e84defdc4d21a305ec1ab56b6c28a5be0d2d1e51ca,103004773307080476634099586294817044820796427503937508676012802655180038186581,YES,25°C,highest-temperature-in-beijing-on-june-16-2026,13,18,223.99184400000001,223.98934,0.9999888210215367,0.09645694063753499,0.18804955628691974,0.09159261564938476,62759,16029,False,0
0x7c63520c2ca9b336af0c205b9ccf68217bb393d4,2026-06-16,0xd222091ca2809d630a36192fc469fd5a65a42e96c4922cd4957f52fc85601ee6,105612891367333954952195179638665483052428735473677071831516572835944005861588,YES,22°C,highest-temperature-in-beijing-on-june-16-2026,6,0,293.101,0,0.0,0.0034845019293690575,,,,,False,0
0x7c63520c2ca9b336af0c205b9ccf68217bb393d4,2026-06-16,0xdaf0ec5b2233864449dd73252ae90ade83262fd705b34b32db8769f17de01c27,110374645291971959435871596737166774381208191956521053229219120195283377096843,NO,27°C,highest-temperature-in-beijing-on-june-16-2026,18,16,177.518677,149.228168,0.8406336196387945,0.6983258555943384,0.7335337588544275,0.03520790326008916,13892,-85237,True,0
0x7c63520c2ca9b336af0c205b9ccf68217bb393d4,2026-06-17,0x2396b698e0214f99f3bb06b1252bceed0d0c69a91df38ac5c1919fcec5a62469,58082015385571080165634341890166335919601750059602441225647700491782237082552,YES,35°C,highest-temperature-in-beijing-on-june-17-2026,1,1,13.9,1.73,0.12446043165467625,0.006,0.008,0.002,19993,19993,False,0
0x7c63520c2ca9b336af0c205b9ccf68217bb393d4,2026-06-17,0x2674270268c7e9ad8c6c698ef332cd67cd2173a09cea7fad187aff6555ef0e59,55204319365489406211859887617003792936655965329121266449104643208971007466701,NO,29°C,highest-temperature-in-beijing-on-june-17-2026,2,1,22.975383,20.42,0.8887773492176387,0.870000034384628,0.9789999999999999,0.10899996561537184,150296,145674,False,0
0x7c63520c2ca9b336af0c205b9ccf68217bb393d4,2026-06-17,0x429592d4e0ef93f5a3bd574cf241450a336459c0de80430f8ae2469b2fcc8086,104135383916858195894000985645013784860772977408927660223317761799501764637917,YES,30°C,highest-temperature-in-beijing-on-june-17-2026,18,17,195.449988,195.441891,0.999958572522399,0.25,0.2271503605130386,-0.022849639486961393,20038,12186,False,0
0x7c63520c2ca9b336af0c205b9ccf68217bb393d4,2026-06-17,0x429592d4e0ef93f5a3bd574cf241450a336459c0de80430f8ae2469b2fcc8086,41122328777604080232533009670120574515210762748104765169708715257114152036207,NO,30°C,highest-temperature-in-beijing-on-june-17-2026,8,6,65.267262,65.26,0.999888734416345,0.8136799732766482,0.8120533251608948,-0.0016266481157534152,110755,32710,False,0
0x7c63520c2ca9b336af0c205b9ccf68217bb393d4,2026-06-17,0x7a3f6af106bbaf48fb2cfebf87a99a3ae43287713ce6261aafa13fb6db711e9c,56340256106518273346205891369733361379741295160224652898000515137915540973040,YES,31°C,highest-temperature-in-beijing-on-june-17-2026,56,23,458.341343,441.238602,0.9626855808204935,0.3250636240335841,0.23093308368337184,-0.09413054035021223,15427,-132304,True,0
0x7c63520c2ca9b336af0c205b9ccf68217bb393d4,2026-06-17,0xbcee009055b9f24e174026e14b5d25e40035d7b8d68eec8caa4e7cb975629798,9685716513841126764915597668166255436712438515050241388258086498989164308702,YES,32°C,highest-temperature-in-beijing-on-june-17-2026,22,27,536.390638,536.38948,0.9999978411256314,0.22700946916974343,0.16688337735482806,-0.06012609181491538,92020,-49408,True,1
0x7c63520c2ca9b336af0c205b9ccf68217bb393d4,2026-06-17,0xbd4986ea6457350686c4ea538e932a39c38702e6f38fa1ddc98cb9648cdc60eb,97161090349635298994225839113344638360536323028885752492161485689211629290233,YES,33°C,highest-temperature-in-beijing-on-june-17-2026,12,12,319.019905,319.013537,0.9999800388630923,0.07195943776611682,0.0708708326693986,-0.0010886050967182231,16314,-43205,True,0
0x7c63520c2ca9b336af0c205b9ccf68217bb393d4,2026-06-17,0xca4a00d5fbf520e8d2f558ed4561ea841d4b2a80356c4ca7e3f01f89e3a39e5b,81868949313035256580909681749949451156917236494406966886463114170537083325701,YES,36°C,highest-temperature-in-beijing-on-june-17-2026,11,2,895.798498,9.11,0.010169697783976413,0.0026563786446536326,0.001,-0.0016563786446536326,85954,77743,False,0
0x7c63520c2ca9b336af0c205b9ccf68217bb393d4,2026-06-18,0x3ec5383936ae9318089f9510958af9125a2c2ac71e2f38f9bc51d2c9024a2ae0,46611414230778506296371052456887573599244135283724850420573511818847568605954,YES,31°C,highest-temperature-in-beijing-on-june-18-2026,14,17,166.987633,140.134806,0.8391927203375594,0.3061109261905641,0.24938913463083542,-0.0567217915597287,24708,-36216,True,0
0x7c63520c2ca9b336af0c205b9ccf68217bb393d4,2026-06-18,0x4d523b6eb83761d9a99e7c5884621fd1617e9e791ba23bb20b707e288f7fd2c4,78544472022166259931660355202969886498243080545484902768353261434698631817619,YES,35°C,highest-temperature-in-beijing-on-june-18-2026,2,2,6.39,6.39,1.0,0.005,0.001,-0.004,171864,171862,False,0
0x7c63520c2ca9b336af0c205b9ccf68217bb393d4,2026-06-18,0x68e8c1a3af74a16605b0c5bfa957f53c4c9ec89bd1866ab102248c92d73b8b95,89890180973915027751262623432791483987024051768664974890185729241708455897671,YES,36°C or higher,highest-temperature-in-beijing-on-june-18-2026,5,4,107.67,23.71,0.22020990062227175,0.0032321909538404387,0.001,-0.0022321909538404387,175915,166912,False,0
0x7c63520c2ca9b336af0c205b9ccf68217bb393d4,2026-06-18,0x7cb96347332e0b019c53d74d805379e11d0f3a460643e5f7ef651a0b92990502,2859133610697076373343448335511372996379448145878712313932570331530126803234,YES,32°C,highest-temperature-in-beijing-on-june-18-2026,13,12,199.16294,199.156488,0.9999676044147571,0.1911226205035937,0.15985970790969162,-0.03126291259390207,18030,-80515,True,0
0x7c63520c2ca9b336af0c205b9ccf68217bb393d4,2026-06-18,0xa40a2270855e5d6548cd26c31b17028a0a837abfb1510b94079f2a2b1a0cb63b,86293799105318169614159239513648226524185127151945332871974911093571607748277,YES,34°C,highest-temperature-in-beijing-on-june-18-2026,1,0,186.31,0,0.0,0.010931673018088133,,,,,False,0
0x7c63520c2ca9b336af0c205b9ccf68217bb393d4,2026-06-18,0xa87dec697ae7a8812a8c022941abac8feff7997f2c90036732384bbc37142a4c,101527561514526551984305956769412483266706777465564538720904829617979274275188,NO,30°C,highest-temperature-in-beijing-on-june-18-2026,5,3,61.1,33.340511,0.5456712111292962,0.6702291325695581,0.7870304687291686,0.11680133615961052,28558,19396,False,0
0x7c63520c2ca9b336af0c205b9ccf68217bb393d4,2026-06-18,0xa87dec697ae7a8812a8c022941abac8feff7997f2c90036732384bbc37142a4c,25524463927614403422387454148941610961208664350113252258962696722689817735562,YES,30°C,highest-temperature-in-beijing-on-june-18-2026,15,20,249.28,249.277378,0.999989481707317,0.1934499358151476,0.13839161129173944,-0.05505832452340817,23315,-113525,True,0
0x7c63520c2ca9b336af0c205b9ccf68217bb393d4,2026-06-18,0xfbb660bb1a20c70fcd677c17db30072d6a857194d3b5511732c06c3bea01e9e2,6781999216928089693744546117541275525469322491029990371039503074896140931150,YES,26°C or below,highest-temperature-in-beijing-on-june-18-2026,3,3,130.0,130.0,1.0,0.003,0.001,-0.002,157277,154481,False,0
0x7c63520c2ca9b336af0c205b9ccf68217bb393d4,2026-06-19,0x082ffe66444f0608d9c1598bbc8100557bbcd260bd19dd0569c6a8d03d0da0a8,94142740308922563062610643487975546154601588638750675877912787417104386844646,YES,34°C,highest-temperature-in-beijing-on-june-19-2026,1,0,350.0,0,0.0,0.0041992,,,,,False,0
0x7c63520c2ca9b336af0c205b9ccf68217bb393d4,2026-06-19,0x1aab4cc8f83d683e745c91cb24d1f130f75dc5fd9333e1ffc83c7bfe6ff08076,36626308905413458788055717347863375594172187619079526193123664315673235276076,YES,35°C,highest-temperature-in-beijing-on-june-19-2026,1,0,2120.0,0,0.0,0.0010499481132075473,,,,,False,0
0x7c63520c2ca9b336af0c205b9ccf68217bb393d4,2026-06-19,0x3ed08854d4dfd0eeb1ee6fa0f25911a68023872b6c3de3bc59d02073f570338b,1041018707345113942749187213962848363031996233149281204293044379572047548831,YES,28°C,highest-temperature-in-beijing-on-june-19-2026,8,7,68.374563,41.53,0.6073896223658498,0.19563221193823208,0.2678714182518661,0.07223920631363404,6830,2151,False,1
0x7c63520c2ca9b336af0c205b9ccf68217bb393d4,2026-06-19,0x3ed08854d4dfd0eeb1ee6fa0f25911a68023872b6c3de3bc59d02073f570338b,26557109014925254714690003253102548520564085573021184940362258709966815334944,NO,28°C,highest-temperature-in-beijing-on-june-19-2026,5,10,55.54,55.536102,0.9999298163485776,0.72,0.793078671599962,0.07307867159996206,37260,33231,False,0
0x7c63520c2ca9b336af0c205b9ccf68217bb393d4,2026-06-19,0x4f4b6ca76974a6c8f8996b63567241405d51ca19863c5c324fbe5e946145d464,96202006935013058314579457436391300686158656985883017839089436453420867408151,YES,26°C or below,highest-temperature-in-beijing-on-june-19-2026,2,3,82.36000000000001,82.36,0.9999999999999998,0.2172393152015541,0.1544572608062166,-0.06278205439533749,496,-6708,True,1
0x7c63520c2ca9b336af0c205b9ccf68217bb393d4,2026-06-19,0x595b34433a28733531d36f39d3e17fd30d849363ec6b4d30361906eae49430f5,72511636591469531394918540697575064574853498904735107872940060972138926702701,NO,29°C,highest-temperature-in-beijing-on-june-19-2026,4,5,58.82,58.82,1.0,0.6799999999999999,0.7340445426725605,0.054044542672560536,3423,1245,False,0
0x7c63520c2ca9b336af0c205b9ccf68217bb393d4,2026-06-19,0x5c750e97addd5950d8ae1be80fde2dd4941b8e9210290266a389f7a233fa8581,17799397649763429415920735460454117656462065265946428832383037787702211012553,YES,33°C,highest-temperature-in-beijing-on-june-19-2026,4,0,663.65,0,0.0,0.008987448203119114,,,,,False,0
0x7c63520c2ca9b336af0c205b9ccf68217bb393d4,2026-06-19,0x92061a36b072e9c5acf0a38c1ce69e88fa8bd36546ce282be7d62b3407bb392b,114104675886985031701221678953121969386491353776273571709806997605322446051595,YES,31°C,highest-temperature-in-beijing-on-june-19-2026,2,0,458.0,0,0.0,0.015548668122270742,,,,,False,0
0x7c63520c2ca9b336af0c205b9ccf68217bb393d4,2026-06-19,0x9f6a6a6e088ba040ac5cd82c14e704d8021de7eb5fa12b239e9a5f8a5807dc73,88897737303496188686295115082365444533640299074355785522431531577352897561814,YES,32°C,highest-temperature-in-beijing-on-june-19-2026,5,0,761.47,0,0.0,0.01994685279787779,,,,,False,0
0x7c63520c2ca9b336af0c205b9ccf68217bb393d4,2026-06-19,0xc939814136b89674a11230599c7b294c9b116105c42adb4cab475817a5c56b19,99469519679942404722998834283537320106937852025553112166525779849142251920721,NO,27°C,highest-temperature-in-beijing-on-june-19-2026,7,11,77.59944899999999,77.591665,0.999899690009397,0.6773263428713264,0.5612600142038452,-0.11606632866748123,20110,-20292,True,0
0x7c63520c2ca9b336af0c205b9ccf68217bb393d4,2026-06-19,0xf4a59a9e696393c1ae3502cf36685fc759e28c6d8608d7051a4cbd5f09909710,15408647450415590206972847653616956051719669732278727353861210179190786729636,YES,36°C or higher,highest-temperature-in-beijing-on-june-19-2026,1,0,1144.03,0,0.0,0.0010499462426684617,,,,,False,0
0x7c63520c2ca9b336af0c205b9ccf68217bb393d4,2026-06-20,0x182eefe3e5fea243aefc95d1111602ce3db301dc13ae5fafae7922377ffa8724,15915223711345072656453328344333508606622466279950451115916437627324870555113,YES,32°C,highest-temperature-in-beijing-on-june-20-2026,3,0,236.86,0,0.0,0.015271299501815418,,,,,False,0
0x7c63520c2ca9b336af0c205b9ccf68217bb393d4,2026-06-20,0x5d5c26e5f309fb4d8de03e96968d2d0a2a0a5a56a5b5682c8af44327173199c7,90023325962071527301988571895773322523969548165741967754529457509997488974287,NO,28°C,highest-temperature-in-beijing-on-june-20-2026,17,10,70.80317600000001,58.980000000000004,0.8330134795083203,0.741448067244893,0.7999118345201762,0.05846376727528324,7698,-56794,True,0
0x7c63520c2ca9b336af0c205b9ccf68217bb393d4,2026-06-20,0x6538485dd3797f2caee56a6a633b8a69a6893f41ec98f57e824c91d62f596353,39139504571640742767958361650246155289786870717244691585617974856109123894471,YES,30°C,highest-temperature-in-beijing-on-june-20-2026,9,10,137.465819,137.446919,0.9998625112763486,0.22507938500697397,0.1597263595264729,-0.06535302548050106,19872,-86860,True,0
0x7c63520c2ca9b336af0c205b9ccf68217bb393d4,2026-06-20,0x70043a7d82527b3bd7f1606fd631fd2f356c37c9eed698f26154bf3e5986287e,111740265165226848018011252297981118602694117340383953669750358169828558379412,YES,33°C,highest-temperature-in-beijing-on-june-20-2026,1,0,519.85,0,0.0,0.012359353659709532,,,,,False,0
0x7c63520c2ca9b336af0c205b9ccf68217bb393d4,2026-06-20,0x776909e342556062dc02303e1a2121b13ab696fae86fe109b7d06f96f23a0265,56998433929058200118540923646823273538756446433706763737727182921150154275947,NO,29°C,highest-temperature-in-beijing-on-june-20-2026,2,5,33.75,33.75,1.0,0.6271733333333332,0.7471703703703704,0.11999703703703712,115563,30354,False,0
0x7c63520c2ca9b336af0c205b9ccf68217bb393d4,2026-06-21,0x29f48b4b48ec987674fe51956bf14584f0c9cb7a661e8f3ffb048d5606270c9a,102046180271021947778182483062819396596010372723020636502637200816799712877962,YES,31°C,highest-temperature-in-beijing-on-june-21-2026,5,7,95.84,95.832606,0.9999228505843071,0.18256886477462436,0.5000051548217316,0.3174362900471072,10077,3997,False,0
0x7c63520c2ca9b336af0c205b9ccf68217bb393d4,2026-06-21,0x3e15468b5616da0677a057face35c0330d83de9bdc4ccc515c8eff6b27800560,9352691211619271032966086744574472737209717926851707668011698365862284742400,YES,32°C,highest-temperature-in-beijing-on-june-21-2026,3,0,573.37,0,0.0,0.019403247466731777,,,,,False,0
0x7c63520c2ca9b336af0c205b9ccf68217bb393d4,2026-06-21,0x5fe9928d8bc17e3beaba55110c1e41965aef7c29dfcbb453fd9785895b789fb2,82848061745733211808054759965185623665619600017349165739484840965281715477027,YES,30°C,highest-temperature-in-beijing-on-june-21-2026,13,2,54.668884999999996,14.260000000000002,0.26084307371551485,0.2717759471406816,0.27429873772791025,0.0025227905872286516,73102,14373,False,0
0x7c63520c2ca9b336af0c205b9ccf68217bb393d4,2026-06-21,0x8592ec1c356466671bc6e1d4ab23bce0821903ec36a5d65b8432b34c701e0a92,68196116234306173024152814071406302071948720199108071197142009787990046415730,NO,29°C,highest-temperature-in-beijing-on-june-21-2026,9,14,74.893027,74.891859,0.9999844044225905,0.6322234778946777,0.8275318416117832,0.19530836371710547,48195,4218,False,0
0x7c63520c2ca9b336af0c205b9ccf68217bb393d4,2026-06-22,0x1b77ed72769b8cc55de0c85c442fba4aed53caa8d9a9dd4344705646b199d7f0,104623581975623117850634061246653448620110177693649098429052328150610844988166,NO,32°C,highest-temperature-in-beijing-on-june-22-2026,7,10,45.994635,45.992902,0.9999623216925191,0.5905675303217429,0.6544422658957245,0.0638747355739816,5961,-29505,True,1
0x7c63520c2ca9b336af0c205b9ccf68217bb393d4,2026-06-22,0x1b77ed72769b8cc55de0c85c442fba4aed53caa8d9a9dd4344705646b199d7f0,84353845341146211262018739096449294723329793640340107689678291519223653581753,YES,32°C,highest-temperature-in-beijing-on-june-22-2026,3,11,90.50999999999999,90.504034,0.9999340846315325,0.23177328471992045,0.2310195145555611,-0.0007537701643593464,39167,14925,False,0
0x7c63520c2ca9b336af0c205b9ccf68217bb393d4,2026-06-22,0x873cd67c34d896710969a6b6597025a924e9dd918e6eefc6adadeeeb57a90858,65110151393611586768862642835941937220687228803866693557999740698723562250151,YES,34°C,highest-temperature-in-beijing-on-june-22-2026,6,0,519.99,0,0.0,0.024822573511029056,,,,,False,0
0x7c63520c2ca9b336af0c205b9ccf68217bb393d4,2026-06-22,0x8a3525cd5141253b2616fff4a7611b113db2ae22b0fa1323cacec5e3a6593653,70963141440546310188215745655278322658807282227775180989683990398622197864266,YES,33°C,highest-temperature-in-beijing-on-june-22-2026,3,1,19.07494,15.25,0.7994782683457982,0.17196358153682265,0.151,-0.02096358153682265,1015,-13667,True,0
0x7c63520c2ca9b336af0c205b9ccf68217bb393d4,2026-06-22,0xa27a1e1193234a91dddbbafe81ab6a2cf6f8ce1af472ca1dbb5a31a4a93087e8,115773621955410399945386374442179458250028540869734611298135741639203144067761,NO,30°C,highest-temperature-in-beijing-on-june-22-2026,3,8,67.71,67.71000000000001,1.0000000000000002,0.8026155663860582,0.943532417663565,0.14091685127750675,13656,10635,False,0
0x7c63520c2ca9b336af0c205b9ccf68217bb393d4,2026-06-22,0xfe0e7b9a0f831b00b39b3266f13e74730c3fe3a0e7d8011eacd18f9c0dbae23a,111447126388552573840349062916147644768076583895979235240182575901307794912712,NO,31°C,highest-temperature-in-beijing-on-june-22-2026,18,7,88.882696,33.126469,0.3726987421713671,0.6484794295618577,0.6938982238040523,0.04541879424219464,33500,-48879,True,1
0x7c63520c2ca9b336af0c205b9ccf68217bb393d4,2026-06-23,0x47bc5451ef508d4ae548cfba1c6dc12d534fa3547f43721c3fa84cf2f6032a2e,39449385167065925729424275763285396108719293926146713440123919136230649381940,YES,32°C,highest-temperature-in-beijing-on-june-23-2026,2,0,384.61,0,0.0,0.027919008866124126,,,,,False,0
0x7c63520c2ca9b336af0c205b9ccf68217bb393d4,2026-06-23,0x94a221ac2e7d93504bd0f94281fb25a2cbad35b1a024da0fe84d21a5aa1b642f,64817659970596685685418336069091408919974242272608089332046395252851818772500,YES,26°C or below,highest-temperature-in-beijing-on-june-23-2026,6,0,350.4,0,0.0,0.021586187214611877,,,,,False,0
0x7c63520c2ca9b336af0c205b9ccf68217bb393d4,2026-06-23,0x96566c824cdab8459c8e642f47b0d9e4e14f95b467c1cf7f3a61724b8bf8cd57,29184975077756566569914598150559394349459723738136072976803931563167255927859,YES,27°C,highest-temperature-in-beijing-on-june-23-2026,11,4,109.176929,109.167366,0.9999124082341609,0.06546290562908212,0.07642593483477471,0.010963029205692587,29949,-6510,True,0
0x7c63520c2ca9b336af0c205b9ccf68217bb393d4,2026-06-23,0xa4b07d1006db35f88a1d6a5bcaafd97a05ce8be67c7d1dde393fa43614a4b433,110617789731733014939108713396275859509099466806185742989037938749075540523601,YES,33°C,highest-temperature-in-beijing-on-june-23-2026,1,0,80.14,0,0.0,0.012160843523833292,,,,,False,0
0x7c63520c2ca9b336af0c205b9ccf68217bb393d4,2026-06-23,0xaab17c7a1c23d89d14a008b98147f0066da82c8331aacac67ab7f21cd055ff47,9141840255958173343116593294089168175339790111449062323566757868794430921671,NO,30°C,highest-temperature-in-beijing-on-june-23-2026,2,8,55.18,55.176755,0.9999411924610366,0.7200289960130483,0.7495148636414012,0.029485867628352924,13529,11819,False,0
0x7c63520c2ca9b336af0c205b9ccf68217bb393d4,2026-06-23,0xd543cbba4951769091e2bff333c0ae5955a4c29a27d9f642d553e3c055f8ce42,86271957324148664092606609641121481635508602286594987490333793068409111168986,NO,29°C,highest-temperature-in-beijing-on-june-23-2026,3,10,62.54,62.54,1.0,0.7074912056283978,0.7335785097537576,0.026087304125359756,36522,24844,False,0
0x7c63520c2ca9b336af0c205b9ccf68217bb393d4,2026-06-24,0x12242a98886a0aa8c5514c499bddfe69e383fe91844fb83c5defa6209c6baf60,17522840185897641336643228113352226328305155302775230896171174590090907549420,YES,33°C,highest-temperature-in-beijing-on-june-24-2026,15,4,213.990804,213.98092300000002,0.9999538251185786,0.12730641920481778,0.0376583944354703,-0.08964802476934747,85593,33558,False,0
0x7c63520c2ca9b336af0c205b9ccf68217bb393d4,2026-06-24,0x39697ec2b5df78c1bb3cb7fbd66b5040af4a5eeea75c1a62ac98269405bac924,51550351078565047033820521302938845586982010183112226465482367956272557410425,YES,27°C or below,highest-temperature-in-beijing-on-june-24-2026,9,2,83.0,83.0,1.0,0.015042891566265062,0.027648192771084337,0.012605301204819275,19389,11219,False,0
0x7c63520c2ca9b336af0c205b9ccf68217bb393d4,2026-06-24,0x4a384ac48235973c088ec560dcc095383efb17048eabbe42b249b9958b7dae00,59233424400488000199180957635518561489086765531100120167065347754083108503765,NO,30°C,highest-temperature-in-beijing-on-june-24-2026,9,18,113.068215,113.060838,0.9999347562000516,0.733069129993783,0.6601940541074002,-0.07287507588638287,85128,20349,False,0
0x7c63520c2ca9b336af0c205b9ccf68217bb393d4,2026-06-24,0x4aebdcf958aebf03cf271a0d03b4fe7c91ec71b377f4e202d31661ad96021275,93728228223828532285080156250372142269080748555231072564513932083310712692494,NO,29°C,highest-temperature-in-beijing-on-june-24-2026,5,13,93.02666500000001,93.025649,0.9999890784002629,0.7900000069872439,0.7024546208755823,-0.08754538611166163,13392,13008,False,0
0x7c63520c2ca9b336af0c205b9ccf68217bb393d4,2026-06-24,0x7f0ed089fc2a649f5bfe9d0ab19140bbbf5981574619bdcb9c2bb3056e058ae0,103549160136814099239422823912548086672372849837169645781991228581722234393038,YES,34°C,highest-temperature-in-beijing-on-june-24-2026,3,0,518.1600000000001,0,0.0,0.01377821522309711,,,,,False,0
0x7c63520c2ca9b336af0c205b9ccf68217bb393d4,2026-06-24,0xaea4b2db105d84864a15fc91327f254a501c5fb2c13e1fe629e09e23bcf2e0fb,25281441373891362670975838170590095478873651916792558247568163672465727006475,YES,32°C,highest-temperature-in-beijing-on-june-24-2026,15,20,407.893918,407.881265,0.9999689796796627,0.1787595249213792,0.08239652046778859,-0.09636300445359061,41439,-66606,True,1
0x7c63520c2ca9b336af0c205b9ccf68217bb393d4,2026-06-24,0xf68b529e5fbffb3646f3c4e76b95b9a4e1fb347e1ffb7c5e832e4a69edcd2b94,10364422476149893977448622476542347555132871331004606515359031485212981061419,NO,31°C,highest-temperature-in-beijing-on-june-24-2026,1,3,30.48,30.479314000000002,0.9999774934383203,0.67,0.7299999927819897,0.05999999278198964,39417,39417,False,0
0x7c63520c2ca9b336af0c205b9ccf68217bb393d4,2026-06-24,0xf68b529e5fbffb3646f3c4e76b95b9a4e1fb347e1ffb7c5e832e4a69edcd2b94,11718975900630465715072928133744572107352384949572512111198282326222165024761,YES,31°C,highest-temperature-in-beijing-on-june-24-2026,29,19,344.244376,344.234757,0.9999720576408198,0.21870185033901615,0.16529503730502149,-0.053406813033994666,22455,-56029,True,0
0x7c63520c2ca9b336af0c205b9ccf68217bb393d4,2026-06-24,0xfd22f54eb5d8699404a66e25bcf284bd2e46ecd41a64e9e72ab718df933d0f47,40588848015408670461209001808416979233735966653179863630365076731105461152272,YES,28°C,highest-temperature-in-beijing-on-june-24-2026,11,9,113.288725,113.284329,0.9999611964915308,0.08863656114057246,0.10855966671259536,0.019923105572022898,7701,-7971,True,1
0x7c63520c2ca9b336af0c205b9ccf68217bb393d4,2026-06-25,0x0e424536cd4068ce07c92daebaf9d4b7ffc4731c10d774467ca73820e3ae0a4f,20038981788825209791961636892651941246989971703849643816146887886934676409026,NO,31°C,highest-temperature-in-beijing-on-june-25-2026,11,11,112.524969,112.516665,0.9999262030456547,0.6854707598275366,0.6247909942940452,-0.060679765533491414,133884,29398,False,0
0x7c63520c2ca9b336af0c205b9ccf68217bb393d4,2026-06-25,0x50ef793a30a86b3c8da375ecc84574c2b5e4138d54154651356ede44822203d4,71593365084851301084141402657110990223995017306898071946016596441137489130352,YES,35°C,highest-temperature-in-beijing-on-june-25-2026,8,2,294.83,118.50999999999999,0.40196045178577483,0.024951395719567213,0.03600000000000001,0.011048604280432799,4986,-77660,True,1
0x7c63520c2ca9b336af0c205b9ccf68217bb393d4,2026-06-25,0x8543dd1f418ffce7e7c9bf5d9d5aec30e1380ba44b690d986262ff8e7b6d3cf4,13000624729863730801166381195482613092971882528648268886212302973393568151003,YES,33°C,highest-temperature-in-beijing-on-june-25-2026,23,23,272.880452,249.416449,0.9140136172157909,0.2671073118861588,0.20683075317137564,-0.060276558714783185,24456,-37660,True,0
0x7c63520c2ca9b336af0c205b9ccf68217bb393d4,2026-06-25,0x9c597a9862bf9635a86a2379319d1af2bd66c1007959e931b62438b8162c33f7,68473945240711230733276018128253185397901122848553194086203781536195971007149,NO,32°C,highest-temperature-in-beijing-on-june-25-2026,20,33,184.013332,183.99051500000002,0.9998760035495691,0.6271324569026336,0.6271398881621697,7.431259536061496e-06,39873,-69948,True,0
0x7c63520c2ca9b336af0c205b9ccf68217bb393d4,2026-06-25,0xc16bf4c0fc1cd33a7e99ecfe52b1ce59832d05159e1d830da508931cdeca24ed,31040679987023912550868129281276681408914436128023641394411700918613893720133,YES,30°C,highest-temperature-in-beijing-on-june-25-2026,2,8,112.85,112.846664,0.9999704386353567,0.05177226406734604,0.09145505621681471,0.039682792149468675,3864,3801,False,0
0x7c63520c2ca9b336af0c205b9ccf68217bb393d4,2026-06-25,0xea19508457ad28d401d6495f4d6b723bc13ffe1d97aa7f474e74e6437b8668f0,8409477226974814966483497250682658097040355349477007380573303169236969488146,YES,34°C,highest-temperature-in-beijing-on-june-25-2026,7,2,253.927815,66.96000000000001,0.2636969880593822,0.10719312494379554,0.10020609318996414,-0.006987031753831405,37884,-7853,True,0
0x7c63520c2ca9b336af0c205b9ccf68217bb393d4,2026-06-26,0x2739f9b504a6830cc4c135d665c299373f055d82d08562b32dc361755b93a22e,72827222896731560750180909249217791158966151184026252289242202608861465216137,NO,32°C,highest-temperature-in-beijing-on-june-26-2026,1,2,8.363635,8.36,0.9995653803639206,0.7800000836956658,0.9840000000000001,0.20399991630433434,97092,97092,False,0
0x7c63520c2ca9b336af0c205b9ccf68217bb393d4,2026-06-26,0x4ee0f00d2d28fddab08692f29615a5fdd85d9c2c3502312f90c221570e786b38,53739068914828904428402276881146403295430766814908764047024571565715281790411,YES,33°C,highest-temperature-in-beijing-on-june-26-2026,3,3,153.20000000000002,153.20000000000002,1.0,0.7939303524804177,0.7951077023498693,0.001177349869451616,60,60,False,1
0x7c63520c2ca9b336af0c205b9ccf68217bb393d4,2026-06-26,0x4ee0f00d2d28fddab08692f29615a5fdd85d9c2c3502312f90c221570e786b38,71942423259471552661339474654428762010428754333350167654171399002063191019140,NO,33°C,highest-temperature-in-beijing-on-june-26-2026,5,3,108.08,108.08,1.0,0.717779422649889,0.9649574389341228,0.24717801628423375,97712,78089,False,0
0x7c63520c2ca9b336af0c205b9ccf68217bb393d4,2026-06-26,0x74b53ff08d1ea1798577815243d8b5661874d1393fee933994dc59a0e94d1783,48240484012774334087684415198975158462572743225366532280550041556940196784385,YES,36°C,highest-temperature-in-beijing-on-june-26-2026,9,0,141.8,0,0.0,0.025001692524682647,,,,,False,0
0x7c63520c2ca9b336af0c205b9ccf68217bb393d4,2026-06-26,0x75d5fefcf62523f028fd864c8202f068b0f1380daf6a2ca8d128c6a1317a4b1b,17669823622989889186062253385534535677172566528713180896556824944656035832439,YES,34°C,highest-temperature-in-beijing-on-june-26-2026,15,15,170.81,170.804024,0.9999650137579766,0.2867097945085182,0.3268347647359877,0.040124970227469525,73086,-60981,True,0
0x7c63520c2ca9b336af0c205b9ccf68217bb393d4,2026-06-26,0xaa4f350679e73d2ea4abd41b90ba8aa4c141980f50cdb44f8489af3262e0228b,46110731914379552483531906687679219223076440442306276826585807068860462913649,YES,37°C,highest-temperature-in-beijing-on-june-26-2026,9,0,183.87,0,0.0,0.011804427040844074,,,,,False,0
0x7c63520c2ca9b336af0c205b9ccf68217bb393d4,2026-06-26,0xbfc4c1a5050d116796fc04fa494ddde97aa572cb806b3f79fdc74a8e9d74a754,12619498893272534102249511598676177513714012284495610455274398824118369854383,YES,35°C,highest-temperature-in-beijing-on-june-26-2026,25,17,457.812232,236.710517,0.517047165747201,0.14736357677747677,0.18708164960832727,0.03971807283085049,125413,-27959,True,0
0x7c63520c2ca9b336af0c205b9ccf68217bb393d4,2026-06-27,0x1528838f16217a0976609f9e9f760052b3a02a0f4c8a3cc5271d1d68020484ed,9777710985729379162507054260728696013905516830925267245367258168886754034437,YES,38°C,highest-temperature-in-beijing-on-june-27-2026,1,0,81.529842,0,0.0,0.019000000024530894,,,,,False,0
0x7c63520c2ca9b336af0c205b9ccf68217bb393d4,2026-06-27,0x43c858848a6b978bd3c9852d00ae8d29a220eddf29e4963ab85316202f625e02,84865878552829819730454814370378207066802402481312405313516565468441562654763,NO,33°C,highest-temperature-in-beijing-on-june-27-2026,6,4,85.0,85.0,1.0,0.8,0.9939199999999999,0.19391999999999987,69520,57673,False,0
0x7c63520c2ca9b336af0c205b9ccf68217bb393d4,2026-06-27,0x764685b7a82b172d7acdd4c325fc4ebf6cf9f164be713f51544c2509159155d0,109125465438927441818520823143559546200193044792230900449250171468485376935999,NO,34°C,highest-temperature-in-beijing-on-june-27-2026,10,11,109.692588,109.686665,0.9999460036442936,0.7245165097207844,0.8790238813441907,0.15450737162340633,56754,22781,False,0
0x7c63520c2ca9b336af0c205b9ccf68217bb393d4,2026-06-27,0x80c59c73ed2c1b668bcc14e7fb3922412ed9f896b696545c95a30f161ba7f85d,26214124781656569812384539593532145050358733222260223591683741696289134725959,YES,37°C,highest-temperature-in-beijing-on-june-27-2026,8,0,240.284301,0,0.0,0.056293265701116285,,,,,False,0
0x7c63520c2ca9b336af0c205b9ccf68217bb393d4,2026-06-27,0x83a20b68c4a7a48f68babcf60a2205bcfbe020833c2f8de0a4a10c8770d55b22,45011205721451044635616272904990253504846651750815209776234228372366699661251,NO,35°C,highest-temperature-in-beijing-on-june-27-2026,11,14,161.50318000000001,161.496125,0.9999563166496164,0.6371501849065758,0.6020918272806854,-0.03505835762589038,50117,-11649,True,1
0x7c63520c2ca9b336af0c205b9ccf68217bb393d4,2026-06-27,0x85b2b08582ee3c3dfc0d79ff7440b10342250db82e0914512e110314cac6c2d2,45031328141914270498944949292051097339954748633947688508515194482523063320476,YES,36°C,highest-temperature-in-beijing-on-june-27-2026,26,22,426.272774,318.774703,0.7478185857584232,0.1668766769514583,0.23091038688851043,0.06403370993705212,105999,-48166,True,2
0x7c63520c2ca9b336af0c205b9ccf68217bb393d4,2026-06-28,0x10e3b1b0e1e062e29b0eec16568d3c8b3f21f465c0f96e588ee280b35c35264f,43293199251797360437328165210268099210815959800091984684253133844021944914859,YES,27°C or below,highest-temperature-in-beijing-on-june-28-2026,32,0,1029.679365,0,0.0,0.010541290200566465,,,,,False,0
0x7c63520c2ca9b336af0c205b9ccf68217bb393d4,2026-06-28,0x5002d8d565152bfe719ffb184ad91d341244b0285d2b09a60ca9b2c17925e66d,76708666379256474338499079274134822408460449409732114893542239972860571257117,YES,33°C,highest-temperature-in-beijing-on-june-28-2026,7,3,55.32777,55.32,0.9998595641935325,0.09574354795069456,0.14763195950831526,0.051888411557620695,17835,2925,False,0
0x7c63520c2ca9b336af0c205b9ccf68217bb393d4,2026-06-28,0x64872869b0f9803cae74fb7f6fde10c9492a4ac42db5f4127ab23c647b2ff852,7695743497062951893993229113326922631043714064076472518544675289642540773179,NO,32°C,highest-temperature-in-beijing-on-june-28-2026,8,5,117.697141,117.69,0.9999393273282653,0.6782487775127859,0.8240504715778741,0.14580169406508825,80217,-29187,True,0
0x7c63520c2ca9b336af0c205b9ccf68217bb393d4,2026-06-28,0xa289110c77ba2c374c97aba0be50e673ce6a9b8999b782d50eb4734fae9bff05,31981304089168379291121302205733187643582935393994115799574360734055295603212,YES,28°C,highest-temperature-in-beijing-on-june-28-2026,55,0,2153.114318,0,0.0,0.008211209155128567,,,,,False,0
0x7c63520c2ca9b336af0c205b9ccf68217bb393d4,2026-06-28,0xa4c9ae595ad5f8d2ccdd84b8b0223444ac8c90779c52f68ddd0fc05512d25dd4,29329967117099186641146629857598389051658525818997797200333106882046437235416,YES,30°C,highest-temperature-in-beijing-on-june-28-2026,1,0,5.66,0,0.0,0.09,,,,,False,0
0x7c63520c2ca9b336af0c205b9ccf68217bb393d4,2026-06-28,0xa673ee0a485586047b17910bb45a2595bbcd9c602c0e95368efde1f586b6386a,67040241802729940583850342824801355535577574283930360181232337922019715149581,YES,36°C,highest-temperature-in-beijing-on-june-28-2026,2,0,38.266333,0,0.0,0.006000000052265264,,,,,False,0
0x7c63520c2ca9b336af0c205b9ccf68217bb393d4,2026-06-28,0xb42b3d88731ea9f680fcb137d2901fd286848170591af7279435365b2839017b,68422868500693637488402320531584677206861901749573990536350395279982069291856,NO,31°C,highest-temperature-in-beijing-on-june-28-2026,13,12,166.821721,166.818822,0.9999826221670499,0.7007308778453377,0.8454501495041129,0.14471927165877518,88003,-52809,True,1
0x7c63520c2ca9b336af0c205b9ccf68217bb393d4,2026-06-28,0xb42b3d88731ea9f680fcb137d2901fd286848170591af7279435365b2839017b,94480682996655368230265185641570103471625082401500999697645795648160796924436,YES,31°C,highest-temperature-in-beijing-on-june-28-2026,2,1,28.0,28.0,1.0,0.13,0.13,0.0,3431,3431,False,0
0x7c63520c2ca9b336af0c205b9ccf68217bb393d4,2026-06-28,0xba3a70a96f0b8a654d8dffa4add8efaeb52b360722fb8799943da6d4bf28e784,73520135873025281741665055044979131559280293099202385840841939229787191467896,YES,34°C,highest-temperature-in-beijing-on-june-28-2026,10,0,148.12462100000002,0,0.0,0.021564612138315613,,,,,False,0
0x7c63520c2ca9b336af0c205b9ccf68217bb393d4,2026-06-28,0xed1f63c2a297098fa9da5a9105ff2166f602b3c53a4498a53d107065c711bc6a,79937635628008629020287795311560239083684302809526732772172581452018009580245,YES,29°C,highest-temperature-in-beijing-on-june-28-2026,6,0,349.994697,0,0.0,0.055110580718313,,,,,False,0
0x7c63520c2ca9b336af0c205b9ccf68217bb393d4,2026-06-28,0xf9952cec7cc3e90cf203070b0843469e860db57df1c7ad1c816de3089dd94aeb,11992227012042487761934079605302479062020809322296514242724634681118992898346,YES,35°C,highest-temperature-in-beijing-on-june-28-2026,3,0,462.37,0,0.0,0.04903624802647231,,,,,False,0
0x7c63520c2ca9b336af0c205b9ccf68217bb393d4,2026-06-29,0x2d480c876f8a0bd9f16ef95a46237c8655d430fe403fc83e972f6067d6a980cc,35781576126055860857538030002597806500238898817237104395853217012764577108379,YES,32°C,highest-temperature-in-beijing-on-june-29-2026,58,0,1842.932153,0,0.0,0.01192189195040866,,,,,False,0
0x7c63520c2ca9b336af0c205b9ccf68217bb393d4,2026-06-29,0x364584628f27f83e92fbbb30f7c058e4e5cd3a6d754c5e5f50d4d3ef4ae8b992,108767903896108640893988051095372301802837883381508141096829997523760298855796,YES,27°C,highest-temperature-in-beijing-on-june-29-2026,2,0,33.35,0,0.0,0.10263178410794602,,,,,False,0
0x7c63520c2ca9b336af0c205b9ccf68217bb393d4,2026-06-29,0x364584628f27f83e92fbbb30f7c058e4e5cd3a6d754c5e5f50d4d3ef4ae8b992,54489886355015193597415619909685919900148952440723383224927369019453449132525,NO,27°C,highest-temperature-in-beijing-on-june-29-2026,12,3,91.076915,91.07111,0.9999362626632666,0.730118274208124,0.9041198575486782,0.17400158334055416,105883,71059,False,0
0x7c63520c2ca9b336af0c205b9ccf68217bb393d4,2026-06-29,0x3cc4a0a1fe88ad8ac20cfddd7117fcda7ef99e5ca6cb58bd159e326ae27ad2d3,15825109858846815117127826151686182146977667557149280262816232578052522662037,NO,28°C,highest-temperature-in-beijing-on-june-29-2026,10,21,292.140103,292.114699,0.9999130417229981,0.6910924037019319,0.6880731907297826,-0.0030192129721493544,31246,-67859,True,0
0x7c63520c2ca9b336af0c205b9ccf68217bb393d4,2026-06-29,0x7ffa02bb629bba6c6ed9530bc2ad0984b764caa2bc7cd38b4c790fb958b52481,83566002544200362185562460562778621571933579575146344444697421703471900614985,YES,33°C or higher,highest-temperature-in-beijing-on-june-29-2026,6,0,542.969749,0,0.0,0.015239057084191258,,,,,False,0
0x7c63520c2ca9b336af0c205b9ccf68217bb393d4,2026-06-29,0x8b332b721ae4ba8a4ecc595e7b0e95515e4efa8cd274a847e4ffdf3d5e5a5688,79776554663508149456711538052801515520845682696416793241543713538399123348938,YES,26°C,highest-temperature-in-beijing-on-june-29-2026,1,0,36.0,0,0.0,0.04192,,,,,False,0
0x7c63520c2ca9b336af0c205b9ccf68217bb393d4,2026-06-29,0xdcfbeed7654a1ac9322d1ef1bc591d5992d67ceac01cb82a9562d91ac27830b1,47705450032085324944093257026246613486787246411559032009933227800758538426224,YES,31°C,highest-temperature-in-beijing-on-june-29-2026,19,0,860.27,0,0.0,0.021451881386076465,,,,,False,0
0x7c63520c2ca9b336af0c205b9ccf68217bb393d4,2026-06-29,0xe47f939b7182faea7ae25e8514eaaf8e6fc4fed18146475205d21ec7f0a46173,1763735762568450642527358423403922147282257493262328448069296696502797371590,YES,30°C,highest-temperature-in-beijing-on-june-29-2026,9,0,234.999975,0,0.0,0.0537243844387643,,,,,False,0
0x7c63520c2ca9b336af0c205b9ccf68217bb393d4,2026-06-29,0xfd8c5c3ff6a609c38cb12aaa50052e92b7c0e9342c37038c3a225d9884ab94fa,1800446057071802619948908345413005568923057470305768033859465736379668663382,YES,29°C,highest-temperature-in-beijing-on-june-29-2026,5,8,168.031857,168.024924,0.999958739966791,0.1465737535710267,0.2164768007870071,0.0699030472159804,7424,-55218,True,0
0x7c63520c2ca9b336af0c205b9ccf68217bb393d4,2026-06-29,0xfd8c5c3ff6a609c38cb12aaa50052e92b7c0e9342c37038c3a225d9884ab94fa,52644310152575953775188827938685527615265475074289172454699772203614430565638,NO,29°C,highest-temperature-in-beijing-on-june-29-2026,8,20,209.96999300000002,209.966403,0.9999829023188089,0.7000000138114972,0.6936695248334563,-0.0063304889780408935,3588,1521,False,0
0x7c63520c2ca9b336af0c205b9ccf68217bb393d4,2026-06-30,0x1a395a4052b9a042ba539e59ee0f04ba99e143175e60d2e89dd3c66fb9cb345b,42901049381708803178907873020329734067849882721922206251254772423711282099208,YES,28°C,highest-temperature-in-beijing-on-june-30-2026,2,0,20.0,0,0.0,0.2,,,,,False,0
0x7c63520c2ca9b336af0c205b9ccf68217bb393d4,2026-06-30,0x343e67d5b603958e16020a9b97e4dd441662cd1ede0bbf23fcdfaa1cca069199,101327604660363478165747299662132031244788579714289952251498871531003610683140,YES,30°C,highest-temperature-in-beijing-on-june-30-2026,11,0,1078.6299999999999,0,0.0,0.039945393693852395,,,,,False,0
0x7c63520c2ca9b336af0c205b9ccf68217bb393d4,2026-06-30,0x46464d11db478f97996ca21ba06a7119b2025f29dedaf360e85becf1485dc05e,5729278553782171043591846076773397517684613532795282038854990252202879946824,YES,27°C,highest-temperature-in-beijing-on-june-30-2026,2,3,14.102559,14.096152,0.9995456852901662,0.22000000141818235,0.25999996311049994,0.03999996169231759,36400,35004,False,0
0x7c63520c2ca9b336af0c205b9ccf68217bb393d4,2026-06-30,0x46464d11db478f97996ca21ba06a7119b2025f29dedaf360e85becf1485dc05e,69181562280619846046728001113857252843522070694509378665295100594044059265373,NO,27°C,highest-temperature-in-beijing-on-june-30-2026,4,3,36.822938,36.82,0.9999202127760691,0.6600000249844268,0.6801928299837045,0.02019280499927767,28541,20489,False,0
0x7c63520c2ca9b336af0c205b9ccf68217bb393d4,2026-06-30,0x97c167349cf5a080b5c6a037f54aa8416262064eb8390a84abaa9b8e28008c04,13861962318502077357187342853370896970597190219944768338725655517013161186850,YES,29°C,highest-temperature-in-beijing-on-june-30-2026,5,0,490.2809,0,0.0,0.05893504519551955,,,,,False,0
0x7c63520c2ca9b336af0c205b9ccf68217bb393d4,2026-06-30,0xaa483587761048d1b5062763e6e2026f5ae893fb1b35c392c6aea098662546f0,53383466270337193535965538157069460620517866055550731243844158975886483783818,NO,26°C,highest-temperature-in-beijing-on-june-30-2026,8,22,230.556152,230.537101,0.999917369370391,0.735887338196033,0.77892535397155,0.043038015775517025,72895,23181,False,0
0x7c63520c2ca9b336af0c205b9ccf68217bb393d4,2026-07-01,0x56f40cc6e1a175ec54f7498b64e09f4eea7646b172cca37b6cdeae1a27f40d40,73970464706142249605964494145890864323524675890700912636687102719172706429878,YES,33°C,highest-temperature-in-beijing-on-july-1-2026,6,0,368.56,0,0.0,0.07769467657911873,,,,,False,0
0x7c63520c2ca9b336af0c205b9ccf68217bb393d4,2026-07-01,0x6990429d9b745f0473220ea910d48e8fec57ac86376fe4d1fc5443aec10a624f,30342911746261000464792165131679218237142238915367827761749945070895577692681,YES,31°C,highest-temperature-in-beijing-on-july-1-2026,1,3,5.289854,5.268202,0.9959068813619429,0.3100000491506949,0.38999985194189596,0.07999980279120106,130613,130613,False,0
0x7c63520c2ca9b336af0c205b9ccf68217bb393d4,2026-07-01,0x6990429d9b745f0473220ea910d48e8fec57ac86376fe4d1fc5443aec10a624f,51247721575447005860810404716718574682029255731563861533004801337773597963038,NO,31°C,highest-temperature-in-beijing-on-july-1-2026,24,26,256.979717,256.971471,0.9999679118644217,0.6318585135650998,0.6123181510682172,-0.019540362496882624,37675,4965,False,0
0x7c63520c2ca9b336af0c205b9ccf68217bb393d4,2026-07-01,0x86f385a471a3cd8929ec9c38c086296ed1455f968bb8f7ab31852c9f688dcc64,71911727100431444194530568543910146812296312786561540710086765079798346028245,NO,30°C,highest-temperature-in-beijing-on-july-1-2026,4,9,120.64321299999999,120.637338,0.9999513026895265,0.6888644121240372,0.7904144569237759,0.10155004479973873,131799,49260,False,0
0x7c63520c2ca9b336af0c205b9ccf68217bb393d4,2026-07-01,0x9e6915884df7dceafd5d374e17a59c9ae9bd12cca8d50758cb3caa27d2e00e34,1668359367539714140969849675741019886372158960610370195351222338778711502678,YES,32°C,highest-temperature-in-beijing-on-july-1-2026,2,1,45.56,45.56,1.0,0.11798880597014924,0.27999999999999997,0.16201119402985073,157548,150449,False,0
0x7c63520c2ca9b336af0c205b9ccf68217bb393d4,2026-07-01,0xc1fe8962f5e9e4cf865e0c5173671444cae785c768078b464987a31942969c31,71908984847267068076508225491053744513224280246695299445932273602655059928301,YES,34°C,highest-temperature-in-beijing-on-july-1-2026,10,0,320.186416,0,0.0,0.014355815144887344,,,,,False,0
0x7c63520c2ca9b336af0c205b9ccf68217bb393d4,2026-07-02,0x1bf90bc6f2bc82add852535cc9a6e4bd1966fe6c3dd6109b40725e62bfbe4583,56951381021588106202848958216820801510274918795156291424285272026834512557477,YES,32°C,highest-temperature-in-beijing-on-july-2-2026,4,1,38.826660000000004,38.82,0.9998284683771408,0.09999999999999999,0.036000000000000004,-0.06399999999999999,65805,57677,False,0
0x7c63520c2ca9b336af0c205b9ccf68217bb393d4,2026-07-02,0x482c6560d923fae21785eea45c9ce611e5b89ada8d008f6fd03b6fece34cf4f4,36462766498747014841279387806946313185906041652561631693483394113605721982164,YES,28°C or below,highest-temperature-in-beijing-on-july-2-2026,5,0,573.322,0,0.0,0.01,,,,,False,0
0x7c63520c2ca9b336af0c205b9ccf68217bb393d4,2026-07-02,0x561984ad209f349f416f4c99ea818fe78061357e438ce05008d8d3ab17fc2408,39301857876328997936544567608463943834595614295800387233840614883537364341384,YES,37°C,highest-temperature-in-beijing-on-july-2-2026,4,0,112.552272,0,0.0,0.013958536527809942,,,,,False,0
0x7c63520c2ca9b336af0c205b9ccf68217bb393d4,2026-07-02,0x5ac9cdf0cd272cd14c02389995a13bad3f54f2693ab3fa4631f33424c4416395,114345735214630164727163097472208309142336915792356547959104432128695864588180,NO,34°C,highest-temperature-in-beijing-on-july-2-2026,6,15,216.17332900000002,216.166392,0.9999679100098421,0.6787106146660673,0.6310208434250963,-0.04768977124097096,43350,13197,False,0
0x7c63520c2ca9b336af0c205b9ccf68217bb393d4,2026-07-02,0x79b64e4c31286ef0e352f89b115b96e3dd9c58278ec85977710de9af4a59ffa2,108172740355211184472959154339925486118364041095128537454729600896228342165980,YES,38°C or higher,highest-temperature-in-beijing-on-july-2-2026,10,0,610.700999,0,0.0,0.011139197432359202,,,,,False,0
0x7c63520c2ca9b336af0c205b9ccf68217bb393d4,2026-07-02,0x7f0e692bbfdafd352adf4e8221490d5ee4fcf468e3e6f231a419c19e9cd3219f,48229279989475385588925959235448357818932704754573506859905362339763966813653,YES,36°C,highest-temperature-in-beijing-on-july-2-2026,2,3,83.03,83.02,0.9998795616042394,0.033912320847886306,0.1180330040953987,0.0841206832475124,63498,48683,False,0
0x7c63520c2ca9b336af0c205b9ccf68217bb393d4,2026-07-02,0x9dde45d1ebb5cb7c4881761ad413c3dcf3d10090183f4dcc8d672bdd93b22991,112328477389607862982933512712764048779518513412379673506504847608971495619766,YES,33°C,highest-temperature-in-beijing-on-july-2-2026,4,5,89.60293999999999,89.597892,0.999943662562858,0.15000000000000002,0.18323196710922618,0.03323196710922616,5904,4432,False,0
0x7c63520c2ca9b336af0c205b9ccf68217bb393d4,2026-07-02,0x9dde45d1ebb5cb7c4881761ad413c3dcf3d10090183f4dcc8d672bdd93b22991,26645918740384625208170293211337347088697676131028208537460192128855627863660,NO,33°C,highest-temperature-in-beijing-on-july-2-2026,23,22,207.01654399999998,206.995317,0.9998974623013706,0.7096889270840113,0.8127666627356598,0.10307773565164846,70987,63861,False,0
0x7c63520c2ca9b336af0c205b9ccf68217bb393d4,2026-07-02,0xaa4e48f580ace9f3a4dbd93563ef00b974cdff6cad3471deab55d8dc9ebfae16,29873433503387729162775419096821489693972661154731741535503223743327501145919,YES,35°C,highest-temperature-in-beijing-on-july-2-2026,3,0,108.6,0,0.0,0.09688701657458565,,,,,False,0
0x7c63520c2ca9b336af0c205b9ccf68217bb393d4,2026-07-03,0x1c1fb71911c200a5927c21f7774e05a6c72627943f4a3ce0d079ebdfbb67f950,27470904410406682374917980969220574459376636669837218907517310944455374199898,YES,30°C or below,highest-temperature-in-beijing-on-july-3-2026,5,0,826.505,0,0.0,0.01,,,,,False,0
0x7c63520c2ca9b336af0c205b9ccf68217bb393d4,2026-07-03,0x6d82cee17fe3be6251603feb692e62ea7c7551137aed9a187bde30301ec3917a,99535131879879527513926500569274534260237414182728171722400641171617922130881,YES,40°C or higher,highest-temperature-in-beijing-on-july-3-2026,12,0,577.8911820000001,0,0.0,0.02914856555122172,,,,,False,0
0x7c63520c2ca9b336af0c205b9ccf68217bb393d4,2026-07-03,0x98c1c797b0ba731ee119ae366b560c696ceb009d0b4808bbffaec5870285f440,82992711128934994742590113400125121702463305539651709801110980434264738370919,YES,38°C,highest-temperature-in-beijing-on-july-3-2026,7,2,82.434767,82.424443,0.9998747615796622,0.12422954989367532,0.14399999039119987,0.01977044049752455,59768,11148,False,0
0x7c63520c2ca9b336af0c205b9ccf68217bb393d4,2026-07-03,0x9d847be7235724c0ae58e1ad5ba0ee43394ee7fae02d11fcf701eebd5ec6a56d,11907397129494050688609817983082494668679304652694666618123381174201027549108,NO,37°C,highest-temperature-in-beijing-on-july-3-2026,2,1,16.42857,16.42,0.999478347780726,0.7200000365217423,0.7,-0.020000036521742315,73223,70124,False,0
0x7c63520c2ca9b336af0c205b9ccf68217bb393d4,2026-07-03,0xab81e98d3ba0906b447dd4d6ea9e309942982519845ad59b1c81e8040d9f9078,4107627742843061506317304656305794611433928778309374957189968820483202655591,NO,36°C,highest-temperature-in-beijing-on-july-3-2026,6,16,236.409386,236.4,0.9999602976846275,0.675562809507064,0.6501831641285957,-0.025379645378468374,9620,-51951,True,0
0x7c63520c2ca9b336af0c205b9ccf68217bb393d4,2026-07-03,0xfc2eb6818ec9e35f5a7b36bcc694010063e755a2577d0dd4e53af70cfb89a3c7,3142384553784275740830536873317297264003269750337233954699810432224723184711,YES,33°C,highest-temperature-in-beijing-on-july-3-2026,1,0,100.0,0,0.0,0.013000000000000001,,,,,False,0
0x7c63520c2ca9b336af0c205b9ccf68217bb393d4,2026-07-05,0x63e2c78eb32e15eb8bdaac486e82c8db1b931487281eb57fc0b5b57fa093e434,26835266066940626363028819504394411168798463597005967607775917077025366861303,NO,31°C,highest-temperature-in-beijing-on-july-5-2026,1,8,81.66,81.659829,0.9999979059515063,0.5800000000000001,0.711962046846804,0.1319620468468039,1699,1699,False,0
0x7c63520c2ca9b336af0c205b9ccf68217bb393d4,2026-07-05,0xb7394502a7804dc095dcffbe4b628b26b13c3524e9dbb42b03861499db5963b3,71935184418702536682294841922556016658876003090750441474979567854161252115021,YES,29°C,highest-temperature-in-beijing-on-july-5-2026,1,1,20.65,20.65,1.0,0.09000000000000001,0.025,-0.065,31024,31024,False,0
0x7c63520c2ca9b336af0c205b9ccf68217bb393d4,2026-07-05,0xc835ae12e9b856bfc3fc6077e15b6628f00d4d6c10bd2cc7b6193840f807743d,2029081454433840225823881457958032189230588831582831867514721902165562703512,YES,30°C,highest-temperature-in-beijing-on-july-5-2026,1,1,5.52,5.51,0.9981884057971014,0.09000000000000001,0.060000000000000005,-0.030000000000000006,7488,7488,False,0
0x7c63520c2ca9b336af0c205b9ccf68217bb393d4,2026-07-06,0x270aa078a59d220ac8bea14d59ab842465def3e5062fbf5d31c8627811876645,26563659982240870954423258674316144692909806571726589394468464867599713468938,YES,33°C,highest-temperature-in-beijing-on-july-6-2026,6,8,34.799081,34.782351,0.9995192401776356,0.2430923103975073,0.3297936646088127,0.0867013542113054,50247,4345,False,0
0x7c63520c2ca9b336af0c205b9ccf68217bb393d4,2026-07-06,0x37ca5ff633e6a56d083f835a09d59c9c1f03725d235d04019d5db4f4201e8d54,101874137781786005679649370113114109423491147909046071974276730869715475384234,NO,32°C,highest-temperature-in-beijing-on-july-6-2026,9,3,59.724281999999995,15.59,0.26103285762397277,0.650000011720526,0.78,0.129999988279474,24677,20309,False,0
0x7c63520c2ca9b336af0c205b9ccf68217bb393d4,2026-07-06,0x73169980da1a4bf09016eac5fb3abbfebf5fb055c30ce2bc60fb2e94a3b6b43d,101222405702127556010246692685666462218163692168923416686432400646256314597945,YES,35°C,highest-temperature-in-beijing-on-july-6-2026,1,14,361.76,361.758281,0.9999952482308714,0.017835526315789475,0.06637040880896933,0.04853488249317985,24708,24708,False,0
0x7c63520c2ca9b336af0c205b9ccf68217bb393d4,2026-07-06,0x88291041732e1b084f84b1cfe7325365051834da307afc166346f39f272b04a6,7297034175831338787194224858153885214163440868912595497899235950839725922709,YES,34°C,highest-temperature-in-beijing-on-july-6-2026,12,16,241.899716,241.892518,0.9999702438675041,0.15419416201381567,0.26541869724139217,0.1112245352275765,65453,-24549,True,0
0x7c63520c2ca9b336af0c205b9ccf68217bb393d4,2026-07-07,0x0a27015429f3481efa771ddbabf99c2cf035f9768c4aac86dda5f80dd18b774f,39286381068804947730026072034823004027985790013756868913012423260191808721035,YES,34°C,highest-temperature-in-beijing-on-july-7-2026,4,8,105.95635800000001,102.58090800000001,0.968143016014197,0.11753955340745101,0.0993810563657713,-0.01815849704167971,103830,96316,False,0
0x7c63520c2ca9b336af0c205b9ccf68217bb393d4,2026-07-07,0x823f71736ecf3a8f61f15f55c23668732e614f6bb0fa7d0373287e766639cba1,109679118204793995682755057538594205403110550104087890422880846665111894718284,YES,36°C,highest-temperature-in-beijing-on-july-7-2026,6,0,189.35000000000002,0,0.0,0.009999999999999998,,,,,False,0
0x7c63520c2ca9b336af0c205b9ccf68217bb393d4,2026-07-07,0xd1b5ed34595d1f909f17f476d475f420f04833aed94f19c23277cf591c9dec2a,73452519705212678303541800350609961858048350658250911675542442515525705767754,YES,35°C,highest-temperature-in-beijing-on-july-7-2026,3,0,166.92000000000002,0,0.0,0.018999999999999996,,,,,False,0
0x7c63520c2ca9b336af0c205b9ccf68217bb393d4,2026-07-07,0xd33ac3075df0e093ac82fdecd8b4a6c613a5b1851a38b9a72d8b905805b329e0,66440973907380370885377359575479012197882365923199436971636324188428429828497,YES,33°C,highest-temperature-in-beijing-on-july-7-2026,6,0,21.207917,0,0.0,0.24131653287779278,,,,,False,0
0x7c63520c2ca9b336af0c205b9ccf68217bb393d4,2026-07-07,0xea770d89a11ecc5b090bce81e578708f823ac33500494d92e0a93bc636f6a421,71095187919919981184767897536192024493829803193189095023011426819308193285707,YES,32°C,highest-temperature-in-beijing-on-july-7-2026,10,4,89.77069399999999,21.04,0.2343749286376242,0.24746494663392044,0.27641634980988594,0.028951403175965507,21266,10311,False,0
0x7c63520c2ca9b336af0c205b9ccf68217bb393d4,2026-07-08,0x370f87bbb41d34e0ed4d4bffd1c607bd9dfd14ace9d4c3834976a0b614174830,84687761304547907805875305334434804497789248407973973528685425924946023543047,YES,35°C,highest-temperature-in-beijing-on-july-8-2026,1,6,49.16,49.16,1.0,0.07,0.12349755899104964,0.05349755899104963,17992,17992,False,0
0x7c63520c2ca9b336af0c205b9ccf68217bb393d4,2026-07-08,0x8f8e5d63473c37bfc05c4f4debd581f7d0d09cdefaafb9ba2056038052371816,107864418143250844648681393591162592835030360764258405854545017862361725691659,YES,33°C,highest-temperature-in-beijing-on-july-8-2026,13,23,336.830439,205.397852,0.6097959929328121,0.2640588281274662,0.29865452536475406,0.03459569723728784,6754,-117380,True,1
0x7c63520c2ca9b336af0c205b9ccf68217bb393d4,2026-07-08,0xdcbd8d5b15ed825d96671ecb3cadca6242c27ce42f070acd339dd1a263ccdf0c,24939541515700394379042181250339393150187288982386806239245825185276838722000,YES,34°C,highest-temperature-in-beijing-on-july-8-2026,22,8,253.57764799999998,37.178601,0.1466162388255924,0.26070194483387593,0.28670815235893354,0.026006207525057612,1396,-108849,True,1
0x7c63520c2ca9b336af0c205b9ccf68217bb393d4,2026-07-09,0x8aa60f95b29c18316b13e5e45f6f7e50f1fa9b610c9f48f265dacabee6950593,70683531769380661296253505419938360518407174823610564141004079859658013266373,YES,34°C,highest-temperature-in-beijing-on-july-9-2026,2,2,11.86,11.86,1.0,0.08100000000000002,0.175,0.09399999999999997,5031,5008,False,0
0x7c63520c2ca9b336af0c205b9ccf68217bb393d4,2026-07-09,0xa0009eab09b17c6e05e1dd3b620352ff4eed3e432f5b6a98ab24a5bbb67ea4bb,69740400826064010338084594389667357369453394354389238861296402369044188980230,YES,33°C,highest-temperature-in-beijing-on-july-9-2026,21,2,114.243355,22.273702,0.19496715585777397,0.26616318297024805,0.3033487203878367,0.03718553741758868,10053,-13297,True,1
0x7c63520c2ca9b336af0c205b9ccf68217bb393d4,2026-07-09,0xcb5518f774ddbaa10b7d533524fb7f9f8fe24036caf180bbbfbd95dfc1b3786a,14117110060727634763000510734100729295282392296580026401172958513954740216027,YES,32°C,highest-temperature-in-beijing-on-july-9-2026,19,8,239.371839,217.187905,0.9073243782866205,0.13554845104398436,0.16028838254137584,0.024739931497391482,19362,-53540,True,0
0x7c63520c2ca9b336af0c205b9ccf68217bb393d4,2026-07-10,0x6855e2e163de8c46393610fe576e523567d6e3562f56923487c834acafc94499,8558793652850238734125671499189742012274438869252557156443757137990042642891,YES,29°C,highest-temperature-in-beijing-on-july-10-2026,11,0,146.35329000000002,0,0.0,0.21823418523765334,,,,,False,0
0x7c63520c2ca9b336af0c205b9ccf68217bb393d4,2026-07-10,0x93fa6905ca25674d6d9dbd35be759b8b6dfc4d3a8744a5b32b299f1d29733ec6,75136041911770037614518978900437119861816245568108659030536379269111719987997,YES,31°C,highest-temperature-in-beijing-on-july-10-2026,2,9,99.59,99.581023,0.9999098604277538,0.09000000000000001,0.12210657847931528,0.032106578479315265,23667,-55551,True,0
0x7c63520c2ca9b336af0c205b9ccf68217bb393d4,2026-07-10,0xa543a19b264077ef1a26a632c58500c93f29a5ccab0b4e8f0323b681e3ef3d10,86018233340433213187213926201442374837800177722482607054761432623861433614833,YES,27°C or below,highest-temperature-in-beijing-on-july-10-2026,17,20,440.449589,440.447107,0.9999943648488682,0.14131570911739458,0.16413050250776196,0.022814793390367377,45381,-43816,True,0
0x7c63520c2ca9b336af0c205b9ccf68217bb393d4,2026-07-10,0xa543a19b264077ef1a26a632c58500c93f29a5ccab0b4e8f0323b681e3ef3d10,93602539296479439525221933065451081472804345723964664569738955310198081923850,NO,27°C or below,highest-temperature-in-beijing-on-july-10-2026,8,0,145.528586,0,0.0,0.5745586712427757,,,,,False,0
0x7c63520c2ca9b336af0c205b9ccf68217bb393d4,2026-07-10,0xdb6db0792acc3d0c08e92a814c850432c1109d6fb8645b85d6cccb1d5a201cb0,81755458896310429985883739427482770215059110582980582603837744445062004118329,YES,28°C,highest-temperature-in-beijing-on-july-10-2026,6,1,58.939242,11.66,0.19783084417678803,0.24491217583015407,0.281,0.03608782416984596,20331,10332,False,0
0x7c63520c2ca9b336af0c205b9ccf68217bb393d4,2026-07-11,0x33694fc19691bfda4286664c733082ea4797bfcbeb1c1103211eeeecc6892908,8118010882034701412639579674444655534169910448153044422255487022107423350236,YES,27°C or below,highest-temperature-in-beijing-on-july-11-2026,9,5,122.9555,122.94818000000001,0.9999404662662509,0.11233499111467157,0.09968345200392555,-0.012651539110746027,53472,15911,False,0
0x7c63520c2ca9b336af0c205b9ccf68217bb393d4,2026-07-11,0x36e7d33d26439299381ff4f2a9df2ba0012b513857f7b40ca565f67b8626ff53,74709973951741336983419761848015375501791297471217871329581616258920594674316,YES,28°C,highest-temperature-in-beijing-on-july-11-2026,6,8,68.51,68.505554,0.9999351043643263,0.13051233396584438,0.1720882222191795,0.04157588825333511,17812,-89418,True,1
0x7c63520c2ca9b336af0c205b9ccf68217bb393d4,2026-07-11,0x6c6695c2c31b1b2b7d25a8984d7c932f8424740599e079a1e8c36044e4c3f827,93259836843395281567682854796156737561070980574616860161120890180048878052961,YES,31°C,highest-temperature-in-beijing-on-july-11-2026,11,8,212.2155,212.212856,0.9999875409666118,0.12971392287556752,0.13076210142518416,0.0010481785496166407,13083,-87788,True,0
0x7c63520c2ca9b336af0c205b9ccf68217bb393d4,2026-07-11,0x7fb2aab9bb97d0961dbe8808379f65832ebe878a0a07d13051a647be11270693,114356146596098984869412731385222489782272520922910115122768167023464848688717,YES,30°C,highest-temperature-in-beijing-on-july-11-2026,10,0,118.772856,0,0.0,0.17545470995494122,,,,,False,0
0x7c63520c2ca9b336af0c205b9ccf68217bb393d4,2026-07-12,0x5ce7e7263af4ae934711a27555c8907fb759d9786dd0d871057644c57051ffdc,105763729642734904494038915656578713706227457010973089712626667590763424877549,YES,31°C,highest-temperature-in-beijing-on-july-12-2026,6,7,114.15,44.600605,0.3907192728865528,0.28764520367936924,0.31178722799836456,0.024142024318995314,8775,-86138,True,0
0x7c63520c2ca9b336af0c205b9ccf68217bb393d4,2026-07-12,0x621ab5516ca11be010856c282f93899fab30313c64f08ab8b55be9e914e29585,112874685624027511339174919840953976709087931505050830134443508524479769206807,YES,33°C,highest-temperature-in-beijing-on-july-12-2026,3,0,81.08125,0,0.0,0.016,,,,,False,0
0x7c63520c2ca9b336af0c205b9ccf68217bb393d4,2026-07-12,0x8d5b3793662e5fcc31903d022a6d101792946f05ccff7ec47f2e837d1903c093,32554890431000005572932106167898058086407401937802371761670803842976810849691,YES,32°C,highest-temperature-in-beijing-on-july-12-2026,10,5,128.21545,69.713332,0.5437202146855156,0.10843041146757275,0.10411206568063625,-0.004318345786936503,18007,-105549,True,0
0x7c63520c2ca9b336af0c205b9ccf68217bb393d4,2026-07-12,0xff55a5e0a6e857be7e04f0ca9296db5df1008e0c0ca2d750d40f5d223709c003,16291822847357429418112489078859180847493463964078961356856155181378260420916,YES,28°C,highest-temperature-in-beijing-on-july-12-2026,2,3,21.07,21.07,1.0,0.08274323682961557,0.07887517797816801,-0.003868058851447559,11710,-26355,True,0
0x7c63520c2ca9b336af0c205b9ccf68217bb393d4,2026-07-13,0x72f4f8ed421d7d879fc70712fa183963b5042a46612199f0eaabbadec7d1c20d,87694998098983509239426853007632659993135791950289332637822693704560697976728,YES,34°C,highest-temperature-in-beijing-on-july-13-2026,13,2,102.794789,38.46,0.3741434791991256,0.4046331764930225,0.40611856474258967,0.0014853882495671766,25527,2407,False,1
0x7c63520c2ca9b336af0c205b9ccf68217bb393d4,2026-07-13,0x80ea76f30adb386b4e2d36cdc3f41d6b5179af06313b83533c9ec58fdf4602a4,17045104821591114133912347136181318258933672317440050558009273209912488470854,YES,33°C,highest-temperature-in-beijing-on-july-13-2026,1,1,5.4,5.4,1.0,0.24,0.3,0.06,7002,7002,False,0
0x7c63520c2ca9b336af0c205b9ccf68217bb393d4,2026-07-13,0x80ea76f30adb386b4e2d36cdc3f41d6b5179af06313b83533c9ec58fdf4602a4,87573733418994653488782399230180984167298575956528776102358173578771278755495,NO,33°C,highest-temperature-in-beijing-on-july-13-2026,3,0,30.129674,0,0.0,0.6971093016140831,,,,,False,0
0x7c63520c2ca9b336af0c205b9ccf68217bb393d4,2026-07-13,0x9d7f6900f0d041afec049596ea5f40506956b46264a0b1375749356b408e7a39,3808135994531882413993821265268812916608966500600992349725293883582198356013,YES,31°C,highest-temperature-in-beijing-on-july-13-2026,1,2,23.93,23.93,1.0,0.14,0.09999999999999999,-0.04000000000000002,3922,3922,False,0
0x7c63520c2ca9b336af0c205b9ccf68217bb393d4,2026-07-13,0x9eed946ea42e45fcc5bebceeeb4c6723b497f3481ae574b0e363a954e47984bc,22579640833403901092956047608013628836967047686362514353416545378624557472702,YES,32°C,highest-temperature-in-beijing-on-july-13-2026,16,9,291.414426,291.40857,0.9999799049069726,0.2401268700404008,0.20957722348385294,-0.030549646556547877,27582,-35352,True,0
0x7c63520c2ca9b336af0c205b9ccf68217bb393d4,2026-07-13,0xd80aa1fd66f74f8961c33083149850117414d0f3fe595f56d73a534b2f018db1,95883603900962455611184943318522155818257474423677134507000887600979138116287,YES,29°C,highest-temperature-in-beijing-on-july-13-2026,1,0,3.102363,0,0.0,0.0330000067690338,,,,,False,0
0x7c63520c2ca9b336af0c205b9ccf68217bb393d4,2026-07-13,0xec601ed2f33edf10766ee7312fed4edb417295f50fe8b928d2e77414da76f18b,39877908107711161219261674775441958696405903948949495546142184785569115784759,YES,35°C,highest-temperature-in-beijing-on-july-13-2026,13,0,94.859418,0,0.0,0.16376910514040893,,,,,False,0
0x7c63520c2ca9b336af0c205b9ccf68217bb393d4,2026-07-14,0x039792a2ee36fdd03cbdd64a2c5f036053252be570d9c76788e79d042f18ffa0,30848104240192580953141839431778873784002560575167603329994045382043077206350,YES,33°C,highest-temperature-in-beijing-on-july-14-2026,32,3,287.554468,49.265,0.17132406372485925,0.20516212601502684,0.24002232822490613,0.03486020220987929,51891,-48921,True,0
0x7c63520c2ca9b336af0c205b9ccf68217bb393d4,2026-07-14,0x26b7580f6ccf9018322c1972735ed3e9d7957c5f19a2798970f8c4de67f3f808,70864822694017588414330853063813121440981037220437465264030294325234962997386,YES,34°C,highest-temperature-in-beijing-on-july-14-2026,32,13,289.064275,138.795672,0.4801550520208697,0.36754830737904226,0.3738516500716247,0.006303342692582425,72442,-19653,True,0
0x7c63520c2ca9b336af0c205b9ccf68217bb393d4,2026-07-14,0x2add674eed97a8a0b2a17926986adb10fd2ab96fd0ea5da4b8a5c000719d0742,54620554820937631745232615203204053190348776563715367409546642537955978043830,NO,35°C,highest-temperature-in-beijing-on-july-14-2026,21,0,168.241017,0,0.0,0.6736164938898342,,,,,False,0
0x7c63520c2ca9b336af0c205b9ccf68217bb393d4,2026-07-14,0x2add674eed97a8a0b2a17926986adb10fd2ab96fd0ea5da4b8a5c000719d0742,89855744938258629111607900920220957202287134769304800520497939526975346577700,YES,35°C,highest-temperature-in-beijing-on-july-14-2026,2,10,125.39,125.382351,0.9999389983252253,0.10202488236701492,0.16781388155658367,0.06578899918956875,21026,17610,False,0
0x7c63520c2ca9b336af0c205b9ccf68217bb393d4,2026-07-15,0x88ea5cd8e0168876a61bcff08f42118ba161557f2f40e9eb471f294f3b313c01,8787411406237859007851884280419925087017495778885648133685169775276401996091,YES,36°C,highest-temperature-in-beijing-on-july-15-2026,30,7,150.604873,72.632237,0.4822701653219415,0.34111643917391704,0.39226380980114933,0.05114737062723229,139314,3555,False,0
0x7c63520c2ca9b336af0c205b9ccf68217bb393d4,2026-07-15,0xdf26f814c58eb3d5717be6e607193bf307020c0b129fc08719373618667a3b36,27722608679354487739014548061652406846023481872421117703264366085897808735560,YES,35°C,highest-temperature-in-beijing-on-july-15-2026,3,4,119.57000000000001,119.57,0.9999999999999999,0.15759471439324246,0.16647821359872877,0.008883499205486312,68108,5868,False,0
0x7c63520c2ca9b336af0c205b9ccf68217bb393d4,2026-07-16,0x2769fee09d52c97540157eb3b3ac40b98bf782c4abe52aeccfbdf5ad8ed4cf23,6721428975568851496869701579555606976719309130119354924015577626689847451402,YES,31°C or below,highest-temperature-in-beijing-on-july-16-2026,2,0,10.0,0,0.0,0.03,,,,,False,0
0x7c63520c2ca9b336af0c205b9ccf68217bb393d4,2026-07-16,0x4ccf620a3af4ecccbe4d5a1a9e7c6ead7504795d1dcdabb3ae7004d3b315f91d,115031478573264603628654827297115437834272069792650868551532444177433086712550,YES,34°C,highest-temperature-in-beijing-on-july-16-2026,10,3,164.323336,71.97235,0.4379922642271576,0.2817508403066987,0.33999998610577536,0.05824914579907664,26099,1641,False,1
0x7c63520c2ca9b336af0c205b9ccf68217bb393d4,2026-07-16,0x79f3d222764a4c98eceb1ad9cfe070853e27275e5c0922d9521ce49b4ba1c1d6,95928602866443381472851480711868712334474615828307485131169413815772034970654,YES,33°C,highest-temperature-in-beijing-on-july-16-2026,7,2,53.216664,53.21,0.999874776066384,0.25,0.32,0.07,34049,3018,False,1
0x7c63520c2ca9b336af0c205b9ccf68217bb393d4,2026-07-16,0xd914f3d2772726ccea20d8ed3ddbba9d1cb5d89524ee074d871fc107b0a7eca8,52579815112718942235456843721112348623528612230190129292639183789307710874025,YES,32°C,highest-temperature-in-beijing-on-july-16-2026,31,11,408.469445,408.46000000000004,0.9999768770954215,0.20035613679745373,0.17914459188170198,-0.02121154491575175,20982,-125965,True,0
0x7c63520c2ca9b336af0c205b9ccf68217bb393d4,2026-07-17,0x611b793f8ab6ad580876b9d31b0737dfa1b4d55cf307fb6db0d0bdfd1291ac41,83894587414285689495105306481254694107299173414745441543420506797162933420297,YES,32°C,highest-temperature-in-beijing-on-july-17-2026,22,3,98.722327,29.245,0.2962349135064452,0.30531237376525777,0.3046230124807659,-0.000689361284491874,25653,-25076,True,0
0x7c63520c2ca9b336af0c205b9ccf68217bb393d4,2026-07-17,0x83da2ffe8a66c2f6fc9ef06c214c3ba22ec25058b7744973124323aa7cfd3096,69954709816413470302808061891012516684283207395879313786881049884192898559711,YES,33°C,highest-temperature-in-beijing-on-july-17-2026,2,2,10.50857,10.5,0.9991844751474273,0.29135943330062986,0.38999999999999996,0.0986405666993701,59532,19734,False,0
0x7c63520c2ca9b336af0c205b9ccf68217bb393d4,2026-07-18,0x05fe5e302dbaf9cf320b8f018ea085141f03a08ed913b702f41366d065260e0b,39645770099092038001897618817502958876020498813125342930393063381583716211859,YES,29°C,highest-temperature-in-beijing-on-july-18-2026,23,6,337.243326,101.855159,0.30202275670831213,0.14587999289272813,0.16855697019725824,0.02267697730453011,9846,-42414,True,0
0x7c63520c2ca9b336af0c205b9ccf68217bb393d4,2026-07-18,0x22a5dc74efc12592de251dbed57b113340ddfafb97de680a7075e25751300980,76780038323267746115880300648976239815375447940410435704162352733419175290090,YES,33°C,highest-temperature-in-beijing-on-july-18-2026,3,3,75.90777,74.445452,0.9807355953152096,0.1,0.10999997689583509,0.00999997689583508,15066,-20203,True,0
0x7c63520c2ca9b336af0c205b9ccf68217bb393d4,2026-07-18,0xa286d7efb4382915d9c8caa8b4861451e12cb9accbc6ed23bbc76bcc59fea41b,111127901485198477254839460631417969074930434823823648858367279105436337814900,NO,31°C,highest-temperature-in-beijing-on-july-18-2026,3,0,46.816814,0,0.0,0.6362418425141019,,,,,False,0
0x7c63520c2ca9b336af0c205b9ccf68217bb393d4,2026-07-18,0xb2d36f0a1385e266a3e011d0f3fcbacf29c86d32086dc28995c69b1fd0e1f77b,111616298549814331109226837419657351733664086535959721417301513836417694381215,YES,28°C or below,highest-temperature-in-beijing-on-july-18-2026,5,0,525.093482,0,0.0,0.025273806388630814,,,,,False,0
0x7c63520c2ca9b336af0c205b9ccf68217bb393d4,2026-07-18,0xbf71a11be33f614a046ebb1a04b10e57e9ad4cae4b84680112375d5a2cf395e5,24942303737726475351043831659828193762073256086285806372879466266174962148970,YES,32°C,highest-temperature-in-beijing-on-july-18-2026,3,6,150.65,150.641903,0.9999462529040823,0.1685934284766014,0.19304920092519012,0.024455772448588736,6203,3881,False,0
0x7c63520c2ca9b336af0c205b9ccf68217bb393d4,2026-07-19,0x281970ce17fdfdfd2393f031b353b7d7c4c4995cb5041dcd8d9d30291aafa554,10981945818715133075007032892324964643538110324765904177649469557682166708969,YES,35°C,highest-temperature-in-beijing-on-july-19-2026,3,0,25.0,0,0.0,0.01,,,,,False,0
0x7c63520c2ca9b336af0c205b9ccf68217bb393d4,2026-07-19,0xbe30f2934595fc69c437273b3699a60d04e3a82cb30aa5ac511d3cc83917523c,74991365488587980414962624211547614441596541191800886044801408882069272670394,YES,33°C,highest-temperature-in-beijing-on-july-19-2026,18,7,171.802001,171.79999999999998,0.9999883528713964,0.2746126862631827,0.5580873108265425,0.2834746245633598,27215,-76527,True,0
0x7c63520c2ca9b336af0c205b9ccf68217bb393d4,2026-07-19,0xc7d853c4c5590366fd8fee59a93d02ce4e94823c115129b2b5cc26d3b658b244,43045067254539713790018169119341472804946591272717171907890906739952833532816,YES,34°C,highest-temperature-in-beijing-on-july-19-2026,12,10,181.58888,121.53,0.6692590427343349,0.11615352217602752,0.12013494610384266,0.003981423927815142,7610,-115584,True,0
0x7c63520c2ca9b336af0c205b9ccf68217bb393d4,2026-07-20,0x836f2d0f0f79baeec45aceabf218f466d7cc4ed595aeea7d23f3039a2b23cc7d,96726902856991309783962873991408036374123666740836047866535776909118270666274,YES,26°C,highest-temperature-in-beijing-on-july-20-2026,3,0,39.0,0,0.0,0.01,,,,,False,0
0x7c63520c2ca9b336af0c205b9ccf68217bb393d4,2026-07-20,0x84f2523e65595f785e79cf33e4b489efd13aafb23fa75132956f1ba8346119f1,6858706308620279626715001358691986496327085017469306662048216179272142486893,YES,31°C,highest-temperature-in-beijing-on-july-20-2026,3,2,49.78,40.29,0.8093611892326235,0.13284752912816392,0.16363886820551007,0.030791339077346158,3386,-127602,True,0
0x7c63520c2ca9b336af0c205b9ccf68217bb393d4,2026-07-20,0x88f1fd71e7ab8c5df4359910f42ad05007bf8cf17ba3fc450a4aa98a0189a54a,114583290071836550072554321592438867918105976769142127970637399566227091670233,YES,28°C,highest-temperature-in-beijing-on-july-20-2026,5,3,100.58449999999999,100.58,0.9999552614965527,0.10890748574581573,0.11836249751441638,0.009455011768600655,10079,-32533,True,0
0x7c63520c2ca9b336af0c205b9ccf68217bb393d4,2026-07-20,0xdbc73769fe4284a6b8602c6b456c537e7be1f10ad1ee380e3482d7920ac35088,12411408441340260843357443516392352683667292042855461474812324129301544788960,YES,32°C or higher,highest-temperature-in-beijing-on-july-20-2026,1,0,5.0505,0,0.0,0.01,,,,,False,0
0x7c63520c2ca9b336af0c205b9ccf68217bb393d4,2026-07-21,0x0106f9f02272a568c65a27f2ea9bb0df767dc5840543c1ec8840692b09c45114,29529304572651035093974664400766060594208294971749665310571545963371691420441,YES,32°C,highest-temperature-in-beijing-on-july-21-2026,22,14,196.42686,196.420471,0.9999674738984271,0.1339016008299476,0.20869106357045647,0.07478946274050888,94973,9588,False,0
0x7c63520c2ca9b336af0c205b9ccf68217bb393d4,2026-07-21,0x08401454e403cbb9cfffdab6ce33c415a8b568fea2971ca47df8e03a51e12f61,86279432814111112257734853226675559205703610072230592131399947529084002626878,YES,29°C,highest-temperature-in-beijing-on-july-21-2026,1,1,110.589545,35.09,0.3172994336851644,0.1100000004521223,0.13999999999999999,0.029999999547877687,10199,10199,False,0
0x7c63520c2ca9b336af0c205b9ccf68217bb393d4,2026-07-21,0x4f2a78be91593c5c030acb2a6275fc3a83e7f4e5836badc075cccd2b75caa9af,22216753596752632612476468421419854792391340369711581903338528373052887821336,NO,31°C,highest-temperature-in-beijing-on-july-21-2026,1,2,12.19512,12.19,0.9995801599328256,0.5900000164000027,0.9990000000000001,0.40899998359999745,64881,64881,False,0
0x7c63520c2ca9b336af0c205b9ccf68217bb393d4,2026-07-21,0xa21fa9461cea815338579cad15d2f972d4503a1984d1c98113c0b92abe82d17e,19606423499421294111232919481182669400299231603432179754805140239505286722247,YES,30°C,highest-temperature-in-beijing-on-july-21-2026,28,0,318.67387,0,0.0,0.26326155012332825,,,,,False,0
0x7c63520c2ca9b336af0c205b9ccf68217bb393d4,2026-07-21,0xc66113eed13899f599d23b11a967c72b36d384ce350dd0dacd2bb8bc8691e374,58442969816672293088788362568467609521775669617155222251520769600971280408192,YES,34°C,highest-temperature-in-beijing-on-july-21-2026,1,0,30.63,0,0.0,0.005,,,,,False,0
0x7c63520c2ca9b336af0c205b9ccf68217bb393d4,2026-07-22,0x420fe34c7ff2c7da6178a14bcf0f9d8cf7df133274a5bc4a5c498eb59f500a17,18911954915298085400462521417472134358334193001201934863509775930396078833527,YES,34°C,highest-temperature-in-beijing-on-july-22-2026,1,0,1.0,0,0.0,0.012,,,,,False,0
0x7c63520c2ca9b336af0c205b9ccf68217bb393d4,2026-07-22,0x4f3630870488d366fc54f1a200a345253e093f988d87d5dde225ef536c095f36,82621927719803767367251564117594734913990778464498060311426341922052801175646,NO,28°C,highest-temperature-in-beijing-on-july-22-2026,5,0,20.211814,0,0.0,0.5600000573921766,,,,,False,0
0x7c63520c2ca9b336af0c205b9ccf68217bb393d4,2026-07-22,0x6e7a43bb12af33591d0a10e91d2bd811b28244d76825ea3159cc2e3eca17bba2,69835077488420877308042741697728107035022608247023759428859133553584283640613,YES,29°C,highest-temperature-in-beijing-on-july-22-2026,5,3,39.671602,39.67,0.999959618469655,0.13573464968719942,0.23,0.09426535031280059,32999,13427,False,0
0x7c63520c2ca9b336af0c205b9ccf68217bb393d4,2026-07-22,0x8a7f9391487833c51598d6c245adcde81ad2941e590c3aa125f1899c4fc082bc,84604599121176894060011859823018624631807623987870880013304120047133627617638,YES,27°C,highest-temperature-in-beijing-on-july-22-2026,1,0,81.77,0,0.0,0.09200000000000001,,,,,False,0
0x7c63520c2ca9b336af0c205b9ccf68217bb393d4,2026-07-22,0xf16322b84432187cfdc109a659876f4dc5bd7181c10bdc4fd822b3661f8a6a1e,53511153194546863746523839632753418566039953265519712947352984952225898092600,YES,30°C,highest-temperature-in-beijing-on-july-22-2026,2,9,61.918175,61.907838,0.9998330538650404,0.12000000000000001,0.16382250337994358,0.043822503379943575,2769,2150,False,0
0x7c63520c2ca9b336af0c205b9ccf68217bb393d4,2026-07-23,0x07dddc66473ecc1ce3d9ca520c5fcbc49e1bd56c659d0fa079418d4605b35a4d,108995683629451103375005217047531538823955490713215792337577395239595850121718,NO,29°C,highest-temperature-in-beijing-on-july-23-2026,1,2,8.685713,6.999274,0.8058375863904322,0.6500000633223778,0.6899999914276824,0.039999928105304616,27300,27300,False,0
0x7c63520c2ca9b336af0c205b9ccf68217bb393d4,2026-07-23,0x14dba97c5fa03714030f1454d951025db1ac3499ba2562bd443f944c6a82447a,9696580143183356671243610011337387811422179030703841055760216680596845368819,YES,33°C,highest-temperature-in-beijing-on-july-23-2026,4,0,69.367818,0,0.0,0.010198389114675625,,,,,False,0
0x7c63520c2ca9b336af0c205b9ccf68217bb393d4,2026-07-23,0x4a10d973f98ec87ab8fc7a4512e6bb980d44104112434c837bf680502609cdfd,40304020160429257281337766165738733936943902124421353172279283374284357001201,YES,31°C,highest-temperature-in-beijing-on-july-23-2026,47,6,1138.012233,75.204237,0.06608385641140996,0.1501984469441112,0.09105016250613644,-0.05914828443797475,73978,-47730,True,0
0x7c63520c2ca9b336af0c205b9ccf68217bb393d4,2026-07-23,0xc13518bd4a11e16ead5e26c9311b162c48ede20a6695257b48f800dd6d4e49f8,50171425805410371171948756485032085270928330599151012106662453197819213304003,YES,30°C,highest-temperature-in-beijing-on-july-23-2026,8,4,79.875929,79.87,0.9999257723813141,0.14467105603241248,0.2433078752973582,0.09863681926494572,95342,31691,False,0
0x7c63520c2ca9b336af0c205b9ccf68217bb393d4,2026-07-23,0xea8a311a2a0d8b54128678c3d36373dcd789135691ba286341b1150aad63e3ef,57075669671407629843832059200687115047350646675308931263487573859829757917668,YES,32°C,highest-temperature-in-beijing-on-july-23-2026,7,0,608.695952,0,0.0,0.02048305226777654,,,,,False,0
0x7c63520c2ca9b336af0c205b9ccf68217bb393d4,2026-07-24,0x074cc3cac7a5166d58cc2d4bede143db46cb97c21abe146fcdb19fbd26666454,75929500403756524554352258835150096150497779762264304814240826364568676720732,YES,33°C,highest-temperature-in-beijing-on-july-24-2026,1,0,142.632966,0,0.0,0.030000000140220036,,,,,False,0
0x7c63520c2ca9b336af0c205b9ccf68217bb393d4,2026-07-24,0x10b9ecc4036325f9f1073443030a8ccfae5a9b6615a69e2a7647bb3c852f19ff,16345441712576516662187597963252051584546578442399504075915743324442669864431,YES,31°C,highest-temperature-in-beijing-on-july-24-2026,10,11,116.716864,116.711427,0.999953417185712,0.18851626273988992,0.32642475530695036,0.13790849256706045,32119,2799,False,0
0x7c63520c2ca9b336af0c205b9ccf68217bb393d4,2026-07-24,0x10b9ecc4036325f9f1073443030a8ccfae5a9b6615a69e2a7647bb3c852f19ff,97092852021944358036776050091201652339455545337935586184417331638193240807030,NO,31°C,highest-temperature-in-beijing-on-july-24-2026,6,3,29.731702,29.7225,0.9996904987141335,0.5916817341973898,0.6545209857851796,0.0628392515877898,15624,10509,False,0
0x7c63520c2ca9b336af0c205b9ccf68217bb393d4,2026-07-24,0x2f6e4ec8ef12ca906dabf7341bfbc2e94c1bc6ab1a8def583dc43bb815ffb328,27718533596974191641984544412832210694462584239211929793334337432388137521078,NO,30°C,highest-temperature-in-beijing-on-july-24-2026,1,1,35.714284,35.71,0.9998800479942423,0.7200000145600007,0.999,0.27899998543999927,114516,114516,False,0
0x7c63520c2ca9b336af0c205b9ccf68217bb393d4,2026-07-24,0xe8a95e6c17452bdaa415633e68bdf651a8adca83cef8e225882745a7018cce47,15791304518028032158218452900876468957153521051283459135105235936462033885833,YES,34°C or higher,highest-temperature-in-beijing-on-july-24-2026,1,0,6.0,0,0.0,0.011000000000000001,,,,,False,0
0x7c63520c2ca9b336af0c205b9ccf68217bb393d4,2026-07-24,0xec06fc8f4aaa6a0b4ce649b8c14e73a997d7a55954b0ab6bd388eccaf86911fa,41937979921939746063013313821987649655877892060362151976491071229100142872255,YES,32°C,highest-temperature-in-beijing-on-july-24-2026,46,35,1366.46,1366.459147,0.9999993757592611,0.2528650527640765,0.6348077290890278,0.3819426763249513,24306,-72878,True,1
0x7c63520c2ca9b336af0c205b9ccf68217bb393d4,2026-07-25,0x1a00114940d1d43d2a3979f8090789fbc6d435ac23d714ccd6b143168981f7b7,103032183396824703556899437559164604028569161900263644084519639859851901616759,YES,34°C,highest-temperature-in-beijing-on-july-25-2026,33,2,749.012194,66.166665,0.08833856849064863,0.1198736732448978,0.059999986397984546,-0.05987368684691325,34472,-122958,True,0
0x7c63520c2ca9b336af0c205b9ccf68217bb393d4,2026-07-25,0x9151f6b199ba18d586d0352ef26af92d3b65b3f536922a364dbf22875d2d3098,25542888883128215437618331026171485405563248269886491187483138762055343764556,YES,33°C,highest-temperature-in-beijing-on-july-25-2026,34,5,393.713849,68.329023,0.17354996064667264,0.31272199673118434,0.390713899128925,0.07799190239774068,70383,-5901,True,2
0x7c63520c2ca9b336af0c205b9ccf68217bb393d4,2026-07-25,0x95bfb53f265a3cf12f3f75431008a7bdf551cbd1c03401302d34e570c3e05e22,84413403807708757207631187696562409940149803640254301120797614730988471443125,YES,31°C,highest-temperature-in-beijing-on-july-25-2026,4,6,43.8,43.8,1.0,0.23742009132420092,0.25,0.012579908675799084,39498,15334,False,0
0x7c63520c2ca9b336af0c205b9ccf68217bb393d4,2026-07-25,0xaf11d90f4638159a8448dd8025af3dab720221308a176429ae78b767d5ecfcf8,112962687264338161833174369793415527812032030276676791988320571035875856315413,YES,30°C,highest-temperature-in-beijing-on-july-25-2026,2,1,6.11,6.11,1.0,0.09999999999999999,0.11999999999999998,0.01999999999999999,21006,19122,False,0
0x7c63520c2ca9b336af0c205b9ccf68217bb393d4,2026-07-25,0xfca6c543ccedc905a7faa169ffe3dc10be713a42956670ed8b821bc1e173e45e,115423000368866749390623418398353272572813593908507586372737926837388090492842,YES,32°C,highest-temperature-in-beijing-on-july-25-2026,5,6,63.0,62.991175,0.9998599206349206,0.28,0.33371339715444265,0.05371339715444262,27906,6481,False,0
0x7c63520c2ca9b336af0c205b9ccf68217bb393d4,2026-07-26,0x0c0c4efe1d24b1cf1284f1af27180caf309cbfedeac75ddb0ad9b220643d55ac,12956496639408126329398760430283940488064473596957081806926551540804789737754,YES,34°C,highest-temperature-in-beijing-on-july-26-2026,50,3,1038.1025260000001,1038.092757,0.9999905895614782,0.18681993265855898,0.9573074778711709,0.7704875452126119,9174,-150761,True,0
0x7c63520c2ca9b336af0c205b9ccf68217bb393d4,2026-07-26,0xbeaabbc945d39384558fa69d59b593ebd03b7e92c41afb524c6d95eb1db41c54,91268052217303867801574447958409220253339844672767915358518123230725634353544,NO,32°C,highest-temperature-in-beijing-on-july-26-2026,1,1,30.709676,30.7,0.9996849201535046,0.6900000182352949,0.9989501628664496,0.30895014463115467,40332,40332,False,0
0x7c63520c2ca9b336af0c205b9ccf68217bb393d4,2026-07-26,0xc7d81a43240ed9e72626d27f90beb28ca469dbaddcaa0b722feb8d76dff508e3,5709178544321740912402047318393570941501882249117258846299550608397512145163,YES,35°C,highest-temperature-in-beijing-on-july-26-2026,2,0,3359.37,0,0.0,0.010041674480631785,,,,,False,0
0x7c63520c2ca9b336af0c205b9ccf68217bb393d4,2026-07-26,0xf04b95164bbfd29b222558036ac42cce83a0aa1e8377df835390a639a1704be8,37245530527172055403093061179898036696357787471404383136646110049835593526025,YES,33°C,highest-temperature-in-beijing-on-july-26-2026,26,32,342.156514,342.141718,0.9999567566321418,0.2978354140000386,0.37412358466031903,0.07628817066028043,50769,-79090,True,0
0x7c63520c2ca9b336af0c205b9ccf68217bb393d4,2026-07-27,0xda954761790cb917e0c48531dbde62bc445ac1fd878ba00b85e8c5796de90b80,84403216150211476175385601490808609283692751257512360446406088157266713553286,YES,35°C,highest-temperature-in-beijing-on-july-27-2026,1,2,5.37,5.37,1.0,0.16,0.22,0.06,21126,21126,False,0
0x7c63520c2ca9b336af0c205b9ccf68217bb393d4,2026-07-28,0x0cfa108ca7eb31870e5aa654bd91170ff10d7fa892cf2a23076d19e8288fb87a,31034969749783041845769609787575646057373898715648166250579154693904082982756,NO,36°C,highest-temperature-in-beijing-on-july-28-2026,5,7,128.64,128.64,1.0,0.66,0.8231576492537315,0.16315764925373144,72347,71729,False,0
0x7c63520c2ca9b336af0c205b9ccf68217bb393d4,2026-07-28,0x0cfa108ca7eb31870e5aa654bd91170ff10d7fa892cf2a23076d19e8288fb87a,91145835630042970911793017011468428937587466343757950871724941620192510556620,YES,36°C,highest-temperature-in-beijing-on-july-28-2026,24,8,715.901657,148.84142599999998,0.20790764282307003,0.13273787268242068,0.1450160656214084,0.012278192938987714,14697,-22459,True,1
0x7c63520c2ca9b336af0c205b9ccf68217bb393d4,2026-07-28,0x96bda95d1d4ef59ab515604c7e5529e82a96f14766da758f6280456ead0a1014,43878683622271744545120212643542497545742724132780017571686152812224599281171,YES,32°C,highest-temperature-in-beijing-on-july-28-2026,1,0,389.75,0,0.0,0.01,,,,,False,0
0x7c63520c2ca9b336af0c205b9ccf68217bb393d4,2026-07-28,0xba0edac5d95406929625d66be0ed15d0c2d6111cf069a552e56ddab3e1a796c6,30819121435878052668874306290558932744967586560672611169814775633670161538933,YES,35°C,highest-temperature-in-beijing-on-july-28-2026,30,1,496.734076,496.73,0.9999917944022829,0.3868012952668864,0.999,0.6121987047331137,99807,34485,False,0
0x7c63520c2ca9b336af0c205b9ccf68217bb393d4,2026-07-28,0xe62443ae5af237c5d1360b49b3a968280700b6cf608cd548b8e7d8ec5671a367,60346615365412345918996099874753102809168112402839322482814875022551809284051,YES,33°C,highest-temperature-in-beijing-on-july-28-2026,6,1,151.075695,151.07,0.9999623036650601,0.09067706092631247,0.1,0.00932293907368753,28197,24954,False,0
0x7c63520c2ca9b336af0c205b9ccf68217bb393d4,2026-07-28,0xf0664ede00791e730d7df200704b83b1dc21a16145df7853e006f6dd36f81fa4,36234609316036686643501627653010810228906244238582837192325623521491621922028,YES,34°C,highest-temperature-in-beijing-on-july-28-2026,21,19,277.255428,277.191465,0.9997692993768909,0.22092024109984243,0.2703607378387354,0.04944049673889295,72473,12872,False,0
0x7c63520c2ca9b336af0c205b9ccf68217bb393d4,2026-07-29,0xce885c0ccadd2c87e079f113e401f00f66e03abfdbde2ae966ddc81e30993a7c,88370672710239899413587967168747249215956287478966027911724705173079921726748,YES,35°C,highest-temperature-in-beijing-on-july-29-2026,5,15,72.048885,71.992102,0.9992118823212879,0.28000000277589304,0.3752715957647687,0.09527159298887566,24773,20457,False,0
0x7c63520c2ca9b336af0c205b9ccf68217bb393d4,2026-07-29,0xfef897fdee2a0eb1fd50502f07082b8a71e5fddf197a599d513e3f3e259dfb80,85654203119431847941562951588309130083796085885352637976398677900938629725247,YES,34°C,highest-temperature-in-beijing-on-july-29-2026,23,6,180.95125,45.285713,0.2502647149439421,0.24606000787504925,0.32570755814311675,0.0796475502680675,75397,-41776,True,0
0x7c63520c2ca9b336af0c205b9ccf68217bb393d4,2026-07-30,0x0db68389519376349c25b967bbff44260bba8bc1241554748c21c93ddb913026,84614087306496951078700280080059316405378136245878187028222987614702007521463,YES,35°C,highest-temperature-in-beijing-on-july-30-2026,5,3,89.225804,89.225788,0.9999998206796769,0.3800000053796097,0.8164353673177983,0.4364353619381886,19188,14445,False,0
0x7c63520c2ca9b336af0c205b9ccf68217bb393d4,2026-07-30,0x9ccc9cfb29d9ad2168b6192fba779190820615f23a5f0ba88de16874e19c140e,114152073994306336865824029388794757999876138735785607692560827292679993930703,YES,34°C,highest-temperature-in-beijing-on-july-30-2026,18,0,91.082973,0,0.0,0.28457575709567584,,,,,False,0
0x7c63520c2ca9b336af0c205b9ccf68217bb393d4,2026-07-30,0x9e9c31b4916dbf384b33f90c0cc68276cb0a1799251895cdfc5a1133cf2afda3,99497254733309177841482782188496884891260042893461875360596765570576852861925,YES,33°C,highest-temperature-in-beijing-on-july-30-2026,3,4,296.405293,254.921763,0.8600445707965142,0.15000000016868795,0.08264927541710121,-0.06735072475158674,49165,33918,False,0
0x7c63520c2ca9b336af0c205b9ccf68217bb393d4,2026-07-31,0x4d1e0b08c3303e4cc9b3fbfb22be04aec8b595136e08a92bf364abbdaef2946b,51516005333236023548985898759021394764506879520379726903301084517702794294265,YES,34°C,highest-temperature-in-beijing-on-july-31-2026,2,1,25.98,25.98,1.0,0.16999999999999998,0.24,0.07,2349,2240,False,1
0x7c63520c2ca9b336af0c205b9ccf68217bb393d4,2026-07-31,0x6b82cd0335b4b5419dce28cd6c969f5731d88713e413f1afcb213b88a8f61b94,95127542255451098978975971032306856830380043152676699668634763224008746283378,YES,35°C,highest-temperature-in-beijing-on-july-31-2026,5,1,62.207757,33.333332,0.5358388343755908,0.0731479355540821,0.14999997599999904,0.07685204044591694,76099,68830,False,0
0x7c63520c2ca9b336af0c205b9ccf68217bb393d4,2026-07-31,0xa319ccb01609dadad2fe626bcbd871aec8795358152567eb03940d099bbdcddb,74725543819976544916920781846615396590036848931270267536596968351543396370527,YES,31°C,highest-temperature-in-beijing-on-july-31-2026,2,2,17.217409,17.21,0.9995696797352029,0.11299115912272283,0.09999999999999999,-0.012991159122722834,9759,8877,False,0
0x7c63520c2ca9b336af0c205b9ccf68217bb393d4,2026-07-31,0xad5d38335da67957f798de2363e1ef270cbd72a52be718eb273e59e5e8757d12,24500469628028715905503584647539561608261132965913740430729052970563108781386,YES,30°C or below,highest-temperature-in-beijing-on-july-31-2026,2,0,108.666665,0,0.0,0.028426371601631466,,,,,False,0
0x7c63520c2ca9b336af0c205b9ccf68217bb393d4,2026-07-31,0xff3a71c48c595996084b0c935a00ce9b5ada1e68cb206789165764ac8773f347,80855886909877888687932582806946300126460813569605741993754873037024573083421,YES,33°C,highest-temperature-in-beijing-on-july-31-2026,1,5,49.85,49.84655,0.9999307923771313,0.23,0.2899999899692155,0.05999998996921549,4885,4885,False,0
0x7c63520c2ca9b336af0c205b9ccf68217bb393d4,2026-08-01,0x1b1597eddd16ce9bd5bba62603d97dbcdd773d569f9cd7bc6a854beaf6d56d86,70666157455907497162353661122944024743721631033030499367463217669982948118554,YES,35°C,highest-temperature-in-beijing-on-august-1-2026,10,5,56.081039,56.08,0.9999814732391104,0.19253477097669322,0.30000000000000004,0.10746522902330682,57149,24624,False,0
0x7c63520c2ca9b336af0c205b9ccf68217bb393d4,2026-08-01,0x510272bed8ea4779543c6f8a0a3e7decf9475718ed9b348ea5d74e507adc4993,11581602126085478502645194876479249059299163741044106032866870881031990588516,YES,37°C,highest-temperature-in-beijing-on-august-1-2026,4,0,54.235954,0,0.0,0.10120233157510237,,,,,False,0
0x7c63520c2ca9b336af0c205b9ccf68217bb393d4,2026-08-01,0x538137bb4b27f434150c4347e304824ab34cd6603e1a1863c5e25b05668c1801,60298078317752873970054607312454522866193509897957642227110136246013418937995,YES,34°C,highest-temperature-in-beijing-on-august-1-2026,5,5,170.846339,170.839997,0.9999628789236158,0.15042552945778956,0.16377896564819067,0.013353436190401108,12104,1622,False,1
0x7c63520c2ca9b336af0c205b9ccf68217bb393d4,2026-08-01,0xbd82bbf250a42f9a6a6f35ba61069462ef3c4f29469a63a88a7ac3b7eb172846,16965443463146400687539218410880436586787279682503322483556606534661067919109,YES,36°C,highest-temperature-in-beijing-on-august-1-2026,13,4,337.548128,337.53999999999996,0.9999759204708134,0.13167406456480185,0.2510462463708005,0.11937218180599862,14355,-86086,True,0
0x7c63520c2ca9b336af0c205b9ccf68217bb393d4,2026-08-01,0xbd82bbf250a42f9a6a6f35ba61069462ef3c4f29469a63a88a7ac3b7eb172846,72863415684180919595206609762910009414631653870436599587135868834831230595264,NO,36°C,highest-temperature-in-beijing-on-august-1-2026,2,4,52.777776,52.769999999999996,0.9998526652581949,0.6400000068210528,0.6751241235550502,0.0351241167339974,11967,7967,False,0
0x7c63520c2ca9b336af0c205b9ccf68217bb393d4,2026-08-02,0x9f8090ebbf9289bd9dc697394710ce045f36c116116474221d5ab8914039e3b4,81684307662234002940111384355707959955568656140294750633719499700945844876376,YES,36°C,highest-temperature-in-beijing-on-august-2-2026,24,0,477.371241,0,0.0,0.0959472231801245,,,,,False,0
0x7c63520c2ca9b336af0c205b9ccf68217bb393d4,2026-08-03,0x062cb83620f793a286d5fd3021e684c04be8d3681469578bef9aee1eda4daa81,113542079724945087612475552543697286598787711800909042222238637325529975745179,YES,37°C,highest-temperature-in-beijing-on-august-3-2026,1,0,2426.79,0,0.0,0.007,,,,,False,0
0x7c63520c2ca9b336af0c205b9ccf68217bb393d4,2026-08-03,0x06cfef5f6a2c1a17936819190c93ec16e0d5f0a2b718798bd3bd98e1a1fe81a8,14043844842954732214064839517330415540711824618648327882454904305560779275891,YES,35°C,highest-temperature-in-beijing-on-august-3-2026,9,10,409.344775,409.34,0.9999883350166127,0.08,0.2,0.12000000000000001,39087,24747,False,0
0x7c63520c2ca9b336af0c205b9ccf68217bb393d4,2026-08-03,0x0810dd405d5ba14db5a932aac50e331ee50c27d3fb9492ffb1f9bcb481649596,95766785788585797133224313769786316693785363049853798277876018991970517785201,YES,32°C,highest-temperature-in-beijing-on-august-3-2026,11,13,406.604883,344.422929,0.847070321582931,0.09038059929054025,0.14216968115964196,0.05178908186910171,25801,18577,False,0
0x7c63520c2ca9b336af0c205b9ccf68217bb393d4,2026-08-03,0x2805b7368be0ad9bec03edd2675b4b6fed9ca4a6eae4f36308e763ec61eda588,106287288353752676541590878526536079604722728259585654624855164693638610432596,YES,36°C,highest-temperature-in-beijing-on-august-3-2026,5,1,229.658277,229.65,0.9999639594962214,0.029604415259111255,0.999,0.9693955847408887,179113,80359,False,0
0x7c63520c2ca9b336af0c205b9ccf68217bb393d4,2026-08-03,0x7da19323757a52886caf70994da6b211caad310b00aecc958a2543c15726f7bd,99628043073602154142451723034543351099881776847104077654736688830358420420627,YES,31°C,highest-temperature-in-beijing-on-august-3-2026,8,2,789.7483249999999,615.5799999999999,0.7794635082005397,0.052328699779135346,0.05882192403911759,0.006493224259982243,105519,21822,False,0
0x7c63520c2ca9b336af0c205b9ccf68217bb393d4,2026-08-03,0x86b0b41e54633c3e8f421bf8c4185469e4a66d34aae534a667c5aca5269b117b,68036379449808057439656821932506188530204513905998771494128687825494928687011,NO,34°C,highest-temperature-in-beijing-on-august-3-2026,2,0,4.91,0,0.0,0.6405498981670061,,,,,False,0
0x7c63520c2ca9b336af0c205b9ccf68217bb393d4,2026-08-04,0x526e045a3dea15dc89bbed2cb68b56b9662633098790bb8648e32f3890fb6ba1,57454361053196913449348892967355142147908637527026219280283566280124948915042,YES,36°C,highest-temperature-in-beijing-on-august-4-2026,23,0,874.219013,0,0.0,0.06369693769174521,,,,,False,0
0x7c63520c2ca9b336af0c205b9ccf68217bb393d4,2026-08-04,0x749df1692b3d3c76e1630f1392d40ed418784b83abd749f4d2150ef248e538c2,32662956822852915570464707434962164313316645769014228283290578637097644123500,NO,33°C,highest-temperature-in-beijing-on-august-4-2026,13,0,238.65875,0,0.0,0.6793513751329042,,,,,False,0
0x7c63520c2ca9b336af0c205b9ccf68217bb393d4,2026-08-04,0xa2f68a40d7f8a492ba5b606ea73626824f666326ba4868b5143374ae0b461e5b,35828577302552681059762997051303223235116440152548709280380382433152179564555,NO,34°C,highest-temperature-in-beijing-on-august-4-2026,16,0,209.029726,0,0.0,0.6300000029660853,,,,,False,0
0x7c63520c2ca9b336af0c205b9ccf68217bb393d4,2026-08-04,0xa2f68a40d7f8a492ba5b606ea73626824f666326ba4868b5143374ae0b461e5b,71474769348820973173429711315433156070323336633556998502001846684726680010303,YES,34°C,highest-temperature-in-beijing-on-august-4-2026,4,23,201.13,201.127694,0.9999885347785015,0.1453426639486899,0.2830644098171781,0.13772174586848823,5835,4535,False,0
0x7c63520c2ca9b336af0c205b9ccf68217bb393d4,2026-08-04,0xff2fc4ef4ddd74e2b68628dcabc4ba33162d187dab8d91e0f4dae87c42761506,88737217900680881114688852153472293898643382025156087080174899191893652563679,YES,35°C,highest-temperature-in-beijing-on-august-4-2026,16,3,872.272851,293.18,0.33611042652982903,0.08771426958008122,0.31646497032539733,0.22875070074531612,111816,13873,False,0
0x8fbd7cf5f806f563080864694415829f7229a959,2026-05-01,0xa7b912afec49912c4366ac9045f1f9e45024954060e8987f97b41d17aeeaef2c,22217423135263814921204548312854553815091134491179876254493410099335478011652,NO,27°C,highest-temperature-in-beijing-on-may-1-2026,1,0,7.46,0,0.0,0.6699999999999999,,,,,False,0
0x8fbd7cf5f806f563080864694415829f7229a959,2026-05-06,0x24d62d1077bdb66197a9f611de5113dd34ea9617bdfa53eec9da6104d2dedc13,46638911895947899584714998309930269929056736923815876183237811516155899658097,YES,25°C,highest-temperature-in-beijing-on-may-6-2026,1,0,26.31,0,0.0,0.19,,,,,False,0
0x8fbd7cf5f806f563080864694415829f7229a959,2026-05-06,0x24d62d1077bdb66197a9f611de5113dd34ea9617bdfa53eec9da6104d2dedc13,95749054714414073507531390883840789669110001180396614377806362942946426286425,NO,25°C,highest-temperature-in-beijing-on-may-6-2026,2,0,7.507657999999999,0,0.0,0.5156680019255007,,,,,False,0
0x8fbd7cf5f806f563080864694415829f7229a959,2026-05-06,0x524ea73af3e8aa39825b9ea89501fa3c6411ae185ed342ce7f7b357d0321dc09,9437326432832047652803690471387689236956645786031021233620315309901952008178,NO,26°C,highest-temperature-in-beijing-on-may-6-2026,1,0,7.93,0,0.0,0.63,,,,,False,0
0x8fbd7cf5f806f563080864694415829f7229a959,2026-05-06,0xa1f711d819b3830877f0f63370a8fe964edc6e611f77621b73788d5a48f39ecc,12086244621355897173196648514905721723605889975709919055222569419476384620023,NO,27°C,highest-temperature-in-beijing-on-may-6-2026,1,0,5.0,0,0.0,0.71,,,,,False,0
0x8fbd7cf5f806f563080864694415829f7229a959,2026-05-07,0x091648140262ee994b1c19beea2f41f0f6d99e348dbcebcdfefa76c5d51cefc4,109332721394178184832731028624042398773209394233322387638087782104539733770288,NO,26°C,highest-temperature-in-beijing-on-may-7-2026,1,0,6.59,0,0.0,0.758,,,,,False,0
0x8fbd7cf5f806f563080864694415829f7229a959,2026-05-07,0x64faeae756ff18a1c629a662ef9647dbffcc0d6f0e1040cb1fae594eeaaad9b3,100030401845158145758047770584203597624656677725418378057264736264046574201968,NO,25°C,highest-temperature-in-beijing-on-may-7-2026,2,0,8.33,0,0.0,0.6,,,,,False,0
0x8fbd7cf5f806f563080864694415829f7229a959,2026-05-07,0xcaa2ac50104c67e7bd6a4cddc703a16bc55185dd4abfc89bdba5f05f4cce7440,101854582400924570981785426830911573159705501311239015511288889344927000916714,YES,24°C,highest-temperature-in-beijing-on-may-7-2026,1,0,19.23,0,0.0,0.25999999999999995,,,,,False,0
0x8fbd7cf5f806f563080864694415829f7229a959,2026-05-07,0xcaa2ac50104c67e7bd6a4cddc703a16bc55185dd4abfc89bdba5f05f4cce7440,39815181192275637353803198984009533713569922361973547467076942946311307142955,NO,24°C,highest-temperature-in-beijing-on-may-7-2026,1,0,4.347825,0,0.0,0.5400001150000288,,,,,False,0
0x8fbd7cf5f806f563080864694415829f7229a959,2026-05-08,0x0e3ce702c7b95155fd271e8f731ead79d1ce53d4ba536e8ab976020c694bc941,102839289421947108019030976102988411146143641201559413939763710809702389046410,NO,27°C,highest-temperature-in-beijing-on-may-8-2026,2,0,8.337776,0,0.0,0.5560448013954801,,,,,False,0
0x8fbd7cf5f806f563080864694415829f7229a959,2026-05-08,0x0e3ce702c7b95155fd271e8f731ead79d1ce53d4ba536e8ab976020c694bc941,23174666972663957547184769713338157309873208685402922351455058942578184379691,YES,27°C,highest-temperature-in-beijing-on-may-8-2026,2,0,23.33,0,0.0,0.15000000000000002,,,,,False,0
0x8fbd7cf5f806f563080864694415829f7229a959,2026-05-08,0x20b44cf8474f6a875912610846dc1ad2b8110c7f7b42586e58b6c5a4d6576e83,93726896572183228056822167840366379991603031786039788651186967680768446936826,NO,28°C,highest-temperature-in-beijing-on-may-8-2026,1,0,11.11,0,0.0,0.45000000000000007,,,,,False,0
0x8fbd7cf5f806f563080864694415829f7229a959,2026-05-09,0xa4834e3c6719bf580d6d797ad3be84627183e51b14dc6bdca3339948cdc210e5,20488261771768347002908682421585472551155255550475782580579907422786082060552,YES,23°C,highest-temperature-in-beijing-on-may-9-2026,2,0,42.815025,0,0.0,0.11077814388757219,,,,,False,0
0x8fbd7cf5f806f563080864694415829f7229a959,2026-05-09,0xd609ec997d1b94645fc6f4b7ba24c64899532528d2c44ec0327eeae4bf78a810,23032750369268435806823531035098881969603230061304932587275170042137513081646,NO,25°C,highest-temperature-in-beijing-on-may-9-2026,1,0,8.62,0,0.0,0.5800000000000001,,,,,False,0
0x8fbd7cf5f806f563080864694415829f7229a959,2026-05-09,0xf5be9021cb9f42a9faa9840e223d7f4f6ceb7ae8ffc363384cc02efd008a9b9e,59781977467566247211220733030148426994674021415467021879373861028274462914371,NO,22°C or below,highest-temperature-in-beijing-on-may-9-2026,1,0,9.689921,0,0.0,0.48400002435520373,,,,,False,0
0x8fbd7cf5f806f563080864694415829f7229a959,2026-05-09,0xf5be9021cb9f42a9faa9840e223d7f4f6ceb7ae8ffc363384cc02efd008a9b9e,65040410879631212489021309082148694267827480543759291642313096829635162000863,YES,22°C or below,highest-temperature-in-beijing-on-may-9-2026,2,0,39.089999999999996,0,0.0,0.12255154771041188,,,,,False,0
0x8fbd7cf5f806f563080864694415829f7229a959,2026-05-10,0x6bfd9ee1c962e4d0823adcb0f3a383226fce4d7b54cd7e9a3e431ff0638f9965,29202146096916253247563809101906380495351465652556908047781132013945553628141,NO,33°C,highest-temperature-in-beijing-on-may-10-2026,2,0,9.575713,0,0.0,0.44000002924064247,,,,,False,0
0x8fbd7cf5f806f563080864694415829f7229a959,2026-05-10,0x8b57afabb48ffc258a59088165f3a0d03c014dbccb0eaffc714e79069e8b7e3f,62828162911721392876940483988212899246680243798117535988349102415745575662590,YES,34°C,highest-temperature-in-beijing-on-may-10-2026,1,0,11.235954,0,0.0,0.1100000053400005,,,,,False,0
0x8fbd7cf5f806f563080864694415829f7229a959,2026-05-10,0xeb4d97f62ed16dabeac28a5810806b1c597e9265e6fa10f8748b90e95018809d,37919121091053965921497420189261374102498007547026415485000346160055011147396,NO,32°C,highest-temperature-in-beijing-on-may-10-2026,1,0,8.77,0,0.0,0.5700000000000001,,,,,False,0
0x8fbd7cf5f806f563080864694415829f7229a959,2026-05-10,0xeb4d97f62ed16dabeac28a5810806b1c597e9265e6fa10f8748b90e95018809d,90949078370461778450588145940537232743907914335172286040289204388973557611386,YES,32°C,highest-temperature-in-beijing-on-may-10-2026,5,0,40.51,0,0.0,0.14511972352505556,,,,,False,0
0x8fbd7cf5f806f563080864694415829f7229a959,2026-05-11,0xa32d7812cf40d767521ba5acb02d79bc3f4b8fec63b2c12385efb9ea9df31458,110695322345281324389445955859507789996595664023101371542385872578594898122176,YES,32°C,highest-temperature-in-beijing-on-may-11-2026,1,0,5.95,0,0.0,0.17,,,,,False,0
0x8fbd7cf5f806f563080864694415829f7229a959,2026-05-11,0xa32d7812cf40d767521ba5acb02d79bc3f4b8fec63b2c12385efb9ea9df31458,18168790625761969617260837105515319418325110089604548894480319585510822712516,NO,32°C,highest-temperature-in-beijing-on-may-11-2026,1,0,4.72,0,0.0,0.66,,,,,False,0
0x8fbd7cf5f806f563080864694415829f7229a959,2026-05-11,0xe9e90e908a3ab0e79e99fd18f13a1aed4828d0afdb797061329718f01d6d71a2,3357625034042783658950174206318472232856727818284461075652512525237226075866,NO,31°C,highest-temperature-in-beijing-on-may-11-2026,2,0,6.147542,0,0.0,0.5143590722926333,,,,,False,0
0x8fbd7cf5f806f563080864694415829f7229a959,2026-05-12,0xe487b88f158defee45003580d9d8d7e13f2fa879fa61d8e7af2068eb95807e76,26073573637781845199697585817820263576997972893944623831580220541959752459786,NO,32°C,highest-temperature-in-beijing-on-may-12-2026,2,0,16.285237000000002,0,0.0,0.5852010627785152,,,,,False,0
0x8fbd7cf5f806f563080864694415829f7229a959,2026-05-13,0x677b694596ad8006beb8332790fc405feed668d1dae9a8afda4cf924c7e4c9fd,100264809338325216556401275604796147461725767676027238846864106456718487038840,YES,34°C,highest-temperature-in-beijing-on-may-13-2026,1,0,322.58,0,0.0,0.031000000000000003,,,,,False,0
0x8fbd7cf5f806f563080864694415829f7229a959,2026-05-13,0xadbb899eec1e427b4be377675ffc075a83ee6340d111a45c1cc0a61d8cda903b,33789196095894519145389622745610447318928589716938850520264996069612466638516,NO,33°C,highest-temperature-in-beijing-on-may-13-2026,2,0,54.239999999999995,0,0.0,0.15359513274336284,,,,,False,0
0x8fbd7cf5f806f563080864694415829f7229a959,2026-05-13,0xadbb899eec1e427b4be377675ffc075a83ee6340d111a45c1cc0a61d8cda903b,34781158521928327855487950520408975874214537226612495957902667937745222884821,YES,33°C,highest-temperature-in-beijing-on-may-13-2026,1,0,20.0,0,0.0,0.05,,,,,False,0
0x8fbd7cf5f806f563080864694415829f7229a959,2026-05-14,0xcb855e159773d7a6a8ec2f41bbe40659107b32edc4c011d72f6fb88aaf9fbefe,35397368334849357960612267019953814096114409946362743819623339930071108948261,NO,33°C or below,highest-temperature-in-beijing-on-may-14-2026,1,0,5.0,0,0.0,0.61,,,,,False,0
0x8fbd7cf5f806f563080864694415829f7229a959,2026-05-15,0x0a0a2c2e0b1a5cb2a478aaa1059324f752060e1bffdc28c3bcc0a2d8af0c9a33,46919219596152938037717923999755202742383876660679459894395592129680611122817,YES,34°C,highest-temperature-in-beijing-on-may-15-2026,1,0,26.0,0,0.0,0.07,,,,,False,0
0x8fbd7cf5f806f563080864694415829f7229a959,2026-05-15,0x6a2eb06b7474db2824895c7944e5609aef2bc80cc10e6ec593318cf8c42681e8,114957235089627222281733977447961813746166878041324174897525978166117838254355,NO,31°C or below,highest-temperature-in-beijing-on-may-15-2026,1,0,19.6,0,0.0,0.51,,,,,False,0
0x8fbd7cf5f806f563080864694415829f7229a959,2026-05-15,0x6f95dd2f01926b1ed242b105012f78eae9c914cbea8bc873bc78c6aae221edcf,91929985474299973247101916379118199677022379637274151837595652151070459043466,YES,37°C,highest-temperature-in-beijing-on-may-15-2026,13,0,13.39,0,0.0,0.006999999999999999,,,,,False,0
0x8fbd7cf5f806f563080864694415829f7229a959,2026-05-15,0xa44a582226793c793a30d1dfb210acd72a2b7fbab10424c5ec07d53476313c65,82472294151449516023001353381733073805113977827525327718569998576163665180172,YES,36°C,highest-temperature-in-beijing-on-may-15-2026,7,0,8.39,0,0.0,0.006999999999999999,,,,,False,0
0x8fbd7cf5f806f563080864694415829f7229a959,2026-05-15,0xc85ba0c784406f0b2ebf9bef74f88b7d9e46b52158ba11401eb43ea0108ae1cd,41785033596484707757775682973553445290606101920888292470856508904692188320791,YES,39°C,highest-temperature-in-beijing-on-may-15-2026,1,0,100.0,0,0.0,0.006999999999999999,,,,,False,0
0x8fbd7cf5f806f563080864694415829f7229a959,2026-05-16,0x11eb7a73bdee8a7b130bfb51d814f6a8795ddb06ed74264010ecbe68dad5564a,1995055765359316749012455069088450073824890639372955675394973650909545867350,YES,26°C,highest-temperature-in-beijing-on-may-16-2026,2,0,28.869999999999997,0,0.0,0.13652926913751298,,,,,False,0
0x8fbd7cf5f806f563080864694415829f7229a959,2026-05-16,0xe4d7b431616267ea409121baab30a9ee2bc1177738f50429e4f4a87902a147b3,19602316634504176586477599160708462271308205520870474042477914581911234987363,NO,25°C or below,highest-temperature-in-beijing-on-may-16-2026,11,0,79.429337,0,0.0,0.10313016965003749,,,,,False,0
0x8fbd7cf5f806f563080864694415829f7229a959,2026-05-17,0x8eec54fb08bf8cea98867c7e07574bac072a1e20f226f62c40d2bc61f3ec480f,30162447575188743700844274781636475419678537084756405879114468948489918874044,YES,18°C,arch-highest-temperature-in-beijing-on-may-17-2026,1,0,38.97,0,0.0,0.097,,,,,False,0
0x8fbd7cf5f806f563080864694415829f7229a959,2026-05-20,0x1d66423c9232bb1c1ac68e4ef22008829fa02f194d92b685fb6e842f153715ec,25878034926795501361533911170698635668404657776719064814785558153670598792365,NO,23°C,highest-temperature-in-beijing-on-may-20-2026,2,0,11.809999999999999,0,0.0,0.6393734123624049,,,,,False,0
0x8fbd7cf5f806f563080864694415829f7229a959,2026-05-20,0x1d66423c9232bb1c1ac68e4ef22008829fa02f194d92b685fb6e842f153715ec,78390593802202421958083058526450948807602483056095336788854153317261599112248,YES,23°C,highest-temperature-in-beijing-on-may-20-2026,4,0,178.39,0,0.0,0.084769325634845,,,,,False,0
0x8fbd7cf5f806f563080864694415829f7229a959,2026-05-20,0x3a3663d9e10638b4e665e8ce0e757301d6bb52d055b218a53813dfb4b32bd5a9,19239523591017610336341719985810332349842737519495402739975531854551427685496,NO,24°C,highest-temperature-in-beijing-on-may-20-2026,2,0,9.077233,0,0.0,0.4331643794975848,,,,,False,0
0x8fbd7cf5f806f563080864694415829f7229a959,2026-05-20,0x3a3663d9e10638b4e665e8ce0e757301d6bb52d055b218a53813dfb4b32bd5a9,33597262421038714716577284768423589313352601738106176067564976662539517756414,YES,24°C,highest-temperature-in-beijing-on-may-20-2026,1,0,2.78,0,0.0,0.19,,,,,False,0
0x8fbd7cf5f806f563080864694415829f7229a959,2026-05-20,0xdfa4071fad346f7e2224638778614e0c462481a1e14cd64da2fc2f625e99af15,101055938403920836871690557717409008951405155621657753387437387749270896834706,NO,25°C,highest-temperature-in-beijing-on-may-20-2026,1,0,7.27,0,0.0,0.52,,,,,False,0
0x8fbd7cf5f806f563080864694415829f7229a959,2026-05-20,0xdfa4071fad346f7e2224638778614e0c462481a1e14cd64da2fc2f625e99af15,102783213071589782035858942714796281807170384289685395658841967448375926389105,YES,25°C,highest-temperature-in-beijing-on-may-20-2026,3,0,45.43719,0,0.0,0.13111706511780327,,,,,False,0
0x8fbd7cf5f806f563080864694415829f7229a959,2026-05-21,0x6fe8680079a55fa1cdc20d40a2cc2c7bcf83861baff8fd6a7d821687be3b858e,101216139329124329100411595221317692009054115977106193188702251523345665497332,NO,31°C,highest-temperature-in-beijing-on-may-21-2026,1,0,5.23,0,0.0,0.722,,,,,False,0
0x8fbd7cf5f806f563080864694415829f7229a959,2026-05-21,0x6fe8680079a55fa1cdc20d40a2cc2c7bcf83861baff8fd6a7d821687be3b858e,2788435560877984847489194551625763322333664688550816569622165414682957885118,YES,31°C,highest-temperature-in-beijing-on-may-21-2026,2,0,138.84,0,0.0,0.054458729472774414,,,,,False,0
0x8fbd7cf5f806f563080864694415829f7229a959,2026-05-21,0xb991c4417189048cf493596064cffa16c1bee960b16c24bc73ca709859fb14ff,15247397263853519411220206973667728796373448701278942230086577108836946606486,YES,26°C,highest-temperature-in-beijing-on-may-21-2026,8,0,86.185019,0,0.0,0.1697467630656321,,,,,False,0
0x8fbd7cf5f806f563080864694415829f7229a959,2026-05-21,0xc5eb76e431e7a2c2fd3c9b2505d2bf4036953e068b5d031b985dfeb7af3ba36c,28375401649114054998419447844729022152451002937973735570875373642203842697171,YES,27°C,highest-temperature-in-beijing-on-may-21-2026,7,0,57.97,0,0.0,0.2861997584957737,,,,,False,0
0x8fbd7cf5f806f563080864694415829f7229a959,2026-05-21,0xc5eb76e431e7a2c2fd3c9b2505d2bf4036953e068b5d031b985dfeb7af3ba36c,39674116388114654652600007631418063878310888169430780623126726939439174816754,NO,27°C,highest-temperature-in-beijing-on-may-21-2026,1,0,8.21,0,0.0,0.45999999999999996,,,,,False,0
0x8fbd7cf5f806f563080864694415829f7229a959,2026-05-21,0xd94feed1dd0f066bbd0128a637752ce5b5c1382ca33de6d065f697283d373711,25083192542713909958911041173961085332490978201712135188101622649435621403592,YES,25°C,highest-temperature-in-beijing-on-may-21-2026,1,0,29.08,0,0.0,0.13,,,,,False,0
0x8fbd7cf5f806f563080864694415829f7229a959,2026-05-21,0xdabfc594a5cff9ef3fa2381b47a6438752fdf4ffbb14a1e0dba3ee034573de32,86637377394826417754775132437475803442614605429307554919741703716948409584941,YES,22°C or below,highest-temperature-in-beijing-on-may-21-2026,6,0,97.14743299999999,0,0.0,0.060000000205872664,,,,,False,0
0x8fbd7cf5f806f563080864694415829f7229a959,2026-05-21,0xee609ecdeb3d6dc6f4e2c11be503bdfd84224f33691ce0a49792b287f5e8c8c3,94637588931495816891008748407522040268977585024132053711788629669220492192047,NO,28°C,highest-temperature-in-beijing-on-may-21-2026,2,0,6.938917,0,0.0,0.6467461709082267,,,,,False,0
0x8fbd7cf5f806f563080864694415829f7229a959,2026-05-22,0x00de043d027ecc99f534c8d847f6d0a623ad728e5dd1da293c94415f696921a8,2622872119344076753883192791784268373111655477519984705711043373036942873977,NO,20°C,highest-temperature-in-beijing-on-may-22-2026,2,0,13.32,0,0.0,0.5671771771771772,,,,,False,0
0x8fbd7cf5f806f563080864694415829f7229a959,2026-05-22,0x2664033a9c228a73d16ca6950c71485e09cb8ee25f8e0a3069727d0f39372d9b,45794868074707723755109782247162570624120212752596782140452860830341710620485,YES,23°C,highest-temperature-in-beijing-on-may-22-2026,1,0,47.85,0,0.0,0.079,,,,,False,0
0x8fbd7cf5f806f563080864694415829f7229a959,2026-05-22,0x3dffd2ac9d2f6c5b62faec49e7eb3737803cd194b6e61850d5b758b3575cb584,27990506239530381291962853690284818137283825239676253950767088185756330725407,YES,21°C,highest-temperature-in-beijing-on-may-22-2026,5,0,168.450416,0,0.0,0.08976602942909918,,,,,False,0
0x8fbd7cf5f806f563080864694415829f7229a959,2026-05-22,0xdac726c506e79d51ae68d16f93c5e9380cc6d473cc1745a112bd10dad13b4e59,23664292453318262337952284731288745537815028486226655197512031842145701896760,YES,22°C,highest-temperature-in-beijing-on-may-22-2026,2,0,7.71,0,0.0,0.13745784695201038,,,,,False,0
0x8fbd7cf5f806f563080864694415829f7229a959,2026-05-22,0xdac726c506e79d51ae68d16f93c5e9380cc6d473cc1745a112bd10dad13b4e59,71496942317030963530318563091360404926150414322727782786950232999003334486910,NO,22°C,highest-temperature-in-beijing-on-may-22-2026,3,0,16.42,0,0.0,0.47233861144945183,,,,,False,0
0x8fbd7cf5f806f563080864694415829f7229a959,2026-05-24,0x2564c2cbfa550a47b95bc026990d099d4d41b4ceea482c45619a247f27653d15,73308142752666413616381731390368894268024711924020784253882292909475882741143,NO,31°C,highest-temperature-in-beijing-on-may-24-2026,2,0,37.97,0,0.0,0.7333774032130629,,,,,False,0
0x8fbd7cf5f806f563080864694415829f7229a959,2026-05-24,0x8493023ca4e517ad244200adfe79ec707421fd21ad4a59990dc30be652f080ee,36282725548443781865542038056471956619651124714360613033033389348784618537408,YES,30°C,highest-temperature-in-beijing-on-may-24-2026,2,0,34.3,0,0.0,0.09169096209912538,,,,,False,0
0x8fbd7cf5f806f563080864694415829f7229a959,2026-05-24,0x8493023ca4e517ad244200adfe79ec707421fd21ad4a59990dc30be652f080ee,969966147032827998684299848212224041080342250910869971730333860716467894878,NO,30°C,highest-temperature-in-beijing-on-may-24-2026,2,0,8.651175,0,0.0,0.6732005768002612,,,,,False,0
0x8fbd7cf5f806f563080864694415829f7229a959,2026-05-24,0xc3f4f78b6802660278f4ef04b1dec1f6ff06407616c6f5d27cf168c35fae1b0d,102664316433097774268539188750016558737384037884601046972728854627668300592115,YES,29°C,highest-temperature-in-beijing-on-may-24-2026,17,0,63.650785,0,0.0,0.20764402198653165,,,,,False,0
0x8fbd7cf5f806f563080864694415829f7229a959,2026-05-24,0xc3f4f78b6802660278f4ef04b1dec1f6ff06407616c6f5d27cf168c35fae1b0d,66003247436330513705807082382133009378992090386066099016493133903744997352771,NO,29°C,highest-temperature-in-beijing-on-may-24-2026,1,0,11.0,0,0.0,0.45,,,,,False,0
0x8fbd7cf5f806f563080864694415829f7229a959,2026-05-25,0x3797a700c1440200375890ebd0e361a1c360655839826b0312bec58a7863b652,70064973592790054075949801878101912924001477928957328355899005112212810848075,YES,23°C,highest-temperature-in-beijing-on-may-25-2026,2,0,31.63684,0,0.0,0.05,,,,,False,0
0x8fbd7cf5f806f563080864694415829f7229a959,2026-05-25,0xae275d28fa9d89f2ea3dddfda2282bd0e65a4e2abdadb3918af87b48c8314bf0,26078461899393318860657883945892083713901115879955845416672099124022137377095,NO,22°C,highest-temperature-in-beijing-on-may-25-2026,1,0,29.63,0,0.0,0.47000000000000003,,,,,False,0
0x8fbd7cf5f806f563080864694415829f7229a959,2026-05-25,0xb9c73b85aa3ef280f44944f9900a4809c6f4ee82b7a9f5852ec665d5f31a8fcc,57245258041963532640421782743065568146372389073525862915745391310886104423663,YES,24°C,highest-temperature-in-beijing-on-may-25-2026,1,0,35.99956,0,0.0,0.049999999999999996,,,,,False,0
0x8fbd7cf5f806f563080864694415829f7229a959,2026-05-26,0x43722b194a2da66778006af0f0a508831dd09ad44838337b7f5c5703571190b6,75260747291741013236396561217956674880489698289897303981076280416327405769946,YES,27°C,highest-temperature-in-beijing-on-may-26-2026,4,0,214.07156,0,0.0,0.05,,,,,False,0
0x8fbd7cf5f806f563080864694415829f7229a959,2026-05-26,0x92505e0a608cab52d7814f9acf9fc3d15023ec8b878fc385a19369f9dbb0a6d9,10685853515055360421052291085464900475488422553722976770500877991639573802167,YES,26°C,highest-temperature-in-beijing-on-may-26-2026,8,1,230.67,173.0,0.7499891620063295,0.26847409719512727,0.27999999999999997,0.0115259028048727,44275,41842,False,0
0x8fbd7cf5f806f563080864694415829f7229a959,2026-05-26,0xa42afb979bee4c595a252585bd233df3fbcbacc7107778a8247df08316f891f1,49845022285127951117461479556729867073463306526536538101644229829057007691013,NO,23°C or below,highest-temperature-in-beijing-on-may-26-2026,1,0,4.08,0,0.0,0.501,,,,,False,0
0x8fbd7cf5f806f563080864694415829f7229a959,2026-05-26,0xa42afb979bee4c595a252585bd233df3fbcbacc7107778a8247df08316f891f1,69824285158366698944938955975883421549139779486730018230234496697618220981623,YES,23°C or below,highest-temperature-in-beijing-on-may-26-2026,1,0,44.23,0,0.0,0.076,,,,,False,0
0x8fbd7cf5f806f563080864694415829f7229a959,2026-05-26,0xc14748812410d0f95f612ab84edf2fd2b81751d7037a82341cc702a31b7d7a10,87878284016303188914277509912171867145591448844960778623416043368213043132609,YES,29°C,highest-temperature-in-beijing-on-may-26-2026,1,0,40.61,0,0.0,0.06,,,,,False,0
0x8fbd7cf5f806f563080864694415829f7229a959,2026-05-26,0xd2b17b7493479120bdb41e8e2ec2e9607c63c849ae5f2c65424331afe13e7e4a,53653964096822199950136813212823866507983742317223158225876318896935751932271,NO,25°C,highest-temperature-in-beijing-on-may-26-2026,3,0,32.39,0,0.0,0.43000000000000005,,,,,False,0
0x8fbd7cf5f806f563080864694415829f7229a959,2026-05-26,0xd2b17b7493479120bdb41e8e2ec2e9607c63c849ae5f2c65424331afe13e7e4a,77049166634228375625717542995454122523614502168855814873579717334579327634409,YES,25°C,highest-temperature-in-beijing-on-may-26-2026,5,0,61.28,0,0.0,0.25385248041775454,,,,,False,0
0x8fbd7cf5f806f563080864694415829f7229a959,2026-05-26,0xdf1c970f897fa1a064fff7bf196fb2f2a7ecbe55b8850838267ec7fccb1e2726,1184879801002246153781113428086198823765365655271402136051832995752669422575,NO,24°C,highest-temperature-in-beijing-on-may-26-2026,2,0,23.169999999999998,0,0.0,0.6129939577039275,,,,,False,0
0x8fbd7cf5f806f563080864694415829f7229a959,2026-05-26,0xdf1c970f897fa1a064fff7bf196fb2f2a7ecbe55b8850838267ec7fccb1e2726,92028934800130126716706981304029871483671679246399173488444080910318209346930,YES,24°C,highest-temperature-in-beijing-on-may-26-2026,6,0,107.551366,0,0.0,0.1162434050349486,,,,,False,0
0x8fbd7cf5f806f563080864694415829f7229a959,2026-05-27,0x1a809a3dde2657a850d15f46c3cb2068f3dd45bd46f1d84f5e99084d2cbc706e,22181823414467961205669998690228757584795780090556446187605453116028559329682,NO,30°C,highest-temperature-in-beijing-on-may-27-2026,1,0,27.3,0,0.0,0.51,,,,,False,0
0x8fbd7cf5f806f563080864694415829f7229a959,2026-05-27,0x430ed9708f7d0e83ad2d63606c39f2dbc3d720fb9e20fec76046ce78cf39129e,113362442633327288601160549980744347993548751330020960861731590520256645789168,YES,28°C,highest-temperature-in-beijing-on-may-27-2026,5,0,201.79000000000002,0,0.0,0.0686248079686803,,,,,False,0
0x8fbd7cf5f806f563080864694415829f7229a959,2026-05-27,0x430ed9708f7d0e83ad2d63606c39f2dbc3d720fb9e20fec76046ce78cf39129e,1811730456324423556896834045580788124814654201883326679959569316493813201809,NO,28°C,highest-temperature-in-beijing-on-may-27-2026,1,0,22.46,0,0.0,0.62,,,,,False,0
0x8fbd7cf5f806f563080864694415829f7229a959,2026-05-27,0x55d8abbd7a4cb6467ba13cf3b6509596975c38ddec0ee80eda9a3ac30a76c11e,79734960891678238207810558216219536627980633944409279554572154570200095719681,NO,29°C,highest-temperature-in-beijing-on-may-27-2026,1,0,9.99,0,0.0,0.44999999999999996,,,,,False,0
0x8fbd7cf5f806f563080864694415829f7229a959,2026-05-28,0x6320d43bf61d91559b72b806027fc800b12a98588cb0052a9658e3373e488f75,9740769880818421391031103428825414550925803489591369500578784646947650424250,NO,31°C,highest-temperature-in-beijing-on-may-28-2026,1,0,6.666665,0,0.0,0.7000000750000188,,,,,False,0
0x8fbd7cf5f806f563080864694415829f7229a959,2026-05-28,0x9fc45be48faa072bf58296160d779c240b5500c6d98a72d9878556a19340734b,4942643844524716148816329188693993509464945823647287717161401841702007897438,YES,30°C,highest-temperature-in-beijing-on-may-28-2026,4,0,38.19,0,0.0,0.32388557213930347,,,,,False,0
0x8fbd7cf5f806f563080864694415829f7229a959,2026-05-29,0x5d78d80afcb5a64f538a44d9fa8dcb70dab0f84609dc855a4b5a9373c8ca6ac7,82181268839268597605182573727337410714679376981773930767871231782774133316287,YES,32°C,highest-temperature-in-beijing-on-may-29-2026,2,0,32.65,0,0.0,0.3147133231240429,,,,,False,0
0x8fbd7cf5f806f563080864694415829f7229a959,2026-05-29,0xe032ddc54103f71b8aaec186198d9af783c8a151dae91721bce3c2bb1e6ae736,76459812788215062222637465417372566699093509983496100758188970934171982055253,NO,34°C,highest-temperature-in-beijing-on-may-29-2026,5,0,45.76,0,0.0,0.7585314685314686,,,,,False,0
0x8fbd7cf5f806f563080864694415829f7229a959,2026-05-30,0x238db71cc6564eb1c621161987d93a15cf327cd34049adfc6d39ec082c5a0f64,72851208588457178675054559346962232028410540745886304554069275462011826088059,YES,34°C or below,highest-temperature-in-beijing-on-may-30-2026,4,0,129.09676,0,0.0,0.0559230921054874,,,,,False,0
0x8fbd7cf5f806f563080864694415829f7229a959,2026-05-30,0x5ff7b5023a726ae66f003a3eeb7e888fe526158d8bf35372165781819cd82770,89217487366551092262566595466533888444417101352014503521352452637849039488691,NO,37°C,highest-temperature-in-beijing-on-may-30-2026,2,0,21.84,0,0.0,0.6768681318681318,,,,,False,0
0x8fbd7cf5f806f563080864694415829f7229a959,2026-05-30,0x6280f2b0829a40be3861c0ce7f2759d900aaa389eafab9cb411393f4b9851448,458361697660242309890927836572170734252833445691053003292405570480163284161,YES,35°C,highest-temperature-in-beijing-on-may-30-2026,12,0,78.56702800000001,0,0.0,0.10835951437541967,,,,,False,0
0x8fbd7cf5f806f563080864694415829f7229a959,2026-05-31,0xd591b06fde2dcfb7e9740f73ed1e620848467456a720899e2d5a74eb29156674,31317742911954786960343168693776378182032310400102043006662264403258619071143,NO,32°C or below,highest-temperature-in-beijing-on-may-31-2026,1,0,5.55,0,0.0,0.511,,,,,False,0
0x8fbd7cf5f806f563080864694415829f7229a959,2026-05-31,0xec0e6b1de64f26499023c5310b871fa49f8cf9e82261ed703de29493199af752,47345009559855031981824895404360398205093335632378733247397094383338965791335,NO,33°C,highest-temperature-in-beijing-on-may-31-2026,1,0,23.06,0,0.0,0.65,,,,,False,0
0x8fbd7cf5f806f563080864694415829f7229a959,2026-05-31,0xec0e6b1de64f26499023c5310b871fa49f8cf9e82261ed703de29493199af752,59564990251322333768141113476768881843603879737102574595481768836233486954651,YES,33°C,highest-temperature-in-beijing-on-may-31-2026,1,0,43.12,0,0.0,0.16000000000000003,,,,,False,0
0x8fbd7cf5f806f563080864694415829f7229a959,2026-05-31,0xf566a62727c3473eb80cc24c4782cf4eca8b98ad43b772699a61a358da9af042,2772078127890901413349618822985290429783987223523081825750442744690671174019,NO,34°C,highest-temperature-in-beijing-on-may-31-2026,1,0,13.724136,0,0.0,0.710000032060306,,,,,False,0
0x8fbd7cf5f806f563080864694415829f7229a959,2026-05-31,0xf566a62727c3473eb80cc24c4782cf4eca8b98ad43b772699a61a358da9af042,40644545952337385055025731277578503636692176781929881180098961111959245892097,YES,34°C,highest-temperature-in-beijing-on-may-31-2026,1,0,58.92,0,0.0,0.1,,,,,False,0
0x8fbd7cf5f806f563080864694415829f7229a959,2026-06-01,0x5cfc3cd84f69745afc387800752e9d95a02377269bf042e4bf34393af4419352,103463159694351968071680083479816563409696843058072071369789507229648720685842,NO,37°C,highest-temperature-in-beijing-on-june-1-2026,2,0,13.309999999999999,0,0.0,0.7417197595792637,,,,,False,0
0x8fbd7cf5f806f563080864694415829f7229a959,2026-06-01,0x81af861ec79dd61edfff8c9affc4818081648ffaba2e9941d26183b44cbbda29,17597010461715555779470199081281807536075593697207041768359904355808497651731,YES,35°C,highest-temperature-in-beijing-on-june-1-2026,8,0,95.33,0,0.0,0.1406042169306619,,,,,False,0
0x8fbd7cf5f806f563080864694415829f7229a959,2026-06-01,0x946da6dd135a79cded1760cbd2a233bd8bf7c584360aa64ec36f7009b01409ab,82648364870920300605759706137435303524543393758405219192758670314572339939287,YES,34°C,highest-temperature-in-beijing-on-june-1-2026,1,0,20.82,0,0.0,0.049999999999999996,,,,,False,0
0x8fbd7cf5f806f563080864694415829f7229a959,2026-06-02,0x9e639d54b8d80a7f1bdbc7c708ce9c1fc9cb7d512df576c78336d02b2393cd45,74405542515812962818152363512517426119020759399981579866220276216038546200955,YES,39°C,highest-temperature-in-beijing-on-june-2-2026,1,0,9.19,0,0.0,0.005,,,,,False,0
0x8fbd7cf5f806f563080864694415829f7229a959,2026-06-02,0xa01f218fe63857fa6445d277f5e420f1d949dda75559b75acaa5636b2ee56070,60868997267280319333232588928229765337809754729538154657621179019448738282096,NO,38°C,highest-temperature-in-beijing-on-june-2-2026,2,0,10.19,0,0.0,0.9797939156035331,,,,,False,0
0x8fbd7cf5f806f563080864694415829f7229a959,2026-06-02,0xa8eb91acf2283429209e0352826d5070e00b6d6db5695805d19fc9bf48a2557e,107457968664226078156230126469102428266760301002300072017030101122986040173448,YES,33°C or below,highest-temperature-in-beijing-on-june-2-2026,4,0,91.01830899999999,0,0.0,0.05660465522381877,,,,,False,0
0x8fbd7cf5f806f563080864694415829f7229a959,2026-06-02,0xa8eb91acf2283429209e0352826d5070e00b6d6db5695805d19fc9bf48a2557e,92449894996181005608138525181867114841032171516404430907339475991244369290627,NO,33°C or below,highest-temperature-in-beijing-on-june-2-2026,4,0,21.45,0,0.0,0.9309342657342659,,,,,False,0
0x8fbd7cf5f806f563080864694415829f7229a959,2026-06-02,0xd15570969b01e2a3b08570d31b6ab2a4385e2938f618fa11aa8f1350b031bafe,40879454799325015007433849586162761712369656910989247017069475095980705845534,YES,34°C,highest-temperature-in-beijing-on-june-2-2026,2,0,39.75,0,0.0,0.23344150943396225,,,,,False,0
0x8fbd7cf5f806f563080864694415829f7229a959,2026-06-02,0xd15570969b01e2a3b08570d31b6ab2a4385e2938f618fa11aa8f1350b031bafe,97719925417455731825806166064933586439382506130142259638646906904614461297957,NO,34°C,highest-temperature-in-beijing-on-june-2-2026,3,0,17.33,0,0.0,0.8644650894402771,,,,,False,0
0x8fbd7cf5f806f563080864694415829f7229a959,2026-06-02,0xec6e4b93fa74d65cfbcfd75d51191f7e5d88694dd5010cd656eab39ff947ca30,35993545251168427996737043956304127354593816967261203737546556883202192701156,NO,35°C,highest-temperature-in-beijing-on-june-2-2026,3,0,19.57,0,0.0,0.7652948390393459,,,,,False,0
0x8fbd7cf5f806f563080864694415829f7229a959,2026-06-02,0xec6e4b93fa74d65cfbcfd75d51191f7e5d88694dd5010cd656eab39ff947ca30,39255517642110803725020791181384002094516259285744030281388459315277993383785,YES,35°C,highest-temperature-in-beijing-on-june-2-2026,3,0,86.57,0,0.0,0.15708675060644567,,,,,False,0
0x8fbd7cf5f806f563080864694415829f7229a959,2026-06-02,0xef87b6027cc0ea6f4444c4b1dbe4fc9a0c85ee559d7b3489145eefb05e38b361,37282511415081575429072316118451145494080114758295069053226856958500935829908,YES,36°C,highest-temperature-in-beijing-on-june-2-2026,5,0,30.5,0,0.0,0.16393114754098362,,,,,False,0
0x8fbd7cf5f806f563080864694415829f7229a959,2026-06-02,0xef87b6027cc0ea6f4444c4b1dbe4fc9a0c85ee559d7b3489145eefb05e38b361,74249318127169623944294434014688729901585895997031242048740702953098834018998,NO,36°C,highest-temperature-in-beijing-on-june-2-2026,4,0,13.784812,0,0.0,0.7469680398978237,,,,,False,0
0x8fbd7cf5f806f563080864694415829f7229a959,2026-06-02,0xf8f194c3a1393455c389108b78903fa368fda907964a8f88d8c319365e2a056f,15576718539303642558343769409038831115323869783646937413489809712796718801024,NO,37°C,highest-temperature-in-beijing-on-june-2-2026,1,0,3.858665,0,0.0,0.8500001943677412,,,,,False,0
0x8fbd7cf5f806f563080864694415829f7229a959,2026-06-02,0xf8f194c3a1393455c389108b78903fa368fda907964a8f88d8c319365e2a056f,54937973038685067362020326396391676713884503740782069688546964162808438633299,YES,37°C,highest-temperature-in-beijing-on-june-2-2026,4,0,98.009974,0,0.0,0.10275481758621832,,,,,False,0
0x8fbd7cf5f806f563080864694415829f7229a959,2026-06-03,0x367f85bc3de46042a3999ab9eba7bb1157979b45ea9ea0b98f5a282fd1ad6bae,48740282404065494479307567151823296819192560962506978720088313007318321370810,NO,34°C,highest-temperature-in-beijing-on-june-3-2026,1,0,5.02,0,0.0,0.9950000000000001,,,,,False,0
0x8fbd7cf5f806f563080864694415829f7229a959,2026-06-03,0x8d1344a9082eeada875e7c579f2e71cf53e9a419c319939330df73adb069793f,21042456673409462603987063133539457264078736482908389506012832316998100600591,NO,32°C,highest-temperature-in-beijing-on-june-3-2026,2,0,6.09,0,0.0,0.9892413793103448,,,,,False,0
0x8fbd7cf5f806f563080864694415829f7229a959,2026-06-03,0xa63bff1df8a4d388933f6ad3f3f6a0e693aa915f400dfb84af0367ce5fd37d26,64446324453687975606996736583235950115387348241175327979321466472251535229012,YES,30°C or below,highest-temperature-in-beijing-on-june-3-2026,2,0,11.16,0,0.0,0.8939372759856631,,,,,False,0
0x8fbd7cf5f806f563080864694415829f7229a959,2026-06-03,0xb84a2b442e3ccbd29dd7e44193c20bc52e076918f5992ea35ddb3b364adf3f4e,82016903466760026260437931598060970585448531340405562862698505112987646032647,NO,33°C,highest-temperature-in-beijing-on-june-3-2026,1,0,5.04,0,0.0,0.9919999999999999,,,,,False,0
0x8fbd7cf5f806f563080864694415829f7229a959,2026-06-03,0xff0b78be54e27d551dc2442fa8ed45cc30b4274b1eaab6d7a331ecff7f37e623,45023498279070193052357866750973193118040448238559311873589528708155780630798,NO,31°C,highest-temperature-in-beijing-on-june-3-2026,3,0,15.620000000000001,0,0.0,0.9220563380281689,,,,,False,0
0x8fbd7cf5f806f563080864694415829f7229a959,2026-06-04,0x2b3cdcf97579da6dc2b7a03d14220a970e9a1eac93995af28c1e829488626538,10920385743963467894208383522106941075101899980406747658779033243033075459577,NO,25°C or below,highest-temperature-in-beijing-on-june-4-2026,1,0,12.22,0,0.0,0.409,,,,,False,0
0x8fbd7cf5f806f563080864694415829f7229a959,2026-06-04,0x2b3cdcf97579da6dc2b7a03d14220a970e9a1eac93995af28c1e829488626538,3338868682884304294013806169234128163912137636922346184891439051108922642501,YES,25°C or below,highest-temperature-in-beijing-on-june-4-2026,1,0,5.74,0,0.0,0.87,,,,,False,0
0x8fbd7cf5f806f563080864694415829f7229a959,2026-06-04,0x7420405f60c5bd56cfeb041dc166645925c7ae3e8afc8ce4a70f9cd220deb879,39509054429568398810874136627463165633354288973881287672290750707653670324779,YES,29°C,highest-temperature-in-beijing-on-june-4-2026,3,0,182.35,0,0.0,0.029314011516314777,,,,,False,0
0x8fbd7cf5f806f563080864694415829f7229a959,2026-06-04,0x964dce9c0ce262a6ff7f51d87e89085c59519d557fec836071d17700f450b72a,59099083562975116112881274888216729761224919592446222408553577374347419622771,YES,35°C or higher,highest-temperature-in-beijing-on-june-4-2026,2,0,18.8,0,0.0,0.0029999999999999996,,,,,False,0
0x8fbd7cf5f806f563080864694415829f7229a959,2026-06-04,0xa8ab4e7198c2b3a6685136f488158ff59c62eb04eef6f114cf63147168a568ea,21629359348534864487675935514854489777306019937747083645130205945136292121428,YES,26°C,highest-temperature-in-beijing-on-june-4-2026,7,0,44.319639,0,0.0,0.22555332637073147,,,,,False,0
0x8fbd7cf5f806f563080864694415829f7229a959,2026-06-04,0xa8ab4e7198c2b3a6685136f488158ff59c62eb04eef6f114cf63147168a568ea,37364494351125174983378870381605889932570435994375038901108279448641087877945,NO,26°C,highest-temperature-in-beijing-on-june-4-2026,1,0,2.025,0,0.0,0.2,,,,,False,0
0x8fbd7cf5f806f563080864694415829f7229a959,2026-06-04,0xb406e103b578e9b282d5be938775d5d6e56b1eba699a046347a751a1b37ae578,14437087779716027739623427014377029208334475637495537743572448104892101545214,NO,28°C,highest-temperature-in-beijing-on-june-4-2026,3,0,36.07,0,0.0,0.27656917105627943,,,,,False,0
0x8fbd7cf5f806f563080864694415829f7229a959,2026-06-04,0xb406e103b578e9b282d5be938775d5d6e56b1eba699a046347a751a1b37ae578,6447329645424413853127257525876927487814988931907130419733038092788143695469,YES,28°C,highest-temperature-in-beijing-on-june-4-2026,23,6,1148.743361,1070.59,0.9319662131218183,0.012940836486801685,0.2914087559196331,0.27846791943283145,170014,-2777,True,1
0x8fbd7cf5f806f563080864694415829f7229a959,2026-06-04,0xb46205b56aac8a4fe07454a0caed44d9c7707c823bf440ec5cc3af50e4cdf371,47932854540915660501170527892978816093210659301211267395853872907319138037864,NO,27°C,highest-temperature-in-beijing-on-june-4-2026,1,0,2.513225,0,0.0,0.24400003978951348,,,,,False,0
0x8fbd7cf5f806f563080864694415829f7229a959,2026-06-04,0xb46205b56aac8a4fe07454a0caed44d9c7707c823bf440ec5cc3af50e4cdf371,98143505960813235366470719204212796062003936030866216849364334896908058983106,YES,27°C,highest-temperature-in-beijing-on-june-4-2026,5,15,286.25,286.247264,0.9999904419213973,0.052371947598253275,0.5826203949324037,0.5302484473341504,174227,4137,False,0
0x8fbd7cf5f806f563080864694415829f7229a959,2026-06-05,0x462a1aa163fef75aad3ca78a4398c017833e753f488247f54370044d796a8273,65698924762003658626189366802311484004981547728939573568794899069380768313937,YES,30°C,highest-temperature-in-beijing-on-june-5-2026,2,0,15.020166,0,0.0,0.011667114730955703,,,,,False,0
0x8fbd7cf5f806f563080864694415829f7229a959,2026-06-05,0x4d1faeb2b965288f2560d3ded1590e16b1268225045d6e8865dc1f4ceea39bbf,13819038508849179390783451196508920015737339647538613495183866448668876783398,YES,26°C,highest-temperature-in-beijing-on-june-5-2026,7,0,116.74062599999999,0,0.0,0.036878370002915696,,,,,False,0
0x8fbd7cf5f806f563080864694415829f7229a959,2026-06-05,0x4d1faeb2b965288f2560d3ded1590e16b1268225045d6e8865dc1f4ceea39bbf,38477537542860806200410577940829099204177374714433797227213282859780802350478,NO,26°C,highest-temperature-in-beijing-on-june-5-2026,1,0,6.41,0,0.0,0.7799999999999999,,,,,False,0
0x8fbd7cf5f806f563080864694415829f7229a959,2026-06-05,0xc18327edb164a93e226443f5fa8ac8568083c79ef8db04de0c47e69540fdcfcb,109872041343818093634172860343174347491898973968814058861314842137472402446312,YES,29°C,highest-temperature-in-beijing-on-june-5-2026,3,0,54.15,0,0.0,0.09402954755309326,,,,,False,0
0x8fbd7cf5f806f563080864694415829f7229a959,2026-06-05,0xc48b2cdeaae83f525ae2b5382683e12698ada765ba42f3cf2fd35622f0a16ecc,385507400770152570087783830797814502524626307880849627058337168331493843559,YES,27°C,highest-temperature-in-beijing-on-june-5-2026,8,0,78.69,0,0.0,0.18210954377938748,,,,,False,0
0x8fbd7cf5f806f563080864694415829f7229a959,2026-06-05,0xfd36fc150be9204a8853c2f0cfab79163176ef30744fec632c495e30a6d03ea3,1441871812739082609404138506636743766187067836883185138157532709160058612317,YES,28°C,highest-temperature-in-beijing-on-june-5-2026,5,0,39.29,0,0.0,0.23249936370577756,,,,,False,0
0x8fbd7cf5f806f563080864694415829f7229a959,2026-06-05,0xfd36fc150be9204a8853c2f0cfab79163176ef30744fec632c495e30a6d03ea3,74447228683318994137906855036813157740323163299064258480777943731156159396681,NO,28°C,highest-temperature-in-beijing-on-june-5-2026,3,0,148.736358,0,0.0,0.03361627961873317,,,,,False,0
0x8fbd7cf5f806f563080864694415829f7229a959,2026-06-06,0x4f0ffbab546a73c33da73d28d3441007fe725afd77e2847266ce38b9bc6d3580,67449811202192419739446926780323493129220939661730900717499237948581318835162,YES,23°C,highest-temperature-in-beijing-on-june-6-2026,8,0,138.480425,0,0.0,0.07108971538757192,,,,,False,0
0x8fbd7cf5f806f563080864694415829f7229a959,2026-06-06,0x5f1526e1fe20f5cf258be604ed04f3d2e1f3b0780ba7f4a58668d2a564b3a62f,4217287762561304301865608936776007732964022940405088476204426999521691730056,YES,24°C,highest-temperature-in-beijing-on-june-6-2026,1,0,18.0,0,0.0,0.060000000000000005,,,,,False,0
0x8fbd7cf5f806f563080864694415829f7229a959,2026-06-06,0x7533f09cc0855c57941a1003d3541138e970bbe93e4a0d74f51f147e46476118,59283210530855211916924872037306161528399991005462181827966043145784641588695,NO,22°C or below,highest-temperature-in-beijing-on-june-6-2026,4,0,705.569,0,0.0,0.007086399770964993,,,,,False,0
0x8fbd7cf5f806f563080864694415829f7229a959,2026-06-07,0x07d11f71e2323bafa55c8402f31191204946517d2f7e0e2b4e97ccea16f2e33d,112064874471834356240693893270504946210497349472948015618616735139098149111759,YES,29°C,highest-temperature-in-beijing-on-june-7-2026,7,0,58.01,0,0.0,0.012827788312359938,,,,,False,0
0x8fbd7cf5f806f563080864694415829f7229a959,2026-06-07,0x67b2901b910a8076373d00e4692f01e3d8e6771180d4c05feba2af38dc58c82e,80239670461802298708640762212723898020609313804162600219339459902466327055061,YES,27°C,highest-temperature-in-beijing-on-june-7-2026,18,0,186.49429,0,0.0,0.3200065481897596,,,,,False,0
0x8fbd7cf5f806f563080864694415829f7229a959,2026-06-07,0xb24175287082362086968a7954a4bd1fc532c3dc6c028dbb5f2b600621d6663d,63570659182320585672017969801601448988792631964780299698328247271056091763258,NO,26°C,highest-temperature-in-beijing-on-june-7-2026,6,0,162.805383,0,0.0,0.2460427490901821,,,,,False,0
0x8fbd7cf5f806f563080864694415829f7229a959,2026-06-07,0xb94bbb382b52880fba42b92fcabe4f7007ed8e7807d8a4bbbf9d0b228c9d143d,35689589422213369188828015172370111053216627542555623145327874456390941634018,YES,24°C,highest-temperature-in-beijing-on-june-7-2026,4,0,1401.8442,0,0.0,0.013982609479712511,,,,,False,0
0x8fbd7cf5f806f563080864694415829f7229a959,2026-06-07,0xbd4b89f510cd6a5e60e7161fcd69a164e27bb7a97cd14a2a9df91e87ff2996d8,78182153546350202462411403727057174188765809822641724703043583592038930098862,YES,25°C,highest-temperature-in-beijing-on-june-7-2026,3,0,9.650114,0,0.0,0.11573086079604862,,,,,False,0
0x8fbd7cf5f806f563080864694415829f7229a959,2026-06-07,0xbd4b89f510cd6a5e60e7161fcd69a164e27bb7a97cd14a2a9df91e87ff2996d8,87762001389367347971619314246648678500073146464259855533415658625524379140314,NO,25°C,highest-temperature-in-beijing-on-june-7-2026,1,0,12.19,0,0.0,0.82,,,,,False,0
0x8fbd7cf5f806f563080864694415829f7229a959,2026-06-07,0xc592e39c71e3f00d494ca2d2e06b234785feff19cb8fa1ad89363c9d1322f683,109932164508771514518805862098480321511987264653353017967823343679962936156292,YES,28°C,highest-temperature-in-beijing-on-june-7-2026,10,0,76.904196,0,0.0,0.15669900508419593,,,,,False,0
0x8fbd7cf5f806f563080864694415829f7229a959,2026-06-07,0xc592e39c71e3f00d494ca2d2e06b234785feff19cb8fa1ad89363c9d1322f683,67469571168308664475731099866489570371134801723247416731927687949953357403144,NO,28°C,highest-temperature-in-beijing-on-june-7-2026,2,0,13.255651,0,0.0,0.7540672276299368,,,,,False,0
0x8fbd7cf5f806f563080864694415829f7229a959,2026-06-08,0x1c19ee92b3d674f466763c83ac897a6905349b582840e2b2022dcdc105a1871d,35276679332516799696363759283339151254671921153651325764643857178745270682998,YES,27°C,highest-temperature-in-beijing-on-june-8-2026,1,0,17.85,0,0.0,0.014,,,,,False,0
0x8fbd7cf5f806f563080864694415829f7229a959,2026-06-08,0x1f7950bbd80f27d68a68c88e34e88af15e661e3f73a753bfc4ff0f559faee1a9,14484423791388754070179986889581142429169883432416659207523294383534405219122,YES,26°C,highest-temperature-in-beijing-on-june-8-2026,1,0,11.36,0,0.0,0.022000000000000002,,,,,False,0
0x8fbd7cf5f806f563080864694415829f7229a959,2026-06-08,0x348c71db4db7d67d68b08ea2c7d7d9451435bfdc9b8b94ff93fcffd4b703e6f9,92321814270871413890766019429818416187911397941532646377616186934611747902351,YES,30°C,highest-temperature-in-beijing-on-june-8-2026,12,0,157.645581,0,0.0,0.275508439402434,,,,,False,0
0x8fbd7cf5f806f563080864694415829f7229a959,2026-06-08,0xb04ceb0832dcb10986721f74102c7ffbc05b080ce01c7452f5b765e95c1274d6,19384704583148508237980415331289608338106267555103490229042248493035464785374,NO,29°C,highest-temperature-in-beijing-on-june-8-2026,4,0,22.50418,0,0.0,0.3237303469844269,,,,,False,0
0x8fbd7cf5f806f563080864694415829f7229a959,2026-06-08,0xb04ceb0832dcb10986721f74102c7ffbc05b080ce01c7452f5b765e95c1274d6,78198637123662397358977973851989408857085949189735881492483204060583514715148,YES,29°C,highest-temperature-in-beijing-on-june-8-2026,10,0,166.739725,0,0.0,0.27463476984863683,,,,,False,0
0x8fbd7cf5f806f563080864694415829f7229a959,2026-06-08,0xe15b4c32a1a434d94fb4799c83eca449caa0168d33a10fa0c036e82fb5a8cb95,12345574949282271425457973783227458781348204566956559447296246886536395533941,YES,28°C,highest-temperature-in-beijing-on-june-8-2026,5,0,52.958981,0,0.0,0.17474256160631185,,,,,False,0
0x8fbd7cf5f806f563080864694415829f7229a959,2026-06-08,0xe15b4c32a1a434d94fb4799c83eca449caa0168d33a10fa0c036e82fb5a8cb95,42842220203262352902333651909089542906924109210438714009552124827800433026342,NO,28°C,highest-temperature-in-beijing-on-june-8-2026,2,0,25.409999999999997,0,0.0,0.2867847304210941,,,,,False,0
0x8fbd7cf5f806f563080864694415829f7229a959,2026-06-09,0x0fc8ba8471a40fa59d97c5b6217caf6c42f01daf6cdb9a74f48d4ae152d15ba3,110780913539365823178583426919281455568399327427644086319574501100504792534426,NO,28°C,highest-temperature-in-beijing-on-june-9-2026,1,0,17.39,0,0.0,0.419,,,,,False,0
0x8fbd7cf5f806f563080864694415829f7229a959,2026-06-09,0x0fc8ba8471a40fa59d97c5b6217caf6c42f01daf6cdb9a74f48d4ae152d15ba3,54565083265094000039898130104128028794947191029356204774837435267654184301256,YES,28°C,highest-temperature-in-beijing-on-june-9-2026,5,0,55.61317,0,0.0,0.06751267730287627,,,,,False,0
0x8fbd7cf5f806f563080864694415829f7229a959,2026-06-09,0x52f7afc75632d392b81b3715f232524e20a0d5b864768dcc19a6a836776672b6,35814528876025843230665378950625424691778392490909516950831457846085679759784,NO,29°C,highest-temperature-in-beijing-on-june-9-2026,2,0,21.689999999999998,0,0.0,0.9477233748271093,,,,,False,0
0x8fbd7cf5f806f563080864694415829f7229a959,2026-06-09,0x57bed688a9a8c1a27c0554fc784e15687fbbcf94cb722374db09b1190e455e27,96235818455990300937125329809580218649690798127658656765873591144312009612531,NO,27°C,highest-temperature-in-beijing-on-june-9-2026,1,0,15.18,0,0.0,0.48000000000000004,,,,,False,0
0x8fbd7cf5f806f563080864694415829f7229a959,2026-06-09,0x57bed688a9a8c1a27c0554fc784e15687fbbcf94cb722374db09b1190e455e27,97268098826888207747444728171039080106758793098321524588555488145449308364521,YES,27°C,highest-temperature-in-beijing-on-june-9-2026,12,0,115.79406399999999,0,0.0,0.23947054833484382,,,,,False,0
0x8fbd7cf5f806f563080864694415829f7229a959,2026-06-09,0xcf5496dee3a131c9e1e7d4916edf8f2586b3a8db5991204e208ecc2edbe15215,47116094914632101488285494569166379963655452388576800824188952568832491669190,YES,25°C,highest-temperature-in-beijing-on-june-9-2026,3,0,39.05,0,0.0,0.09862740076824585,,,,,False,0
0x8fbd7cf5f806f563080864694415829f7229a959,2026-06-09,0xcf5496dee3a131c9e1e7d4916edf8f2586b3a8db5991204e208ecc2edbe15215,47179080818788321485746508445561828299567835265159646167986085902957539818067,NO,25°C,highest-temperature-in-beijing-on-june-9-2026,1,0,7.68,0,0.0,0.77,,,,,False,0
0x8fbd7cf5f806f563080864694415829f7229a959,2026-06-09,0xf3951bd8b832b119ab5d47b088b9094e0e32a3b7a030898659eba3b6b706b3c4,31658900303302023607766017774213890170957662059432071343860985206437885948623,YES,26°C,highest-temperature-in-beijing-on-june-9-2026,13,0,112.280092,0,0.0,0.17383936593140661,,,,,False,0
0x8fbd7cf5f806f563080864694415829f7229a959,2026-06-09,0xf3951bd8b832b119ab5d47b088b9094e0e32a3b7a030898659eba3b6b706b3c4,89428417122915627019042945251625353543756603672169306377400237481570852710000,NO,26°C,highest-temperature-in-beijing-on-june-9-2026,2,0,24.7525,0,0.0,0.5120775679224321,,,,,False,0
0x8fbd7cf5f806f563080864694415829f7229a959,2026-06-10,0x49edde7c0a359b31a1c3ecbe16ef6a4218c1d295baf0485cb779eb5ffe4f9e49,37974200186298784238330683704750292892673563343889536518719928824211741025552,YES,26°C,highest-temperature-in-beijing-on-june-10-2026,1,0,9.93,0,0.0,0.19,,,,,False,0
0x8fbd7cf5f806f563080864694415829f7229a959,2026-06-10,0x49edde7c0a359b31a1c3ecbe16ef6a4218c1d295baf0485cb779eb5ffe4f9e49,72732220128088715054220227808164352349187587822193143524499861058963224490877,NO,26°C,highest-temperature-in-beijing-on-june-10-2026,4,0,49.5,0,0.0,0.6495151515151516,,,,,False,0
0x8fbd7cf5f806f563080864694415829f7229a959,2026-06-10,0x4e45e27614607fe5f2dab5a203a04bb6e26a08816d03b79dc2307f6b06713f8d,112005376513938206481890953533025976087164843494272392264612114895009752708681,NO,25°C,highest-temperature-in-beijing-on-june-10-2026,6,0,38.382351,0,0.0,0.8536619343614464,,,,,False,0
0x8fbd7cf5f806f563080864694415829f7229a959,2026-06-10,0x5edd872eb7c9cdaea3e5be8698222a15924ae01675dbf6b27917799a16dc83ec,115584204750501674481796770024784470753234669192565849194908664064903218769922,YES,29°C,highest-temperature-in-beijing-on-june-10-2026,12,0,466.860255,0,0.0,0.05817777955846767,,,,,False,0
0x8fbd7cf5f806f563080864694415829f7229a959,2026-06-10,0xc06edccd751c0d9cd036f01c3f582a2894d6f9f7a04cc645d502c2e290a4e565,33550911693140245169025513079398113602223529570094533218888428528377427779275,YES,27°C,highest-temperature-in-beijing-on-june-10-2026,4,0,44.724208000000004,0,0.0,0.24748811650281208,,,,,False,0
0x8fbd7cf5f806f563080864694415829f7229a959,2026-06-10,0xc06edccd751c0d9cd036f01c3f582a2894d6f9f7a04cc645d502c2e290a4e565,98481931316998679483782213348790316319162760383366320581180977471674415906254,NO,27°C,highest-temperature-in-beijing-on-june-10-2026,4,0,30.302854,0,0.0,0.556134283589262,,,,,False,0
0x8fbd7cf5f806f563080864694415829f7229a959,2026-06-10,0xceba45d2f67fc33bf46d55838dc0cd25c801243b5ce59334b8f25f895eb55bfe,103755249561195093776989099778501811193043355993130844506548960926795482767142,YES,28°C,highest-temperature-in-beijing-on-june-10-2026,11,0,218.554987,0,0.0,0.13058815262815301,,,,,False,0
0x8fbd7cf5f806f563080864694415829f7229a959,2026-06-11,0x11c4c047330113de90b26e87372ccc3f39081be726d749d072559061203dd3ea,80023034674236933929736917673386916203981368162436687496539597785088361276109,YES,33°C,highest-temperature-in-beijing-on-june-11-2026,13,0,262.78314,0,0.0,0.11466929347141525,,,,,False,0
0x8fbd7cf5f806f563080864694415829f7229a959,2026-06-11,0x11c4c047330113de90b26e87372ccc3f39081be726d749d072559061203dd3ea,99338408725753969579506976398280450789257488044121740831999366180388344727229,NO,33°C,highest-temperature-in-beijing-on-june-11-2026,2,0,15.02,0,0.0,0.8149667110519307,,,,,False,0
0x8fbd7cf5f806f563080864694415829f7229a959,2026-06-11,0x9f7503fb47fd2332032f1fff3d5c712527739c49034e0431f4ab4e4ed88494cc,69319117184975494230560585715218354506762934391043319982719221162839781297408,NO,32°C,highest-temperature-in-beijing-on-june-11-2026,1,0,13.97,0,0.0,0.39999999999999997,,,,,False,0
0x8fbd7cf5f806f563080864694415829f7229a959,2026-06-11,0x9f7503fb47fd2332032f1fff3d5c712527739c49034e0431f4ab4e4ed88494cc,71505918185685193918130961281853204703614808683665164228639010031066052365491,YES,32°C,highest-temperature-in-beijing-on-june-11-2026,16,0,140.620801,0,0.0,0.31987730606085796,,,,,False,0
0x8fbd7cf5f806f563080864694415829f7229a959,2026-06-11,0xcf9e38ecbeb5474dd83aab389aa83279a4fb248059c52384feabaa160ff1f21d,44803378724181149695397303370003657394721558263771851657194223191727323942481,YES,30°C,highest-temperature-in-beijing-on-june-11-2026,2,0,58.615044000000005,0,0.0,0.09398191358518812,,,,,False,0
0x8fbd7cf5f806f563080864694415829f7229a959,2026-06-11,0xcf9e38ecbeb5474dd83aab389aa83279a4fb248059c52384feabaa160ff1f21d,91293244075351659775488778973600189067701058576974869653145987493903042439832,NO,30°C,highest-temperature-in-beijing-on-june-11-2026,3,0,23.759999999999998,0,0.0,0.8563299663299664,,,,,False,0
0x8fbd7cf5f806f563080864694415829f7229a959,2026-06-11,0xe276359afe34ae714a90975c6e638db2e1b245faedee1d9d4e0eab430156cfba,31418146277073467994703957671998631634115812867623693521522418607419593430544,NO,31°C,highest-temperature-in-beijing-on-june-11-2026,5,0,43.74,0,0.0,0.6962368541380887,,,,,False,0
0x8fbd7cf5f806f563080864694415829f7229a959,2026-06-11,0xe276359afe34ae714a90975c6e638db2e1b245faedee1d9d4e0eab430156cfba,34587096425283313299172769714361389639440541117981461336814731394600951017694,YES,31°C,highest-temperature-in-beijing-on-june-11-2026,2,0,9.24,0,0.0,0.1111904761904762,,,,,False,0
0x8fbd7cf5f806f563080864694415829f7229a959,2026-06-12,0x1524062315611cf6ee8df3ed29082faa5270d911c12305200906a0501f05287d,89098707078170219839073393347160119695289108317850482273104362145412265516737,YES,33°C,highest-temperature-in-beijing-on-june-12-2026,20,0,161.776652,0,0.0,0.2781653745683895,,,,,False,0
0x8fbd7cf5f806f563080864694415829f7229a959,2026-06-12,0x3a20c9304e014f9452d01dd99977c0755fd0087e3a9f46328c111fddfb2443cd,101056054893076357303904934578593151855646782736238147041176169594318997287977,YES,31°C,highest-temperature-in-beijing-on-june-12-2026,1,0,5.31,0,0.0,0.107,,,,,False,0
0x8fbd7cf5f806f563080864694415829f7229a959,2026-06-12,0x3a20c9304e014f9452d01dd99977c0755fd0087e3a9f46328c111fddfb2443cd,13878985615409721574959430684944827383741352631986080692425874008484081246147,NO,31°C,highest-temperature-in-beijing-on-june-12-2026,1,0,25.19,0,0.0,0.316,,,,,False,0
0x8fbd7cf5f806f563080864694415829f7229a959,2026-06-12,0x441c5267746e66c4514bab7ed9e08520e1351ec3165b1665d0263ed2b7bc5801,8951594499615874553748685197765431559594838015834266080711310650141811792321,YES,30°C,highest-temperature-in-beijing-on-june-12-2026,2,0,119.88,0,0.0,0.05333583583583584,,,,,False,0
0x8fbd7cf5f806f563080864694415829f7229a959,2026-06-12,0x766e270f54012aaff7eef9cf39223198375c79c918002b4a13c4623416f7e601,34052646664296738904748629873700318744798248853060380978954601585847774616453,NO,35°C,highest-temperature-in-beijing-on-june-12-2026,3,0,20.464479,0,0.0,0.8162426221551988,,,,,False,0
0x8fbd7cf5f806f563080864694415829f7229a959,2026-06-12,0x766e270f54012aaff7eef9cf39223198375c79c918002b4a13c4623416f7e601,63755146036861147403700674705921841932797258853854767487816225333559982447788,YES,35°C,highest-temperature-in-beijing-on-june-12-2026,25,0,331.933918,0,0.0,0.08755046237847859,,,,,False,0
0x8fbd7cf5f806f563080864694415829f7229a959,2026-06-12,0x9cb0618f127af630b00733c08668f8aa5e6e555c98a78cf190a6ad80c2494cdb,35724377268088693225726919042925098838889556498629625171616930884099611978400,YES,34°C,highest-temperature-in-beijing-on-june-12-2026,18,0,219.706094,0,0.0,0.20481959867713093,,,,,False,0
0x8fbd7cf5f806f563080864694415829f7229a959,2026-06-12,0xf9af17a846a7586749a1fe6c40b966d61adb53f2d97c01a558643d25c78f1985,1714118038661427518313316937268610404668479943787391065898808357663921924129,YES,32°C,highest-temperature-in-beijing-on-june-12-2026,7,0,112.46430000000001,0,0.0,0.07631154064000753,,,,,False,0
0x8fbd7cf5f806f563080864694415829f7229a959,2026-06-12,0xf9af17a846a7586749a1fe6c40b966d61adb53f2d97c01a558643d25c78f1985,90200461757038218400564687400346301674611916517149704051741976997611484806500,NO,32°C,highest-temperature-in-beijing-on-june-12-2026,4,0,34.980000000000004,0,0.0,0.6685906232132647,,,,,False,0
0x8fbd7cf5f806f563080864694415829f7229a959,2026-06-13,0x0d5a58f39cf005369bb97be59a5944cd37950cb64f809a1b4d4039312f91b9e5,6105785989053873925872887663663747255491337868198461612465962408348257371054,YES,30°C,highest-temperature-in-beijing-on-june-13-2026,21,0,601.5989509999999,0,0.0,0.048659616096970226,,,,,False,0
0x8fbd7cf5f806f563080864694415829f7229a959,2026-06-13,0x158802b3e4b906008a265667fbb28b3a37095fde8bd5c62b2458902f6d1d75f3,111048838292469307401689887204781998971439734776503223221950679550251268782030,NO,27°C or below,highest-temperature-in-beijing-on-june-13-2026,8,0,98.76615199999999,0,0.0,0.36760015718745426,,,,,False,0
0x8fbd7cf5f806f563080864694415829f7229a959,2026-06-13,0x158802b3e4b906008a265667fbb28b3a37095fde8bd5c62b2458902f6d1d75f3,97285650534933203030758092675259538427822659635313099120111710203775171261065,YES,27°C or below,highest-temperature-in-beijing-on-june-13-2026,9,0,124.39149,0,0.0,0.21238504338198697,,,,,False,0
0x8fbd7cf5f806f563080864694415829f7229a959,2026-06-13,0x2a4ef750e0cd50be285aa13d2abab957f84ab7bba52201f1ac50059f3a7b287e,53522771611954073519107810271625097189426377014936356698638341430777931222453,NO,28°C,highest-temperature-in-beijing-on-june-13-2026,8,0,49.229755,0,0.0,0.48851671108255573,,,,,False,0
0x8fbd7cf5f806f563080864694415829f7229a959,2026-06-13,0x2a4ef750e0cd50be285aa13d2abab957f84ab7bba52201f1ac50059f3a7b287e,63159266234338932929796158125321215830217845293970878770554341260722975337491,YES,28°C,highest-temperature-in-beijing-on-june-13-2026,24,0,206.262993,0,0.0,0.23039334545096998,,,,,False,0
0x8fbd7cf5f806f563080864694415829f7229a959,2026-06-13,0xbfe9b486a569494f0ab1744f77eef60f2819ed3a1934f7ba886f0faae5fbf26a,8913211180035210205705635065825768536642467656807736898702065338836740702527,YES,29°C,highest-temperature-in-beijing-on-june-13-2026,15,0,422.94969,0,0.0,0.10639644871237523,,,,,False,0
0x8fbd7cf5f806f563080864694415829f7229a959,2026-06-13,0xff589a1ef1a810706b173b601f8f611528b25c08ff17fb897dad48e5d8ab166c,84536252408484106687673497973927465551641194403403939467112598710990156959056,NO,31°C,highest-temperature-in-beijing-on-june-13-2026,3,0,19.89657,0,0.0,0.9664585906012946,,,,,False,0
0x8fbd7cf5f806f563080864694415829f7229a959,2026-06-14,0x15b2c595ed0b02659db22595335afef17708565a8ff88ac855c8fba5363b0dbd,7715162870304101047523853154165022030055246366317600809530101074754236915073,YES,29°C,highest-temperature-in-beijing-on-june-14-2026,11,0,134.860445,0,0.0,0.2858966318849089,,,,,False,0
0x8fbd7cf5f806f563080864694415829f7229a959,2026-06-14,0x15b2c595ed0b02659db22595335afef17708565a8ff88ac855c8fba5363b0dbd,94801573071477203068810872488084376160399196572621227514106365567998184443569,NO,29°C,highest-temperature-in-beijing-on-june-14-2026,4,0,54.697036,0,0.0,0.7051869684492594,,,,,False,0
0x8fbd7cf5f806f563080864694415829f7229a959,2026-06-14,0x4974defaaae713f46b81ee220334bfbd395725b743492c73482c912ec3daba15,110685092897816916698881109402965143290082888809746421547772960417002862782771,YES,28°C,highest-temperature-in-beijing-on-june-14-2026,9,0,279.36,0,0.0,0.10464633447880871,,,,,False,0
0x8fbd7cf5f806f563080864694415829f7229a959,2026-06-14,0x4974defaaae713f46b81ee220334bfbd395725b743492c73482c912ec3daba15,93376619943547383217366558979684658119616113282307219708595111138519431533324,NO,28°C,highest-temperature-in-beijing-on-june-14-2026,30,0,581.298937,0,0.0,0.0803817967415275,,,,,False,0
0x8fbd7cf5f806f563080864694415829f7229a959,2026-06-14,0x64fd7d35d1ae9f1a4ae0da156480a895fb414a2c46b84d82f8ecaff23d8915d6,35180331032028038706583348141326891169499125978630297354207953422697365796324,NO,32°C,highest-temperature-in-beijing-on-june-14-2026,2,0,49.510000000000005,0,0.0,0.9087824681882447,,,,,False,0
0x8fbd7cf5f806f563080864694415829f7229a959,2026-06-14,0x7a43d47b1c3407e3624199177e5f2c167537d08d697aadf77fb85f7ade7fdf77,4968037327258027521539119699519081758841465201168127791040012535375192199025,YES,31°C,highest-temperature-in-beijing-on-june-14-2026,5,0,98.66854500000001,0,0.0,0.1292335870565437,,,,,False,0
0x8fbd7cf5f806f563080864694415829f7229a959,2026-06-14,0x7a43d47b1c3407e3624199177e5f2c167537d08d697aadf77fb85f7ade7fdf77,60908045305606217186958303389849350330477579353272673602767072539745103480802,NO,31°C,highest-temperature-in-beijing-on-june-14-2026,4,0,58.344095,0,0.0,0.876260331058353,,,,,False,0
0x8fbd7cf5f806f563080864694415829f7229a959,2026-06-14,0xc1e7ef3abf59c12a60cb0d9074e7b3403ee82bdf9aa0e9bbf93ec7bd37754cdb,58337845081216284792132991951256562119574326141969031799270643479867766405920,NO,27°C,highest-temperature-in-beijing-on-june-14-2026,4,0,28.939999999999998,0,0.0,0.9476793365583968,,,,,False,0
0x8fbd7cf5f806f563080864694415829f7229a959,2026-06-14,0xe391b55e15a64bc2377e1db899f0980aa7e505e2db23c721e057dbb3b26390e1,100047137079543132484900905995093173537920115373046138044918888014155835255962,NO,30°C,highest-temperature-in-beijing-on-june-14-2026,6,0,32.455,0,0.0,0.592555846556771,,,,,False,0
0x8fbd7cf5f806f563080864694415829f7229a959,2026-06-14,0xe391b55e15a64bc2377e1db899f0980aa7e505e2db23c721e057dbb3b26390e1,90047152302277059017325111118200582483992367601461427270730320912043661955819,YES,30°C,highest-temperature-in-beijing-on-june-14-2026,9,0,140.311357,0,0.0,0.29110514553714995,,,,,False,0
0x8fbd7cf5f806f563080864694415829f7229a959,2026-06-15,0x2f6611a75d5ef71cc5541d3421c1f821e59d76969909b3cbaac0ec5f7be8fc27,107916335795300733294233460139044270120711279103330347225252356667636101307228,NO,29°C,highest-temperature-in-beijing-on-june-15-2026,4,0,43.854241,0,0.0,0.6854785606710192,,,,,False,0
0x8fbd7cf5f806f563080864694415829f7229a959,2026-06-15,0x2f6611a75d5ef71cc5541d3421c1f821e59d76969909b3cbaac0ec5f7be8fc27,112437828537989067972280499886290100404044841667068976581234464509343112607014,YES,29°C,highest-temperature-in-beijing-on-june-15-2026,23,0,777.216409,0,0.0,0.1130066336517607,,,,,False,0
0x8fbd7cf5f806f563080864694415829f7229a959,2026-06-15,0x7d922aa4c91391bfa020925a2ad5c145ea7a06dc69d6d1edd24e2716d5eee9a3,12774272751065547505267680504810838914476675091416203867423769741502823177881,NO,32°C,highest-temperature-in-beijing-on-june-15-2026,1,0,16.61,0,0.0,0.932,,,,,False,0
0x8fbd7cf5f806f563080864694415829f7229a959,2026-06-15,0x9d15bfd34818adbde3a91521193eeebdf38ba1e802476319514df888f5bcef19,14592171193759150011072124757607149621403194065176583313373741413386707027451,NO,27°C,highest-temperature-in-beijing-on-june-15-2026,4,0,37.645383,0,0.0,0.9147340591540799,,,,,False,0
0x8fbd7cf5f806f563080864694415829f7229a959,2026-06-15,0xb60e02f7a919b55e1ce004fee12ee8d7c70631f5fff7b8c54c20646ab9e855d3,63272252243006317299810003574978304501778208373839105600438298384016777916509,NO,33°C,highest-temperature-in-beijing-on-june-15-2026,1,0,14.492752,0,0.0,0.931000061272007,,,,,False,0
0x8fbd7cf5f806f563080864694415829f7229a959,2026-06-15,0xdff662d6faef9eb8920d0c50be150eda326c5ccc31a9b1874f9bb8c9b035d0e7,113417719192542511724671583726295012759450737046371087160621259035992159573036,YES,31°C,highest-temperature-in-beijing-on-june-15-2026,25,0,382.119284,0,0.0,0.10977435778928132,,,,,False,0
0x8fbd7cf5f806f563080864694415829f7229a959,2026-06-15,0xdff662d6faef9eb8920d0c50be150eda326c5ccc31a9b1874f9bb8c9b035d0e7,33327747126052451776095133917884932740243849981573923702858439267984738994776,NO,31°C,highest-temperature-in-beijing-on-june-15-2026,1,0,18.01,0,0.0,0.8599999999999999,,,,,False,0
0x8fbd7cf5f806f563080864694415829f7229a959,2026-06-15,0xef0f48e35e79eeab30f641771c8a5988fc9886470ca357b61ae29b7d7fd3c91f,10521775040573652131847284096062102382149393780395899539713253590311323047855,NO,30°C,highest-temperature-in-beijing-on-june-15-2026,4,0,49.090319,0,0.0,0.6521819709503213,,,,,False,0
0x8fbd7cf5f806f563080864694415829f7229a959,2026-06-15,0xef0f48e35e79eeab30f641771c8a5988fc9886470ca357b61ae29b7d7fd3c91f,23174281270414988687625981995876696411773335856037509885664930968850443970036,YES,30°C,highest-temperature-in-beijing-on-june-15-2026,49,0,822.727976,0,0.0,0.19417221446229269,,,,,False,0
0x8fbd7cf5f806f563080864694415829f7229a959,2026-06-15,0xff912fd5c7a520f1a4358452df296133c74bcdddf7ac2a53d7a08afa384adec5,106287768550941782488179440572848421941093713497361300327898699642506519186009,NO,28°C,highest-temperature-in-beijing-on-june-15-2026,3,0,36.624834,0,0.0,0.8147459726370364,,,,,False,0
0x8fbd7cf5f806f563080864694415829f7229a959,2026-06-15,0xff912fd5c7a520f1a4358452df296133c74bcdddf7ac2a53d7a08afa384adec5,6625950344667103356659434812943537638945594145223162234577774499886339943740,YES,28°C,highest-temperature-in-beijing-on-june-15-2026,16,0,726.714305,0,0.0,0.07422644446224297,,,,,False,0
0x8fbd7cf5f806f563080864694415829f7229a959,2026-06-16,0x11f3975cec7e6b249bafb789290f01c16bd7169ceb231c2cd0fb1f930e3fa1eb,113552798546664220694258404115745182609391185268139830014334786812889121649836,YES,23°C,highest-temperature-in-beijing-on-june-16-2026,21,0,1362.570574,0,0.0,0.03189595814653194,,,,,False,0
0x8fbd7cf5f806f563080864694415829f7229a959,2026-06-16,0x1fea2cf6559f66d22ac2a2ac66e6065f2a56507bf828d720a766dfcd35196010,109357815268989123028477070640094930844933324770029162744522241466990967591020,YES,30°C,highest-temperature-in-beijing-on-june-16-2026,1,0,2.68,0,0.0,0.06699999999999999,,,,,False,0
0x8fbd7cf5f806f563080864694415829f7229a959,2026-06-16,0x1fea2cf6559f66d22ac2a2ac66e6065f2a56507bf828d720a766dfcd35196010,84155867006448713154904526258666152921647339120110587723546919920016960858240,NO,30°C,highest-temperature-in-beijing-on-june-16-2026,1,0,5.714284,0,0.0,0.8250001225000367,,,,,False,0
0x8fbd7cf5f806f563080864694415829f7229a959,2026-06-16,0x22082ab34a50f50952e539c07fabecf5c1e91e695d037476dbb53fc1602aed7c,18336600748988867651008388824914242592615477159900678797181177805814169357295,YES,29°C,highest-temperature-in-beijing-on-june-16-2026,64,0,1322.798988,0,0.0,0.09810724394052832,,,,,False,0
0x8fbd7cf5f806f563080864694415829f7229a959,2026-06-16,0x2f9ff2650e33f6d86d566768b75060325961a7e57ec86ca6db1fd8bbb491223c,17511707831454506659510318452264015661908685389950554160491760331613054189684,NO,26°C,highest-temperature-in-beijing-on-june-16-2026,4,0,11.43,0,0.0,0.7284899387576552,,,,,False,0
0x8fbd7cf5f806f563080864694415829f7229a959,2026-06-16,0x2f9ff2650e33f6d86d566768b75060325961a7e57ec86ca6db1fd8bbb491223c,70366410520402921405225628421766684491740832506152246113667979473099766730060,YES,26°C,highest-temperature-in-beijing-on-june-16-2026,2,0,69.19,0,0.0,0.1491588379823674,,,,,False,0
0x8fbd7cf5f806f563080864694415829f7229a959,2026-06-16,0x36495d79dfe74d29dc678604132f135947966da9867a8b6e863544796387db74,38823156790944239284134363560809662374109122218543093802667401177593772661747,NO,24°C,highest-temperature-in-beijing-on-june-16-2026,8,0,110.190642,0,0.0,0.212164268904069,,,,,False,0
0x8fbd7cf5f806f563080864694415829f7229a959,2026-06-16,0x36495d79dfe74d29dc678604132f135947966da9867a8b6e863544796387db74,51832576324768852204104268007332330338310405319140227120879475280795223322638,YES,24°C,highest-temperature-in-beijing-on-june-16-2026,14,0,339.489502,0,0.0,0.059312971038497676,,,,,False,0
0x8fbd7cf5f806f563080864694415829f7229a959,2026-06-16,0x76acd01ab977e1b7bdc2caa8fe0a42521f8e0a8d3d1ef66739f4fcf7df2dbbe2,50921203124746166937002808997350153898036418599561584176928309533185095084536,YES,28°C,highest-temperature-in-beijing-on-june-16-2026,42,0,497.325829,0,0.0,0.19927588759923426,,,,,False,0
0x8fbd7cf5f806f563080864694415829f7229a959,2026-06-16,0xb79d869c707b7e1aa20181e84defdc4d21a305ec1ab56b6c28a5be0d2d1e51ca,46686101084381342780613391998932043753965221764140161187523463859089317877382,NO,25°C,highest-temperature-in-beijing-on-june-16-2026,30,0,444.853186,0,0.0,0.11961951869666952,,,,,False,0
0x8fbd7cf5f806f563080864694415829f7229a959,2026-06-16,0xdaf0ec5b2233864449dd73252ae90ade83262fd705b34b32db8769f17de01c27,110374645291971959435871596737166774381208191956521053229219120195283377096843,NO,27°C,highest-temperature-in-beijing-on-june-16-2026,4,0,31.045713,0,0.0,0.7227057081923034,,,,,False,0
0x8fbd7cf5f806f563080864694415829f7229a959,2026-06-16,0xdaf0ec5b2233864449dd73252ae90ade83262fd705b34b32db8769f17de01c27,66720152089516994781451474195850746423447650259901437701924596159603218240361,YES,27°C,highest-temperature-in-beijing-on-june-16-2026,5,0,32.016358,0,0.0,0.27625450090232007,,,,,False,0
0x8fbd7cf5f806f563080864694415829f7229a959,2026-06-17,0x7a3f6af106bbaf48fb2cfebf87a99a3ae43287713ce6261aafa13fb6db711e9c,41508918928451602026084670676810930469334166738278701205799839648724253457351,NO,31°C,highest-temperature-in-beijing-on-june-17-2026,1,0,5.0,0,0.0,0.64,,,,,False,0
0x8fbd7cf5f806f563080864694415829f7229a959,2026-06-17,0x7a3f6af106bbaf48fb2cfebf87a99a3ae43287713ce6261aafa13fb6db711e9c,56340256106518273346205891369733361379741295160224652898000515137915540973040,YES,31°C,highest-temperature-in-beijing-on-june-17-2026,12,0,128.484241,0,0.0,0.3400000004669833,,,,,False,0
0x8fbd7cf5f806f563080864694415829f7229a959,2026-06-17,0xbcee009055b9f24e174026e14b5d25e40035d7b8d68eec8caa4e7cb975629798,9685716513841126764915597668166255436712438515050241388258086498989164308702,YES,32°C,highest-temperature-in-beijing-on-june-17-2026,16,0,455.443633,0,0.0,0.17701188502507842,,,,,False,0
0x8fbd7cf5f806f563080864694415829f7229a959,2026-06-17,0xbd4986ea6457350686c4ea538e932a39c38702e6f38fa1ddc98cb9648cdc60eb,97161090349635298994225839113344638360536323028885752492161485689211629290233,YES,33°C,highest-temperature-in-beijing-on-june-17-2026,12,0,567.261219,0,0.0,0.07546179179225718,,,,,False,0
0x8fbd7cf5f806f563080864694415829f7229a959,2026-06-18,0x3ec5383936ae9318089f9510958af9125a2c2ac71e2f38f9bc51d2c9024a2ae0,46611414230778506296371052456887573599244135283724850420573511818847568605954,YES,31°C,highest-temperature-in-beijing-on-june-18-2026,3,0,131.78,0,0.0,0.3248231901654272,,,,,False,0
0x8fbd7cf5f806f563080864694415829f7229a959,2026-06-18,0x7659cdab55710ae77cba0b247052d3248744e51511eb73e415114e00a7120f5c,114086244400369079850784877738287167321697574110510884943455337546736055156957,YES,33°C,highest-temperature-in-beijing-on-june-18-2026,18,0,801.8508820000001,0,0.0,0.053385813947386784,,,,,False,0
0x8fbd7cf5f806f563080864694415829f7229a959,2026-06-18,0x7cb96347332e0b019c53d74d805379e11d0f3a460643e5f7ef651a0b92990502,2859133610697076373343448335511372996379448145878712313932570331530126803234,YES,32°C,highest-temperature-in-beijing-on-june-18-2026,10,0,158.278044,0,0.0,0.19568632020749513,,,,,False,0
0x8fbd7cf5f806f563080864694415829f7229a959,2026-06-18,0xa87dec697ae7a8812a8c022941abac8feff7997f2c90036732384bbc37142a4c,25524463927614403422387454148941610961208664350113252258962696722689817735562,YES,30°C,highest-temperature-in-beijing-on-june-18-2026,6,0,62.43,0,0.0,0.2451946179721288,,,,,False,0
0x8fbd7cf5f806f563080864694415829f7229a959,2026-06-18,0xde7e5e91bff472fffb74701248cabc0aeb5dfbe002c76ed4d1950e99d641c939,1319150797394540943055328153570965296691437608057413316660150271817609334618,YES,29°C,highest-temperature-in-beijing-on-june-18-2026,1,0,11.36,0,0.0,0.14,,,,,False,0
0x8fbd7cf5f806f563080864694415829f7229a959,2026-06-19,0x1c6fe760456a92ec3bb9741fc1f9964a6adc03854ed7fd87d44bcd52c16ea761,58760238542943576104211499118210158427061164360432177039672102350943400531415,YES,30°C,highest-temperature-in-beijing-on-june-19-2026,45,0,2971.2711919999997,0,0.0,0.021818448674273693,,,,,False,0
0x8fbd7cf5f806f563080864694415829f7229a959,2026-06-19,0x3ed08854d4dfd0eeb1ee6fa0f25911a68023872b6c3de3bc59d02073f570338b,1041018707345113942749187213962848363031996233149281204293044379572047548831,YES,28°C,highest-temperature-in-beijing-on-june-19-2026,20,0,621.496466,0,0.0,0.15721033882757426,,,,,False,0
0x8fbd7cf5f806f563080864694415829f7229a959,2026-06-19,0x4f4b6ca76974a6c8f8996b63567241405d51ca19863c5c324fbe5e946145d464,54903015879832999458485463162947157211508469021461014854173346835025345530339,NO,26°C or below,highest-temperature-in-beijing-on-june-19-2026,1,0,14.27,0,0.0,0.675,,,,,False,0
0x8fbd7cf5f806f563080864694415829f7229a959,2026-06-19,0x4f4b6ca76974a6c8f8996b63567241405d51ca19863c5c324fbe5e946145d464,96202006935013058314579457436391300686158656985883017839089436453420867408151,YES,26°C or below,highest-temperature-in-beijing-on-june-19-2026,9,0,262.588188,0,0.0,0.20825156842165343,,,,,False,0
0x8fbd7cf5f806f563080864694415829f7229a959,2026-06-19,0x595b34433a28733531d36f39d3e17fd30d849363ec6b4d30361906eae49430f5,40200484388103204126239503909286781986771431173287239329794926434161071099074,YES,29°C,highest-temperature-in-beijing-on-june-19-2026,17,0,463.07901200000003,0,0.0,0.12159272724715928,,,,,False,0
0x8fbd7cf5f806f563080864694415829f7229a959,2026-06-19,0xc939814136b89674a11230599c7b294c9b116105c42adb4cab475817a5c56b19,114058975020844998267933929742697213942141243138848841164482371021652447391106,YES,27°C,highest-temperature-in-beijing-on-june-19-2026,1,0,3.43,0,0.0,0.36999999999999994,,,,,False,0
0x8fbd7cf5f806f563080864694415829f7229a959,2026-06-19,0xc939814136b89674a11230599c7b294c9b116105c42adb4cab475817a5c56b19,99469519679942404722998834283537320106937852025553112166525779849142251920721,NO,27°C,highest-temperature-in-beijing-on-june-19-2026,1,0,1.17,0,0.0,0.4,,,,,False,0
0x8fbd7cf5f806f563080864694415829f7229a959,2026-06-20,0x1e0396aa3c4d34837fd3f99a9d8305efecf972acec3f2c984d833d33fd1e2259,67012277475577267107305667722236746709674964506863637217481065513314827512062,YES,27°C,highest-temperature-in-beijing-on-june-20-2026,2,0,14.65,0,0.0,0.08539249146757678,,,,,False,0
0x8fbd7cf5f806f563080864694415829f7229a959,2026-06-20,0x5d5c26e5f309fb4d8de03e96968d2d0a2a0a5a56a5b5682c8af44327173199c7,83862918512190142887323258037986766283770246435345267356084337709558893383485,YES,28°C,highest-temperature-in-beijing-on-june-20-2026,31,0,200.038056,0,0.0,0.21921276319541916,,,,,False,0
0x8fbd7cf5f806f563080864694415829f7229a959,2026-06-20,0x6538485dd3797f2caee56a6a633b8a69a6893f41ec98f57e824c91d62f596353,39139504571640742767958361650246155289786870717244691585617974856109123894471,YES,30°C,highest-temperature-in-beijing-on-june-20-2026,3,0,104.93,0,0.0,0.14678452301534353,,,,,False,0
0x8fbd7cf5f806f563080864694415829f7229a959,2026-06-20,0x776909e342556062dc02303e1a2121b13ab696fae86fe109b7d06f96f23a0265,8397838449971371879983706861647531296752179830820609448245505677198916319465,YES,29°C,highest-temperature-in-beijing-on-june-20-2026,16,0,239.400782,0,0.0,0.3517482035626768,,,,,False,0
0x8fbd7cf5f806f563080864694415829f7229a959,2026-06-20,0xd451ac661182c2a3eb02b4c67c2eb87b2ea2f295fe20d6ea4b525920b21c0ec9,43065156329581939713881915046364737800557006583453535173590298245666494329813,NO,31°C,highest-temperature-in-beijing-on-june-20-2026,1,0,5.72,0,0.0,0.8730000000000001,,,,,False,0
0x8fbd7cf5f806f563080864694415829f7229a959,2026-06-21,0x12aaec64ecf636fa3f9fb03c55a33e139c8e2538e1452e70230691716a4ec30c,68759092309606722852891718289321023766822254212154124554429962300434468057343,YES,27°C,highest-temperature-in-beijing-on-june-21-2026,3,0,26.138413,0,0.0,0.02153206470492298,,,,,False,0
0x8fbd7cf5f806f563080864694415829f7229a959,2026-06-21,0x29f48b4b48ec987674fe51956bf14584f0c9cb7a661e8f3ffb048d5606270c9a,102046180271021947778182483062819396596010372723020636502637200816799712877962,YES,31°C,highest-temperature-in-beijing-on-june-21-2026,7,0,59.577577,0,0.0,0.16427291093090277,,,,,False,0
0x8fbd7cf5f806f563080864694415829f7229a959,2026-06-21,0x29f48b4b48ec987674fe51956bf14584f0c9cb7a661e8f3ffb048d5606270c9a,61740246166907148282418975156930116629662103024925656502201569345951857125044,NO,31°C,highest-temperature-in-beijing-on-june-21-2026,4,0,1547.415688,0,0.0,0.008414580581659451,,,,,False,0
0x8fbd7cf5f806f563080864694415829f7229a959,2026-06-21,0x2ce4b58b8acc353350d3141cb4bdffa9baf3c9513c961f9547c1fada9260c1ec,49209829205777747595461043169787699512027220941718993037765230580279733119743,YES,28°C,highest-temperature-in-beijing-on-june-21-2026,17,0,1534.865296,0,0.0,0.05406677720596531,,,,,False,0
0x8fbd7cf5f806f563080864694415829f7229a959,2026-06-21,0x3e15468b5616da0677a057face35c0330d83de9bdc4ccc515c8eff6b27800560,12216082769754137473348041761334887177314101328921757313630667202768066358781,NO,32°C,highest-temperature-in-beijing-on-june-21-2026,6,0,56.38,0,0.0,0.8749999999999999,,,,,False,0
0x8fbd7cf5f806f563080864694415829f7229a959,2026-06-21,0x3e15468b5616da0677a057face35c0330d83de9bdc4ccc515c8eff6b27800560,9352691211619271032966086744574472737209717926851707668011698365862284742400,YES,32°C,highest-temperature-in-beijing-on-june-21-2026,2,0,150.8,0,0.0,0.04581432360742705,,,,,False,0
0x8fbd7cf5f806f563080864694415829f7229a959,2026-06-21,0x5fe9928d8bc17e3beaba55110c1e41965aef7c29dfcbb453fd9785895b789fb2,16137502247930929932549454095550084454109116480778826598066890974214911338425,NO,30°C,highest-temperature-in-beijing-on-june-21-2026,1,0,25.0,0,0.0,0.64,,,,,False,0
0x8fbd7cf5f806f563080864694415829f7229a959,2026-06-21,0x5fe9928d8bc17e3beaba55110c1e41965aef7c29dfcbb453fd9785895b789fb2,82848061745733211808054759965185623665619600017349165739484840965281715477027,YES,30°C,highest-temperature-in-beijing-on-june-21-2026,22,0,238.441578,0,0.0,0.3386359152513242,,,,,False,0
0x8fbd7cf5f806f563080864694415829f7229a959,2026-06-21,0x6297c33b5b6531a557e3542c2f73b27d74928a628a41034217df81ddf4c32eb7,101636145551805415701472424134988131557116281034292199952766339489370361697823,YES,34°C or higher,highest-temperature-in-beijing-on-june-21-2026,2,0,51.03,0,0.0,0.006216147364295512,,,,,False,0
0x8fbd7cf5f806f563080864694415829f7229a959,2026-06-21,0x8592ec1c356466671bc6e1d4ab23bce0821903ec36a5d65b8432b34c701e0a92,68196116234306173024152814071406302071948720199108071197142009787990046415730,NO,29°C,highest-temperature-in-beijing-on-june-21-2026,7,0,54.462807,0,0.0,0.6633244408427205,,,,,False,0
0x8fbd7cf5f806f563080864694415829f7229a959,2026-06-21,0x8592ec1c356466671bc6e1d4ab23bce0821903ec36a5d65b8432b34c701e0a92,80423325096520650170604091052952451908355054666644934739144335745620938100438,YES,29°C,highest-temperature-in-beijing-on-june-21-2026,27,0,309.627793,0,0.0,0.34763643456257814,,,,,False,0
0x8fbd7cf5f806f563080864694415829f7229a959,2026-06-22,0x1b77ed72769b8cc55de0c85c442fba4aed53caa8d9a9dd4344705646b199d7f0,104623581975623117850634061246653448620110177693649098429052328150610844988166,NO,32°C,highest-temperature-in-beijing-on-june-22-2026,27,0,172.871008,0,0.0,0.5744827611579613,,,,,False,0
0x8fbd7cf5f806f563080864694415829f7229a959,2026-06-22,0x1b77ed72769b8cc55de0c85c442fba4aed53caa8d9a9dd4344705646b199d7f0,84353845341146211262018739096449294723329793640340107689678291519223653581753,YES,32°C,highest-temperature-in-beijing-on-june-22-2026,8,0,265.269343,0,0.0,0.40825880131953285,,,,,False,0
0x8fbd7cf5f806f563080864694415829f7229a959,2026-06-22,0x8a3525cd5141253b2616fff4a7611b113db2ae22b0fa1323cacec5e3a6593653,58915594205002712612252091915881378590102128988127917236434133532264035497978,NO,33°C,highest-temperature-in-beijing-on-june-22-2026,15,0,96.58642499999999,0,0.0,0.7512701293168269,,,,,False,0
0x8fbd7cf5f806f563080864694415829f7229a959,2026-06-22,0x8a3525cd5141253b2616fff4a7611b113db2ae22b0fa1323cacec5e3a6593653,70963141440546310188215745655278322658807282227775180989683990398622197864266,YES,33°C,highest-temperature-in-beijing-on-june-22-2026,1,0,2.188174,0,0.0,0.08600001645207372,,,,,False,0
0x8fbd7cf5f806f563080864694415829f7229a959,2026-06-22,0xa27a1e1193234a91dddbbafe81ab6a2cf6f8ce1af472ca1dbb5a31a4a93087e8,11060054315782458198669355874141791987467988785969565532064941766036829947687,YES,30°C,highest-temperature-in-beijing-on-june-22-2026,2,0,14.219999999999999,0,0.0,0.16492264416315053,,,,,False,0
0x8fbd7cf5f806f563080864694415829f7229a959,2026-06-22,0xa27a1e1193234a91dddbbafe81ab6a2cf6f8ce1af472ca1dbb5a31a4a93087e8,115773621955410399945386374442179458250028540869734611298135741639203144067761,NO,30°C,highest-temperature-in-beijing-on-june-22-2026,2,0,28.47,0,0.0,0.8099999999999999,,,,,False,0
0x8fbd7cf5f806f563080864694415829f7229a959,2026-06-22,0xfe0e7b9a0f831b00b39b3266f13e74730c3fe3a0e7d8011eacd18f9c0dbae23a,111447126388552573840349062916147644768076583895979235240182575901307794912712,NO,31°C,highest-temperature-in-beijing-on-june-22-2026,37,0,232.825382,0,0.0,0.5176844679245496,,,,,False,0
0x8fbd7cf5f806f563080864694415829f7229a959,2026-06-22,0xfe0e7b9a0f831b00b39b3266f13e74730c3fe3a0e7d8011eacd18f9c0dbae23a,67671417417200245730109038984151080941741803174878685654357335222767675120476,YES,31°C,highest-temperature-in-beijing-on-june-22-2026,53,0,331.608825,0,0.0,0.32690218965071266,,,,,False,0
0x8fbd7cf5f806f563080864694415829f7229a959,2026-06-23,0x7b905c6cb16a593583ce106079bbe59ebe045d22141379d9582eb179d99319f0,309315522273855233682502606964101498805230312922297272460797246953090950837,YES,31°C,highest-temperature-in-beijing-on-june-23-2026,4,0,190.26,0,0.0,0.14894880689582676,,,,,False,0
0x8fbd7cf5f806f563080864694415829f7229a959,2026-06-23,0x96566c824cdab8459c8e642f47b0d9e4e14f95b467c1cf7f3a61724b8bf8cd57,62269281961252099307628627220587072243121097175921165588647279846441640568823,NO,27°C,highest-temperature-in-beijing-on-june-23-2026,13,0,102.010298,0,0.0,0.3381918558849813,,,,,False,0
0x8fbd7cf5f806f563080864694415829f7229a959,2026-06-23,0xaab17c7a1c23d89d14a008b98147f0066da82c8331aacac67ab7f21cd055ff47,65694277404093295258768815047748974924807631558301577602690186879760683704148,YES,30°C,highest-temperature-in-beijing-on-june-23-2026,5,0,100.855787,0,0.0,0.24099151593552087,,,,,False,0
0x8fbd7cf5f806f563080864694415829f7229a959,2026-06-23,0xaab17c7a1c23d89d14a008b98147f0066da82c8331aacac67ab7f21cd055ff47,9141840255958173343116593294089168175339790111449062323566757868794430921671,NO,30°C,highest-temperature-in-beijing-on-june-23-2026,6,0,25.43,0,0.0,0.7119229256783326,,,,,False,0
0x8fbd7cf5f806f563080864694415829f7229a959,2026-06-23,0xbc154d4f3bba8aa1699fe39b6f102cfa33e00e4e380f528cb269019cce1ba866,71114866256072250274424929713934014750475306989850853609365614371779647852349,NO,28°C,highest-temperature-in-beijing-on-june-23-2026,2,0,26.214284,0,0.0,0.8573297290896825,,,,,False,0
0x8fbd7cf5f806f563080864694415829f7229a959,2026-06-23,0xd543cbba4951769091e2bff333c0ae5955a4c29a27d9f642d553e3c055f8ce42,86271957324148664092606609641121481635508602286594987490333793068409111168986,NO,29°C,highest-temperature-in-beijing-on-june-23-2026,6,0,42.446573,0,0.0,0.7139651768824776,,,,,False,0
0x8fbd7cf5f806f563080864694415829f7229a959,2026-06-24,0x12242a98886a0aa8c5514c499bddfe69e383fe91844fb83c5defa6209c6baf60,17522840185897641336643228113352226328305155302775230896171174590090907549420,YES,33°C,highest-temperature-in-beijing-on-june-24-2026,19,0,4667.672181,0,0.0,0.02625985550119335,,,,,False,0
0x8fbd7cf5f806f563080864694415829f7229a959,2026-06-24,0x39697ec2b5df78c1bb3cb7fbd66b5040af4a5eeea75c1a62ac98269405bac924,51550351078565047033820521302938845586982010183112226465482367956272557410425,YES,27°C or below,highest-temperature-in-beijing-on-june-24-2026,23,0,940.472157,0,0.0,0.023108466144628245,,,,,False,0
0x8fbd7cf5f806f563080864694415829f7229a959,2026-06-24,0x4a384ac48235973c088ec560dcc095383efb17048eabbe42b249b9958b7dae00,59233424400488000199180957635518561489086765531100120167065347754083108503765,NO,30°C,highest-temperature-in-beijing-on-june-24-2026,29,0,641.112528,0,0.0,0.06857388848280313,,,,,False,0
0x8fbd7cf5f806f563080864694415829f7229a959,2026-06-24,0x4a384ac48235973c088ec560dcc095383efb17048eabbe42b249b9958b7dae00,86161011770180609938094066694612682358294493123540347551292075009337870693913,YES,30°C,highest-temperature-in-beijing-on-june-24-2026,66,0,916.197994,0,0.0,0.37080118295914977,,,,,False,0
0x8fbd7cf5f806f563080864694415829f7229a959,2026-06-24,0x4aebdcf958aebf03cf271a0d03b4fe7c91ec71b377f4e202d31661ad96021275,51156883090945525004916399133416170842739131703136458528797200140492717682935,YES,29°C,highest-temperature-in-beijing-on-june-24-2026,35,0,1004.78593,0,0.0,0.14279662335638002,,,,,False,0
0x8fbd7cf5f806f563080864694415829f7229a959,2026-06-24,0x4aebdcf958aebf03cf271a0d03b4fe7c91ec71b377f4e202d31661ad96021275,93728228223828532285080156250372142269080748555231072564513932083310712692494,NO,29°C,highest-temperature-in-beijing-on-june-24-2026,8,0,117.34524,0,0.0,0.7296345723098782,,,,,False,0
0x8fbd7cf5f806f563080864694415829f7229a959,2026-06-24,0x7f0ed089fc2a649f5bfe9d0ab19140bbbf5981574619bdcb9c2bb3056e058ae0,103549160136814099239422823912548086672372849837169645781991228581722234393038,YES,34°C,highest-temperature-in-beijing-on-june-24-2026,18,0,211.987533,0,0.0,0.0036639277272970576,,,,,False,0
0x8fbd7cf5f806f563080864694415829f7229a959,2026-06-24,0xaea4b2db105d84864a15fc91327f254a501c5fb2c13e1fe629e09e23bcf2e0fb,25281441373891362670975838170590095478873651916792558247568163672465727006475,YES,32°C,highest-temperature-in-beijing-on-june-24-2026,31,0,853.61836,0,0.0,0.06498690820099043,,,,,False,0
0x8fbd7cf5f806f563080864694415829f7229a959,2026-06-24,0xf68b529e5fbffb3646f3c4e76b95b9a4e1fb347e1ffb7c5e832e4a69edcd2b94,11718975900630465715072928133744572107352384949572512111198282326222165024761,YES,31°C,highest-temperature-in-beijing-on-june-24-2026,57,0,1395.645272,0,0.0,0.17221359812696016,,,,,False,0
0x8fbd7cf5f806f563080864694415829f7229a959,2026-06-24,0xfd22f54eb5d8699404a66e25bcf284bd2e46ecd41a64e9e72ab718df933d0f47,40588848015408670461209001808416979233735966653179863630365076731105461152272,YES,28°C,highest-temperature-in-beijing-on-june-24-2026,14,0,850.320606,0,0.0,0.06719244435198364,,,,,False,0
0x8fbd7cf5f806f563080864694415829f7229a959,2026-06-25,0x0e424536cd4068ce07c92daebaf9d4b7ffc4731c10d774467ca73820e3ae0a4f,20038981788825209791961636892651941246989971703849643816146887886934676409026,NO,31°C,highest-temperature-in-beijing-on-june-25-2026,3,0,117.112306,0,0.0,0.4688500199116564,,,,,False,0
0x8fbd7cf5f806f563080864694415829f7229a959,2026-06-25,0x0e424536cd4068ce07c92daebaf9d4b7ffc4731c10d774467ca73820e3ae0a4f,64976168858260766226215485496361314283126738933223465843499731323010860019577,YES,31°C,highest-temperature-in-beijing-on-june-25-2026,9,0,184.46714,0,0.0,0.26894135183100903,,,,,False,0
0x8fbd7cf5f806f563080864694415829f7229a959,2026-06-25,0x3fac34f3b9668d9ea9540ec44961999307c24d5a5f953bee83156e3cb943738f,62715571449513794201767479325872866411502788803087015014006924729920348987587,YES,27°C or below,highest-temperature-in-beijing-on-june-25-2026,17,0,857.353529,0,0.0,0.0031267066727149384,,,,,False,0
0x8fbd7cf5f806f563080864694415829f7229a959,2026-06-25,0x8543dd1f418ffce7e7c9bf5d9d5aec30e1380ba44b690d986262ff8e7b6d3cf4,13000624729863730801166381195482613092971882528648268886212302973393568151003,YES,33°C,highest-temperature-in-beijing-on-june-25-2026,9,0,266.345755,0,0.0,0.31657293355398136,,,,,False,0
0x8fbd7cf5f806f563080864694415829f7229a959,2026-06-25,0x8543dd1f418ffce7e7c9bf5d9d5aec30e1380ba44b690d986262ff8e7b6d3cf4,61994992365724629431490427836826131079922007176341226788399142352877445435223,NO,33°C,highest-temperature-in-beijing-on-june-25-2026,2,0,8.19,0,0.0,0.321,,,,,False,0
0x8fbd7cf5f806f563080864694415829f7229a959,2026-06-25,0x8d2e6a9c3af442e502ddaef3a794daedfe3f568d1aaa79cf407e1fc611324fc9,47986585778749365078783750855177158216698390200316933286938042138493416301087,YES,37°C or higher,highest-temperature-in-beijing-on-june-25-2026,32,0,1798.907082,0,0.0,0.003089159554489986,,,,,False,0
0x8fbd7cf5f806f563080864694415829f7229a959,2026-06-25,0x9c597a9862bf9635a86a2379319d1af2bd66c1007959e931b62438b8162c33f7,68473945240711230733276018128253185397901122848553194086203781536195971007149,NO,32°C,highest-temperature-in-beijing-on-june-25-2026,29,0,798.311996,0,0.0,0.0672343999200032,,,,,False,0
0x8fbd7cf5f806f563080864694415829f7229a959,2026-06-25,0x9c597a9862bf9635a86a2379319d1af2bd66c1007959e931b62438b8162c33f7,96984149672483429504400404015268129824290686045431571666984658330236597918144,YES,32°C,highest-temperature-in-beijing-on-june-25-2026,41,0,750.017556,0,0.0,0.40404569543169466,,,,,False,0
0x8fbd7cf5f806f563080864694415829f7229a959,2026-06-25,0xc16bf4c0fc1cd33a7e99ecfe52b1ce59832d05159e1d830da508931cdeca24ed,31040679987023912550868129281276681408914436128023641394411700918613893720133,YES,30°C,highest-temperature-in-beijing-on-june-25-2026,5,0,211.85314,0,0.0,0.07467464017762494,,,,,False,0
0x8fbd7cf5f806f563080864694415829f7229a959,2026-06-25,0xea19508457ad28d401d6495f4d6b723bc13ffe1d97aa7f474e74e6437b8668f0,8409477226974814966483497250682658097040355349477007380573303169236969488146,YES,34°C,highest-temperature-in-beijing-on-june-25-2026,5,0,401.46000000000004,0,0.0,0.07074727245553729,,,,,False,0
0x8fbd7cf5f806f563080864694415829f7229a959,2026-06-26,0x0b246842cd447cd0e101bcf4f0fc413f5ba059864b252ffe82a6b5e62d29d032,107343344370541216501229560981013492974984116486334939343084820940083193756782,YES,38°C,highest-temperature-in-beijing-on-june-26-2026,33,0,704.434498,0,0.0,0.005129684889452987,,,,,False,0
0x8fbd7cf5f806f563080864694415829f7229a959,2026-06-26,0x2739f9b504a6830cc4c135d665c299373f055d82d08562b32dc361755b93a22e,44702177956542672881003403015209442899091285789801506341503816702120996115473,YES,32°C,highest-temperature-in-beijing-on-june-26-2026,4,0,116.96,0,0.0,0.1556936559507524,,,,,False,0
0x8fbd7cf5f806f563080864694415829f7229a959,2026-06-26,0x39ee22e4538a5c13f469e1e4ff83a31b9f7a5854332be8bccaf2159eb2581f4e,3433895739977985572129423647858936069758992571533274142208148526545222424135,YES,31°C,highest-temperature-in-beijing-on-june-26-2026,16,0,125.48633,0,0.0,0.012051798789557396,,,,,False,0
0x8fbd7cf5f806f563080864694415829f7229a959,2026-06-26,0x4ee0f00d2d28fddab08692f29615a5fdd85d9c2c3502312f90c221570e786b38,53739068914828904428402276881146403295430766814908764047024571565715281790411,YES,33°C,highest-temperature-in-beijing-on-june-26-2026,17,0,413.785015,0,0.0,0.168386047039427,,,,,False,0
0x8fbd7cf5f806f563080864694415829f7229a959,2026-06-26,0x53005bdab5795469a4d17b5c81304db78b501cfaa1cd2dcf070cd8690c5d9497,42690370476937014522121189046315279631921319061261451872450181841907187897393,YES,30°C or below,highest-temperature-in-beijing-on-june-26-2026,34,0,973.8840769999999,0,0.0,0.00805304880243976,,,,,False,0
0x8fbd7cf5f806f563080864694415829f7229a959,2026-06-26,0x67204d563d1a3fbcf467cb728d326904da5f8526692054c456ab7edab417572d,7403853457142268825531776849419540315319704460762346231107933373932294206467,YES,40°C or higher,highest-temperature-in-beijing-on-june-26-2026,4,0,892.4165,0,0.0,0.002,,,,,False,0
0x8fbd7cf5f806f563080864694415829f7229a959,2026-06-26,0x75d5fefcf62523f028fd864c8202f068b0f1380daf6a2ca8d128c6a1317a4b1b,17669823622989889186062253385534535677172566528713180896556824944656035832439,YES,34°C,highest-temperature-in-beijing-on-june-26-2026,40,1,847.978955,847.97,0.9999894395964107,0.3126583076581187,0.997511515737585,0.6848532080794663,94455,6485,False,0
0x8fbd7cf5f806f563080864694415829f7229a959,2026-06-26,0xaa4f350679e73d2ea4abd41b90ba8aa4c141980f50cdb44f8489af3262e0228b,46110731914379552483531906687679219223076440442306276826585807068860462913649,YES,37°C,highest-temperature-in-beijing-on-june-26-2026,6,0,141.33725,0,0.0,0.011070818202561603,,,,,False,0
0x8fbd7cf5f806f563080864694415829f7229a959,2026-06-26,0xe47dc3e7635a3f510917975af66db2ebcec370643ccadcdfb346d7041a7022c7,87648359992372582126319385770682545842198279202433004808155531818805963715711,YES,39°C,highest-temperature-in-beijing-on-june-26-2026,9,0,765.5846660000001,0,0.0,0.00298341790455871,,,,,False,0
0x8fbd7cf5f806f563080864694415829f7229a959,2026-06-27,0x1528838f16217a0976609f9e9f760052b3a02a0f4c8a3cc5271d1d68020484ed,9777710985729379162507054260728696013905516830925267245367258168886754034437,YES,38°C,highest-temperature-in-beijing-on-june-27-2026,2,0,31.02,0,0.0,0.017806576402321084,,,,,False,0
0x8fbd7cf5f806f563080864694415829f7229a959,2026-06-27,0x43c858848a6b978bd3c9852d00ae8d29a220eddf29e4963ab85316202f625e02,15393314646659501017816408251187254588085825725029869679680736644201539318312,YES,33°C,highest-temperature-in-beijing-on-june-27-2026,1,0,57.14,0,0.0,0.1,,,,,False,0
0x8fbd7cf5f806f563080864694415829f7229a959,2026-06-27,0x49495d7c3e3ca18d04f37babde1230d09207cb339d9138bdef1e124294038e01,102624245089625083676919806467451407981758124555668713784277036405964929288485,YES,40°C,highest-temperature-in-beijing-on-june-27-2026,22,0,1554.79423,0,0.0,0.005987718387660855,,,,,False,0
0x8fbd7cf5f806f563080864694415829f7229a959,2026-06-27,0x6ce0b9fc833f3d4638593cfd2b78ee4aff3d908451e1e1f916bdb32eaa6d7f6c,7647518592680153096759608709769225834682427592602200388834772660098513674765,YES,31°C or below,highest-temperature-in-beijing-on-june-27-2026,2,0,82.45806,0,0.0,0.013924848583631484,,,,,False,0
0x8fbd7cf5f806f563080864694415829f7229a959,2026-06-27,0x764685b7a82b172d7acdd4c325fc4ebf6cf9f164be713f51544c2509159155d0,54912346276492497858660752570018632772178356453369417836596726516111323633190,YES,34°C,highest-temperature-in-beijing-on-june-27-2026,53,0,1237.631234,0,0.0,0.17689297182039285,,,,,False,0
0x8fbd7cf5f806f563080864694415829f7229a959,2026-06-27,0x83a20b68c4a7a48f68babcf60a2205bcfbe020833c2f8de0a4a10c8770d55b22,48934921246189473200825874870072102724051887394185308128262175560775684533868,YES,35°C,highest-temperature-in-beijing-on-june-27-2026,51,0,472.25455999999997,0,0.0,0.3979759920158315,,,,,False,0
0x8fbd7cf5f806f563080864694415829f7229a959,2026-06-27,0x86a9c05f4b8bde299d318fbdd5b32d7b5679b56f9ce2e13b7a45ad01ef598c5c,31452941150807265396748671297321537727916322542707285528767377581322321521005,YES,41°C or higher,highest-temperature-in-beijing-on-june-27-2026,9,0,816.61225,0,0.0,0.004529112807210521,,,,,False,0
0x8fbd7cf5f806f563080864694415829f7229a959,2026-06-27,0xa6f36dff853f27b9b637935ae9c6a93b791bcb5b67d4d26a2c926396e91595ae,105617908740635117654838849222739473196307908962127676129341904605430223052052,YES,39°C,highest-temperature-in-beijing-on-june-27-2026,11,0,147.492331,0,0.0,0.005375357448245902,,,,,False,0
0x8fbd7cf5f806f563080864694415829f7229a959,2026-06-28,0x5002d8d565152bfe719ffb184ad91d341244b0285d2b09a60ca9b2c17925e66d,76708666379256474338499079274134822408460449409732114893542239972860571257117,YES,33°C,highest-temperature-in-beijing-on-june-28-2026,80,0,1469.646282,0,0.0,0.19855104631224454,,,,,False,0
0x8fbd7cf5f806f563080864694415829f7229a959,2026-06-28,0x64872869b0f9803cae74fb7f6fde10c9492a4ac42db5f4127ab23c647b2ff852,31311928852236036510865138475330363038316609111841817858296929011082764452998,YES,32°C,highest-temperature-in-beijing-on-june-28-2026,10,0,2705.35077,0,0.0,0.01374314096800098,,,,,False,0
0x8fbd7cf5f806f563080864694415829f7229a959,2026-06-28,0xa4c9ae595ad5f8d2ccdd84b8b0223444ac8c90779c52f68ddd0fc05512d25dd4,29329967117099186641146629857598389051658525818997797200333106882046437235416,YES,30°C,highest-temperature-in-beijing-on-june-28-2026,53,0,3690.440904,0,0.0,0.009783749405352895,,,,,False,0
0x8fbd7cf5f806f563080864694415829f7229a959,2026-06-28,0xb42b3d88731ea9f680fcb137d2901fd286848170591af7279435365b2839017b,94480682996655368230265185641570103471625082401500999697645795648160796924436,YES,31°C,highest-temperature-in-beijing-on-june-28-2026,10,0,1854.0667649999998,0,0.0,0.02609867018461981,,,,,False,0
0x8fbd7cf5f806f563080864694415829f7229a959,2026-06-28,0xba3a70a96f0b8a654d8dffa4add8efaeb52b360722fb8799943da6d4bf28e784,73520135873025281741665055044979131559280293099202385840841939229787191467896,YES,34°C,highest-temperature-in-beijing-on-june-28-2026,53,0,1647.572138,0,0.0,0.10191321285866513,,,,,False,0
0x8fbd7cf5f806f563080864694415829f7229a959,2026-06-28,0xed1f63c2a297098fa9da5a9105ff2166f602b3c53a4498a53d107065c711bc6a,79937635628008629020287795311560239083684302809526732772172581452018009580245,YES,29°C,highest-temperature-in-beijing-on-june-28-2026,30,0,16516.116998,0,0.0,0.0028541013003061315,,,,,False,0
0x8fbd7cf5f806f563080864694415829f7229a959,2026-06-28,0xf9952cec7cc3e90cf203070b0843469e860db57df1c7ad1c816de3089dd94aeb,11992227012042487761934079605302479062020809322296514242724634681118992898346,YES,35°C,highest-temperature-in-beijing-on-june-28-2026,42,0,1784.0403959999999,0,0.0,0.026669849576657235,,,,,False,0
0x8fbd7cf5f806f563080864694415829f7229a959,2026-06-29,0x364584628f27f83e92fbbb30f7c058e4e5cd3a6d754c5e5f50d4d3ef4ae8b992,108767903896108640893988051095372301802837883381508141096829997523760298855796,YES,27°C,highest-temperature-in-beijing-on-june-29-2026,3,0,113.08,0,0.0,0.10305978068623983,,,,,False,0
0x8fbd7cf5f806f563080864694415829f7229a959,2026-06-29,0x3cc4a0a1fe88ad8ac20cfddd7117fcda7ef99e5ca6cb58bd159e326ae27ad2d3,104051924962414143041962982924243749501852800133149234608521616627851005731481,YES,28°C,highest-temperature-in-beijing-on-june-29-2026,19,0,353.082768,0,0.0,0.27436561843199325,,,,,False,0
0x8fbd7cf5f806f563080864694415829f7229a959,2026-06-29,0xe47f939b7182faea7ae25e8514eaaf8e6fc4fed18146475205d21ec7f0a46173,1763735762568450642527358423403922147282257493262328448069296696502797371590,YES,30°C,highest-temperature-in-beijing-on-june-29-2026,41,0,1665.096134,0,0.0,0.0973149487836118,,,,,False,0
0x8fbd7cf5f806f563080864694415829f7229a959,2026-06-29,0xfd8c5c3ff6a609c38cb12aaa50052e92b7c0e9342c37038c3a225d9884ab94fa,1800446057071802619948908345413005568923057470305768033859465736379668663382,YES,29°C,highest-temperature-in-beijing-on-june-29-2026,53,0,807.277918,0,0.0,0.2791202632647757,,,,,False,0
0x8fbd7cf5f806f563080864694415829f7229a959,2026-06-30,0x1a395a4052b9a042ba539e59ee0f04ba99e143175e60d2e89dd3c66fb9cb345b,105100437390501175263524705078033598689344191092888210836641633247828760705008,NO,28°C,highest-temperature-in-beijing-on-june-30-2026,1,0,18.589089,0,0.0,0.670000019904149,,,,,False,0
0x8fbd7cf5f806f563080864694415829f7229a959,2026-06-30,0x1a395a4052b9a042ba539e59ee0f04ba99e143175e60d2e89dd3c66fb9cb345b,42901049381708803178907873020329734067849882721922206251254772423711282099208,YES,28°C,highest-temperature-in-beijing-on-june-30-2026,50,0,1111.149741,0,0.0,0.1792969423011367,,,,,False,0
0x8fbd7cf5f806f563080864694415829f7229a959,2026-06-30,0x1f04a312c1333268499d0d6e21b35e9aa6cee42eabc3f3a4cb174362a0df2852,16181721758635032795064279617183060323816778382164577921840539917146780585297,YES,24°C,highest-temperature-in-beijing-on-june-30-2026,13,0,3116.9254,0,0.0,0.010037113496524492,,,,,False,0
0x8fbd7cf5f806f563080864694415829f7229a959,2026-06-30,0x343e67d5b603958e16020a9b97e4dd441662cd1ede0bbf23fcdfaa1cca069199,101327604660363478165747299662132031244788579714289952251498871531003610683140,YES,30°C,highest-temperature-in-beijing-on-june-30-2026,13,2,2583.0,2498.28,0.9672009291521487,0.020356078203639178,0.9959614814992714,0.9756054032956323,189563,33281,False,0
0x8fbd7cf5f806f563080864694415829f7229a959,2026-06-30,0x343e67d5b603958e16020a9b97e4dd441662cd1ede0bbf23fcdfaa1cca069199,91127802438884524354889531029757690346541638458239923523627541290178116463791,NO,30°C,highest-temperature-in-beijing-on-june-30-2026,8,0,84.72,0,0.0,0.7082000708215298,,,,,False,0
0x8fbd7cf5f806f563080864694415829f7229a959,2026-06-30,0x46464d11db478f97996ca21ba06a7119b2025f29dedaf360e85becf1485dc05e,5729278553782171043591846076773397517684613532795282038854990252202879946824,YES,27°C,highest-temperature-in-beijing-on-june-30-2026,4,0,440.01952,0,0.0,0.07840850560447864,,,,,False,0
0x8fbd7cf5f806f563080864694415829f7229a959,2026-06-30,0x46464d11db478f97996ca21ba06a7119b2025f29dedaf360e85becf1485dc05e,69181562280619846046728001113857252843522070694509378665295100594044059265373,NO,27°C,highest-temperature-in-beijing-on-june-30-2026,2,0,9.67,0,0.0,0.53,,,,,False,0
0x8fbd7cf5f806f563080864694415829f7229a959,2026-06-30,0x6e870309c69d2dc345ce12ea2f191bd070c64d9f761c9118921cf34ca78d8757,77925849851266433499688171507072646347541060318411358406273127666381816731059,YES,23°C or below,highest-temperature-in-beijing-on-june-30-2026,25,0,2533.629,0,0.0,0.010519143489437483,,,,,False,0
0x8fbd7cf5f806f563080864694415829f7229a959,2026-06-30,0x6f2b58139e9119cba3845f847b8eff4845fdd10fc3b53e0067ec5876507b9317,70707695627148214856626015782807251188887892976313758443790433310903318968016,YES,25°C,highest-temperature-in-beijing-on-june-30-2026,8,0,778.77,0,0.0,0.019097037636272584,,,,,False,0
0x8fbd7cf5f806f563080864694415829f7229a959,2026-06-30,0x77447da26573eebcc1d594c28e78465f763ca1ab2e506521c7cae1abd9618642,76020637967548912978443370331791827882306818287362850948139637156991908470013,YES,31°C,highest-temperature-in-beijing-on-june-30-2026,24,0,1252.85,0,0.0,0.011000000000000001,,,,,False,0
0x8fbd7cf5f806f563080864694415829f7229a959,2026-06-30,0x97c167349cf5a080b5c6a037f54aa8416262064eb8390a84abaa9b8e28008c04,13861962318502077357187342853370896970597190219944768338725655517013161186850,YES,29°C,highest-temperature-in-beijing-on-june-30-2026,45,0,808.074037,0,0.0,0.07801720029769994,,,,,False,0
0x8fbd7cf5f806f563080864694415829f7229a959,2026-06-30,0x97c167349cf5a080b5c6a037f54aa8416262064eb8390a84abaa9b8e28008c04,83490523404419453616760255559659112487772556207665611313022397388477834192653,NO,29°C,highest-temperature-in-beijing-on-june-30-2026,4,0,113.81,0,0.0,0.527191810912925,,,,,False,0
0x8fbd7cf5f806f563080864694415829f7229a959,2026-06-30,0xaa483587761048d1b5062763e6e2026f5ae893fb1b35c392c6aea098662546f0,27163779202359312548075864842095860998129848410911739395007504191800306740378,YES,26°C,highest-temperature-in-beijing-on-june-30-2026,12,0,2891.362557,0,0.0,0.010996330405893128,,,,,False,0
0x8fbd7cf5f806f563080864694415829f7229a959,2026-06-30,0xaa483587761048d1b5062763e6e2026f5ae893fb1b35c392c6aea098662546f0,53383466270337193535965538157069460620517866055550731243844158975886483783818,NO,26°C,highest-temperature-in-beijing-on-june-30-2026,7,0,106.109821,0,0.0,0.7738880550934113,,,,,False,0
0x8fbd7cf5f806f563080864694415829f7229a959,2026-07-01,0x06c1832847aa2549d5bbb7c552068f6e2994f44e3c4debcd9771fe1020333fe6,48905485490379576816058959897742851180782993446013716172331072560504686699743,YES,29°C,highest-temperature-in-beijing-on-july-1-2026,30,0,10695.798885,0,0.0,0.00560662393195326,,,,,False,0
0x8fbd7cf5f806f563080864694415829f7229a959,2026-07-01,0x36db16247b9d92470d100b85f919c42f2dd97a49ea52bb637da22d642963dfc2,114631506271376928339645800082078793367058442065449343060902064040905626073064,YES,27°C or below,highest-temperature-in-beijing-on-july-1-2026,33,0,2437.116998,0,0.0,0.002821478413076991,,,,,False,0
0x8fbd7cf5f806f563080864694415829f7229a959,2026-07-01,0x6311efb14f83c6c19ea8993a70386ad5194bfb55bdca3ea05d5f22a6fe5bfd54,100907704567040218288558012704445143232365990502899054734233911684449111380898,YES,28°C,highest-temperature-in-beijing-on-july-1-2026,6,0,16552.547666,0,0.0,0.0024165460089362904,,,,,False,0
0x8fbd7cf5f806f563080864694415829f7229a959,2026-07-01,0x6990429d9b745f0473220ea910d48e8fec57ac86376fe4d1fc5443aec10a624f,30342911746261000464792165131679218237142238915367827761749945070895577692681,YES,31°C,highest-temperature-in-beijing-on-july-1-2026,35,1,448.096486,448.09,0.9999855254388225,0.40664030112478944,0.9979002209377581,0.5912599198129687,103857,54433,False,0
0x8fbd7cf5f806f563080864694415829f7229a959,2026-07-01,0x85ac896fc23cbc8a3e92b38bbce4bd24b0c308ed85b5c7a29c65ea3367d68186,45290206383269122835404961036359342656713547415809073903721527667401466158494,YES,35°C,highest-temperature-in-beijing-on-july-1-2026,61,0,1278.247368,0,0.0,0.007286684278156088,,,,,False,0
0x8fbd7cf5f806f563080864694415829f7229a959,2026-07-01,0x86f385a471a3cd8929ec9c38c086296ed1455f968bb8f7ab31852c9f688dcc64,28925614178680526815137524988720836603419506516504482310815915640282166400079,YES,30°C,highest-temperature-in-beijing-on-july-1-2026,3,0,19.41,0,0.0,0.27,,,,,False,0
0x8fbd7cf5f806f563080864694415829f7229a959,2026-07-01,0x86f385a471a3cd8929ec9c38c086296ed1455f968bb8f7ab31852c9f688dcc64,71911727100431444194530568543910146812296312786561540710086765079798346028245,NO,30°C,highest-temperature-in-beijing-on-july-1-2026,2,0,19.58,0,0.0,0.7551072522982636,,,,,False,0
0x8fbd7cf5f806f563080864694415829f7229a959,2026-07-01,0x9e6915884df7dceafd5d374e17a59c9ae9bd12cca8d50758cb3caa27d2e00e34,1668359367539714140969849675741019886372158960610370195351222338778711502678,YES,32°C,highest-temperature-in-beijing-on-july-1-2026,34,0,373.226827,0,0.0,0.2675095217632895,,,,,False,0
0x8fbd7cf5f806f563080864694415829f7229a959,2026-07-01,0xc1fe8962f5e9e4cf865e0c5173671444cae785c768078b464987a31942969c31,71908984847267068076508225491053744513224280246695299445932273602655059928301,YES,34°C,highest-temperature-in-beijing-on-july-1-2026,6,0,68.410971,0,0.0,0.012793079636305703,,,,,False,0
0x8fbd7cf5f806f563080864694415829f7229a959,2026-07-01,0xf4d7a23996f2e37115c0a8c89f2be6c8938ef42c463452902c724e9f5cf0f4f7,75400565148595616218553668442280217508275373406101243418623111979472655288179,YES,36°C,highest-temperature-in-beijing-on-july-1-2026,5,0,1317.6210899999999,0,0.0,0.0147096704409915,,,,,False,0
0x8fbd7cf5f806f563080864694415829f7229a959,2026-07-01,0xffca788999d006b2b11a9607ba8a9746d425da3f673b70985e460b025e0b4145,64631755905734859245932390733633185554706816867470811277682091165363518368677,YES,37°C or higher,highest-temperature-in-beijing-on-july-1-2026,1,0,500.0505,0,0.0,0.01,,,,,False,0
0x8fbd7cf5f806f563080864694415829f7229a959,2026-07-02,0x1bf90bc6f2bc82add852535cc9a6e4bd1966fe6c3dd6109b40725e62bfbe4583,56951381021588106202848958216820801510274918795156291424285272026834512557477,YES,32°C,highest-temperature-in-beijing-on-july-2-2026,24,0,388.109501,0,0.0,0.07275145784179088,,,,,False,0
0x8fbd7cf5f806f563080864694415829f7229a959,2026-07-02,0x1bf90bc6f2bc82add852535cc9a6e4bd1966fe6c3dd6109b40725e62bfbe4583,69677286159358441774118147245836302963050750583918019945278411311399573348229,NO,32°C,highest-temperature-in-beijing-on-july-2-2026,1,0,1.91,0,0.0,0.8,,,,,False,0
0x8fbd7cf5f806f563080864694415829f7229a959,2026-07-02,0x482c6560d923fae21785eea45c9ce611e5b89ada8d008f6fd03b6fece34cf4f4,36462766498747014841279387806946313185906041652561631693483394113605721982164,YES,28°C or below,highest-temperature-in-beijing-on-july-2-2026,2,0,404.99,0,0.0,0.011000000000000001,,,,,False,0
0x8fbd7cf5f806f563080864694415829f7229a959,2026-07-02,0x5ac9cdf0cd272cd14c02389995a13bad3f54f2693ab3fa4631f33424c4416395,114345735214630164727163097472208309142336915792356547959104432128695864588180,NO,34°C,highest-temperature-in-beijing-on-july-2-2026,3,0,81.635651,0,0.0,0.7949302933837082,,,,,False,0
0x8fbd7cf5f806f563080864694415829f7229a959,2026-07-02,0x5ac9cdf0cd272cd14c02389995a13bad3f54f2693ab3fa4631f33424c4416395,80004434619106904539250409021947220678603332135302604062478080973140820376985,YES,34°C,highest-temperature-in-beijing-on-july-2-2026,21,1,298.973592,217.33,0.7269203896777613,0.32924278476073565,0.9989500759214098,0.6697072911606742,151932,29241,False,0
0x8fbd7cf5f806f563080864694415829f7229a959,2026-07-02,0x79b64e4c31286ef0e352f89b115b96e3dd9c58278ec85977710de9af4a59ffa2,108172740355211184472959154339925486118364041095128537454729600896228342165980,YES,38°C or higher,highest-temperature-in-beijing-on-july-2-2026,3,0,60.0,0,0.0,0.004666666666666667,,,,,False,0
0x8fbd7cf5f806f563080864694415829f7229a959,2026-07-02,0x7f0e692bbfdafd352adf4e8221490d5ee4fcf468e3e6f231a419c19e9cd3219f,2402618368222274113072512637710623064876846409449713391376831104239468092600,NO,36°C,highest-temperature-in-beijing-on-july-2-2026,7,1,173.335331,173.33,0.9999692445852255,0.8653671189516464,0.9989500951941382,0.13358297624249182,41469,29272,False,0
0x8fbd7cf5f806f563080864694415829f7229a959,2026-07-02,0x9dde45d1ebb5cb7c4881761ad413c3dcf3d10090183f4dcc8d672bdd93b22991,112328477389607862982933512712764048779518513412379673506504847608971495619766,YES,33°C,highest-temperature-in-beijing-on-july-2-2026,75,0,1045.773774,0,0.0,0.170153668435751,,,,,False,0
0x8fbd7cf5f806f563080864694415829f7229a959,2026-07-02,0xaa4e48f580ace9f3a4dbd93563ef00b974cdff6cad3471deab55d8dc9ebfae16,27357337164678941556575488162831447485083841124146163242323737780525611257639,NO,35°C,highest-temperature-in-beijing-on-july-2-2026,57,6,807.570303,723.01,0.8952904747910226,0.6124213968279119,0.9983668690612856,0.3859454722333737,61213,16536,False,0
0x8fbd7cf5f806f563080864694415829f7229a959,2026-07-02,0xaa4e48f580ace9f3a4dbd93563ef00b974cdff6cad3471deab55d8dc9ebfae16,29873433503387729162775419096821489693972661154731741535503223743327501145919,YES,35°C,highest-temperature-in-beijing-on-july-2-2026,5,0,84.556989,0,0.0,0.2296202742034724,,,,,False,0
0x8fbd7cf5f806f563080864694415829f7229a959,2026-07-02,0xe97ee3e0c3564d3f93c66ce1683c9b68eeed62751aa5bc3275d0db8789a9b572,71894262559471310394732829204636878018777495844096819397895780871950854641731,YES,29°C,highest-temperature-in-beijing-on-july-2-2026,5,0,50.301665,0,0.0,0.006000000198800577,,,,,False,0
0x8fbd7cf5f806f563080864694415829f7229a959,2026-07-03,0x9d847be7235724c0ae58e1ad5ba0ee43394ee7fae02d11fcf701eebd5ec6a56d,11907397129494050688609817983082494668679304652694666618123381174201027549108,NO,37°C,highest-temperature-in-beijing-on-july-3-2026,2,1,7.142854,7.14,0.9996004398241936,0.720000156800069,0.9979005602240896,0.27790040342402056,138618,138186,False,0
0x8fbd7cf5f806f563080864694415829f7229a959,2026-07-03,0xab81e98d3ba0906b447dd4d6ea9e309942982519845ad59b1c81e8040d9f9078,4107627742843061506317304656305794611433928778309374957189968820483202655591,NO,36°C,highest-temperature-in-beijing-on-july-3-2026,1,0,2.820511,0,0.0,0.6100001028182481,,,,,False,0
0x8fbd7cf5f806f563080864694415829f7229a959,2026-07-03,0xab81e98d3ba0906b447dd4d6ea9e309942982519845ad59b1c81e8040d9f9078,51585405439077408698479296516446807201671239035988847222961078734764402942475,YES,36°C,highest-temperature-in-beijing-on-july-3-2026,20,0,349.853479,0,0.0,0.345621496592292,,,,,False,0
0x8fbd7cf5f806f563080864694415829f7229a959,2026-07-03,0xddbddaa2f21d327508a17ad4012c8ed0c818fc8eff91a231e95e9fe2ee4a8a69,51404124856274899619153967245937664642066636343511277240733143482919124658676,YES,35°C,highest-temperature-in-beijing-on-july-3-2026,31,1,481.261857,481.26,0.9999961413937692,0.12644313924924244,0.9989500685700038,0.8725069293207613,138053,111281,False,0
0x8fbd7cf5f806f563080864694415829f7229a959,2026-07-04,0x2bf8cc193f1ec72cacee762a012675ab57d5853af6c8eb97145842a0f0791492,2419621304041694976825342401077218961409308726056483965024656490864327257192,NO,33°C,highest-temperature-in-beijing-on-july-4-2026,2,0,13.690000000000001,0,0.0,0.7297684441197954,,,,,False,0
0x8fbd7cf5f806f563080864694415829f7229a959,2026-07-04,0x48a273891d7db4265bc8109e768123c3032277de4b5b7dd43484d907b60ac6fc,114488415249015411319691038364084193580988801412175469271920903449542473177460,NO,34°C,highest-temperature-in-beijing-on-july-4-2026,2,0,13.780000000000001,0,0.0,0.7249637155297532,,,,,False,0
0x8fbd7cf5f806f563080864694415829f7229a959,2026-07-04,0x48a273891d7db4265bc8109e768123c3032277de4b5b7dd43484d907b60ac6fc,96257504628610993681879628275371301882451987827136137387580611093608261334501,YES,34°C,highest-temperature-in-beijing-on-july-4-2026,3,0,66.935942,0,0.0,0.0919557537563302,,,,,False,0
0x8fbd7cf5f806f563080864694415829f7229a959,2026-07-04,0x599528713f6038d9153666450144056142ea0f479a79749a43a56e8e9628685a,115489102057861059701227042748315790067424140413439340170433069523044891063344,YES,31°C or below,highest-temperature-in-beijing-on-july-4-2026,4,0,274.323767,0,0.0,0.036449124001712914,,,,,False,0
0x8fbd7cf5f806f563080864694415829f7229a959,2026-07-04,0x736241293be7f85988711bcbee4e95fa7bec53b42e9805a45ca1cb7dcab2689d,19662394912082272518065870677061860796376941558888571874419951394990882545237,NO,32°C,highest-temperature-in-beijing-on-july-4-2026,1,0,5.917158,0,0.0,0.8310001186380354,,,,,False,0
0x8fbd7cf5f806f563080864694415829f7229a959,2026-07-04,0x736241293be7f85988711bcbee4e95fa7bec53b42e9805a45ca1cb7dcab2689d,78568089220700911817525056594904068142433722710968789686334654152672244949291,YES,32°C,highest-temperature-in-beijing-on-july-4-2026,3,0,107.12,0,0.0,0.09333355115758028,,,,,False,0
0x8fbd7cf5f806f563080864694415829f7229a959,2026-07-04,0x9f175909f1ba1a136f0fa025d206c1c92082511eedaf6b0adf9569350195d857,29526700932105473810101488596593515738961635633876101291257903345517789215156,YES,35°C,highest-temperature-in-beijing-on-july-4-2026,2,0,0.7000000000000001,0,0.0,0.28285714285714286,,,,,False,0
0x8fbd7cf5f806f563080864694415829f7229a959,2026-07-04,0x9f175909f1ba1a136f0fa025d206c1c92082511eedaf6b0adf9569350195d857,69599736889605049935230719696104470740012106472252311496858875617609689648961,NO,35°C,highest-temperature-in-beijing-on-july-4-2026,3,1,47.763528,47.06,0.9852706022888427,0.6453046977601822,0.9989500637484062,0.35364536598822405,188703,34858,False,0
0x8fbd7cf5f806f563080864694415829f7229a959,2026-07-04,0xc932ad2d14818395db785e7b33c7a27aedb217ed34610664dcda3eeb3170a862,99485980711817302218483218520440130960211500185707479898619670523438898334204,NO,36°C,highest-temperature-in-beijing-on-july-4-2026,2,1,11.73,11.73,1.0,0.8419693094629156,0.9989505541346972,0.15698124467178165,153778,15540,False,0
0x8fbd7cf5f806f563080864694415829f7229a959,2026-07-05,0x2aadf4872c970c03052f256b98f098bf2b96937960cbabe2c0e3bac80966456b,65233421384348523639109797652259931444134704008936098542494378238024267119639,YES,33°C,highest-temperature-in-beijing-on-july-5-2026,3,0,21.310256,0,0.0,0.12506940320191368,,,,,False,0
0x8fbd7cf5f806f563080864694415829f7229a959,2026-07-06,0x37ca5ff633e6a56d083f835a09d59c9c1f03725d235d04019d5db4f4201e8d54,105996655600551371213467756473800838072857653164874317213551378764313100344665,YES,32°C,highest-temperature-in-beijing-on-july-6-2026,2,0,24.2239,0,0.0,0.18,,,,,False,0
0x8fbd7cf5f806f563080864694415829f7229a959,2026-07-06,0x81da72ea979f83d4afcdc39e5f54060f7418c538c1bced0a0709e0b0d6d5e5c5,113152431978318586479005223898161583815159126294378390056674728936455480758619,YES,31°C,highest-temperature-in-beijing-on-july-6-2026,11,0,98.235044,0,0.0,0.09787397255097681,,,,,False,0
0x8fbd7cf5f806f563080864694415829f7229a959,2026-07-06,0x860a5b8d1873a3fe394784756daf556cd4c7d33ea9a9e9d585a7073fadc6a2f9,90216912264457944944314615501723402190228869679242138063604957325742640305499,YES,29°C or below,highest-temperature-in-beijing-on-july-6-2026,17,0,809.9747,0,0.0,0.025173757896388618,,,,,False,0
0x8fbd7cf5f806f563080864694415829f7229a959,2026-07-06,0x882371baa95eb27c1963e27c2a1fb22a4606ce08edf3fae46bef248aaa238e53,109661838897307961988329696028036982615261747354351529471986393872196771058012,YES,30°C,highest-temperature-in-beijing-on-july-6-2026,1,0,7.0,0,0.0,0.032,,,,,False,0
0x8fbd7cf5f806f563080864694415829f7229a959,2026-07-07,0x0a27015429f3481efa771ddbabf99c2cf035f9768c4aac86dda5f80dd18b774f,105486268429870775139230695923642956817645070756059187902753144942624192500036,NO,34°C,highest-temperature-in-beijing-on-july-7-2026,1,0,1.11,0,0.0,0.49,,,,,False,0
0x8fbd7cf5f806f563080864694415829f7229a959,2026-07-07,0x0a27015429f3481efa771ddbabf99c2cf035f9768c4aac86dda5f80dd18b774f,39286381068804947730026072034823004027985790013756868913012423260191808721035,YES,34°C,highest-temperature-in-beijing-on-july-7-2026,3,0,276.47,0,0.0,0.06,,,,,False,0
0x8fbd7cf5f806f563080864694415829f7229a959,2026-07-07,0x74832e117f992ce65bafbd6d5fbf1c37d0b8a9ae6c70efd7c112a3fa7ee6f9f5,31313665162864273700412125594275347514682633461110054618374483319387844317666,YES,30°C,highest-temperature-in-beijing-on-july-7-2026,10,0,202.63,0,0.0,0.11431870897695308,,,,,False,0
0x8fbd7cf5f806f563080864694415829f7229a959,2026-07-07,0xc2d034f7afa393444688a8a1f4111dce744aad5dfc9fc6971e8af668b65efa83,70137624592358153535686560283587635875729148255793964330286374874435325142475,YES,31°C,highest-temperature-in-beijing-on-july-7-2026,1,0,1363.63,0,0.0,0.011,,,,,False,0
0x8fbd7cf5f806f563080864694415829f7229a959,2026-07-07,0xd099c495c78b7786ebe35d428338b084371ec26e5b3d6b76f3286a28cbd95ab0,86913714413916614696148770642585344208651638910285889417771849297194660608441,YES,29°C,highest-temperature-in-beijing-on-july-7-2026,9,0,287.017876,0,0.0,0.053746683708299756,,,,,False,0
0x8fbd7cf5f806f563080864694415829f7229a959,2026-07-07,0xd33ac3075df0e093ac82fdecd8b4a6c613a5b1851a38b9a72d8b905805b329e0,106985037499970595421747840514014325034187968280024158721253678109249795734398,NO,33°C,highest-temperature-in-beijing-on-july-7-2026,9,0,344.276452,0,0.0,0.2953604709508276,,,,,False,0
0x8fbd7cf5f806f563080864694415829f7229a959,2026-07-07,0xea770d89a11ecc5b090bce81e578708f823ac33500494d92e0a93bc636f6a421,71095187919919981184767897536192024493829803193189095023011426819308193285707,YES,32°C,highest-temperature-in-beijing-on-july-7-2026,7,0,355.130314,0,0.0,0.11150138537596088,,,,,False,0
0x8fbd7cf5f806f563080864694415829f7229a959,2026-07-08,0x7a5d9b57b4fdc54a2940bd903fb5c580caedf79c27cea2ecf7043a51f87f790f,55991106789863802223538527291351439717438527509086241078865003321720129824907,YES,31°C,highest-temperature-in-beijing-on-july-8-2026,6,0,298.946752,0,0.0,0.0863657518513531,,,,,False,0
0x8fbd7cf5f806f563080864694415829f7229a959,2026-07-08,0x8f8e5d63473c37bfc05c4f4debd581f7d0d09cdefaafb9ba2056038052371816,107864418143250844648681393591162592835030360764258405854545017862361725691659,YES,33°C,highest-temperature-in-beijing-on-july-8-2026,9,0,210.516058,0,0.0,0.37519731630163816,,,,,False,0
0x8fbd7cf5f806f563080864694415829f7229a959,2026-07-08,0x8f8e5d63473c37bfc05c4f4debd581f7d0d09cdefaafb9ba2056038052371816,73615975744111296910058765340469208593378647331004250119995467851297812874497,NO,33°C,highest-temperature-in-beijing-on-july-8-2026,12,0,210.21,0,0.0,0.633026973026973,,,,,False,0
0x8fbd7cf5f806f563080864694415829f7229a959,2026-07-08,0xdcbd8d5b15ed825d96671ecb3cadca6242c27ce42f070acd339dd1a263ccdf0c,24939541515700394379042181250339393150187288982386806239245825185276838722000,YES,34°C,highest-temperature-in-beijing-on-july-8-2026,4,0,94.38,0,0.0,0.20248929858020767,,,,,False,0
0x8fbd7cf5f806f563080864694415829f7229a959,2026-07-08,0xee67b0a2341d1ae68fae2bc6075833b49cbad9cc3dc95d2b0f40bcc8adec893b,79169523549508383932608350210913132352996580821033913038985954540911914043941,YES,32°C,highest-temperature-in-beijing-on-july-8-2026,30,0,165.747872,0,0.0,0.23804165039295347,,,,,False,0
0x8fbd7cf5f806f563080864694415829f7229a959,2026-07-08,0xee67b0a2341d1ae68fae2bc6075833b49cbad9cc3dc95d2b0f40bcc8adec893b,89962803995053889139340207269606615097080122887118409326420233970380578656682,NO,32°C,highest-temperature-in-beijing-on-july-8-2026,20,0,278.535577,0,0.0,0.6082805752315081,,,,,False,0
0x8fbd7cf5f806f563080864694415829f7229a959,2026-07-09,0x89f068c5dc75b6bd302e0209440915cef6ea8e617ba16d46b3f59af7189deb63,74178217614406732095357226259131316211258227479245113057766609557130592613909,YES,35°C,highest-temperature-in-beijing-on-july-9-2026,15,2,368.717507,368.71000000000004,0.9999796402398653,0.09741213345749812,0.9979002196848471,0.900488086227349,111957,48970,False,0
0x8fbd7cf5f806f563080864694415829f7229a959,2026-07-09,0x8aa60f95b29c18316b13e5e45f6f7e50f1fa9b610c9f48f265dacabee6950593,21468877316709123115873745666088824279156747891521437459593027132312151413596,NO,34°C,highest-temperature-in-beijing-on-july-9-2026,4,0,81.28999999999999,0,0.0,0.7361420838971584,,,,,False,0
0x8fbd7cf5f806f563080864694415829f7229a959,2026-07-09,0x8aa60f95b29c18316b13e5e45f6f7e50f1fa9b610c9f48f265dacabee6950593,70683531769380661296253505419938360518407174823610564141004079859658013266373,YES,34°C,highest-temperature-in-beijing-on-july-9-2026,13,0,370.11,0,0.0,0.13047285942017237,,,,,False,0
0x8fbd7cf5f806f563080864694415829f7229a959,2026-07-09,0xa0009eab09b17c6e05e1dd3b620352ff4eed3e432f5b6a98ab24a5bbb67ea4bb,43928616079817261887418034421648004627429040673461298665431393470972857119679,NO,33°C,highest-temperature-in-beijing-on-july-9-2026,2,0,24.401426999999998,0,0.0,0.7200000229494775,,,,,False,0
0x8fbd7cf5f806f563080864694415829f7229a959,2026-07-09,0xa0009eab09b17c6e05e1dd3b620352ff4eed3e432f5b6a98ab24a5bbb67ea4bb,69740400826064010338084594389667357369453394354389238861296402369044188980230,YES,33°C,highest-temperature-in-beijing-on-july-9-2026,5,0,99.79,0,0.0,0.20041186491632426,,,,,False,0
0x8fbd7cf5f806f563080864694415829f7229a959,2026-07-09,0xcb5518f774ddbaa10b7d533524fb7f9f8fe24036caf180bbbfbd95dfc1b3786a,14117110060727634763000510734100729295282392296580026401172958513954740216027,YES,32°C,highest-temperature-in-beijing-on-july-9-2026,22,0,179.463873,0,0.0,0.17574304773863875,,,,,False,0
0x8fbd7cf5f806f563080864694415829f7229a959,2026-07-09,0xcb5518f774ddbaa10b7d533524fb7f9f8fe24036caf180bbbfbd95dfc1b3786a,88145490839390663743945546113102553476054906409125433116760653238820138117771,NO,32°C,highest-temperature-in-beijing-on-july-9-2026,3,0,31.165000000000003,0,0.0,0.7402278196695009,,,,,False,0
0x8fbd7cf5f806f563080864694415829f7229a959,2026-07-10,0x6855e2e163de8c46393610fe576e523567d6e3562f56923487c834acafc94499,50457614460916406263294923374152688132390106193722591830382787559635730577683,NO,29°C,highest-temperature-in-beijing-on-july-10-2026,21,1,162.12,123.49,0.7617197137922526,0.7358536886257093,0.9979002348368289,0.26204654621111956,181507,170052,False,0
0x8fbd7cf5f806f563080864694415829f7229a959,2026-07-10,0x6855e2e163de8c46393610fe576e523567d6e3562f56923487c834acafc94499,8558793652850238734125671499189742012274438869252557156443757137990042642891,YES,29°C,highest-temperature-in-beijing-on-july-10-2026,4,0,38.62833,0,0.0,0.10745307912612323,,,,,False,0
0x8fbd7cf5f806f563080864694415829f7229a959,2026-07-10,0x6c86031570f4ea8bddd9634b5b3323e975543a575206c3ee29d8dbd62c6ec04e,41968553746442956644489381463889980754940349117929781907071052076614076958442,YES,32°C,highest-temperature-in-beijing-on-july-10-2026,1,0,236.21,0,0.0,0.03,,,,,False,0
0x8fbd7cf5f806f563080864694415829f7229a959,2026-07-10,0x6c86031570f4ea8bddd9634b5b3323e975543a575206c3ee29d8dbd62c6ec04e,55889761288714541739355858878095418893963432142295874190597380274614140538117,NO,32°C,highest-temperature-in-beijing-on-july-10-2026,1,0,5.526314,0,0.0,0.81000011942861,,,,,False,0
0x8fbd7cf5f806f563080864694415829f7229a959,2026-07-10,0x93fa6905ca25674d6d9dbd35be759b8b6dfc4d3a8744a5b32b299f1d29733ec6,65019264853139722011353621217958139638824389985784350832688544567506800989913,NO,31°C,highest-temperature-in-beijing-on-july-10-2026,2,0,23.846895,0,0.0,0.8135606752996564,,,,,False,0
0x8fbd7cf5f806f563080864694415829f7229a959,2026-07-10,0x93fa6905ca25674d6d9dbd35be759b8b6dfc4d3a8744a5b32b299f1d29733ec6,75136041911770037614518978900437119861816245568108659030536379269111719987997,YES,31°C,highest-temperature-in-beijing-on-july-10-2026,1,0,240.12,0,0.0,0.06,,,,,False,0
0x8fbd7cf5f806f563080864694415829f7229a959,2026-07-10,0xa543a19b264077ef1a26a632c58500c93f29a5ccab0b4e8f0323b681e3ef3d10,86018233340433213187213926201442374837800177722482607054761432623861433614833,YES,27°C or below,highest-temperature-in-beijing-on-july-10-2026,27,1,468.00550100000004,468.0,0.999988245864657,0.14122762415991344,0.9979002136752136,0.8566725895153002,182520,23747,False,0
0x8fbd7cf5f806f563080864694415829f7229a959,2026-07-10,0xdb6db0792acc3d0c08e92a814c850432c1109d6fb8645b85d6cccb1d5a201cb0,81755458896310429985883739427482770215059110582980582603837744445062004118329,YES,28°C,highest-temperature-in-beijing-on-july-10-2026,30,0,301.500046,0,0.0,0.2321745350579482,,,,,False,0
0x8fbd7cf5f806f563080864694415829f7229a959,2026-07-10,0xefb0555d55b2b7801236733824ae74f36c5da01475a9fe764d2bc76b6fa1a9cf,20537794948885161944756209392319436712796192505828073412922436554154119726891,NO,30°C,highest-temperature-in-beijing-on-july-10-2026,9,1,95.690768,95.69,0.999991974147391,0.7601607816545061,0.9989501515309855,0.23878936987647947,177106,174153,False,0
0x8fbd7cf5f806f563080864694415829f7229a959,2026-07-11,0x33694fc19691bfda4286664c733082ea4797bfcbeb1c1103211eeeecc6892908,8118010882034701412639579674444655534169910448153044422255487022107423350236,YES,27°C or below,highest-temperature-in-beijing-on-july-11-2026,40,0,650.1440259999999,0,0.0,0.10996318221956562,,,,,False,0
0x8fbd7cf5f806f563080864694415829f7229a959,2026-07-11,0x36e7d33d26439299381ff4f2a9df2ba0012b513857f7b40ca565f67b8626ff53,74709973951741336983419761848015375501791297471217871329581616258920594674316,YES,28°C,highest-temperature-in-beijing-on-july-11-2026,35,0,408.55845,0,0.0,0.17079606602188743,,,,,False,0
0x8fbd7cf5f806f563080864694415829f7229a959,2026-07-11,0x6c6695c2c31b1b2b7d25a8984d7c932f8424740599e079a1e8c36044e4c3f827,93259836843395281567682854796156737561070980574616860161120890180048878052961,YES,31°C,highest-temperature-in-beijing-on-july-11-2026,10,0,440.666512,0,0.0,0.1415851200419786,,,,,False,0
0x8fbd7cf5f806f563080864694415829f7229a959,2026-07-11,0x7dd815763743f448eb094c00f5c53034cd9bf29c129da5079b91f0bdc1a812c5,32883572753991733264832167879755523774422431750050071998344500196865178017493,NO,32°C,highest-temperature-in-beijing-on-july-11-2026,1,0,6.41,0,0.0,0.7799999999999999,,,,,False,0
0x8fbd7cf5f806f563080864694415829f7229a959,2026-07-11,0x7dd815763743f448eb094c00f5c53034cd9bf29c129da5079b91f0bdc1a812c5,58883608414020671975939917722490576318224965162473419675148194744133902027811,YES,32°C,highest-temperature-in-beijing-on-july-11-2026,2,0,3.3131399999999998,0,0.0,0.04320885926945436,,,,,False,0
0x8fbd7cf5f806f563080864694415829f7229a959,2026-07-11,0x7fb2aab9bb97d0961dbe8808379f65832ebe878a0a07d13051a647be11270693,114356146596098984869412731385222489782272520922910115122768167023464848688717,YES,30°C,highest-temperature-in-beijing-on-july-11-2026,5,0,97.048486,0,0.0,0.17302783064539515,,,,,False,0
0x8fbd7cf5f806f563080864694415829f7229a959,2026-07-11,0x88fd3d0fb536e2a593c1eb75ec13c838ffb4193cf77b0d68f820f803b1d09bfd,14863342124646821629675644586739462743432409305773531662511208160344934804629,YES,29°C,highest-temperature-in-beijing-on-july-11-2026,9,1,131.79,131.79,1.0,0.1736266788071933,0.9979002200470446,0.8242735412398513,16026,11106,False,0
0x8fbd7cf5f806f563080864694415829f7229a959,2026-07-12,0x12625d73bc2c2c6736f873469638333534acd99f14b16f970599e5328b9295e0,45942902442620539911557249090245143352972674668517694866490110389946582681118,YES,27°C or below,highest-temperature-in-beijing-on-july-12-2026,1,0,7.0,0,0.0,0.046,,,,,False,0
0x8fbd7cf5f806f563080864694415829f7229a959,2026-07-12,0x5ce7e7263af4ae934711a27555c8907fb759d9786dd0d871057644c57051ffdc,105763729642734904494038915656578713706227457010973089712626667590763424877549,YES,31°C,highest-temperature-in-beijing-on-july-12-2026,12,1,120.51999500000001,77.53,0.6432957452412772,0.2298763703068524,0.9980357281052494,0.7681593577983971,135973,16921,False,0
0x8fbd7cf5f806f563080864694415829f7229a959,2026-07-12,0x5ce7e7263af4ae934711a27555c8907fb759d9786dd0d871057644c57051ffdc,89617094532312848988789984166175417014742293147721745933590131547314755106722,NO,31°C,highest-temperature-in-beijing-on-july-12-2026,2,0,42.980000000000004,0,0.0,0.6498464402047464,,,,,False,0
0x8fbd7cf5f806f563080864694415829f7229a959,2026-07-12,0x8d5b3793662e5fcc31903d022a6d101792946f05ccff7ec47f2e837d1903c093,32554890431000005572932106167898058086407401937802371761670803842976810849691,YES,32°C,highest-temperature-in-beijing-on-july-12-2026,22,0,385.802858,0,0.0,0.11630820008077804,,,,,False,0
0x8fbd7cf5f806f563080864694415829f7229a959,2026-07-12,0x8d5b3793662e5fcc31903d022a6d101792946f05ccff7ec47f2e837d1903c093,73073980225737326309945280066825938118715005049831672595473498076758020140514,NO,32°C,highest-temperature-in-beijing-on-july-12-2026,1,0,15.829593,0,0.0,0.8520000482640332,,,,,False,0
0x8fbd7cf5f806f563080864694415829f7229a959,2026-07-12,0x955576c5080e554b5bc7dc2e529a54d5dda4b28518ac2e234a2e399c3b4e675c,21164684630407967157219585875118916341616319371243352673763111245966447180965,YES,29°C,highest-temperature-in-beijing-on-july-12-2026,15,0,150.289409,0,0.0,0.17356326153361878,,,,,False,0
0x8fbd7cf5f806f563080864694415829f7229a959,2026-07-12,0x99ee1cd5b4207dd1ebfcdae66a0e3b5610aef6ef7292fcc7ee51619d629b50d4,17571418293014998781938649810713537212481698299535078313694072067391468517669,YES,30°C,highest-temperature-in-beijing-on-july-12-2026,4,0,23.085751000000002,0,0.0,0.29360764568586045,,,,,False,0
0x8fbd7cf5f806f563080864694415829f7229a959,2026-07-12,0x99ee1cd5b4207dd1ebfcdae66a0e3b5610aef6ef7292fcc7ee51619d629b50d4,57733598380422821348292167219713256529898931656702858132251131907135847849267,NO,30°C,highest-temperature-in-beijing-on-july-12-2026,4,1,37.670815000000005,14.58,0.3870370205688409,0.5446130114254231,0.9989506172839506,0.45433760585852756,12918,10991,False,0
0x8fbd7cf5f806f563080864694415829f7229a959,2026-07-12,0xff55a5e0a6e857be7e04f0ca9296db5df1008e0c0ca2d750d40f5d223709c003,16291822847357429418112489078859180847493463964078961356856155181378260420916,YES,28°C,highest-temperature-in-beijing-on-july-12-2026,5,0,58.653363,0,0.0,0.10074903974389328,,,,,False,0
0x8fbd7cf5f806f563080864694415829f7229a959,2026-07-13,0x72f4f8ed421d7d879fc70712fa183963b5042a46612199f0eaabbadec7d1c20d,87694998098983509239426853007632659993135791950289332637822693704560697976728,YES,34°C,highest-temperature-in-beijing-on-july-13-2026,13,1,135.547212,100.8,0.7436523297874986,0.33337858693840194,0.9979002976190477,0.6645217106806458,93885,16347,False,0
0x8fbd7cf5f806f563080864694415829f7229a959,2026-07-13,0x72f4f8ed421d7d879fc70712fa183963b5042a46612199f0eaabbadec7d1c20d,96943497976937759240670601664429156543803589281891790116318238552733431595523,NO,34°C,highest-temperature-in-beijing-on-july-13-2026,2,0,34.741788,0,0.0,0.4032213022542191,,,,,False,0
0x8fbd7cf5f806f563080864694415829f7229a959,2026-07-13,0x73950096558f90c9efe12ff799a93c00d635e6f531a94e28e451da7294f90300,83349940313474691914796767585669503099251996047208888510031525211202954031486,YES,30°C,highest-temperature-in-beijing-on-july-13-2026,1,0,117.51,0,0.0,0.09999999999999999,,,,,False,0
0x8fbd7cf5f806f563080864694415829f7229a959,2026-07-13,0x80ea76f30adb386b4e2d36cdc3f41d6b5179af06313b83533c9ec58fdf4602a4,17045104821591114133912347136181318258933672317440050558009273209912488470854,YES,33°C,highest-temperature-in-beijing-on-july-13-2026,17,0,589.91,0,0.0,0.15704882100659423,,,,,False,0
0x8fbd7cf5f806f563080864694415829f7229a959,2026-07-13,0x80ea76f30adb386b4e2d36cdc3f41d6b5179af06313b83533c9ec58fdf4602a4,87573733418994653488782399230180984167298575956528776102358173578771278755495,NO,33°C,highest-temperature-in-beijing-on-july-13-2026,2,0,36.04,0,0.0,0.7749667036625971,,,,,False,0
0x8fbd7cf5f806f563080864694415829f7229a959,2026-07-13,0x9d7f6900f0d041afec049596ea5f40506956b46264a0b1375749356b408e7a39,3808135994531882413993821265268812916608966500600992349725293883582198356013,YES,31°C,highest-temperature-in-beijing-on-july-13-2026,2,0,17.93,0,0.0,0.26167317345231456,,,,,False,0
0x8fbd7cf5f806f563080864694415829f7229a959,2026-07-13,0x9eed946ea42e45fcc5bebceeeb4c6723b497f3481ae574b0e363a954e47984bc,22579640833403901092956047608013628836967047686362514353416545378624557472702,YES,32°C,highest-temperature-in-beijing-on-july-13-2026,6,0,172.682251,0,0.0,0.1208673901291685,,,,,False,0
0x8fbd7cf5f806f563080864694415829f7229a959,2026-07-13,0xec601ed2f33edf10766ee7312fed4edb417295f50fe8b928d2e77414da76f18b,37640644766482480815766893684212226753524427024242873066011797540429672885214,NO,35°C,highest-temperature-in-beijing-on-july-13-2026,4,1,47.47,42.26,0.8902464714556562,0.6182119233199915,0.9979003786086134,0.37968845528862183,27841,25869,False,0
0x8fbd7cf5f806f563080864694415829f7229a959,2026-07-13,0xec601ed2f33edf10766ee7312fed4edb417295f50fe8b928d2e77414da76f18b,39877908107711161219261674775441958696405903948949495546142184785569115784759,YES,35°C,highest-temperature-in-beijing-on-july-13-2026,3,0,5.2031030000000005,0,0.0,0.17164891796299245,,,,,False,0
0x8fbd7cf5f806f563080864694415829f7229a959,2026-07-14,0x039792a2ee36fdd03cbdd64a2c5f036053252be570d9c76788e79d042f18ffa0,30848104240192580953141839431778873784002560575167603329994045382043077206350,YES,33°C,highest-temperature-in-beijing-on-july-14-2026,36,2,468.479776,468.46999999999997,0.9999791325036835,0.18898710795148602,0.9979002284030994,0.8089131204516135,145038,22174,False,0
0x8fbd7cf5f806f563080864694415829f7229a959,2026-07-14,0x26b7580f6ccf9018322c1972735ed3e9d7957c5f19a2798970f8c4de67f3f808,70864822694017588414330853063813121440981037220437465264030294325234962997386,YES,34°C,highest-temperature-in-beijing-on-july-14-2026,7,0,113.362856,0,0.0,0.3546695841890223,,,,,False,0
0x8fbd7cf5f806f563080864694415829f7229a959,2026-07-14,0x26b7580f6ccf9018322c1972735ed3e9d7957c5f19a2798970f8c4de67f3f808,91635041977993838177637190017256463197708040027067988185142611823000212586628,NO,34°C,highest-temperature-in-beijing-on-july-14-2026,4,0,48.825,0,0.0,0.6010240655401945,,,,,False,0
0x8fbd7cf5f806f563080864694415829f7229a959,2026-07-14,0x2add674eed97a8a0b2a17926986adb10fd2ab96fd0ea5da4b8a5c000719d0742,54620554820937631745232615203204053190348776563715367409546642537955978043830,NO,35°C,highest-temperature-in-beijing-on-july-14-2026,3,0,40.820642,0,0.0,0.6900000249873581,,,,,False,0
0x8fbd7cf5f806f563080864694415829f7229a959,2026-07-14,0x2add674eed97a8a0b2a17926986adb10fd2ab96fd0ea5da4b8a5c000719d0742,89855744938258629111607900920220957202287134769304800520497939526975346577700,YES,35°C,highest-temperature-in-beijing-on-july-14-2026,7,0,300.97,0,0.0,0.1346517925374622,,,,,False,0
0x8fbd7cf5f806f563080864694415829f7229a959,2026-07-14,0x645f1a03d72772bf4a5c9a7057b5c12016140ab0effc139621d3b14d35726a63,23132537508434287401636067718928856676104488555382793400789641041051775852390,YES,36°C,highest-temperature-in-beijing-on-july-14-2026,1,0,22.85,0,0.0,0.09000000000000001,,,,,False,0
0x8fbd7cf5f806f563080864694415829f7229a959,2026-07-14,0x8e7dade5f1b8f41700e0fe3c5951fad53bbd29d05098cbd32103701e23357e63,112448175515335149918269608083572541814547880263797872143237198455117685572302,YES,32°C,highest-temperature-in-beijing-on-july-14-2026,24,0,432.561843,0,0.0,0.09435835975943907,,,,,False,0
0x8fbd7cf5f806f563080864694415829f7229a959,2026-07-15,0x58cf27e3e51c07fb4e7bcad19b1bfdcea8c41140babb5ca90cd98f5ed017c7d1,39351699796530949238921554940621698688242337470547172003894423328569835790660,YES,38°C,highest-temperature-in-beijing-on-july-15-2026,5,0,21.418731,0,0.0,0.21400600250313614,,,,,False,0
0x8fbd7cf5f806f563080864694415829f7229a959,2026-07-15,0x58cf27e3e51c07fb4e7bcad19b1bfdcea8c41140babb5ca90cd98f5ed017c7d1,95471441174531821754934786629559592600518778899086748543907329679612403091362,NO,38°C,highest-temperature-in-beijing-on-july-15-2026,3,0,37.769999999999996,0,0.0,0.6792287529785545,,,,,False,0
0x8fbd7cf5f806f563080864694415829f7229a959,2026-07-15,0x7c1ededa9e4916325c33110bcd243670c8ce213ab2d879004b9de45892f03ed4,34895347720080921734013574349527206186921973597822077132876599041019651771018,YES,39°C,highest-temperature-in-beijing-on-july-15-2026,1,0,32.19,0,0.0,0.069,,,,,False,0
0x8fbd7cf5f806f563080864694415829f7229a959,2026-07-15,0x7c1ededa9e4916325c33110bcd243670c8ce213ab2d879004b9de45892f03ed4,78603858052582284215174420989584998157963923493974698451036806432752478951320,NO,39°C,highest-temperature-in-beijing-on-july-15-2026,1,0,16.78,0,0.0,0.832,,,,,False,0
0x8fbd7cf5f806f563080864694415829f7229a959,2026-07-15,0x88ea5cd8e0168876a61bcff08f42118ba161557f2f40e9eb471f294f3b313c01,103649752740854260348660875310680779598994316796314983326677318316854632896281,NO,36°C,highest-temperature-in-beijing-on-july-15-2026,1,0,16.16,0,0.0,0.74,,,,,False,0
0x8fbd7cf5f806f563080864694415829f7229a959,2026-07-15,0x88ea5cd8e0168876a61bcff08f42118ba161557f2f40e9eb471f294f3b313c01,8787411406237859007851884280419925087017495778885648133685169775276401996091,YES,36°C,highest-temperature-in-beijing-on-july-15-2026,41,0,298.050065,0,0.0,0.34618119610207093,,,,,False,0
0x8fbd7cf5f806f563080864694415829f7229a959,2026-07-15,0xd4307a51ccfaefa6ea68be0403e089d50fa556c03ae683ffbabdc169d403de32,32869484008607492860942228579083005874499769586644021588596081021680182829692,NO,37°C,highest-temperature-in-beijing-on-july-15-2026,4,0,70.765404,0,0.0,0.5184031027364728,,,,,False,0
0x8fbd7cf5f806f563080864694415829f7229a959,2026-07-15,0xd4307a51ccfaefa6ea68be0403e089d50fa556c03ae683ffbabdc169d403de32,73680970830586654274973517558389735549060098260732578600630887664881640903831,YES,37°C,highest-temperature-in-beijing-on-july-15-2026,13,0,88.763335,0,0.0,0.30420851131832755,,,,,False,0
0x8fbd7cf5f806f563080864694415829f7229a959,2026-07-15,0xdf26f814c58eb3d5717be6e607193bf307020c0b129fc08719373618667a3b36,27722608679354487739014548061652406846023481872421117703264366085897808735560,YES,35°C,highest-temperature-in-beijing-on-july-15-2026,18,0,212.474864,0,0.0,0.13445821996149154,,,,,False,0
0x8fbd7cf5f806f563080864694415829f7229a959,2026-07-15,0xf382d836637044bb075ff241e42302f15e1b2642966f944fdf6d02b38228a115,32679758849079056444870429861406882662608786776963320809846892751051327003730,YES,34°C,highest-temperature-in-beijing-on-july-15-2026,1,0,117.51,0,0.0,0.09999999999999999,,,,,False,0
0x8fbd7cf5f806f563080864694415829f7229a959,2026-07-16,0x05821f6a846ba9f4a7a81a8f1e7d2084a56a86a88ec810fc54597913fae471c6,10030767642085814974470308171261589364401321291879346256851165118851879079700,NO,35°C,highest-temperature-in-beijing-on-july-16-2026,6,0,51.654836,0,0.0,0.710148552209129,,,,,False,0
0x8fbd7cf5f806f563080864694415829f7229a959,2026-07-16,0x05821f6a846ba9f4a7a81a8f1e7d2084a56a86a88ec810fc54597913fae471c6,48957043048782863141400610211925308293545402909217178234901975411754571906936,YES,35°C,highest-temperature-in-beijing-on-july-16-2026,40,0,691.518762,0,0.0,0.09712240895063379,,,,,False,0
0x8fbd7cf5f806f563080864694415829f7229a959,2026-07-16,0x2769fee09d52c97540157eb3b3ac40b98bf782c4abe52aeccfbdf5ad8ed4cf23,6721428975568851496869701579555606976719309130119354924015577626689847451402,YES,31°C or below,highest-temperature-in-beijing-on-july-16-2026,37,0,681.889107,0,0.0,0.16619785363428602,,,,,False,0
0x8fbd7cf5f806f563080864694415829f7229a959,2026-07-16,0x4ccf620a3af4ecccbe4d5a1a9e7c6ead7504795d1dcdabb3ae7004d3b315f91d,115031478573264603628654827297115437834272069792650868551532444177433086712550,YES,34°C,highest-temperature-in-beijing-on-july-16-2026,14,1,152.25,139.93,0.919080459770115,0.21120919540229882,0.9979002358322018,0.786691040429903,187752,22034,False,0
0x8fbd7cf5f806f563080864694415829f7229a959,2026-07-16,0x4ccf620a3af4ecccbe4d5a1a9e7c6ead7504795d1dcdabb3ae7004d3b315f91d,63668627083522133847688768192850855182129820436077126026411280389080921198953,NO,34°C,highest-temperature-in-beijing-on-july-16-2026,4,0,12.319762,0,0.0,0.4344859908819667,,,,,False,0
0x8fbd7cf5f806f563080864694415829f7229a959,2026-07-16,0x79f3d222764a4c98eceb1ad9cfe070853e27275e5c0922d9521ce49b4ba1c1d6,72312376559859363982956601214751406381272102537040015309683690870622811175837,NO,33°C,highest-temperature-in-beijing-on-july-16-2026,8,0,62.127893,0,0.0,0.5904738150382792,,,,,False,0
0x8fbd7cf5f806f563080864694415829f7229a959,2026-07-16,0x79f3d222764a4c98eceb1ad9cfe070853e27275e5c0922d9521ce49b4ba1c1d6,95928602866443381472851480711868712334474615828307485131169413815772034970654,YES,33°C,highest-temperature-in-beijing-on-july-16-2026,23,0,180.588533,0,0.0,0.3327616488251776,,,,,False,0
0x8fbd7cf5f806f563080864694415829f7229a959,2026-07-16,0xd914f3d2772726ccea20d8ed3ddbba9d1cb5d89524ee074d871fc107b0a7eca8,52579815112718942235456843721112348623528612230190129292639183789307710874025,YES,32°C,highest-temperature-in-beijing-on-july-16-2026,65,0,593.705387,0,0.0,0.1740768911028931,,,,,False,0
0x8fbd7cf5f806f563080864694415829f7229a959,2026-07-17,0x611b793f8ab6ad580876b9d31b0737dfa1b4d55cf307fb6db0d0bdfd1291ac41,81975117340700524071497718204744316219682119622538725875347292028289222190353,NO,32°C,highest-temperature-in-beijing-on-july-17-2026,1,0,19.28,0,0.0,0.37999999999999995,,,,,False,0
0x8fbd7cf5f806f563080864694415829f7229a959,2026-07-17,0x611b793f8ab6ad580876b9d31b0737dfa1b4d55cf307fb6db0d0bdfd1291ac41,83894587414285689495105306481254694107299173414745441543420506797162933420297,YES,32°C,highest-temperature-in-beijing-on-july-17-2026,37,0,524.404047,0,0.0,0.2224792536736468,,,,,False,0
0x8fbd7cf5f806f563080864694415829f7229a959,2026-07-17,0x83da2ffe8a66c2f6fc9ef06c214c3ba22ec25058b7744973124323aa7cfd3096,58269429526782224526293128153073433385427855545755038537068332547324876696033,NO,33°C,highest-temperature-in-beijing-on-july-17-2026,1,0,13.08,0,0.0,0.5599999999999999,,,,,False,0
0x8fbd7cf5f806f563080864694415829f7229a959,2026-07-17,0x83da2ffe8a66c2f6fc9ef06c214c3ba22ec25058b7744973124323aa7cfd3096,69954709816413470302808061891012516684283207395879313786881049884192898559711,YES,33°C,highest-temperature-in-beijing-on-july-17-2026,10,0,118.73727,0,0.0,0.30831407863765103,,,,,False,0
0x8fbd7cf5f806f563080864694415829f7229a959,2026-07-17,0xa5366ecc6f05bb66a8439c98a4887b0c38d775f94bd5537d40d52f553b96afb4,104680429886035651552272677355242576613520411365448776393026316814765939179743,YES,34°C,highest-temperature-in-beijing-on-july-17-2026,4,0,28.27,0,0.0,0.31728333922886454,,,,,False,0
0x8fbd7cf5f806f563080864694415829f7229a959,2026-07-17,0xc363e4684df7de0839888317ddd89a5196fb04b82ecaaa4aa60285f03afa40ce,107183801066140066539179849253716737087030714166299848948471849050768751831373,YES,31°C,highest-temperature-in-beijing-on-july-17-2026,60,6,993.185263,993.1800000000001,0.9999947008879451,0.0927464134151173,0.9983914496868644,0.9056450362717472,76997,23666,False,0
0x8fbd7cf5f806f563080864694415829f7229a959,2026-07-18,0x05fe5e302dbaf9cf320b8f018ea085141f03a08ed913b702f41366d065260e0b,39645770099092038001897618817502958876020498813125342930393063381583716211859,YES,29°C,highest-temperature-in-beijing-on-july-18-2026,50,0,843.577641,0,0.0,0.13789499193234306,,,,,False,0
0x8fbd7cf5f806f563080864694415829f7229a959,2026-07-18,0x22a5dc74efc12592de251dbed57b113340ddfafb97de680a7075e25751300980,76780038323267746115880300648976239815375447940410435704162352733419175290090,YES,33°C,highest-temperature-in-beijing-on-july-18-2026,18,0,428.9422,0,0.0,0.12484950186761758,,,,,False,0
0x8fbd7cf5f806f563080864694415829f7229a959,2026-07-18,0x4d4aa36d623764931b362cabd389ef1ae1940c40af5ca40c1f6c613b2c68a30a,44859881036760455018011161257387033405460343421763280345475836774252300714704,YES,30°C,highest-temperature-in-beijing-on-july-18-2026,5,0,140.55,0,0.0,0.19321949484169335,,,,,False,0
0x8fbd7cf5f806f563080864694415829f7229a959,2026-07-18,0x4d4aa36d623764931b362cabd389ef1ae1940c40af5ca40c1f6c613b2c68a30a,91658905897884539461053951833968366212794011423998010155993042956756715086357,NO,30°C,highest-temperature-in-beijing-on-july-18-2026,2,0,14.656314000000002,0,0.0,0.6200000218335934,,,,,False,0
0x8fbd7cf5f806f563080864694415829f7229a959,2026-07-18,0xa286d7efb4382915d9c8caa8b4861451e12cb9accbc6ed23bbc76bcc59fea41b,111127901485198477254839460631417969074930434823823648858367279105436337814900,NO,31°C,highest-temperature-in-beijing-on-july-18-2026,4,0,22.945881,0,0.0,0.32017432671249363,,,,,False,0
0x8fbd7cf5f806f563080864694415829f7229a959,2026-07-18,0xa286d7efb4382915d9c8caa8b4861451e12cb9accbc6ed23bbc76bcc59fea41b,112464304963925219675063219955940944066790435091128317955075619477892578000172,YES,31°C,highest-temperature-in-beijing-on-july-18-2026,6,1,67.9,44.95,0.6620029455081001,0.30281296023564064,0.9979003337041157,0.695087373468475,150839,81795,False,0
0x8fbd7cf5f806f563080864694415829f7229a959,2026-07-18,0xb2d36f0a1385e266a3e011d0f3fcbacf29c86d32086dc28995c69b1fd0e1f77b,111616298549814331109226837419657351733664086535959721417301513836417694381215,YES,28°C or below,highest-temperature-in-beijing-on-july-18-2026,10,0,392.945571,0,0.0,0.049599742148512475,,,,,False,0
0x8fbd7cf5f806f563080864694415829f7229a959,2026-07-18,0xbf71a11be33f614a046ebb1a04b10e57e9ad4cae4b84680112375d5a2cf395e5,24942303737726475351043831659828193762073256086285806372879466266174962148970,YES,32°C,highest-temperature-in-beijing-on-july-18-2026,25,0,453.76174299999997,0,0.0,0.1705100996141052,,,,,False,0
0x8fbd7cf5f806f563080864694415829f7229a959,2026-07-19,0x5c77a86b61716eb63dc638dd19d7b73ccf05af11e9f92dedc2fa8beafcf0ec23,70813509561218148314194980159195913173961273803629475422462853650535887026387,YES,30°C,highest-temperature-in-beijing-on-july-19-2026,3,0,212.412642,0,0.0,0.06362263504071476,,,,,False,0
0x8fbd7cf5f806f563080864694415829f7229a959,2026-07-19,0x907c77bddc14a099b5fbe630bdb4abfcbd45acd966338175b5176747cd6b9373,99398366027649269050985839630231853783895830789336236525043455270646481877620,YES,31°C,highest-temperature-in-beijing-on-july-19-2026,10,0,101.879927,0,0.0,0.2044939824112752,,,,,False,0
0x8fbd7cf5f806f563080864694415829f7229a959,2026-07-19,0xbe30f2934595fc69c437273b3699a60d04e3a82cb30aa5ac511d3cc83917523c,74991365488587980414962624211547614441596541191800886044801408882069272670394,YES,33°C,highest-temperature-in-beijing-on-july-19-2026,10,2,155.52,140.62,0.9041923868312757,0.24079668209876542,0.9989128146778551,0.7581161325790897,163549,105574,False,0
0x8fbd7cf5f806f563080864694415829f7229a959,2026-07-19,0xbe30f2934595fc69c437273b3699a60d04e3a82cb30aa5ac511d3cc83917523c,86683984811778154465762241173480225251381149997434523674928342333338967501915,NO,33°C,highest-temperature-in-beijing-on-july-19-2026,1,0,14.9,0,0.0,0.61,,,,,False,0
0x8fbd7cf5f806f563080864694415829f7229a959,2026-07-19,0xc6d1340280398b55af0a679347065764df661738c9d02de5aca87c6994f12e2b,112732783321582064451716171337747021527013325609690863813213244435502465595635,YES,32°C,highest-temperature-in-beijing-on-july-19-2026,33,0,309.669514,0,0.0,0.32021694586313076,,,,,False,0
0x8fbd7cf5f806f563080864694415829f7229a959,2026-07-19,0xc7d853c4c5590366fd8fee59a93d02ce4e94823c115129b2b5cc26d3b658b244,43045067254539713790018169119341472804946591272717171907890906739952833532816,YES,34°C,highest-temperature-in-beijing-on-july-19-2026,25,0,326.033496,0,0.0,0.10982470341022874,,,,,False,0
0x8fbd7cf5f806f563080864694415829f7229a959,2026-07-20,0x4c9a2d97a177e6a7bf27cfa24f412b2ecda474ac9e03d54f075b6d4ae06eea14,100847548602377340804279691332109960606289297755739344911151928652116854830882,YES,30°C,highest-temperature-in-beijing-on-july-20-2026,14,2,205.804048,178.6,0.867815777850978,0.19435408772911988,0.9981085666293393,0.8037544789002194,181071,164967,False,0
0x8fbd7cf5f806f563080864694415829f7229a959,2026-07-20,0x4c9a2d97a177e6a7bf27cfa24f412b2ecda474ac9e03d54f075b6d4ae06eea14,31051496642393092923550700548627227046888053686691604468438183187239350978838,NO,30°C,highest-temperature-in-beijing-on-july-20-2026,3,0,27.202914999999997,0,0.0,0.6032778472454148,,,,,False,0
0x8fbd7cf5f806f563080864694415829f7229a959,2026-07-20,0x84f2523e65595f785e79cf33e4b489efd13aafb23fa75132956f1ba8346119f1,6858706308620279626715001358691986496327085017469306662048216179272142486893,YES,31°C,highest-temperature-in-beijing-on-july-20-2026,73,0,665.653731,0,0.0,0.19705890448918703,,,,,False,0
0x8fbd7cf5f806f563080864694415829f7229a959,2026-07-20,0x84f2523e65595f785e79cf33e4b489efd13aafb23fa75132956f1ba8346119f1,92708007932004105031115774006425597629290476243960069656115629407888000719984,NO,31°C,highest-temperature-in-beijing-on-july-20-2026,1,0,12.717917,0,0.0,0.5580000246895778,,,,,False,0
0x8fbd7cf5f806f563080864694415829f7229a959,2026-07-20,0x88f1fd71e7ab8c5df4359910f42ad05007bf8cf17ba3fc450a4aa98a0189a54a,114583290071836550072554321592438867918105976769142127970637399566227091670233,YES,28°C,highest-temperature-in-beijing-on-july-20-2026,43,0,1242.513275,0,0.0,0.09720413812077783,,,,,False,0
0x8fbd7cf5f806f563080864694415829f7229a959,2026-07-20,0x9c100de3ce9cc4b8e742437c3fb726761b27ae9a4c6fb1b0a4e7f8c509d2eb24,17222790587959683038727906792837188034481474428701510501892141370778271338518,NO,29°C,highest-temperature-in-beijing-on-july-20-2026,2,1,25.439999999999998,17.87,0.7024371069182391,0.6452830188679246,0.9989501958589815,0.3536671769910569,14986,2436,False,0
0x8fbd7cf5f806f563080864694415829f7229a959,2026-07-20,0x9c100de3ce9cc4b8e742437c3fb726761b27ae9a4c6fb1b0a4e7f8c509d2eb24,59361174321054472153161843604288135509095289754016143305819781030846796967390,YES,29°C,highest-temperature-in-beijing-on-july-20-2026,2,0,7.57,0,0.0,0.03299867899603699,,,,,False,0
0x8fbd7cf5f806f563080864694415829f7229a959,2026-07-20,0xc52bb21501b9bdd4f6a245a6925db90b29b8e17ab987b76963400f156d2177a8,29149004623071651545790759789981157466593041546849906462694967272517271493680,YES,27°C,highest-temperature-in-beijing-on-july-20-2026,33,0,439.417116,0,0.0,0.09707527414567073,,,,,False,0
0x8fbd7cf5f806f563080864694415829f7229a959,2026-07-20,0xdbc73769fe4284a6b8602c6b456c537e7be1f10ad1ee380e3482d7920ac35088,12411408441340260843357443516392352683667292042855461474812324129301544788960,YES,32°C or higher,highest-temperature-in-beijing-on-july-20-2026,23,0,465.608409,0,0.0,0.16759711270592625,,,,,False,0
0x8fbd7cf5f806f563080864694415829f7229a959,2026-07-20,0xdbc73769fe4284a6b8602c6b456c537e7be1f10ad1ee380e3482d7920ac35088,14062765296586469930594145133860711238380140963502432927089665992471649524459,NO,32°C or higher,highest-temperature-in-beijing-on-july-20-2026,1,0,13.96,0,0.0,0.651,,,,,False,0
0x8fbd7cf5f806f563080864694415829f7229a959,2026-07-21,0x0106f9f02272a568c65a27f2ea9bb0df767dc5840543c1ec8840692b09c45114,29529304572651035093974664400766060594208294971749665310571545963371691420441,YES,32°C,highest-temperature-in-beijing-on-july-21-2026,6,1,291.804123,291.8,0.9999858706588598,0.11975200912428506,0.9979002056202878,0.8781481964960027,23769,14495,False,0
0x8fbd7cf5f806f563080864694415829f7229a959,2026-07-21,0x043730ed1167aba7b54eb109068077e425addcba11840be6e7920ebeae0fe6e6,81371157501988116491611767532434301567222887811959147797415273332907355838987,YES,28°C,highest-temperature-in-beijing-on-july-21-2026,48,0,1272.334917,0,0.0,0.15293359822176444,,,,,False,0
0x8fbd7cf5f806f563080864694415829f7229a959,2026-07-21,0x08401454e403cbb9cfffdab6ce33c415a8b568fea2971ca47df8e03a51e12f61,86279432814111112257734853226675559205703610072230592131399947529084002626878,YES,29°C,highest-temperature-in-beijing-on-july-21-2026,58,0,915.088621,0,0.0,0.1417353926423701,,,,,False,0
0x8fbd7cf5f806f563080864694415829f7229a959,2026-07-21,0x4f2a78be91593c5c030acb2a6275fc3a83e7f4e5836badc075cccd2b75caa9af,22216753596752632612476468421419854792391340369711581903338528373052887821336,NO,31°C,highest-temperature-in-beijing-on-july-21-2026,4,1,24.978882,24.97,0.9996444196341534,0.33185180185406216,0.9989503404084902,0.667098538554428,188166,11238,False,0
0x8fbd7cf5f806f563080864694415829f7229a959,2026-07-21,0xa21fa9461cea815338579cad15d2f972d4503a1984d1c98113c0b92abe82d17e,19606423499421294111232919481182669400299231603432179754805140239505286722247,YES,30°C,highest-temperature-in-beijing-on-july-21-2026,19,0,176.094179,0,0.0,0.2175858692069543,,,,,False,0
0x8fbd7cf5f806f563080864694415829f7229a959,2026-07-22,0x1c1220cf78e724cef18de6080234a375e5a33fa5ecb6c4a5f2052b59a213657b,78608696928144203899113103572524300755214133117458098664721206160902611348763,YES,26°C,highest-temperature-in-beijing-on-july-22-2026,1,0,283.32,0,0.0,0.062000000000000006,,,,,False,0
0x8fbd7cf5f806f563080864694415829f7229a959,2026-07-22,0x1eb155ca1b535956e5ac316162e5a913d1b4307a72b24d2cb1469dd2ce84e50f,47635827023318370833077205358253137280504469653724624345535434755127647831359,YES,31°C,highest-temperature-in-beijing-on-july-22-2026,33,0,768.437565,0,0.0,0.14320544831771725,,,,,False,0
0x8fbd7cf5f806f563080864694415829f7229a959,2026-07-22,0x4f3630870488d366fc54f1a200a345253e093f988d87d5dde225ef536c095f36,33714988870830149993627715683353624019871510137573269234661070391211176066263,YES,28°C,highest-temperature-in-beijing-on-july-22-2026,8,1,147.32425,61.13,0.41493508366748855,0.23416299760562162,0.9979002126615409,0.7637372150559193,116146,30666,False,0
0x8fbd7cf5f806f563080864694415829f7229a959,2026-07-22,0x4f3630870488d366fc54f1a200a345253e093f988d87d5dde225ef536c095f36,82621927719803767367251564117594734913990778464498060311426341922052801175646,NO,28°C,highest-temperature-in-beijing-on-july-22-2026,3,0,86.19000000000001,0,0.0,0.31603550295857985,,,,,False,0
0x8fbd7cf5f806f563080864694415829f7229a959,2026-07-22,0x6e7a43bb12af33591d0a10e91d2bd811b28244d76825ea3159cc2e3eca17bba2,69835077488420877308042741697728107035022608247023759428859133553584283640613,YES,29°C,highest-temperature-in-beijing-on-july-22-2026,36,0,621.873968,0,0.0,0.17572549040997965,,,,,False,0
0x8fbd7cf5f806f563080864694415829f7229a959,2026-07-22,0x8735c898c426b25a05608542e4b88f38e05033f36eb578d48636e347d73b0f80,67061799724724649913808324687416296644107948997335314261656727518792081803869,YES,33°C,highest-temperature-in-beijing-on-july-22-2026,29,0,666.582973,0,0.0,0.09181647968676811,,,,,False,0
0x8fbd7cf5f806f563080864694415829f7229a959,2026-07-22,0xe624db116454a4d17552d9d53b915a621c69c39f4c3b68d44e64cd15d7b41280,28590893670234162739913706354914152773311927639948964538404617492294961207962,YES,32°C,highest-temperature-in-beijing-on-july-22-2026,40,0,1110.75029,0,0.0,0.0968516290011502,,,,,False,0
0x8fbd7cf5f806f563080864694415829f7229a959,2026-07-22,0xf16322b84432187cfdc109a659876f4dc5bd7181c10bdc4fd822b3661f8a6a1e,53511153194546863746523839632753418566039953265519712947352984952225898092600,YES,30°C,highest-temperature-in-beijing-on-july-22-2026,46,0,1030.653128,0,0.0,0.10562709416237274,,,,,False,0
0x8fbd7cf5f806f563080864694415829f7229a959,2026-07-23,0x07dddc66473ecc1ce3d9ca520c5fcbc49e1bd56c659d0fa079418d4605b35a4d,94710814429215941413624355290242169238239329625502746000387469199654984607890,YES,29°C,highest-temperature-in-beijing-on-july-23-2026,8,0,187.5,0,0.0,0.20821221333333334,,,,,False,0
0x8fbd7cf5f806f563080864694415829f7229a959,2026-07-23,0x65ff01712018a6bbe741a3d7c04967eee484ae1924c56cf8b3ad24ed945a1ebe,45207246772729247798722074500757080282820221990843379570571379101468161012626,YES,28°C,highest-temperature-in-beijing-on-july-23-2026,38,3,352.766335,352.76,0.9999820419371932,0.15336884966645128,0.9979002721396983,0.8445314224732471,80011,61525,False,0
0x8fbd7cf5f806f563080864694415829f7229a959,2026-07-23,0x864186af743f9ced429a97d33aee0970adade59c434863f2bf6c1a588cb90082,104929502815217069277586859324487315381677664209940731569837139278135231250630,YES,26°C,highest-temperature-in-beijing-on-july-23-2026,85,0,1487.004764,0,0.0,0.0725177333729107,,,,,False,0
0x8fbd7cf5f806f563080864694415829f7229a959,2026-07-23,0xc13518bd4a11e16ead5e26c9311b162c48ede20a6695257b48f800dd6d4e49f8,50171425805410371171948756485032085270928330599151012106662453197819213304003,YES,30°C,highest-temperature-in-beijing-on-july-23-2026,3,0,34.58,0,0.0,0.16076344707923657,,,,,False,0
0x8fbd7cf5f806f563080864694415829f7229a959,2026-07-23,0xfcb2b2a15448682341ec5685813bd31787346c0709045b652f94b8ef41f47f23,21105701447953732612337735243071113495475383866112297665872627699805582980341,YES,27°C,highest-temperature-in-beijing-on-july-23-2026,65,0,1054.835544,0,0.0,0.11740591953355715,,,,,False,0
0x8fbd7cf5f806f563080864694415829f7229a959,2026-07-24,0x074cc3cac7a5166d58cc2d4bede143db46cb97c21abe146fcdb19fbd26666454,75929500403756524554352258835150096150497779762264304814240826364568676720732,YES,33°C,highest-temperature-in-beijing-on-july-24-2026,16,0,143.030518,0,0.0,0.08697715825933036,,,,,False,0
0x8fbd7cf5f806f563080864694415829f7229a959,2026-07-24,0x10b9ecc4036325f9f1073443030a8ccfae5a9b6615a69e2a7647bb3c852f19ff,16345441712576516662187597963252051584546578442399504075915743324442669864431,YES,31°C,highest-temperature-in-beijing-on-july-24-2026,9,0,89.800489,0,0.0,0.2907098980273927,,,,,False,0
0x8fbd7cf5f806f563080864694415829f7229a959,2026-07-24,0x289c855b75e2d3a5c3cc2eb901dfa3e67fe9eb24e56f3ba9dad8e80c35448cae,90047055881058668801394695493587601786296708138404655196324312358595917167135,YES,29°C,highest-temperature-in-beijing-on-july-24-2026,28,0,251.586324,0,0.0,0.0843009733708737,,,,,False,0
0x8fbd7cf5f806f563080864694415829f7229a959,2026-07-24,0x2f6e4ec8ef12ca906dabf7341bfbc2e94c1bc6ab1a8def583dc43bb815ffb328,20030918565022799649520038743701328507165682391221650317197317350911915499734,YES,30°C,highest-temperature-in-beijing-on-july-24-2026,41,0,305.534347,0,0.0,0.17181588098178693,,,,,False,0
0x8fbd7cf5f806f563080864694415829f7229a959,2026-07-24,0xec06fc8f4aaa6a0b4ce649b8c14e73a997d7a55954b0ab6bd388eccaf86911fa,41937979921939746063013313821987649655877892060362151976491071229100142872255,YES,32°C,highest-temperature-in-beijing-on-july-24-2026,52,0,782.839406,0,0.0,0.19881243561211323,,,,,False,0
0x8fbd7cf5f806f563080864694415829f7229a959,2026-07-24,0xf85dddb3503d3253235c7ca0ad0424908e3214e8d7bf34fd5868f66a7137ecaf,55807991720380913351121486428410682648607625494606772142463459583547970129659,YES,28°C,highest-temperature-in-beijing-on-july-24-2026,1,0,17.635293,0,0.0,0.15000000283522363,,,,,False,0
0x8fbd7cf5f806f563080864694415829f7229a959,2026-07-25,0x1a00114940d1d43d2a3979f8090789fbc6d435ac23d714ccd6b143168981f7b7,103032183396824703556899437559164604028569161900263644084519639859851901616759,YES,34°C,highest-temperature-in-beijing-on-july-25-2026,15,0,180.188243,0,0.0,0.07460024458976493,,,,,False,0
0x8fbd7cf5f806f563080864694415829f7229a959,2026-07-25,0x9151f6b199ba18d586d0352ef26af92d3b65b3f536922a364dbf22875d2d3098,25542888883128215437618331026171485405563248269886491187483138762055343764556,YES,33°C,highest-temperature-in-beijing-on-july-25-2026,11,0,423.27,0,0.0,0.27478389680345877,,,,,False,0
0x8fbd7cf5f806f563080864694415829f7229a959,2026-07-25,0x95bfb53f265a3cf12f3f75431008a7bdf551cbd1c03401302d34e570c3e05e22,84413403807708757207631187696562409940149803640254301120797614730988471443125,YES,31°C,highest-temperature-in-beijing-on-july-25-2026,5,0,48.415185,0,0.0,0.1798041048485098,,,,,False,0
0x8fbd7cf5f806f563080864694415829f7229a959,2026-07-25,0xaf11d90f4638159a8448dd8025af3dab720221308a176429ae78b767d5ecfcf8,112962687264338161833174369793415527812032030276676791988320571035875856315413,YES,30°C,highest-temperature-in-beijing-on-july-25-2026,11,0,88.980766,0,0.0,0.06453359819356916,,,,,False,0
0x8fbd7cf5f806f563080864694415829f7229a959,2026-07-25,0xfca6c543ccedc905a7faa169ffe3dc10be713a42956670ed8b821bc1e173e45e,115423000368866749390623418398353272572813593908507586372737926837388090492842,YES,32°C,highest-temperature-in-beijing-on-july-25-2026,17,0,120.98853,0,0.0,0.31838252766605235,,,,,False,0
0x8fbd7cf5f806f563080864694415829f7229a959,2026-07-26,0x0c0c4efe1d24b1cf1284f1af27180caf309cbfedeac75ddb0ad9b220643d55ac,12956496639408126329398760430283940488064473596957081806926551540804789737754,YES,34°C,highest-temperature-in-beijing-on-july-26-2026,51,0,986.191787,0,0.0,0.24471051187125736,,,,,False,0
0x8fbd7cf5f806f563080864694415829f7229a959,2026-07-26,0xbeaabbc945d39384558fa69d59b593ebd03b7e92c41afb524c6d95eb1db41c54,30584863311888006404546504686992288136931060023388745514397340811130370546167,YES,32°C,highest-temperature-in-beijing-on-july-26-2026,5,0,49.62788,0,0.0,0.059049348874060305,,,,,False,0
0x8fbd7cf5f806f563080864694415829f7229a959,2026-07-26,0xc7d81a43240ed9e72626d27f90beb28ca469dbaddcaa0b722feb8d76dff508e3,5709178544321740912402047318393570941501882249117258846299550608397512145163,YES,35°C,highest-temperature-in-beijing-on-july-26-2026,24,0,212.71789,0,0.0,0.07178962239612285,,,,,False,0
0x8fbd7cf5f806f563080864694415829f7229a959,2026-07-26,0xf04b95164bbfd29b222558036ac42cce83a0aa1e8377df835390a639a1704be8,37245530527172055403093061179898036696357787471404383136646110049835593526025,YES,33°C,highest-temperature-in-beijing-on-july-26-2026,11,0,83.465847,0,0.0,0.3246280002406254,,,,,False,0
0x8fbd7cf5f806f563080864694415829f7229a959,2026-07-27,0x40b6da7347d84bf0c1eb5f48cadce5a7d8546fa9348e459ff1070fb35c486214,64834542046264395233607542389682197217772754669133694038683446576839508900008,YES,34°C,highest-temperature-in-beijing-on-july-27-2026,15,0,131.256817,0,0.0,0.3356749310780559,,,,,False,0
0x8fbd7cf5f806f563080864694415829f7229a959,2026-07-27,0x6b578d56ffa76f0164c633c0849b0370ae81834413bbdc0f45b1be04c3c43e93,74616424957357790694044509527811683903430186887448671374864978287000575969242,YES,33°C,highest-temperature-in-beijing-on-july-27-2026,1,0,5.0,0,0.0,0.24,,,,,False,0
0x8fbd7cf5f806f563080864694415829f7229a959,2026-07-27,0xda954761790cb917e0c48531dbde62bc445ac1fd878ba00b85e8c5796de90b80,84403216150211476175385601490808609283692751257512360446406088157266713553286,YES,35°C,highest-temperature-in-beijing-on-july-27-2026,28,0,375.598881,0,0.0,0.19240244754616295,,,,,False,0
0x8fbd7cf5f806f563080864694415829f7229a959,2026-07-28,0x0cfa108ca7eb31870e5aa654bd91170ff10d7fa892cf2a23076d19e8288fb87a,91145835630042970911793017011468428937587466343757950871724941620192510556620,YES,36°C,highest-temperature-in-beijing-on-july-28-2026,4,0,205.377447,0,0.0,0.28482552906600306,,,,,False,0
0x8fbd7cf5f806f563080864694415829f7229a959,2026-07-28,0xba0edac5d95406929625d66be0ed15d0c2d6111cf069a552e56ddab3e1a796c6,30819121435878052668874306290558932744967586560672611169814775633670161538933,YES,35°C,highest-temperature-in-beijing-on-july-28-2026,12,2,409.86,409.86,1.0,0.31934850924706,0.9989244620114186,0.6795759527643586,171077,151103,False,0
0x8fbd7cf5f806f563080864694415829f7229a959,2026-07-28,0xf0664ede00791e730d7df200704b83b1dc21a16145df7853e006f6dd36f81fa4,36234609316036686643501627653010810228906244238582837192325623521491621922028,YES,34°C,highest-temperature-in-beijing-on-july-28-2026,6,0,59.39,0,0.0,0.16719414042768144,,,,,False,0
0x8fbd7cf5f806f563080864694415829f7229a959,2026-07-29,0x6d715738bdfa6c2fd38cc5cd53bf6338030fb6d0a8ebe16cee84a8a0e058856a,24621252244663006143593387962015860296851914267302417006166131571417480950919,YES,36°C,highest-temperature-in-beijing-on-july-29-2026,9,0,53.1025,0,0.0,0.23071606798173344,,,,,False,0
0x8fbd7cf5f806f563080864694415829f7229a959,2026-07-29,0xce885c0ccadd2c87e079f113e401f00f66e03abfdbde2ae966ddc81e30993a7c,13520919617543594069120127965932911985481508701160569668669924893828812089042,NO,35°C,highest-temperature-in-beijing-on-july-29-2026,16,0,143.1,0,0.0,0.36055450733752625,,,,,False,0
0x8fbd7cf5f806f563080864694415829f7229a959,2026-07-29,0xce885c0ccadd2c87e079f113e401f00f66e03abfdbde2ae966ddc81e30993a7c,88370672710239899413587967168747249215956287478966027911724705173079921726748,YES,35°C,highest-temperature-in-beijing-on-july-29-2026,10,2,254.502824,111.39999999999999,0.43771616459548596,0.3340085766592515,0.9979003590664274,0.663891782407176,147356,38801,False,0
0x8fbd7cf5f806f563080864694415829f7229a959,2026-07-29,0xe9768dbc4536437a9d86fe4de97c9235858fe5e27f897b0d9d0e93052462d454,3998826761114870422354535738009899824507651915946314439694963821777398987795,YES,37°C,highest-temperature-in-beijing-on-july-29-2026,7,0,51.616866,0,0.0,0.08607804666017499,,,,,False,0
0x8fbd7cf5f806f563080864694415829f7229a959,2026-07-29,0xfef897fdee2a0eb1fd50502f07082b8a71e5fddf197a599d513e3f3e259dfb80,52451293558371717059647773954676896768066274193512235173448706100801645850367,NO,34°C,highest-temperature-in-beijing-on-july-29-2026,1,1,22.0,22.0,1.0,0.69088,0.9989504545454545,0.30807045454545445,17307,17307,False,0
0x8fbd7cf5f806f563080864694415829f7229a959,2026-07-30,0x0db68389519376349c25b967bbff44260bba8bc1241554748c21c93ddb913026,84614087306496951078700280080059316405378136245878187028222987614702007521463,YES,35°C,highest-temperature-in-beijing-on-july-30-2026,27,2,441.727691,441.72,0.9999825888207675,0.32363228729529664,0.9979002082767362,0.6742679209814395,159822,54846,False,0
0x8fbd7cf5f806f563080864694415829f7229a959,2026-07-30,0x59d29052bc2277cb1efd4cb1e5491ecefb6051cb263bf914d18a5b3dbcc4887f,51989032442481970596887888973043324051343101459077225161321783713358152804000,YES,36°C,highest-temperature-in-beijing-on-july-30-2026,64,0,1709.658325,0,0.0,0.15861576025724322,,,,,False,0
0x8fbd7cf5f806f563080864694415829f7229a959,2026-07-30,0x9ccc9cfb29d9ad2168b6192fba779190820615f23a5f0ba88de16874e19c140e,19586404948742889733955943815161061685964318247035734259450706856111028519729,NO,34°C,highest-temperature-in-beijing-on-july-30-2026,10,1,136.0,136.0,1.0,0.6766429411764705,0.9989500735294118,0.3223071323529413,84366,56256,False,0
0x8fbd7cf5f806f563080864694415829f7229a959,2026-07-31,0xa319ccb01609dadad2fe626bcbd871aec8795358152567eb03940d099bbdcddb,74725543819976544916920781846615396590036848931270267536596968351543396370527,YES,31°C,highest-temperature-in-beijing-on-july-31-2026,29,0,672.878004,0,0.0,0.10090916123927868,,,,,False,0
0x8fbd7cf5f806f563080864694415829f7229a959,2026-07-31,0xfcb6d7b1181226b0f99b6e192f07c9db017e3b69e4d36c86c429334cf7f80005,94493587630856961802526219877269635113843760927961960483589273147168435576346,YES,32°C,highest-temperature-in-beijing-on-july-31-2026,31,0,625.082728,0,0.0,0.19276971127572093,,,,,False,0
0x8fbd7cf5f806f563080864694415829f7229a959,2026-07-31,0xff3a71c48c595996084b0c935a00ce9b5ada1e68cb206789165764ac8773f347,80855886909877888687932582806946300126460813569605741993754873037024573083421,YES,33°C,highest-temperature-in-beijing-on-july-31-2026,8,0,317.048609,0,0.0,0.2578504641854461,,,,,False,0
0x8fbd7cf5f806f563080864694415829f7229a959,2026-08-01,0x1b1597eddd16ce9bd5bba62603d97dbcdd773d569f9cd7bc6a854beaf6d56d86,70666157455907497162353661122944024743721631033030499367463217669982948118554,YES,35°C,highest-temperature-in-beijing-on-august-1-2026,34,0,253.798726,0,0.0,0.23940754927193764,,,,,False,0
0x8fbd7cf5f806f563080864694415829f7229a959,2026-08-01,0x538137bb4b27f434150c4347e304824ab34cd6603e1a1863c5e25b05668c1801,60298078317752873970054607312454522866193509897957642227110136246013418937995,YES,34°C,highest-temperature-in-beijing-on-august-1-2026,5,0,244.191174,0,0.0,0.2900600576169883,,,,,False,0
0x8fbd7cf5f806f563080864694415829f7229a959,2026-08-01,0xbd82bbf250a42f9a6a6f35ba61069462ef3c4f29469a63a88a7ac3b7eb172846,16965443463146400687539218410880436586787279682503322483556606534661067919109,YES,36°C,highest-temperature-in-beijing-on-august-1-2026,6,3,773.8988459999999,773.89,0.999988569565589,0.05360384010703125,0.9979002312990218,0.9442963911919906,180795,98694,False,0
0x8fbd7cf5f806f563080864694415829f7229a959,2026-08-02,0x9f8090ebbf9289bd9dc697394710ce045f36c116116474221d5ab8914039e3b4,81684307662234002940111384355707959955568656140294750633719499700945844876376,YES,36°C,highest-temperature-in-beijing-on-august-2-2026,11,0,150.904562,0,0.0,0.15853574393595868,,,,,False,0
0x8fbd7cf5f806f563080864694415829f7229a959,2026-08-02,0xe753ea1406d3b5080f4ad339a36ca49a33ad417a58c6a22d0d236c5523a58e22,80406930717152445776761104406390160286641697275565209096357835061122335987605,YES,35°C,highest-temperature-in-beijing-on-august-2-2026,23,2,415.36690600000003,415.36,0.9999833737356052,0.2535823617108292,0.9979002311248074,0.7443178694139783,160969,27858,False,0
0x8fbd7cf5f806f563080864694415829f7229a959,2026-08-02,0xfa58d5783ed1cd84bea86088e20816f6955ac72e02227bd9c5755c627d8dc9c9,41094611575833765621169316596798813852807954695893891499686837623733106494234,YES,34°C,highest-temperature-in-beijing-on-august-2-2026,4,0,29.45,0,0.0,0.28434906621392186,,,,,False,0
0x8fbd7cf5f806f563080864694415829f7229a959,2026-08-03,0x06cfef5f6a2c1a17936819190c93ec16e0d5f0a2b718798bd3bd98e1a1fe81a8,107848287102469510067330317349958205267283260960644358716420189174727956411263,NO,35°C,highest-temperature-in-beijing-on-august-3-2026,1,0,5.3,0,0.0,0.23,,,,,False,0
0x8fbd7cf5f806f563080864694415829f7229a959,2026-08-03,0x06cfef5f6a2c1a17936819190c93ec16e0d5f0a2b718798bd3bd98e1a1fe81a8,14043844842954732214064839517330415540711824618648327882454904305560779275891,YES,35°C,highest-temperature-in-beijing-on-august-3-2026,10,0,466.58,0,0.0,0.19710013288182093,,,,,False,0
0x8fbd7cf5f806f563080864694415829f7229a959,2026-08-03,0x2805b7368be0ad9bec03edd2675b4b6fed9ca4a6eae4f36308e763ec61eda588,106287288353752676541590878526536079604722728259585654624855164693638610432596,YES,36°C,highest-temperature-in-beijing-on-august-3-2026,2,1,44.0,44.0,1.0,0.24831090909090908,0.9989502272727272,0.7506393181818181,13268,10053,False,0
0x8fbd7cf5f806f563080864694415829f7229a959,2026-08-03,0x86b0b41e54633c3e8f421bf8c4185469e4a66d34aae534a667c5aca5269b117b,101270896657076889777837616175273804007181034259012263499480396935969413496873,YES,34°C,highest-temperature-in-beijing-on-august-3-2026,3,0,100.24,0,0.0,0.2820031923383879,,,,,False,0
0x8fbd7cf5f806f563080864694415829f7229a959,2026-08-04,0x5a93e8698d6cc48099d92ff60a1adbce34ad861beca5e2de98131d9015561d08,62970204433341872323482255646663946920711059562587753850594026602971976230366,YES,31°C,highest-temperature-in-beijing-on-august-4-2026,6,0,241.488371,0,0.0,0.13373166528172076,,,,,False,0
0x8fbd7cf5f806f563080864694415829f7229a959,2026-08-04,0x749df1692b3d3c76e1630f1392d40ed418784b83abd749f4d2150ef248e538c2,65452527610615872282127241527373662636934677075907684707335533766195647252788,YES,33°C,highest-temperature-in-beijing-on-august-4-2026,10,0,210.59,0,0.0,0.22977225889168526,,,,,False,0
0x8fbd7cf5f806f563080864694415829f7229a959,2026-08-04,0xa2f68a40d7f8a492ba5b606ea73626824f666326ba4868b5143374ae0b461e5b,71474769348820973173429711315433156070323336633556998502001846684726680010303,YES,34°C,highest-temperature-in-beijing-on-august-4-2026,10,0,233.255969,0,0.0,0.2304280153276592,,,,,False,0
0x8fbd7cf5f806f563080864694415829f7229a959,2026-08-04,0xe3fa792b72cf25e071a9e73c489233893f821dafa62434b8f296952bc74470ec,74803019090630848728158505246544168502645663975957549878076628415074372631685,YES,32°C,highest-temperature-in-beijing-on-august-4-2026,1,0,160.0,0,0.0,0.22858,,,,,False,0
