active_open_mark_to_market_pnl,adjacent_bucket_pairs,adjacent_join_delay_seconds,asset_position_statuses,authoritative_exit_modes,basket_type,bucket_buy_usd,bucket_buy_usd_fraction,bucket_first_buy_times,bucket_join_order,bucket_rotation,build_10pct_time_cst,build_10pct_time_utc,build_25pct_time_cst,build_25pct_time_utc,build_50pct_time_cst,build_50pct_time_utc,build_75pct_time_cst,build_75pct_time_utc,build_90pct_time_cst,build_90pct_time_utc,buy_duration_seconds,buy_fill_count,city,closed_position_asset_count,confirmed_settlement_path,current_position_asset_count,d0_after_1200_buy_usd_share,d0_after_1400_buy_usd_share,d0_after_1500_buy_usd_share,d0_buy_usd_share,d_minus_1_buy_usd_share,dominant_bought_bucket,dominant_bucket_at_25pct,dominant_bucket_at_50pct,dominant_bucket_at_75pct,dominant_bucket_final,entry_classification,entry_timeline_reasons,entry_timeline_status,event_key,event_slug,exit_classifications,final_path_classification,first_bought_bucket,first_observed_buy_time_cst,first_observed_buy_time_utc,first_sell_time_cst,first_sell_time_utc,held_to_settlement_observed,holding_duration_to_first_sell_seconds,holding_duration_to_last_sell_seconds,initial_buy_share_of_final_buy_usd,initial_buy_usd,last_buy_time_cst,last_buy_time_utc,last_sell_time_cst,last_sell_time_utc,market_count,observable_but_incomplete_pnl,outcome_token_count,past_enddate_status_unknown_snapshot_pnl,phase_buy_usd,plain_language_summary,pnl_source,pnl_status,position_snapshot_pnl_formula,position_status,price_down_add_count,price_flat_add_count,price_up_add_count,recorded_remaining_shares,recorded_sell_realized_pnl_average_cost,recorded_sell_realized_pnl_fifo,recorded_sell_share_fraction,resolved_redeemable_snapshot_pnl,sell_fill_count,sell_pnl_method_agreement,sell_pnl_method_disagreement,sell_pnl_status,sell_pnl_unavailable_reasons,sold_10pct_time_cst,sold_10pct_time_utc,sold_25pct_time_cst,sold_25pct_time_utc,sold_50pct_time_cst,sold_50pct_time_utc,sold_75pct_time_cst,sold_75pct_time_utc,sold_90pct_time_cst,sold_90pct_time_utc,station_status,strategy_archetypes,strict_pnl,strict_roi,tail_bucket_usage,time_build_50_to_last_buy_seconds,time_first_to_build_50_seconds,total_buy_shares,total_buy_usd,total_sell_shares,total_sell_usd,unresolved_buy_usd,weather_date,weather_metric
,"[['16°C', '15°C']]",1438,{},mixed_sell_and_resolution,SINGLE_THEN_ADJACENT_BASKET,"{'16°C': 8.20288, '15°C': 1.065}","{'16°C': 0.8850869886101245, '15°C': 0.11491301138987557}","{'16°C': '2026-03-21T15:57:53+08:00', '15°C': '2026-03-21T16:21:51+08:00'}","['16°C', '15°C']",False,2026-03-21T15:57:53+08:00,2026-03-21T07:57:53+00:00,2026-03-21T16:09:15+08:00,2026-03-21T08:09:15+00:00,2026-03-21T16:15:19+08:00,2026-03-21T08:15:19+00:00,2026-03-21T16:15:19+08:00,2026-03-21T08:15:19+00:00,2026-03-21T16:21:51+08:00,2026-03-21T08:21:51+00:00,1438,4,Beijing,2,True,0,1.0,1.0,1.0,1.0,0.0,16°C,16°C,16°C,16°C,16°C,UNCLASSIFIED_ENTRY,[],ENTRY_TIMELINE_COMPLETE,2026-03-21__beijing__high,highest-temperature-in-beijing-on-march-21-2026,"['QUICK_EXIT_WITHIN_1H', 'SAME_DAY_EXIT', 'PARTIAL_EXIT_OBSERVED', 'REENTRY_AFTER_SELL']",HOLD_TO_SETTLEMENT_OBSERVED,16°C,2026-03-21T15:57:53+08:00,2026-03-21T07:57:53+00:00,2026-03-21T16:04:31+08:00,2026-03-21T08:04:31+00:00,True,398,3938,0.23989089198392727,2.22328,2026-03-21T16:21:51+08:00,2026-03-21T08:21:51+00:00,2026-03-21T17:03:31+08:00,2026-03-21T09:03:31+00:00,2,,2,,"{'D0_1600_1800': 7.044599999999999, 'D0_1500_1600': 2.22328}",2026-03-21T15:57:53+08:00 开始，共 4 笔公开BUY成交、3 笔公开SELL成交；投入 $9.27，SINGLE_THEN_ADJACENT_BASKET，路径状态 ENTRY_TIMELINE_COMPLETE。,current_public_closed_positions,STRICT_CLOSED_SETTLED,C_cashPnl_plus_realizedPnl,CLOSED_POSITION_CONFIRMED,0,2,0,307.98,0.3229108016069453,0.6317200000000006,0.4327967880953258,,3,False,True,SELL_PNL_METHOD_DISAGREEMENT,[],2026-03-21T16:04:31+08:00,2026-03-21T08:04:31+00:00,2026-03-21T16:04:31+08:00,2026-03-21T08:04:31+00:00,,,,,,,BEIJING_STATION_UNCONFIRMED,"['ADJACENT_BASKET', 'D0_LATE_ENTRY', 'HOLD_TO_SETTLEMENT_OBSERVED', 'PARTIAL_EXIT_OBSERVED', 'QUICK_FLIP', 'SELL_PNL_METHOD_DISAGREEMENT']",-5.27252,-0.5689024890266167,False,392,1046,542.98,9.26788,235.0,3.995,0,2026-03-21,high
,[],,{},mixed_sell_and_resolution,SINGLE_BUCKET_ONLY,{'23°C': 14.0},{'23°C': 1.0},{'23°C': '2026-03-21T19:43:19+08:00'},['23°C'],False,2026-03-21T19:43:19+08:00,2026-03-21T11:43:19+00:00,2026-03-21T19:43:19+08:00,2026-03-21T11:43:19+00:00,2026-03-21T19:43:19+08:00,2026-03-21T11:43:19+00:00,2026-03-21T19:43:19+08:00,2026-03-21T11:43:19+00:00,2026-03-21T19:43:19+08:00,2026-03-21T11:43:19+00:00,0,1,Beijing,1,True,0,0.0,0.0,0.0,0.0,1.0,23°C,23°C,23°C,23°C,23°C,ONE_SHOT_ENTRY,[],ENTRY_TIMELINE_COMPLETE,2026-03-22__beijing__high,highest-temperature-in-beijing-on-march-22-2026,['PARTIAL_EXIT_OBSERVED'],HOLD_TO_SETTLEMENT_OBSERVED,23°C,2026-03-21T19:43:19+08:00,2026-03-21T11:43:19+00:00,2026-03-22T13:53:31+08:00,2026-03-22T05:53:31+00:00,True,65412,65730,1.0,14.0,2026-03-21T19:43:19+08:00,2026-03-21T11:43:19+00:00,2026-03-22T13:58:49+08:00,2026-03-22T05:58:49+00:00,1,,1,,{'D-1_1800_2400': 14.0},2026-03-21T19:43:19+08:00 开始，共 1 笔公开BUY成交、3 笔公开SELL成交；投入 $14.00，SINGLE_BUCKET_ONLY，路径状态 ENTRY_TIMELINE_COMPLETE。,current_public_closed_positions,STRICT_CLOSED_SETTLED,C_cashPnl_plus_realizedPnl,CLOSED_POSITION_CONFIRMED,0,0,0,0.00666799999999057,58.114332520000005,58.114332520000005,0.9999333200000001,,3,True,False,SELL_PNL_AVAILABLE,[],2026-03-22T13:53:31+08:00,2026-03-22T05:53:31+00:00,2026-03-22T13:54:31+08:00,2026-03-22T05:54:31+00:00,2026-03-22T13:54:31+08:00,2026-03-22T05:54:31+00:00,2026-03-22T13:54:31+08:00,2026-03-22T05:54:31+00:00,2026-03-22T13:58:49+08:00,2026-03-22T05:58:49+00:00,BEIJING_STATION_UNCONFIRMED,"['D1_EARLY_POSITION', 'HOLD_TO_SETTLEMENT_OBSERVED', 'ONE_SHOT_ENTRY', 'PARTIAL_EXIT_OBSERVED', 'PROFITABLE_PARTIAL_SELL_OBSERVED']",58.114324,4.151023142857143,False,0,0,100.0,14.0,99.99333200000001,72.113399,0,2026-03-22,high
,[],,{'55388984947247115623316776348470316125607661448384262499475111567766645913459': 'RESOLVED_REDEEMABLE_UNREDEEMED'},hold_to_resolution|no_public_exit_yet,NON_ADJACENT_BASKET,"{'20°C': 13.232, '18°C': 4.0905}","{'20°C': 0.763862029152836, '18°C': 0.2361379708471641}","{'20°C': '2026-03-22T17:14:29+08:00', '18°C': '2026-03-23T13:59:47+08:00'}","['20°C', '18°C']",False,2026-03-22T17:14:29+08:00,2026-03-22T09:14:29+00:00,2026-03-22T22:43:31+08:00,2026-03-22T14:43:31+00:00,2026-03-22T22:43:31+08:00,2026-03-22T14:43:31+00:00,2026-03-23T07:13:59+08:00,2026-03-22T23:13:59+00:00,2026-03-23T13:59:47+08:00,2026-03-23T05:59:47+00:00,74718,10,Beijing,1,False,1,0.2361379708471641,0.0,0.0,0.4785972001731852,0.5214027998268149,20°C,20°C,20°C,20°C,20°C,GRADUAL_ACCUMULATION,[],ENTRY_TIMELINE_COMPLETE,2026-03-23__beijing__high,highest-temperature-in-beijing-on-march-23-2026,['NO_RECORDED_SELL'],NO_RECORDED_SELL_FINAL_PATH_UNKNOWN,20°C,2026-03-22T17:14:29+08:00,2026-03-22T09:14:29+00:00,,,False,,,0.23853369894645693,4.132,2026-03-23T13:59:47+08:00,2026-03-23T05:59:47+00:00,,,2,-13.23152,2,,"{'D0_0000_0800': 4.2, 'D-1_1800_2400': 4.9, 'D0_1300_1400': 4.0905, 'D-1_1500_1800': 4.132}",2026-03-22T17:14:29+08:00 开始，共 10 笔公开BUY成交、0 笔公开SELL成交；投入 $17.32，NON_ADJACENT_BASKET，路径状态 ENTRY_TIMELINE_COMPLETE。,,RESOLVED_REDEEMABLE_UNREDEEMED,C_cashPnl_plus_realizedPnl,RESOLVED_REDEEMABLE_UNREDEEMED,0,6,2,109.42,,,0.0,-4.0905,0,,False,NO_RECORDED_SELL,[],,,,,,,,,,,BEIJING_STATION_UNCONFIRMED,"['CHASE_UP', 'D0_WARMING_ENTRY', 'D1_EARLY_POSITION', 'D1_TEST_D0_SCALE', 'GRADUAL_ACCUMULATION', 'NO_RECORDED_SELL_FINAL_PATH_UNKNOWN']",,,False,54976,19742,109.42,17.322499999999998,0,0,17.322499999999998,2026-03-23,high
,[],,{'108842583082174366514959372750606744882230733243117111800963050138612046813062': 'RESOLVED_REDEEMABLE_UNREDEEMED'},hold_to_resolution|pre_resolution_sell,BUCKET_ROTATION,"{'22°C': 9.999333, '20°C': 18.411328}","{'22°C': 0.3519570699182254, '20°C': 0.6480429300817746}","{'22°C': '2026-03-24T13:01:29+08:00', '20°C': '2026-03-24T16:16:53+08:00'}","['22°C', '20°C']",True,2026-03-24T13:13:23+08:00,2026-03-24T05:13:23+00:00,2026-03-24T13:16:21+08:00,2026-03-24T05:16:21+00:00,2026-03-24T16:16:53+08:00,2026-03-24T08:16:53+00:00,2026-03-24T16:16:53+08:00,2026-03-24T08:16:53+00:00,2026-03-24T16:44:29+08:00,2026-03-24T08:44:29+00:00,13380,12,Beijing,1,False,1,1.0,0.6480429300817746,0.6480429300817746,1.0,0.0,20°C,22°C,20°C,20°C,20°C,SMALL_TEST_THEN_SCALE,[],ENTRY_TIMELINE_COMPLETE,2026-03-24__beijing__high,highest-temperature-in-beijing-on-march-24-2026,"['SAME_DAY_EXIT', 'PARTIAL_EXIT_OBSERVED']",PARTIAL_EXIT_FINAL_PATH_UNKNOWN,22°C,2026-03-24T13:01:29+08:00,2026-03-24T05:01:29+00:00,2026-03-24T17:02:09+08:00,2026-03-24T09:02:09+00:00,False,14440,14440,0.030164732879674992,0.857,2026-03-24T16:44:29+08:00,2026-03-24T08:44:29+00:00,2026-03-24T17:02:09+08:00,2026-03-24T09:02:09+00:00,2,-9.99933,2,,"{'D0_1300_1400': 9.999333, 'D0_1600_1800': 18.411328}",2026-03-24T13:01:29+08:00 开始，共 12 笔公开BUY成交、1 笔公开SELL成交；投入 $28.41，BUCKET_ROTATION，路径状态 ENTRY_TIMELINE_COMPLETE。,,RESOLVED_REDEEMABLE_UNREDEEMED,C_cashPnl_plus_realizedPnl,RESOLVED_REDEEMABLE_UNREDEEMED,2,8,0,141.001956,-9.056880647854834,-12.360896700000003,0.41493439165282126,-14.411200000000001,1,False,True,SELL_PNL_METHOD_DISAGREEMENT,[],2026-03-24T17:02:09+08:00,2026-03-24T09:02:09+00:00,2026-03-24T17:02:09+08:00,2026-03-24T09:02:09+00:00,,,,,,,BEIJING_STATION_UNCONFIRMED,"['AVERAGING_DOWN', 'BUCKET_ROTATION', 'D0_LATE_ENTRY', 'D0_WARMING_ENTRY', 'GRADUAL_ACCUMULATION', 'PARTIAL_EXIT_FINAL_PATH_UNKNOWN', 'PARTIAL_EXIT_OBSERVED', 'SELL_PNL_METHOD_DISAGREEMENT']",,,False,1656,11724,241.001956,28.410661,100.0,4.0,28.410661,2026-03-24,high
,"[['19°C', '20°C']]",82,{'79655901785225530162334722713224485130321212954811278069168302992325795269878': 'RESOLVED_REDEEMABLE_UNREDEEMED'},mixed_sell_and_resolution|pre_resolution_sell,SIMULTANEOUS_MULTI_BUCKET,"{'19°C': 21.0, '20°C': 4.14832}","{'19°C': 0.8350458400402095, '20°C': 0.16495415995979057}","{'19°C': '2026-04-01T02:36:25+08:00', '20°C': '2026-04-01T02:37:47+08:00'}","['19°C', '20°C']",False,2026-04-01T02:36:25+08:00,2026-03-31T18:36:25+00:00,2026-04-01T02:36:25+08:00,2026-03-31T18:36:25+00:00,2026-04-01T02:36:25+08:00,2026-03-31T18:36:25+00:00,2026-04-01T02:36:25+08:00,2026-03-31T18:36:25+00:00,2026-04-01T02:37:47+08:00,2026-03-31T18:37:47+00:00,82,2,Beijing,1,False,1,0.0,0.0,0.0,1.0,0.0,19°C,19°C,19°C,19°C,19°C,UNCLASSIFIED_ENTRY,['unmatched SELL on asset 21788854130404119294373390333252024478123245249350360413174309416496903980578'],ENTRY_TIMELINE_PARTIAL_UNMATCHED_SELL,2026-04-01__beijing__high,highest-temperature-in-beijing-on-april-1-2026,"['SAME_DAY_EXIT', 'PARTIAL_EXIT_OBSERVED']",PARTIAL_EXIT_FINAL_PATH_UNKNOWN,19°C,2026-04-01T02:36:25+08:00,2026-03-31T18:36:25+00:00,2026-04-01T13:24:13+08:00,2026-04-01T05:24:13+00:00,False,38868,45844,0.8350458400402095,21.0,2026-04-01T02:37:47+08:00,2026-03-31T18:37:47+00:00,2026-04-01T15:20:29+08:00,2026-04-01T07:20:29+00:00,2,42.816027,2,,{'D0_0000_0800': 25.14832},2026-04-01T02:36:25+08:00 开始，共 2 笔公开BUY成交、5 笔公开SELL成交；投入 $25.15，SIMULTANEOUS_MULTI_BUCKET，路径状态 ENTRY_TIMELINE_PARTIAL_UNMATCHED_SELL。,,RESOLVED_REDEEMABLE_UNREDEEMED,C_cashPnl_plus_realizedPnl,RESOLVED_REDEEMABLE_UNREDEEMED,0,0,0,58.287757,,,0.7240453086844091,1.0030999999999999,5,,False,SELL_PNL_UNAVAILABLE,['entry timeline is incomplete; recorded SELL cost basis is not reliable'],2026-04-01T13:24:13+08:00,2026-04-01T05:24:13+00:00,2026-04-01T15:18:59+08:00,2026-04-01T07:18:59+00:00,2026-04-01T15:20:29+08:00,2026-04-01T07:20:29+00:00,,,,,BEIJING_STATION_UNCONFIRMED,"['ADJACENT_BASKET', 'PARTIAL_EXIT_FINAL_PATH_UNKNOWN', 'PARTIAL_EXIT_OBSERVED', 'SELL_PNL_UNAVAILABLE']",,,False,82,0,211.2222,25.14832,152.934443,67.947818,25.14832,2026-04-01,high
,[],,{'26931255635868764004763764133078852808991634131985329606636531370023360540024': 'RESOLVED_REDEEMABLE_UNREDEEMED'},mixed_sell_and_resolution|no_public_exit_yet,NON_ADJACENT_BASKET,"{'22°C': 10.730909, '25°C': 4.8376}","{'22°C': 0.6892701799510794, '25°C': 0.3107298200489205}","{'22°C': '2026-04-03T01:53:31+08:00', '25°C': '2026-04-03T12:23:35+08:00'}","['22°C', '25°C']",False,2026-04-03T01:53:35+08:00,2026-04-02T17:53:35+00:00,2026-04-03T03:04:25+08:00,2026-04-02T19:04:25+00:00,2026-04-03T03:04:25+08:00,2026-04-02T19:04:25+00:00,2026-04-03T12:23:47+08:00,2026-04-03T04:23:47+00:00,2026-04-03T12:23:47+08:00,2026-04-03T04:23:47+00:00,37816,9,Beijing,1,False,1,0.3107298200489205,0.0,0.0,1.0,0.0,22°C,22°C,22°C,22°C,22°C,SMALL_TEST_THEN_SCALE,[],ENTRY_TIMELINE_COMPLETE,2026-04-03__beijing__high,highest-temperature-in-beijing-on-april-3-2026,"['SAME_DAY_EXIT', 'PARTIAL_EXIT_OBSERVED', 'REENTRY_AFTER_SELL']",PARTIAL_EXIT_FINAL_PATH_UNKNOWN,22°C,2026-04-03T01:53:31+08:00,2026-04-02T17:53:31+00:00,2026-04-03T12:21:11+08:00,2026-04-03T04:21:11+00:00,False,37660,38298,0.05829864632509124,0.907623,2026-04-03T12:23:47+08:00,2026-04-03T04:23:47+00:00,2026-04-03T12:31:49+08:00,2026-04-03T04:31:49+00:00,2,0.1888,2,,"{'D0_0000_0800': 10.730909, 'D0_1200_1300': 4.8376}",2026-04-03T01:53:31+08:00 开始，共 9 笔公开BUY成交、5 笔公开SELL成交；投入 $15.57，NON_ADJACENT_BASKET，路径状态 ENTRY_TIMELINE_COMPLETE。,,RESOLVED_REDEEMABLE_UNREDEEMED,C_cashPnl_plus_realizedPnl,RESOLVED_REDEEMABLE_UNREDEEMED,1,5,1,60.076933,0.1887999500065638,0.18879994999999963,0.5435123999128526,-4.6671,5,True,False,SELL_PNL_AVAILABLE,[],2026-04-03T12:21:11+08:00,2026-04-03T04:21:11+00:00,2026-04-03T12:21:17+08:00,2026-04-03T04:21:17+00:00,2026-04-03T12:31:49+08:00,2026-04-03T04:31:49+00:00,,,,,BEIJING_STATION_UNCONFIRMED,"['AVERAGING_DOWN', 'CHASE_UP', 'D0_WARMING_ENTRY', 'GRADUAL_ACCUMULATION', 'PARTIAL_EXIT_FINAL_PATH_UNKNOWN', 'PARTIAL_EXIT_OBSERVED', 'PROFITABLE_PARTIAL_SELL_OBSERVED']",,,False,33562,4254,131.606933,15.568509,71.53,10.9183,15.568509,2026-04-03,high
,[],,{},hold_to_resolution,SINGLE_BUCKET_ONLY,{'20°C': 11.4387},{'20°C': 1.0},{'20°C': '2026-04-04T03:09:43+08:00'},['20°C'],False,2026-04-04T03:09:43+08:00,2026-04-03T19:09:43+00:00,2026-04-04T03:09:43+08:00,2026-04-03T19:09:43+00:00,2026-04-04T03:09:43+08:00,2026-04-03T19:09:43+00:00,2026-04-04T03:09:43+08:00,2026-04-03T19:09:43+00:00,2026-04-04T03:09:43+08:00,2026-04-03T19:09:43+00:00,0,1,Beijing,1,True,0,0.0,0.0,0.0,1.0,0.0,20°C,20°C,20°C,20°C,20°C,ONE_SHOT_ENTRY,['BUY shares differ from lifecycle totalBought on asset 37787514342501262867162808008454110142210702683340947780859932476919514234233'],ENTRY_TIMELINE_PARTIAL_RECONCILIATION,2026-04-04__beijing__high,highest-temperature-in-beijing-on-april-4-2026,['NO_RECORDED_SELL'],HOLD_TO_SETTLEMENT_OBSERVED,20°C,2026-04-04T03:09:43+08:00,2026-04-03T19:09:43+00:00,,,True,,,1.0,11.4387,2026-04-04T03:09:43+08:00,2026-04-03T19:09:43+00:00,,,1,,1,,{'D0_0000_0800': 11.4387},2026-04-04T03:09:43+08:00 开始，共 1 笔公开BUY成交、0 笔公开SELL成交；投入 $11.44，SINGLE_BUCKET_ONLY，路径状态 ENTRY_TIMELINE_PARTIAL_RECONCILIATION。,current_public_closed_positions,STRICT_CLOSED_SETTLED,C_cashPnl_plus_realizedPnl,CLOSED_POSITION_CONFIRMED,0,0,0,80.33488,,,0.0,,0,,False,NO_RECORDED_SELL,[],,,,,,,,,,,BEIJING_STATION_UNCONFIRMED,"['HOLD_TO_SETTLEMENT_OBSERVED', 'ONE_SHOT_ENTRY']",-10.941112,-0.9564996022275258,False,0,0,80.33488,11.4387,0,0,0,2026-04-04,high
,"[['20°C', '21°C']]",49954,{},mixed_sell_and_resolution,SINGLE_THEN_ADJACENT_BASKET,"{'20°C': 6.126, '21°C': 11.83154}","{'20°C': 0.34113804006562143, '21°C': 0.6588619599343785}","{'20°C': '2026-04-04T23:43:29+08:00', '21°C': '2026-04-05T13:36:03+08:00'}","['20°C', '21°C']",True,2026-04-04T23:43:29+08:00,2026-04-04T15:43:29+00:00,2026-04-04T23:43:29+08:00,2026-04-04T15:43:29+00:00,2026-04-05T13:36:03+08:00,2026-04-05T05:36:03+00:00,2026-04-05T13:36:03+08:00,2026-04-05T05:36:03+00:00,2026-04-05T13:36:03+08:00,2026-04-05T05:36:03+00:00,49954,2,Beijing,2,True,0,0.6588619599343785,0.0,0.0,0.6588619599343785,0.34113804006562143,21°C,20°C,21°C,21°C,21°C,GRADUAL_ACCUMULATION,"['unmatched SELL on asset 50154875018612476846202703575007039237316003107042368831080496113341083426516', 'unmatched SELL on asset 46378176533936676838978591057272071916665451734666991591155679041626452737921']",ENTRY_TIMELINE_PARTIAL_UNMATCHED_SELL,2026-04-05__beijing__high,highest-temperature-in-beijing-on-april-5-2026,['FULL_RECORDED_EXIT'],HOLD_TO_SETTLEMENT_OBSERVED,20°C,2026-04-04T23:43:29+08:00,2026-04-04T15:43:29+00:00,2026-04-05T13:36:09+08:00,2026-04-05T05:36:09+00:00,True,49960,52156,0.34113804006562143,6.126,2026-04-05T13:36:03+08:00,2026-04-05T05:36:03+00:00,2026-04-05T14:12:45+08:00,2026-04-05T06:12:45+00:00,2,,2,,"{'D-1_1800_2400': 6.126, 'D0_1300_1400': 11.83154}",2026-04-04T23:43:29+08:00 开始，共 2 笔公开BUY成交、4 笔公开SELL成交；投入 $17.96，SINGLE_THEN_ADJACENT_BASKET，路径状态 ENTRY_TIMELINE_PARTIAL_UNMATCHED_SELL。,current_public_closed_positions,STRICT_CLOSED_SETTLED,C_cashPnl_plus_realizedPnl,CLOSED_POSITION_CONFIRMED,0,0,0,-5.265782999999985,,,1.0,,4,,False,SELL_PNL_UNAVAILABLE,['entry timeline is incomplete; recorded SELL cost basis is not reliable'],2026-04-05T13:36:09+08:00,2026-04-05T05:36:09+00:00,2026-04-05T13:41:11+08:00,2026-04-05T05:41:11+00:00,2026-04-05T14:12:45+08:00,2026-04-05T06:12:45+00:00,2026-04-05T14:12:45+08:00,2026-04-05T06:12:45+00:00,2026-04-05T14:12:45+08:00,2026-04-05T06:12:45+00:00,BEIJING_STATION_UNCONFIRMED,"['ADJACENT_BASKET', 'BUCKET_ROTATION', 'D0_WARMING_ENTRY', 'D1_EARLY_POSITION', 'D1_TEST_D0_SCALE', 'FULL_RECORDED_EXIT', 'GRADUAL_ACCUMULATION', 'HOLD_TO_SETTLEMENT_OBSERVED', 'SELL_PNL_UNAVAILABLE']",86.708574,4.828532972779122,False,0,49954,112.87376,17.95754,118.13954299999999,103.903588,0,2026-04-05,high
,[],,{},hold_to_resolution,SINGLE_BUCKET_ONLY,{'19°C': 20.8186},{'19°C': 1.0},{'19°C': '2026-04-06T03:34:49+08:00'},['19°C'],False,2026-04-06T03:34:49+08:00,2026-04-05T19:34:49+00:00,2026-04-06T03:34:49+08:00,2026-04-05T19:34:49+00:00,2026-04-06T03:34:49+08:00,2026-04-05T19:34:49+00:00,2026-04-06T03:34:49+08:00,2026-04-05T19:34:49+00:00,2026-04-06T03:34:49+08:00,2026-04-05T19:34:49+00:00,0,1,Beijing,1,True,0,0.0,0.0,0.0,1.0,0.0,19°C,19°C,19°C,19°C,19°C,ONE_SHOT_ENTRY,['BUY shares differ from lifecycle totalBought on asset 11280434350960582425632132554259266924006458184321290519244837516563739747778'],ENTRY_TIMELINE_PARTIAL_RECONCILIATION,2026-04-06__beijing__high,highest-temperature-in-beijing-on-april-6-2026,['NO_RECORDED_SELL'],HOLD_TO_SETTLEMENT_OBSERVED,19°C,2026-04-06T03:34:49+08:00,2026-04-05T19:34:49+00:00,,,True,,,1.0,20.8186,2026-04-06T03:34:49+08:00,2026-04-05T19:34:49+00:00,,,1,,1,,{'D0_0000_0800': 20.8186},2026-04-06T03:34:49+08:00 开始，共 1 笔公开BUY成交、0 笔公开SELL成交；投入 $20.82，SINGLE_BUCKET_ONLY，路径状态 ENTRY_TIMELINE_PARTIAL_RECONCILIATION。,current_public_closed_positions,STRICT_CLOSED_SETTLED,C_cashPnl_plus_realizedPnl,CLOSED_POSITION_CONFIRMED,0,0,0,87.24886,,,0.0,,0,,False,NO_RECORDED_SELL,[],,,,,,,,,,,BEIJING_STATION_UNCONFIRMED,"['HOLD_TO_SETTLEMENT_OBSERVED', 'ONE_SHOT_ENTRY']",-20.006668,-0.9609996829758005,False,0,0,87.24886,20.8186,0,0,0,2026-04-06,high
,"[['18°C', '17°C'], ['15°C', '14°C']]",22482,"{'93062708670233253111350818491065170924150528320677483561723472850586264602718': 'RESOLVED_REDEEMABLE_UNREDEEMED', '79999602433317350855831261890926022795980547251209496044400409650714977058101': 'RESOLVED_REDEEMABLE_UNREDEEMED', '52559858945223204285610082965251896120426680161575582384609878141717746069571': 'RESOLVED_REDEEMABLE_UNREDEEMED'}",hold_to_resolution|no_public_exit_yet,SINGLE_THEN_ADJACENT_BASKET,"{'18°C': 5.22, '15°C': 10.768, '14°C': 2.69193, '17°C': 2.8}","{'18°C': 0.24301755173317605, '15°C': 0.5013051718511188, '14°C': 0.12532303410672196, '17°C': 0.13035424230898332}","{'18°C': '2026-04-06T20:38:55+08:00', '15°C': '2026-04-07T02:53:37+08:00', '14°C': '2026-04-07T13:14:41+08:00', '17°C': '2026-04-07T15:01:59+08:00'}","['18°C', '15°C', '14°C', '17°C']",False,2026-04-06T21:03:33+08:00,2026-04-06T13:03:33+00:00,2026-04-07T02:53:37+08:00,2026-04-06T18:53:37+00:00,2026-04-07T02:53:37+08:00,2026-04-06T18:53:37+00:00,2026-04-07T13:14:41+08:00,2026-04-07T05:14:41+00:00,2026-04-07T15:01:59+08:00,2026-04-07T07:01:59+00:00,66184,9,Beijing,1,False,3,0.25567727641570526,0.13035424230898332,0.13035424230898332,0.756982448266824,0.24301755173317605,15°C,15°C,15°C,15°C,15°C,SMALL_TEST_THEN_SCALE,['BUY shares differ from lifecycle totalBought on asset 71934444207950351021888368239253412740636607151350651195428632637998219265483'],ENTRY_TIMELINE_PARTIAL_RECONCILIATION,2026-04-07__beijing__high,highest-temperature-in-beijing-on-april-7-2026,['NO_RECORDED_SELL'],NO_RECORDED_SELL_FINAL_PATH_UNKNOWN,18°C,2026-04-06T20:38:55+08:00,2026-04-06T12:38:55+00:00,,,False,,,0.07681589278922231,1.65,2026-04-07T15:01:59+08:00,2026-04-07T07:01:59+00:00,,,4,-2.66392,4,,"{'D0_0000_0800': 10.768, 'D-1_1800_2400': 5.22, 'D0_1300_1400': 2.69193, 'D0_1500_1600': 2.8}",2026-04-06T20:38:55+08:00 开始，共 9 笔公开BUY成交、0 笔公开SELL成交；投入 $21.48，SINGLE_THEN_ADJACENT_BASKET，路径状态 ENTRY_TIMELINE_PARTIAL_RECONCILIATION。,,RESOLVED_REDEEMABLE_UNREDEEMED,C_cashPnl_plus_realizedPnl,RESOLVED_REDEEMABLE_UNREDEEMED,1,4,0,281.084,,,0.0,-18.0958,0,,False,NO_RECORDED_SELL,[],,,,,,,,,,,BEIJING_STATION_UNCONFIRMED,"['ADJACENT_BASKET', 'AVERAGING_DOWN', 'D0_LATE_ENTRY', 'D0_WARMING_ENTRY', 'D1_EARLY_POSITION', 'D1_TEST_D0_SCALE', 'GRADUAL_ACCUMULATION', 'NO_RECORDED_SELL_FINAL_PATH_UNKNOWN']",,,False,43702,22482,281.084,21.47993,0,0,21.47993,2026-04-07,high
,"[['21°C', '22°C'], ['19°C', '18°C']]",36172,{'49136435099649610693387938084484909811192020661178104186090756957030010312050': 'RESOLVED_REDEEMABLE_UNREDEEMED'},hold_to_resolution|no_public_exit_yet,SINGLE_THEN_ADJACENT_BASKET,"{'21°C': 11.5, '19°C': 13.0745, '18°C': 1.9087999999999998, '22°C': 3.41}","{'21°C': 0.3847015886502996, '19°C': 0.43737225398333407, '18°C': 0.06385377325353842, '22°C': 0.11407238411282797}","{'21°C': '2026-04-08T03:35:05+08:00', '19°C': '2026-04-08T13:37:57+08:00', '18°C': '2026-04-08T13:38:41+08:00', '22°C': '2026-04-08T14:40:25+08:00'}","['21°C', '19°C', '18°C', '22°C']",True,2026-04-08T03:35:05+08:00,2026-04-07T19:35:05+00:00,2026-04-08T03:35:05+08:00,2026-04-07T19:35:05+00:00,2026-04-08T13:39:37+08:00,2026-04-08T05:39:37+00:00,2026-04-08T13:40:29+08:00,2026-04-08T05:40:29+00:00,2026-04-08T14:41:49+08:00,2026-04-08T06:41:49+00:00,40004,9,Beijing,3,False,1,0.6152984113497004,0.11407238411282797,0.0,1.0,0.0,19°C,21°C,21°C,19°C,19°C,GRADUAL_ACCUMULATION,"['BUY shares differ from lifecycle totalBought on asset 68547951473763304109882389761203567487030040752343363060552513479230522078820', 'BUY shares differ from lifecycle totalBought on asset 5666953703845550667969629495338409841707634833382633673759286536957005327153']",ENTRY_TIMELINE_PARTIAL_RECONCILIATION,2026-04-08__beijing__high,highest-temperature-in-beijing-on-april-8-2026,['NO_RECORDED_SELL'],NO_RECORDED_SELL_FINAL_PATH_UNKNOWN,21°C,2026-04-08T03:35:05+08:00,2026-04-07T19:35:05+00:00,,,False,,,0.3847015886502996,11.5,2026-04-08T14:41:49+08:00,2026-04-08T06:41:49+00:00,,,4,-17.685513,4,,"{'D0_0000_0800': 11.5, 'D0_1300_1400': 14.9833, 'D0_1400_1500': 3.41}",2026-04-08T03:35:05+08:00 开始，共 9 笔公开BUY成交、0 笔公开SELL成交；投入 $29.89，SINGLE_THEN_ADJACENT_BASKET，路径状态 ENTRY_TIMELINE_PARTIAL_RECONCILIATION。,,RESOLVED_REDEEMABLE_UNREDEEMED,C_cashPnl_plus_realizedPnl,RESOLVED_REDEEMABLE_UNREDEEMED,0,3,2,450.93782,,,0.0,-11.0572,0,,False,NO_RECORDED_SELL,[],,,,,,,,,,,BEIJING_STATION_UNCONFIRMED,"['ADJACENT_BASKET', 'BUCKET_ROTATION', 'CHASE_UP', 'D0_LATE_ENTRY', 'D0_WARMING_ENTRY', 'GRADUAL_ACCUMULATION', 'NO_RECORDED_SELL_FINAL_PATH_UNKNOWN']",,,False,3732,36272,450.93782,29.8933,0,0,29.8933,2026-04-08,high
,"[['28°C', '29°C'], ['28°C', '27°C']]",3598,"{'7481930545377259399054838205991077985864977698649883349267284590212568910181': 'RESOLVED_REDEEMABLE_UNREDEEMED', '5662461823834211128638062890763829339450710958343943212540617379823987546346': 'RESOLVED_REDEEMABLE_UNREDEEMED'}",hold_to_resolution|mixed_sell_and_resolution|no_public_exit_yet,TAIL_PLUS_EXACT_BASKET,"{'28°C': 15.632444000000001, '29°C': 13.4064, '27°C': 9.916611, '30°C or higher': 9.70649}","{'28°C': 0.32124577018037404, '29°C': 0.2755007018317907, '27°C': 0.20378575085726638, '30°C or higher': 0.19946777713056887}","{'28°C': '2026-04-10T02:17:37+08:00', '29°C': '2026-04-10T03:17:35+08:00', '27°C': '2026-04-10T14:27:41+08:00', '30°C or higher': '2026-04-10T14:28:35+08:00'}","['28°C', '29°C', '27°C', '30°C or higher']",False,2026-04-10T02:17:37+08:00,2026-04-09T18:17:37+00:00,2026-04-10T02:27:35+08:00,2026-04-09T18:27:35+00:00,2026-04-10T14:27:49+08:00,2026-04-10T06:27:49+00:00,2026-04-10T15:00:59+08:00,2026-04-10T07:00:59+00:00,2026-04-10T15:23:03+08:00,2026-04-10T07:23:03+00:00,52790,16,Beijing,3,False,2,0.6376543518759885,0.6376543518759885,0.33235662898390106,1.0,0.0,28°C,28°C,28°C,28°C,28°C,SMALL_TEST_THEN_SCALE,['unmatched SELL on asset 7314915972641966087518601253963962888209003108027579895112387864197250308361'],ENTRY_TIMELINE_PARTIAL_UNMATCHED_SELL,2026-04-10__beijing__high,highest-temperature-in-beijing-on-april-10-2026,"['SAME_DAY_EXIT', 'PARTIAL_EXIT_OBSERVED', 'REENTRY_AFTER_SELL']",PARTIAL_EXIT_FINAL_PATH_UNKNOWN,28°C,2026-04-10T02:17:37+08:00,2026-04-09T18:17:37+00:00,2026-04-10T14:35:35+08:00,2026-04-10T06:35:35+00:00,False,44278,46620,0.11575780622825495,5.633,2026-04-10T16:57:27+08:00,2026-04-10T08:57:27+00:00,2026-04-10T15:14:37+08:00,2026-04-10T07:14:37+00:00,4,192.072751,5,,"{'D0_1600_1800': 2.2064, 'D0_0000_0800': 17.632444, 'D0_1400_1500': 14.856380999999999, 'D0_1500_1600': 13.96672}",2026-04-10T02:17:37+08:00 开始，共 16 笔公开BUY成交、3 笔公开SELL成交；投入 $48.66，TAIL_PLUS_EXACT_BASKET，路径状态 ENTRY_TIMELINE_PARTIAL_UNMATCHED_SELL。,,RESOLVED_REDEEMABLE_UNREDEEMED,C_cashPnl_plus_realizedPnl,RESOLVED_REDEEMABLE_UNREDEEMED,2,8,2,425.40577,,,0.3754005901488736,-18.9047,3,,False,SELL_PNL_UNAVAILABLE,['entry timeline is incomplete; recorded SELL cost basis is not reliable'],2026-04-10T14:35:35+08:00,2026-04-10T06:35:35+00:00,2026-04-10T15:06:17+08:00,2026-04-10T07:06:17+00:00,,,,,,,BEIJING_STATION_UNCONFIRMED,"['ADJACENT_BASKET', 'AVERAGING_DOWN', 'CHASE_UP', 'D0_LATE_ENTRY', 'GRADUAL_ACCUMULATION', 'PARTIAL_EXIT_FINAL_PATH_UNKNOWN', 'PARTIAL_EXIT_OBSERVED', 'SELL_PNL_UNAVAILABLE']",,,True,8978,43812,681.08577,48.661945,255.68,220.57553000000001,48.661945,2026-04-10,high
,[],,{'106813676764205184102490603176372152923012438873110232960674037772817925719348': 'RESOLVED_REDEEMABLE_UNREDEEMED'},no_public_exit_yet,SINGLE_BUCKET_ONLY,{'25°C': 10.0},{'25°C': 1.0},{'25°C': '2026-04-10T07:47:13+08:00'},['25°C'],False,2026-04-10T07:47:13+08:00,2026-04-09T23:47:13+00:00,2026-04-10T07:47:13+08:00,2026-04-09T23:47:13+00:00,2026-04-10T07:47:13+08:00,2026-04-09T23:47:13+00:00,2026-04-10T08:05:21+08:00,2026-04-10T00:05:21+00:00,2026-04-10T08:05:21+08:00,2026-04-10T00:05:21+00:00,1088,5,Beijing,0,False,1,0.0,0.0,0.0,0.0,1.0,25°C,25°C,25°C,25°C,25°C,UNCLASSIFIED_ENTRY,[],ENTRY_TIMELINE_COMPLETE,2026-04-11__beijing__high,highest-temperature-in-beijing-on-april-11-2026,['NO_RECORDED_SELL'],NO_RECORDED_SELL_FINAL_PATH_UNKNOWN,25°C,2026-04-10T07:47:13+08:00,2026-04-09T23:47:13+00:00,,,False,,,0.6054,6.054,2026-04-10T08:05:21+08:00,2026-04-10T00:05:21+00:00,,,1,,1,,{'D-1_0000_1200': 10.0},2026-04-10T07:47:13+08:00 开始，共 5 笔公开BUY成交、0 笔公开SELL成交；投入 $10.00，SINGLE_BUCKET_ONLY，路径状态 ENTRY_TIMELINE_COMPLETE。,,RESOLVED_REDEEMABLE_UNREDEEMED,C_cashPnl_plus_realizedPnl,RESOLVED_REDEEMABLE_UNREDEEMED,0,4,0,50.0,,,0.0,-10.0,0,,False,NO_RECORDED_SELL,[],,,,,,,,,,,BEIJING_STATION_UNCONFIRMED,"['D1_EARLY_POSITION', 'NO_RECORDED_SELL_FINAL_PATH_UNKNOWN']",,,False,1088,0,50.0,10.0,0,0,10.0,2026-04-11,high
,"[['28°C', '27°C'], ['25°C', '24°C']]",216,{'49477685169144210452458870402737327173031478570655958087296690009894183521127': 'RESOLVED_REDEEMABLE_UNREDEEMED'},hold_to_resolution|mixed_sell_and_resolution|no_public_exit_yet,SIMULTANEOUS_MULTI_BUCKET,"{'28°C': 4.535984, '25°C': 4.98432, '24°C': 2.38716, '27°C': 4.6996}","{'28°C': 0.27313581738469844, '25°C': 0.30013252191958795, '24°C': 0.14374365029242978, '27°C': 0.2829880104032838}","{'28°C': '2026-04-12T13:14:15+08:00', '25°C': '2026-04-12T13:17:51+08:00', '24°C': '2026-04-12T13:20:13+08:00', '27°C': '2026-04-12T15:54:47+08:00'}","['28°C', '25°C', '24°C', '27°C']",False,2026-04-12T13:14:15+08:00,2026-04-12T05:14:15+00:00,2026-04-12T13:17:51+08:00,2026-04-12T05:17:51+00:00,2026-04-12T13:17:51+08:00,2026-04-12T05:17:51+00:00,2026-04-12T15:54:47+08:00,2026-04-12T07:54:47+00:00,2026-04-12T15:54:47+08:00,2026-04-12T07:54:47+00:00,9978,14,Beijing,3,False,1,1.0,0.3453701388758422,0.3453701388758422,1.0,0.0,25°C,25°C,25°C,25°C,25°C,GRADUAL_ACCUMULATION,['unmatched SELL on asset 10956926699793678265867923869474856358247559887613039244361011186361177855267'],ENTRY_TIMELINE_PARTIAL_UNMATCHED_SELL,2026-04-12__beijing__high,highest-temperature-in-beijing-on-april-12-2026,"['QUICK_EXIT_WITHIN_1H', 'SAME_DAY_EXIT', 'PARTIAL_EXIT_OBSERVED', 'REENTRY_AFTER_SELL']",PARTIAL_EXIT_FINAL_PATH_UNKNOWN,28°C,2026-04-12T13:14:15+08:00,2026-04-12T05:14:15+00:00,2026-04-12T13:17:41+08:00,2026-04-12T05:17:41+00:00,False,206,10130,0.21075368891214002,3.5,2026-04-12T16:00:33+08:00,2026-04-12T08:00:33+00:00,2026-04-12T16:03:05+08:00,2026-04-12T08:03:05+00:00,4,38.317364000000005,4,,"{'D0_1600_1800': 0.34355199999999997, 'D0_1300_1400': 10.87148, 'D0_1500_1600': 5.392032}",2026-04-12T13:14:15+08:00 开始，共 14 笔公开BUY成交、4 笔公开SELL成交；投入 $16.61，SIMULTANEOUS_MULTI_BUCKET，路径状态 ENTRY_TIMELINE_PARTIAL_UNMATCHED_SELL。,,RESOLVED_REDEEMABLE_UNREDEEMED,C_cashPnl_plus_realizedPnl,RESOLVED_REDEEMABLE_UNREDEEMED,1,9,0,587.3697400000001,,,0.22669711272480028,-4.7792,4,,False,SELL_PNL_UNAVAILABLE,['entry timeline is incomplete; recorded SELL cost basis is not reliable'],2026-04-12T13:17:41+08:00,2026-04-12T05:17:41+00:00,,,,,,,,,BEIJING_STATION_UNCONFIRMED,"['ADJACENT_BASKET', 'AVERAGING_DOWN', 'D0_LATE_ENTRY', 'D0_WARMING_ENTRY', 'GRADUAL_ACCUMULATION', 'PARTIAL_EXIT_FINAL_PATH_UNKNOWN', 'PARTIAL_EXIT_OBSERVED', 'QUICK_FLIP', 'SELL_PNL_UNAVAILABLE']",,,False,9762,216,759.55974,16.607064,172.19,49.590500000000006,16.607064,2026-04-12,high
,[],,{},hold_to_resolution,SINGLE_BUCKET_ONLY,{'18°C': 4.22646},{'18°C': 1.0},{'18°C': '2026-04-13T16:16:59+08:00'},['18°C'],False,2026-04-13T16:16:59+08:00,2026-04-13T08:16:59+00:00,2026-04-13T16:16:59+08:00,2026-04-13T08:16:59+00:00,2026-04-13T16:16:59+08:00,2026-04-13T08:16:59+00:00,2026-04-13T16:16:59+08:00,2026-04-13T08:16:59+00:00,2026-04-13T16:16:59+08:00,2026-04-13T08:16:59+00:00,0,1,Beijing,1,True,0,1.0,1.0,1.0,1.0,0.0,18°C,18°C,18°C,18°C,18°C,ONE_SHOT_ENTRY,['BUY shares differ from lifecycle totalBought on asset 2440889436754458537683147897033738641120655681463665020180781378180544596244'],ENTRY_TIMELINE_PARTIAL_RECONCILIATION,2026-04-13__beijing__high,highest-temperature-in-beijing-on-april-13-2026,['NO_RECORDED_SELL'],HOLD_TO_SETTLEMENT_OBSERVED,18°C,2026-04-13T16:16:59+08:00,2026-04-13T08:16:59+00:00,,,True,,,1.0,4.22646,2026-04-13T16:16:59+08:00,2026-04-13T08:16:59+00:00,,,1,,1,,{'D0_1600_1800': 4.22646},2026-04-13T16:16:59+08:00 开始，共 1 笔公开BUY成交、0 笔公开SELL成交；投入 $4.23，SINGLE_BUCKET_ONLY，路径状态 ENTRY_TIMELINE_PARTIAL_RECONCILIATION。,current_public_closed_positions,STRICT_CLOSED_SETTLED,C_cashPnl_plus_realizedPnl,CLOSED_POSITION_CONFIRMED,0,0,0,66.00566,,,0.0,,0,,False,NO_RECORDED_SELL,[],,,,,,,,,,,BEIJING_STATION_UNCONFIRMED,"['D0_LATE_ENTRY', 'HOLD_TO_SETTLEMENT_OBSERVED', 'ONE_SHOT_ENTRY']",-4.027392,-0.9528995897275733,False,0,0,66.00566,4.22646,0,0,0,2026-04-13,high
,"[['22°C', '23°C'], ['23°C', '24°C']]",86,{},hold_to_resolution|mixed_sell_and_resolution,SIMULTANEOUS_MULTI_BUCKET,"{'22°C': 38.459646, '23°C': 48.056088, '24°C': 4.0}","{'22°C': 0.42489459346371755, '23°C': 0.5309141944316553, '24°C': 0.04419121210462702}","{'22°C': '2026-04-17T15:09:58+08:00', '23°C': '2026-04-17T15:11:24+08:00', '24°C': '2026-04-17T15:28:16+08:00'}","['22°C', '23°C', '24°C']",False,2026-04-17T15:09:58+08:00,2026-04-17T07:09:58+00:00,2026-04-17T15:11:56+08:00,2026-04-17T07:11:56+00:00,2026-04-17T15:26:58+08:00,2026-04-17T07:26:58+00:00,2026-04-17T15:33:18+08:00,2026-04-17T07:33:18+00:00,2026-04-17T15:36:54+08:00,2026-04-17T07:36:54+00:00,4050,41,Beijing,3,True,0,1.0,1.0,1.0,1.0,0.0,23°C,23°C,23°C,23°C,23°C,SMALL_TEST_THEN_SCALE,[],ENTRY_TIMELINE_COMPLETE,2026-04-17__beijing__high,highest-temperature-in-beijing-on-april-17-2026,"['QUICK_EXIT_WITHIN_1H', 'SAME_DAY_EXIT', 'PARTIAL_EXIT_OBSERVED', 'REENTRY_AFTER_SELL']",HOLD_TO_SETTLEMENT_OBSERVED,22°C,2026-04-17T15:09:58+08:00,2026-04-17T07:09:58+00:00,2026-04-17T15:40:46+08:00,2026-04-17T07:40:46+00:00,True,1848,2748,0.12925929540603404,11.7,2026-04-17T16:17:28+08:00,2026-04-17T08:17:28+00:00,2026-04-17T15:55:46+08:00,2026-04-17T07:55:46+00:00,3,,3,,"{'D0_1600_1800': 4.195458, 'D0_1500_1600': 86.32027599999999}",2026-04-17T15:09:58+08:00 开始，共 41 笔公开BUY成交、5 笔公开SELL成交；投入 $90.52，SIMULTANEOUS_MULTI_BUCKET，路径状态 ENTRY_TIMELINE_COMPLETE。,current_public_closed_positions,STRICT_CLOSED_SETTLED,C_cashPnl_plus_realizedPnl,CLOSED_POSITION_CONFIRMED,6,32,0,1155.538289,-5.678402903215901,-18.23414258555133,0.06586806413821744,,5,False,True,SELL_PNL_METHOD_DISAGREEMENT,[],,,,,,,,,,,BEIJING_STATION_UNCONFIRMED,"['ADJACENT_BASKET', 'AVERAGING_DOWN', 'D0_LATE_ENTRY', 'GRADUAL_ACCUMULATION', 'HOLD_TO_SETTLEMENT_OBSERVED', 'PARTIAL_EXIT_OBSERVED', 'QUICK_FLIP', 'SELL_PNL_METHOD_DISAGREEMENT']",-81.941662,-0.9052753414119141,False,3030,1020,1237.018289,90.515734,81.48,8.5045,0,2026-04-17,high
,[],,{},hold_to_resolution,SINGLE_BUCKET_ONLY,{'25°C or below': 12.991077},{'25°C or below': 1.0},{'25°C or below': '2026-04-18T13:48:48+08:00'},['25°C or below'],False,2026-04-18T13:48:48+08:00,2026-04-18T05:48:48+00:00,2026-04-18T13:48:48+08:00,2026-04-18T05:48:48+00:00,2026-04-18T13:51:50+08:00,2026-04-18T05:51:50+00:00,2026-04-18T13:51:50+08:00,2026-04-18T05:51:50+00:00,2026-04-18T14:47:48+08:00,2026-04-18T06:47:48+00:00,3584,7,Beijing,1,True,0,1.0,0.23024087995167758,0.0,1.0,0.0,25°C or below,25°C or below,25°C or below,25°C or below,25°C or below,UNCLASSIFIED_ENTRY,[],ENTRY_TIMELINE_COMPLETE,2026-04-18__beijing__high,highest-temperature-in-beijing-on-april-18-2026,['NO_RECORDED_SELL'],HOLD_TO_SETTLEMENT_OBSERVED,25°C or below,2026-04-18T13:48:48+08:00,2026-04-18T05:48:48+00:00,,,True,,,0.3848795600241612,5.0,2026-04-18T14:48:32+08:00,2026-04-18T06:48:32+00:00,,,1,,1,,"{'D0_1400_1500': 2.9910769999999998, 'D0_1300_1400': 10.0}",2026-04-18T13:48:48+08:00 开始，共 7 笔公开BUY成交、0 笔公开SELL成交；投入 $12.99，SINGLE_BUCKET_ONLY，路径状态 ENTRY_TIMELINE_COMPLETE。,current_public_closed_positions,STRICT_CLOSED_SETTLED,C_cashPnl_plus_realizedPnl,CLOSED_POSITION_CONFIRMED,1,5,0,199.702566,,,0.0,,0,,False,NO_RECORDED_SELL,[],,,,,,,,,,,BEIJING_STATION_UNCONFIRMED,"['AVERAGING_DOWN', 'D0_LATE_ENTRY', 'D0_WARMING_ENTRY', 'HOLD_TO_SETTLEMENT_OBSERVED']",-12.990847,-0.9999822955402389,True,3402,182,199.702566,12.991077,0,0,0,2026-04-18,high
,"[['24°C', '23°C']]",230,{},hold_to_resolution,SIMULTANEOUS_MULTI_BUCKET,"{'24°C': 0.43465, '23°C': 0.319272}","{'24°C': 0.57651852578914, '23°C': 0.42348147421086}","{'24°C': '2026-04-19T13:59:52+08:00', '23°C': '2026-04-19T14:03:42+08:00'}","['24°C', '23°C']",False,2026-04-19T13:59:52+08:00,2026-04-19T05:59:52+00:00,2026-04-19T13:59:52+08:00,2026-04-19T05:59:52+00:00,2026-04-19T13:59:52+08:00,2026-04-19T05:59:52+00:00,2026-04-19T14:07:04+08:00,2026-04-19T06:07:04+00:00,2026-04-19T14:07:04+08:00,2026-04-19T06:07:04+00:00,636,5,Beijing,2,True,0,1.0,0.42348147421086,0.0,1.0,0.0,24°C,24°C,24°C,24°C,24°C,UNCLASSIFIED_ENTRY,['BUY shares differ from lifecycle totalBought on asset 84618465590683122700449603270358188561202438500052331666981963108677058834611'],ENTRY_TIMELINE_PARTIAL_RECONCILIATION,2026-04-19__beijing__high,highest-temperature-in-beijing-on-april-19-2026,['NO_RECORDED_SELL'],HOLD_TO_SETTLEMENT_OBSERVED,24°C,2026-04-19T13:59:52+08:00,2026-04-19T05:59:52+00:00,,,True,,,0.57651852578914,0.43465,2026-04-19T14:10:28+08:00,2026-04-19T06:10:28+00:00,,,2,,2,,"{'D0_1400_1500': 0.319272, 'D0_1300_1400': 0.43465}",2026-04-19T13:59:52+08:00 开始，共 5 笔公开BUY成交、0 笔公开SELL成交；投入 $0.75，SIMULTANEOUS_MULTI_BUCKET，路径状态 ENTRY_TIMELINE_PARTIAL_RECONCILIATION。,current_public_closed_positions,STRICT_CLOSED_SETTLED,C_cashPnl_plus_realizedPnl,CLOSED_POSITION_CONFIRMED,0,3,0,237.91648,,,0.0,,0,,False,NO_RECORDED_SELL,[],,,,,,,,,,,BEIJING_STATION_UNCONFIRMED,"['ADJACENT_BASKET', 'D0_LATE_ENTRY', 'D0_WARMING_ENTRY', 'HOLD_TO_SETTLEMENT_OBSERVED']",-0.732298,-0.9713179878024517,False,636,0,237.91648,0.753922,0,0,0,2026-04-19,high
,"[['25°C', '26°C'], ['25°C', '24°C'], ['23°C', '24°C']]",90,{},hold_to_resolution|mixed_sell_and_resolution,SIMULTANEOUS_MULTI_BUCKET,"{'25°C': 9.29042, '26°C': 1.4182000000000001, '23°C': 15.5, '24°C': 9.077678}","{'25°C': 0.26328689963452667, '26°C': 0.040191237970047186, '23°C': 0.4392639885317524, '24°C': 0.25725787386367366}","{'25°C': '2026-04-20T14:08:10+08:00', '26°C': '2026-04-20T14:09:40+08:00', '23°C': '2026-04-20T14:11:22+08:00', '24°C': '2026-04-20T15:08:10+08:00'}","['25°C', '26°C', '23°C', '24°C']",False,2026-04-20T14:08:12+08:00,2026-04-20T06:08:12+00:00,2026-04-20T14:11:30+08:00,2026-04-20T06:11:30+00:00,2026-04-20T14:11:30+08:00,2026-04-20T06:11:30+00:00,2026-04-20T15:08:10+08:00,2026-04-20T07:08:10+00:00,2026-04-20T17:09:00+08:00,2026-04-20T09:09:00+00:00,12700,25,Beijing,5,True,0,1.0,1.0,0.33585552102972094,1.0,0.0,23°C,23°C,23°C,23°C,23°C,SMALL_TEST_THEN_SCALE,"['unmatched SELL on asset 86977481214661899530641217151515216229266930262167926149165919447125010549209', 'unmatched SELL on asset 96371536502267686537301726698808525574282418782014503838910425283859268243999']",ENTRY_TIMELINE_PARTIAL_UNMATCHED_SELL,2026-04-20__beijing__high,highest-temperature-in-beijing-on-april-20-2026,"['SAME_DAY_EXIT', 'PARTIAL_EXIT_OBSERVED', 'REENTRY_AFTER_SELL']",HOLD_TO_SETTLEMENT_OBSERVED,25°C,2026-04-20T14:08:10+08:00,2026-04-20T06:08:10+00:00,2026-04-20T16:16:24+08:00,2026-04-20T08:16:24+00:00,True,7694,18624,0.04672776951552129,1.64885,2026-04-20T17:39:50+08:00,2026-04-20T09:39:50+00:00,2026-04-20T19:18:34+08:00,2026-04-20T11:18:34+00:00,4,,5,,"{'D0_1600_1800': 6.7774980000000005, 'D0_1400_1500': 23.4352, 'D0_1500_1600': 5.0736}",2026-04-20T14:08:10+08:00 开始，共 25 笔公开BUY成交、3 笔公开SELL成交；投入 $35.29，SIMULTANEOUS_MULTI_BUCKET，路径状态 ENTRY_TIMELINE_PARTIAL_UNMATCHED_SELL。,current_public_closed_positions,STRICT_CLOSED_SETTLED,C_cashPnl_plus_realizedPnl,CLOSED_POSITION_CONFIRMED,2,19,0,840.511667,,,0.4358193258708837,,3,,False,SELL_PNL_UNAVAILABLE,['entry timeline is incomplete; recorded SELL cost basis is not reliable'],2026-04-20T19:18:22+08:00,2026-04-20T11:18:22+00:00,2026-04-20T19:18:34+08:00,2026-04-20T11:18:34+00:00,,,,,,,BEIJING_STATION_UNCONFIRMED,"['ADJACENT_BASKET', 'AVERAGING_DOWN', 'D0_LATE_ENTRY', 'GRADUAL_ACCUMULATION', 'HOLD_TO_SETTLEMENT_OBSERVED', 'PARTIAL_EXIT_OBSERVED', 'SELL_PNL_UNAVAILABLE']",32.981159,0.9346732547574131,False,12500,200,1489.791667,35.286298,649.28,17.60878,0,2026-04-20,high
,"[['23°C', '24°C']]",488,{'21566447027654051954463647479102067340566578824637319845242246500457092132358': 'RESOLVED_REDEEMABLE_UNREDEEMED'},hold_to_resolution|no_public_exit_yet,SINGLE_THEN_ADJACENT_BASKET,"{'23°C': 6.98223, '24°C': 6.993418}","{'23°C': 0.49959973233441485, '24°C': 0.5004002676655852}","{'23°C': '2026-04-23T01:15:22+08:00', '24°C': '2026-04-23T01:23:30+08:00'}","['23°C', '24°C']",True,2026-04-23T01:15:22+08:00,2026-04-22T17:15:22+00:00,2026-04-23T01:15:22+08:00,2026-04-22T17:15:22+00:00,2026-04-23T01:23:30+08:00,2026-04-22T17:23:30+00:00,2026-04-23T01:23:46+08:00,2026-04-22T17:23:46+00:00,2026-04-23T14:24:40+08:00,2026-04-23T06:24:40+00:00,47370,18,Beijing,1,False,1,0.14310606563645561,0.14310606563645561,0.0,1.0,0.0,24°C,23°C,23°C,24°C,24°C,GRADUAL_ACCUMULATION,['BUY shares differ from lifecycle totalBought on asset 8431357715887922335909644548709407739447460978954925257664327098581538020739'],ENTRY_TIMELINE_PARTIAL_RECONCILIATION,2026-04-23__beijing__high,highest-temperature-in-beijing-on-april-23-2026,['NO_RECORDED_SELL'],NO_RECORDED_SELL_FINAL_PATH_UNKNOWN,23°C,2026-04-23T01:15:22+08:00,2026-04-22T17:15:22+00:00,,,False,,,0.3564936666979592,4.98223,2026-04-23T14:24:52+08:00,2026-04-23T06:24:52+00:00,,,2,-6.849883999999999,2,,"{'D0_0000_0800': 11.975648, 'D0_1400_1500': 2.0}",2026-04-23T01:15:22+08:00 开始，共 18 笔公开BUY成交、0 笔公开SELL成交；投入 $13.98，SINGLE_THEN_ADJACENT_BASKET，路径状态 ENTRY_TIMELINE_PARTIAL_RECONCILIATION。,,RESOLVED_REDEEMABLE_UNREDEEMED,C_cashPnl_plus_realizedPnl,RESOLVED_REDEEMABLE_UNREDEEMED,1,15,0,675.604222,,,0.0,-6.9934,0,,False,NO_RECORDED_SELL,[],,,,,,,,,,,BEIJING_STATION_UNCONFIRMED,"['ADJACENT_BASKET', 'AVERAGING_DOWN', 'BUCKET_ROTATION', 'D0_LATE_ENTRY', 'GRADUAL_ACCUMULATION', 'NO_RECORDED_SELL_FINAL_PATH_UNKNOWN']",,,False,46882,488,675.604222,13.975648000000001,0,0,13.975648000000001,2026-04-23,high
,[],,{'62999602185924412671900857682709527767295119553660714924742823893821142722330': 'RESOLVED_REDEEMABLE_UNREDEEMED'},hold_to_resolution|no_public_exit_yet,NON_ADJACENT_BASKET,"{'26°C': 3.5, '29°C': 20.0}","{'26°C': 0.14893617021276595, '29°C': 0.851063829787234}","{'26°C': '2026-04-25T03:55:28+08:00', '29°C': '2026-04-25T14:23:10+08:00'}","['26°C', '29°C']",False,2026-04-25T03:55:28+08:00,2026-04-24T19:55:28+00:00,2026-04-25T14:23:10+08:00,2026-04-25T06:23:10+00:00,2026-04-25T14:23:10+08:00,2026-04-25T06:23:10+00:00,2026-04-25T14:23:10+08:00,2026-04-25T06:23:10+00:00,2026-04-25T14:23:10+08:00,2026-04-25T06:23:10+00:00,37662,2,Beijing,1,False,1,0.851063829787234,0.851063829787234,0.0,1.0,0.0,29°C,29°C,29°C,29°C,29°C,SMALL_TEST_THEN_SCALE,['BUY shares differ from lifecycle totalBought on asset 94196277704027725263040487567652472589554202532984189923983272920988633086842'],ENTRY_TIMELINE_PARTIAL_RECONCILIATION,2026-04-25__beijing__high,highest-temperature-in-beijing-on-april-25-2026,['NO_RECORDED_SELL'],NO_RECORDED_SELL_FINAL_PATH_UNKNOWN,26°C,2026-04-25T03:55:28+08:00,2026-04-24T19:55:28+00:00,,,False,,,0.14893617021276595,3.5,2026-04-25T14:23:10+08:00,2026-04-25T06:23:10+00:00,,,2,-19.1,2,,"{'D0_0000_0800': 3.5, 'D0_1400_1500': 20.0}",2026-04-25T03:55:28+08:00 开始，共 2 笔公开BUY成交、0 笔公开SELL成交；投入 $23.50，NON_ADJACENT_BASKET，路径状态 ENTRY_TIMELINE_PARTIAL_RECONCILIATION。,,RESOLVED_REDEEMABLE_UNREDEEMED,C_cashPnl_plus_realizedPnl,RESOLVED_REDEEMABLE_UNREDEEMED,0,0,0,227.35,,,0.0,-3.3372,0,,False,NO_RECORDED_SELL,[],,,,,,,,,,,BEIJING_STATION_UNCONFIRMED,"['D0_LATE_ENTRY', 'GRADUAL_ACCUMULATION', 'NO_RECORDED_SELL_FINAL_PATH_UNKNOWN']",,,False,0,37662,227.35,23.5,0,0,23.5,2026-04-25,high
,"[['24°C', '25°C'], ['25°C', '26°C']]",40050,"{'27870013192276198246622626756571080848132517874120553202251810229028455297206': 'RESOLVED_REDEEMABLE_UNREDEEMED', '41445565019217828765776585456366349309120936422786086330894323592050191092126': 'RESOLVED_REDEEMABLE_UNREDEEMED'}",mixed_sell_and_resolution|no_public_exit_yet,TAIL_PLUS_EXACT_BASKET,"{'24°C': 7.6, '25°C': 3.3038000000000003, '26°C': 1.5624799999999999, '27°C or higher': 1.76}","{'24°C': 0.5342225796202521, '25°C': 0.23223217875649857, '26°C': 0.10983053897434888, '27°C or higher': 0.1237147026489005}","{'24°C': '2026-04-27T02:39:28+08:00', '25°C': '2026-04-27T13:46:58+08:00', '26°C': '2026-04-27T14:00:00+08:00', '27°C or higher': '2026-04-27T15:32:30+08:00'}","['24°C', '25°C', '26°C', '27°C or higher']",False,2026-04-27T02:39:28+08:00,2026-04-26T18:39:28+00:00,2026-04-27T02:39:28+08:00,2026-04-26T18:39:28+00:00,2026-04-27T03:59:30+08:00,2026-04-26T19:59:30+00:00,2026-04-27T13:53:12+08:00,2026-04-27T05:53:12+00:00,2026-04-27T15:32:30+08:00,2026-04-27T07:32:30+00:00,46382,22,Beijing,2,False,2,0.4657774203797479,0.23354524162324936,0.12371470264890048,1.0,0.0,24°C,24°C,24°C,24°C,24°C,GRADUAL_ACCUMULATION,"['unmatched SELL on asset 74775188654117731706375919392152640207142390515105180636776647163013329515447', 'unmatched SELL on asset 18759015204797689806424865263975358352874068218247776603309874732213675257358']",ENTRY_TIMELINE_PARTIAL_UNMATCHED_SELL,2026-04-27__beijing__high,highest-temperature-in-beijing-on-april-27-2026,"['PARTIAL_EXIT_OBSERVED', 'REENTRY_AFTER_SELL']",PARTIAL_EXIT_FINAL_PATH_UNKNOWN,24°C,2026-04-27T02:39:28+08:00,2026-04-26T18:39:28+00:00,2026-04-27T14:02:24+08:00,2026-04-27T06:02:24+00:00,False,40976,85452,0.253052800872751,3.6,2026-04-27T15:32:30+08:00,2026-04-27T07:32:30+00:00,2026-04-28T02:23:40+08:00,2026-04-27T18:23:40+00:00,4,248.782904,4,,"{'D0_0000_0800': 7.6, 'D0_1300_1400': 3.3038000000000003, 'D0_1400_1500': 1.5624799999999999, 'D0_1500_1600': 1.76}",2026-04-27T02:39:28+08:00 开始，共 22 笔公开BUY成交、16 笔公开SELL成交；投入 $14.23，TAIL_PLUS_EXACT_BASKET，路径状态 ENTRY_TIMELINE_PARTIAL_UNMATCHED_SELL。,,RESOLVED_REDEEMABLE_UNREDEEMED,C_cashPnl_plus_realizedPnl,RESOLVED_REDEEMABLE_UNREDEEMED,1,16,1,451.397518,,,0.37796715295736766,-3.1571,16,,False,SELL_PNL_UNAVAILABLE,['entry timeline is incomplete; recorded SELL cost basis is not reliable'],2026-04-27T14:14:04+08:00,2026-04-27T06:14:04+00:00,2026-04-27T15:10:00+08:00,2026-04-27T07:10:00+00:00,,,,,,,BEIJING_STATION_UNCONFIRMED,"['ADJACENT_BASKET', 'AVERAGING_DOWN', 'CHASE_UP', 'D0_LATE_ENTRY', 'D0_WARMING_ENTRY', 'GRADUAL_ACCUMULATION', 'PARTIAL_EXIT_FINAL_PATH_UNKNOWN', 'PARTIAL_EXIT_OBSERVED', 'SELL_PNL_UNAVAILABLE']",,,True,41580,4802,725.68116,14.226280000000001,274.283642,259.495401,14.226280000000001,2026-04-27,high
,"[['21°C', '22°C']]",4744,"{'92646383532694565769819355080262033486579248795910356011037686835151732239903': 'RESOLVED_REDEEMABLE_UNREDEEMED', '103837178602823233618845163724342869387234319905725653970853108798313920391883': 'RESOLVED_REDEEMABLE_UNREDEEMED'}",no_public_exit_yet|pre_resolution_sell,SINGLE_THEN_ADJACENT_BASKET,"{'21°C': 19.527, '22°C': 1.07712}","{'21°C': 0.9477230767438745, '22°C': 0.05227692325612547}","{'21°C': '2026-04-28T14:50:48+08:00', '22°C': '2026-04-28T16:09:52+08:00'}","['21°C', '22°C']",False,2026-04-28T14:50:48+08:00,2026-04-28T06:50:48+00:00,2026-04-28T14:56:36+08:00,2026-04-28T06:56:36+00:00,2026-04-28T14:56:36+08:00,2026-04-28T06:56:36+00:00,2026-04-28T16:09:46+08:00,2026-04-28T08:09:46+00:00,2026-04-28T16:09:46+08:00,2026-04-28T08:09:46+00:00,8118,6,Beijing,0,False,2,1.0,1.0,0.27199026214174643,1.0,0.0,21°C,21°C,21°C,21°C,21°C,GRADUAL_ACCUMULATION,[],ENTRY_TIMELINE_COMPLETE,2026-04-28__beijing__high,highest-temperature-in-beijing-on-april-28-2026,"['QUICK_EXIT_WITHIN_1H', 'SAME_DAY_EXIT', 'PARTIAL_EXIT_OBSERVED', 'REENTRY_AFTER_SELL']",PARTIAL_EXIT_FINAL_PATH_UNKNOWN,21°C,2026-04-28T14:50:48+08:00,2026-04-28T06:50:48+00:00,2026-04-28T15:09:06+08:00,2026-04-28T07:09:06+00:00,False,1098,1098,0.16321978322782046,3.363,2026-04-28T17:06:06+08:00,2026-04-28T09:06:06+00:00,2026-04-28T15:09:06+08:00,2026-04-28T07:09:06+00:00,2,,2,,"{'D0_1400_1500': 15.0, 'D0_1600_1800': 5.60412}",2026-04-28T14:50:48+08:00 开始，共 6 笔公开BUY成交、1 笔公开SELL成交；投入 $20.60，SINGLE_THEN_ADJACENT_BASKET，路径状态 ENTRY_TIMELINE_COMPLETE。,,RESOLVED_REDEEMABLE_UNREDEEMED,C_cashPnl_plus_realizedPnl,RESOLVED_REDEEMABLE_UNREDEEMED,2,2,0,180.67741999999998,-5.733599999999999,-5.733599999999999,0.35628088643539624,-11.0711,1,True,False,SELL_PNL_AVAILABLE,[],2026-04-28T15:09:06+08:00,2026-04-28T07:09:06+00:00,2026-04-28T15:09:06+08:00,2026-04-28T07:09:06+00:00,,,,,,,BEIJING_STATION_UNCONFIRMED,"['ADJACENT_BASKET', 'AVERAGING_DOWN', 'D0_LATE_ENTRY', 'GRADUAL_ACCUMULATION', 'LOSS_REALIZING_PARTIAL_SELL_OBSERVED', 'PARTIAL_EXIT_FINAL_PATH_UNKNOWN', 'PARTIAL_EXIT_OBSERVED', 'QUICK_FLIP']",,,False,7770,348,280.67742,20.604119999999998,100.0,9.2664,20.604119999999998,2026-04-28,high
,"[['28°C', '29°C']]",524,"{'57576466127913541905690645969644763956191510116524942620784737187691914310721': 'RESOLVED_REDEEMABLE_UNREDEEMED', '52679121537207722303972086748630856469766558571367389427781481300111303991398': 'RESOLVED_REDEEMABLE_UNREDEEMED'}",no_public_exit_yet,SINGLE_THEN_ADJACENT_BASKET,"{'28°C': 1.92579, '29°C': 0.3251}","{'28°C': 0.8555682418954279, '29°C': 0.14443175810457196}","{'28°C': '2026-04-30T16:43:40+08:00', '29°C': '2026-04-30T16:52:24+08:00'}","['28°C', '29°C']",False,2026-04-30T16:43:54+08:00,2026-04-30T08:43:54+00:00,2026-04-30T16:43:54+08:00,2026-04-30T08:43:54+00:00,2026-04-30T16:52:08+08:00,2026-04-30T08:52:08+00:00,2026-04-30T16:52:08+08:00,2026-04-30T08:52:08+00:00,2026-04-30T16:52:24+08:00,2026-04-30T08:52:24+00:00,524,4,Beijing,0,False,2,1.0,1.0,1.0,1.0,0.0,28°C,28°C,28°C,28°C,28°C,SMALL_TEST_THEN_SCALE,[],ENTRY_TIMELINE_COMPLETE,2026-04-30__beijing__high,highest-temperature-in-beijing-on-april-30-2026,['NO_RECORDED_SELL'],NO_RECORDED_SELL_FINAL_PATH_UNKNOWN,28°C,2026-04-30T16:43:40+08:00,2026-04-30T08:43:40+00:00,,,False,,,0.06684022764328776,0.15045,2026-04-30T16:52:24+08:00,2026-04-30T08:52:24+00:00,,,2,,2,,{'D0_1600_1800': 2.25089},2026-04-30T16:43:40+08:00 开始，共 4 笔公开BUY成交、0 笔公开SELL成交；投入 $2.25，SINGLE_THEN_ADJACENT_BASKET，路径状态 ENTRY_TIMELINE_COMPLETE。,,RESOLVED_REDEEMABLE_UNREDEEMED,C_cashPnl_plus_realizedPnl,RESOLVED_REDEEMABLE_UNREDEEMED,0,2,0,350.59000000000003,,,0.0,-2.1442,0,,False,NO_RECORDED_SELL,[],,,,,,,,,,,BEIJING_STATION_UNCONFIRMED,"['ADJACENT_BASKET', 'D0_LATE_ENTRY', 'GRADUAL_ACCUMULATION', 'NO_RECORDED_SELL_FINAL_PATH_UNKNOWN']",,,False,16,508,350.59000000000003,2.25089,0,0,2.25089,2026-04-30,high
,"[['26°C', '25°C']]",4260,"{'29863422689008728892940410795172328467337826368931772666076274433075638569610': 'RESOLVED_REDEEMABLE_UNREDEEMED', '33301675211441607187539417759128642850791480671425557059188247493279455606759': 'RESOLVED_REDEEMABLE_UNREDEEMED'}",no_public_exit_yet,SINGLE_THEN_ADJACENT_BASKET,"{'26°C': 6.02113, '25°C': 1.8810699999999998}","{'26°C': 0.7619561641061983, '25°C': 0.23804383589380168}","{'26°C': '2026-05-02T12:13:22+08:00', '25°C': '2026-05-02T13:24:22+08:00'}","['26°C', '25°C']",False,2026-05-02T12:13:22+08:00,2026-05-02T04:13:22+00:00,2026-05-02T12:13:22+08:00,2026-05-02T04:13:22+00:00,2026-05-02T12:13:22+08:00,2026-05-02T04:13:22+00:00,2026-05-02T12:13:22+08:00,2026-05-02T04:13:22+00:00,2026-05-02T13:24:22+08:00,2026-05-02T05:24:22+00:00,4326,4,Beijing,0,False,2,1.0,0.0,0.0,1.0,0.0,26°C,26°C,26°C,26°C,26°C,GRADUAL_ACCUMULATION,[],ENTRY_TIMELINE_COMPLETE,2026-05-02__beijing__high,highest-temperature-in-beijing-on-may-2-2026,['NO_RECORDED_SELL'],NO_RECORDED_SELL_FINAL_PATH_UNKNOWN,26°C,2026-05-02T12:13:22+08:00,2026-05-02T04:13:22+00:00,,,False,,,0.7619561641061983,6.02113,2026-05-02T13:25:28+08:00,2026-05-02T05:25:28+00:00,,,2,,2,,"{'D0_1300_1400': 1.8810699999999998, 'D0_1200_1300': 6.02113}",2026-05-02T12:13:22+08:00 开始，共 4 笔公开BUY成交、0 笔公开SELL成交；投入 $7.90，SINGLE_THEN_ADJACENT_BASKET，路径状态 ENTRY_TIMELINE_COMPLETE。,,RESOLVED_REDEEMABLE_UNREDEEMED,C_cashPnl_plus_realizedPnl,RESOLVED_REDEEMABLE_UNREDEEMED,0,2,0,263.48,,,0.0,-7.544600000000001,0,,False,NO_RECORDED_SELL,[],,,,,,,,,,,BEIJING_STATION_UNCONFIRMED,"['ADJACENT_BASKET', 'D0_WARMING_ENTRY', 'GRADUAL_ACCUMULATION', 'NO_RECORDED_SELL_FINAL_PATH_UNKNOWN']",,,False,4326,0,263.48,7.902200000000001,0,0,7.902200000000001,2026-05-02,high
,"[['27°C', '26°C']]",6,"{'111448005831755640274080066228614617726447982875487417831896083461119832584448': 'RESOLVED_REDEEMABLE_UNREDEEMED', '106720166071460513228269870742966782758353621207551264392667487512549347745947': 'RESOLVED_REDEEMABLE_UNREDEEMED'}",no_public_exit_yet,SIMULTANEOUS_MULTI_BUCKET,"{'27°C': 15.644491, '26°C': 2.78369}","{'27°C': 0.8489438539810303, '26°C': 0.15105614601896952}","{'27°C': '2026-05-04T15:37:54+08:00', '26°C': '2026-05-04T15:38:00+08:00'}","['27°C', '26°C']",False,2026-05-04T15:37:54+08:00,2026-05-04T07:37:54+00:00,2026-05-04T15:37:54+08:00,2026-05-04T07:37:54+00:00,2026-05-04T15:38:00+08:00,2026-05-04T07:38:00+00:00,2026-05-04T16:12:38+08:00,2026-05-04T08:12:38+00:00,2026-05-04T16:12:58+08:00,2026-05-04T08:12:58+00:00,2118,15,Beijing,0,False,2,1.0,1.0,1.0,1.0,0.0,27°C,27°C,27°C,27°C,27°C,UNCLASSIFIED_ENTRY,[],ENTRY_TIMELINE_COMPLETE,2026-05-04__beijing__high,highest-temperature-in-beijing-on-may-4-2026,['NO_RECORDED_SELL'],NO_RECORDED_SELL_FINAL_PATH_UNKNOWN,27°C,2026-05-04T15:37:54+08:00,2026-05-04T07:37:54+00:00,,,False,,,0.37026986005835305,6.8234,2026-05-04T16:13:12+08:00,2026-05-04T08:13:12+00:00,,,2,,2,,"{'D0_1600_1800': 7.999991, 'D0_1500_1600': 10.42819}",2026-05-04T15:37:54+08:00 开始，共 15 笔公开BUY成交、0 笔公开SELL成交；投入 $18.43，SIMULTANEOUS_MULTI_BUCKET，路径状态 ENTRY_TIMELINE_COMPLETE。,,RESOLVED_REDEEMABLE_UNREDEEMED,C_cashPnl_plus_realizedPnl,RESOLVED_REDEEMABLE_UNREDEEMED,1,12,0,347.859775,,,0.0,-17.9983,0,,False,NO_RECORDED_SELL,[],,,,,,,,,,,BEIJING_STATION_UNCONFIRMED,"['ADJACENT_BASKET', 'AVERAGING_DOWN', 'D0_LATE_ENTRY', 'NO_RECORDED_SELL_FINAL_PATH_UNKNOWN']",,,False,2112,6,347.859775,18.428181,0,0,18.428181,2026-05-04,high
,"[['29°C', '30°C'], ['31°C', '30°C'], ['31°C', '32°C']]",60,"{'84479913872251581844208708196549894663815216287929663537737185244740695967649': 'RESOLVED_REDEEMABLE_UNREDEEMED', '97330453251716628920627675634974144566478742357841376116445358421286248581493': 'RESOLVED_REDEEMABLE_UNREDEEMED', '114568909488348714429527508395395101957456873722149399672863820148055315746514': 'RESOLVED_REDEEMABLE_UNREDEEMED', '66190869002704856322962274194738014820370536615555082978251660593378232942211': 'RESOLVED_REDEEMABLE_UNREDEEMED'}",hold_to_resolution|no_public_exit_yet|pre_resolution_sell,TAIL_PLUS_EXACT_BASKET,"{'28°C or below': 7.33775, '29°C': 29.66757, '31°C': 16.9864, '30°C': 9.128, '32°C': 2.92914}","{'28°C or below': 0.11109578575618109, '29°C': 0.4491761099283167, '31°C': 0.2571793063498749, '30°C': 0.1382007198913047, '32°C': 0.04434807807432255}","{'28°C or below': '2026-05-05T13:11:26+08:00', '29°C': '2026-05-05T13:12:26+08:00', '31°C': '2026-05-05T13:40:34+08:00', '30°C': '2026-05-05T14:31:38+08:00', '32°C': '2026-05-05T14:32:06+08:00'}","['28°C or below', '29°C', '31°C', '30°C', '32°C']",False,2026-05-05T13:11:26+08:00,2026-05-05T05:11:26+00:00,2026-05-05T13:12:26+08:00,2026-05-05T05:12:26+00:00,2026-05-05T13:12:26+08:00,2026-05-05T05:12:26+00:00,2026-05-05T14:31:38+08:00,2026-05-05T06:31:38+00:00,2026-05-05T14:33:10+08:00,2026-05-05T06:33:10+00:00,8404,27,Beijing,1,False,4,1.0,0.4032460212030911,0.01993978397204736,1.0,0.0,29°C,29°C,29°C,29°C,29°C,SMALL_TEST_THEN_SCALE,[],ENTRY_TIMELINE_COMPLETE,2026-05-05__beijing__high,highest-temperature-in-beijing-on-may-5-2026,"['SAME_DAY_EXIT', 'PARTIAL_EXIT_OBSERVED', 'REENTRY_AFTER_SELL']",PARTIAL_EXIT_FINAL_PATH_UNKNOWN,28°C or below,2026-05-05T13:11:26+08:00,2026-05-05T05:11:26+00:00,2026-05-05T14:36:12+08:00,2026-05-05T06:36:12+00:00,False,5086,5086,0.11109578575618109,7.33775,2026-05-05T15:31:30+08:00,2026-05-05T07:31:30+00:00,2026-05-05T14:36:12+08:00,2026-05-05T06:36:12+00:00,5,16.952,5,,"{'D0_1400_1500': 25.31694, 'D0_1300_1400': 39.41492, 'D0_1500_1600': 1.317}",2026-05-05T13:11:26+08:00 开始，共 27 笔公开BUY成交、1 笔公开SELL成交；投入 $66.05，TAIL_PLUS_EXACT_BASKET，路径状态 ENTRY_TIMELINE_COMPLETE。,,RESOLVED_REDEEMABLE_UNREDEEMED,C_cashPnl_plus_realizedPnl,RESOLVED_REDEEMABLE_UNREDEEMED,1,19,2,763.92,17.181345,17.181344999999997,0.0792483758602818,-22.4913,1,True,False,SELL_PNL_AVAILABLE,[],,,,,,,,,,,BEIJING_STATION_UNCONFIRMED,"['ADJACENT_BASKET', 'AVERAGING_DOWN', 'CHASE_UP', 'D0_LATE_ENTRY', 'D0_WARMING_ENTRY', 'GRADUAL_ACCUMULATION', 'PARTIAL_EXIT_FINAL_PATH_UNKNOWN', 'PARTIAL_EXIT_OBSERVED', 'PROFITABLE_PARTIAL_SELL_OBSERVED']",,,True,8344,60,829.67,66.04886,65.75,32.01513,66.04886,2026-05-05,high
,"[['27°C', '28°C'], ['28°C', '29°C']]",0,{},hold_to_resolution|mixed_sell_and_resolution,SIMULTANEOUS_MULTI_BUCKET,"{'27°C': 1.3639999999999999, '29°C': 0.66284, '28°C': 0.35295, '25°C': 26.53675}","{'27°C': 0.04717023544310626, '29°C': 0.022922521159170494, '28°C': 0.012205817155164483, '25°C': 0.9177014262425588}","{'27°C': '2026-05-06T12:10:40+08:00', '29°C': '2026-05-06T12:10:40+08:00', '28°C': '2026-05-06T12:10:40+08:00', '25°C': '2026-05-06T12:25:54+08:00'}","['27°C', '28°C', '29°C', '25°C']",False,2026-05-06T12:25:54+08:00,2026-05-06T04:25:54+00:00,2026-05-06T12:25:54+08:00,2026-05-06T04:25:54+00:00,2026-05-06T12:25:54+08:00,2026-05-06T04:25:54+00:00,2026-05-06T12:25:54+08:00,2026-05-06T04:25:54+00:00,2026-05-06T12:25:54+08:00,2026-05-06T04:25:54+00:00,3574,13,Beijing,4,True,0,1.0,0.0,0.0,1.0,0.0,25°C,25°C,25°C,25°C,25°C,SMALL_TEST_THEN_SCALE,[],ENTRY_TIMELINE_COMPLETE,2026-05-06__beijing__high,highest-temperature-in-beijing-on-may-6-2026,"['SAME_DAY_EXIT', 'PARTIAL_EXIT_OBSERVED']",HOLD_TO_SETTLEMENT_OBSERVED,27°C,2026-05-06T12:10:40+08:00,2026-05-06T04:10:40+00:00,2026-05-06T13:36:42+08:00,2026-05-06T05:36:42+00:00,True,5162,5168,0.02434592797063549,0.704,2026-05-06T13:10:14+08:00,2026-05-06T05:10:14+00:00,2026-05-06T13:36:48+08:00,2026-05-06T05:36:48+00:00,4,,4,,"{'D0_1300_1400': 0.2999, 'D0_1200_1300': 28.61664}",2026-05-06T12:10:40+08:00 开始，共 13 笔公开BUY成交、3 笔公开SELL成交；投入 $28.92，SIMULTANEOUS_MULTI_BUCKET，路径状态 ENTRY_TIMELINE_COMPLETE。,current_public_closed_positions,STRICT_CLOSED_SETTLED,C_cashPnl_plus_realizedPnl,CLOSED_POSITION_CONFIRMED,0,9,0,43.64999999999998,-0.3804899999999999,-0.38049,0.868765220528547,,3,True,False,SELL_PNL_AVAILABLE,[],2026-05-06T13:36:42+08:00,2026-05-06T05:36:42+00:00,2026-05-06T13:36:44+08:00,2026-05-06T05:36:44+00:00,2026-05-06T13:36:48+08:00,2026-05-06T05:36:48+00:00,2026-05-06T13:36:48+08:00,2026-05-06T05:36:48+00:00,,,BEIJING_STATION_UNCONFIRMED,"['ADJACENT_BASKET', 'D0_WARMING_ENTRY', 'GRADUAL_ACCUMULATION', 'HOLD_TO_SETTLEMENT_OBSERVED', 'LOSS_REALIZING_PARTIAL_SELL_OBSERVED', 'PARTIAL_EXIT_OBSERVED']",17.361361,0.6003955175826706,False,2660,914,332.61,28.91654,288.96000000000004,1.9993,0,2026-05-06,high
,"[['26°C', '25°C']]",5792,"{'100030401845158145758047770584203597624656677725418378057264736264046574201968': 'RESOLVED_REDEEMABLE_UNREDEEMED', '96505027144578019710140603733236914828512736487222733548145966443061406152092': 'RESOLVED_REDEEMABLE_UNREDEEMED'}",no_public_exit_yet,SINGLE_THEN_ADJACENT_BASKET,"{'26°C': 20.87014, '25°C': 5.77197}","{'26°C': 0.7833516189220748, '25°C': 0.21664838107792514}","{'26°C': '2026-05-07T14:30:47+08:00', '25°C': '2026-05-07T16:07:19+08:00'}","['26°C', '25°C']",False,2026-05-07T14:30:47+08:00,2026-05-07T06:30:47+00:00,2026-05-07T14:30:47+08:00,2026-05-07T06:30:47+00:00,2026-05-07T14:30:47+08:00,2026-05-07T06:30:47+00:00,2026-05-07T16:07:16+08:00,2026-05-07T08:07:16+00:00,2026-05-07T16:07:19+08:00,2026-05-07T08:07:19+00:00,5792,3,Beijing,0,False,2,1.0,1.0,0.3706718424329004,1.0,0.0,26°C,26°C,26°C,26°C,26°C,GRADUAL_ACCUMULATION,[],ENTRY_TIMELINE_COMPLETE,2026-05-07__beijing__high,highest-temperature-in-beijing-on-may-7-2026,['NO_RECORDED_SELL'],NO_RECORDED_SELL_FINAL_PATH_UNKNOWN,26°C,2026-05-07T14:30:47+08:00,2026-05-07T06:30:47+00:00,,,False,,,0.6293281575670996,16.76663,2026-05-07T16:07:19+08:00,2026-05-07T08:07:19+00:00,,,2,,2,,"{'D0_1400_1500': 16.76663, 'D0_1600_1800': 9.87548}",2026-05-07T14:30:47+08:00 开始，共 3 笔公开BUY成交、0 笔公开SELL成交；投入 $26.64，SINGLE_THEN_ADJACENT_BASKET，路径状态 ENTRY_TIMELINE_COMPLETE。,,RESOLVED_REDEEMABLE_UNREDEEMED,C_cashPnl_plus_realizedPnl,RESOLVED_REDEEMABLE_UNREDEEMED,1,0,0,1138.7,,,0.0,-25.4593,0,,False,NO_RECORDED_SELL,[],,,,,,,,,,,BEIJING_STATION_UNCONFIRMED,"['ADJACENT_BASKET', 'AVERAGING_DOWN', 'D0_LATE_ENTRY', 'GRADUAL_ACCUMULATION', 'NO_RECORDED_SELL_FINAL_PATH_UNKNOWN']",,,False,5792,0,1138.7,26.64211,0,0,26.64211,2026-05-07,high
,"[['29°C', '28°C']]",6,"{'93726896572183228056822167840366379991603031786039788651186967680768446936826': 'RESOLVED_REDEEMABLE_UNREDEEMED', '86972560742895402236465453592391854603839511975748540536923372005111664136538': 'RESOLVED_REDEEMABLE_UNREDEEMED'}",no_public_exit_yet|pre_resolution_sell,SIMULTANEOUS_MULTI_BUCKET,"{'29°C': 1.82106, '28°C': 3.25078}","{'29°C': 0.3590531247042493, '28°C': 0.6409468752957507}","{'29°C': '2026-05-08T16:15:07+08:00', '28°C': '2026-05-08T16:15:13+08:00'}","['29°C', '28°C']",True,2026-05-08T16:15:07+08:00,2026-05-08T08:15:07+00:00,2026-05-08T16:15:07+08:00,2026-05-08T08:15:07+00:00,2026-05-08T16:15:13+08:00,2026-05-08T08:15:13+00:00,2026-05-08T16:15:13+08:00,2026-05-08T08:15:13+00:00,2026-05-08T16:15:13+08:00,2026-05-08T08:15:13+00:00,6,2,Beijing,0,False,2,1.0,1.0,1.0,1.0,0.0,28°C,29°C,28°C,28°C,28°C,LATE_LARGE_ENTRY,[],ENTRY_TIMELINE_COMPLETE,2026-05-08__beijing__high,highest-temperature-in-beijing-on-may-8-2026,"['QUICK_EXIT_WITHIN_1H', 'SAME_DAY_EXIT', 'PARTIAL_EXIT_OBSERVED']",PARTIAL_EXIT_FINAL_PATH_UNKNOWN,29°C,2026-05-08T16:15:07+08:00,2026-05-08T08:15:07+00:00,2026-05-08T16:15:34+08:00,2026-05-08T08:15:34+00:00,False,27,191,0.3590531247042493,1.82106,2026-05-08T16:15:13+08:00,2026-05-08T08:15:13+00:00,2026-05-08T16:18:18+08:00,2026-05-08T08:18:18+00:00,2,,2,,{'D0_1600_1800': 5.07184},2026-05-08T16:15:07+08:00 开始，共 2 笔公开BUY成交、2 笔公开SELL成交；投入 $5.07，SIMULTANEOUS_MULTI_BUCKET，路径状态 ENTRY_TIMELINE_COMPLETE。,,RESOLVED_REDEEMABLE_UNREDEEMED,C_cashPnl_plus_realizedPnl,RESOLVED_REDEEMABLE_UNREDEEMED,0,0,0,256.49,2.1343718724297114,2.1343718724297105,0.3461891409635483,-0.7270000000000001,2,True,False,SELL_PNL_AVAILABLE,[],2026-05-08T16:18:18+08:00,2026-05-08T08:18:18+00:00,2026-05-08T16:18:18+08:00,2026-05-08T08:18:18+00:00,,,,,,,BEIJING_STATION_UNCONFIRMED,"['ADJACENT_BASKET', 'BUCKET_ROTATION', 'D0_LATE_ENTRY', 'PARTIAL_EXIT_FINAL_PATH_UNKNOWN', 'PARTIAL_EXIT_OBSERVED', 'PROFITABLE_PARTIAL_SELL_OBSERVED', 'QUICK_FLIP']",,,False,0,6,392.3,5.07184,135.81,3.9870300000000003,5.07184,2026-05-08,high
,[],,"{'6494649081080394954876871540260325884293802621818408548101243789221620800100': 'RESOLVED_REDEEMABLE_UNREDEEMED', '66596906115778308186189121381271004022455770845915060597724065910953529679651': 'RESOLVED_REDEEMABLE_UNREDEEMED'}",mixed_sell_and_resolution|no_public_exit_yet,TAIL_PLUS_EXACT_BASKET,"{'28°C or below': 4.777200000000001, '29°C': 6.74435, '31°C': 55.43471}","{'28°C or below': 0.07134807111388838, '29°C': 0.10072769894853745, '31°C': 0.8279242299375742}","{'28°C or below': '2026-05-11T01:37:22+08:00', '29°C': '2026-05-11T01:37:32+08:00', '31°C': '2026-05-11T13:35:41+08:00'}","['28°C or below', '29°C', '31°C']",False,2026-05-11T01:37:32+08:00,2026-05-10T17:37:32+00:00,2026-05-11T13:35:41+08:00,2026-05-11T05:35:41+00:00,2026-05-11T13:35:41+08:00,2026-05-11T05:35:41+00:00,2026-05-11T13:35:41+08:00,2026-05-11T05:35:41+00:00,2026-05-11T13:35:41+08:00,2026-05-11T05:35:41+00:00,43099,5,Beijing,1,False,2,0.834195786921193,0.0,0.0,1.0,0.0,31°C,31°C,31°C,31°C,31°C,SMALL_TEST_THEN_SCALE,[],ENTRY_TIMELINE_COMPLETE,2026-05-11__beijing__high,highest-temperature-in-beijing-on-may-11-2026,"['SAME_DAY_EXIT', 'PARTIAL_EXIT_OBSERVED']",PARTIAL_EXIT_FINAL_PATH_UNKNOWN,28°C or below,2026-05-11T01:37:22+08:00,2026-05-10T17:37:22+00:00,2026-05-11T13:36:44+08:00,2026-05-11T05:36:44+00:00,False,43162,43162,0.0416500264501034,2.78873,2026-05-11T13:35:41+08:00,2026-05-11T05:35:41+00:00,2026-05-11T13:36:44+08:00,2026-05-11T05:36:44+00:00,3,1.720015,3,,"{'D0_0000_0800': 11.10163, 'D0_1300_1400': 55.43471, 'D0_1200_1300': 0.41992}",2026-05-11T01:37:22+08:00 开始，共 5 笔公开BUY成交、1 笔公开SELL成交；投入 $66.96，TAIL_PLUS_EXACT_BASKET，路径状态 ENTRY_TIMELINE_COMPLETE。,,RESOLVED_REDEEMABLE_UNREDEEMED,C_cashPnl_plus_realizedPnl,RESOLVED_REDEEMABLE_UNREDEEMED,1,1,0,935.3400000000001,-1.2775300000000058,-1.2775300000000063,0.11454645284662134,-10.979099999999999,1,True,False,SELL_PNL_AVAILABLE,[],2026-05-11T13:36:44+08:00,2026-05-11T05:36:44+00:00,,,,,,,,,BEIJING_STATION_UNCONFIRMED,"['AVERAGING_DOWN', 'D0_WARMING_ENTRY', 'GRADUAL_ACCUMULATION', 'LOSS_REALIZING_PARTIAL_SELL_OBSERVED', 'PARTIAL_EXIT_FINAL_PATH_UNKNOWN', 'PARTIAL_EXIT_OBSERVED']",,,True,0,43099,1056.3400000000001,66.95626,121.0,54.15718,66.95626,2026-05-11,high
,[],,{},mixed_sell_and_resolution,SINGLE_BUCKET_ONLY,{'30°C': 1.87292},{'30°C': 1.0},{'30°C': '2026-05-12T10:56:53+08:00'},['30°C'],False,2026-05-12T10:56:53+08:00,2026-05-12T02:56:53+00:00,2026-05-12T10:56:53+08:00,2026-05-12T02:56:53+00:00,2026-05-12T10:56:53+08:00,2026-05-12T02:56:53+00:00,2026-05-12T10:56:53+08:00,2026-05-12T02:56:53+00:00,2026-05-12T10:56:53+08:00,2026-05-12T02:56:53+00:00,0,1,Beijing,1,True,0,0.0,0.0,0.0,1.0,0.0,30°C,30°C,30°C,30°C,30°C,ONE_SHOT_ENTRY,[],ENTRY_TIMELINE_COMPLETE,2026-05-12__beijing__high,highest-temperature-in-beijing-on-may-12-2026,"['QUICK_EXIT_WITHIN_1H', 'SAME_DAY_EXIT', 'PARTIAL_EXIT_OBSERVED']",HOLD_TO_SETTLEMENT_OBSERVED,30°C,2026-05-12T10:56:53+08:00,2026-05-12T02:56:53+00:00,2026-05-12T11:06:50+08:00,2026-05-12T03:06:50+00:00,True,597,597,1.0,1.87292,2026-05-12T10:56:53+08:00,2026-05-12T02:56:53+00:00,2026-05-12T11:06:50+08:00,2026-05-12T03:06:50+00:00,1,,1,,{'D0_1000_1100': 1.87292},2026-05-12T10:56:53+08:00 开始，共 1 笔公开BUY成交、1 笔公开SELL成交；投入 $1.87，SINGLE_BUCKET_ONLY，路径状态 ENTRY_TIMELINE_COMPLETE。,current_public_closed_positions,STRICT_CLOSED_SETTLED,C_cashPnl_plus_realizedPnl,CLOSED_POSITION_CONFIRMED,0,0,0,0.009999999999990905,-0.30396407248033364,-0.3039640724803336,0.9999327640691186,,1,True,False,SELL_PNL_AVAILABLE,[],2026-05-12T11:06:50+08:00,2026-05-12T03:06:50+00:00,2026-05-12T11:06:50+08:00,2026-05-12T03:06:50+00:00,2026-05-12T11:06:50+08:00,2026-05-12T03:06:50+00:00,2026-05-12T11:06:50+08:00,2026-05-12T03:06:50+00:00,2026-05-12T11:06:50+08:00,2026-05-12T03:06:50+00:00,BEIJING_STATION_UNCONFIRMED,"['D0_MORNING_ENTRY', 'HOLD_TO_SETTLEMENT_OBSERVED', 'LOSS_REALIZING_PARTIAL_SELL_OBSERVED', 'ONE_SHOT_ENTRY', 'PARTIAL_EXIT_OBSERVED', 'QUICK_FLIP']",-0.134294,-0.07170300920487795,False,0,0,148.73,1.87292,148.72,1.56883,0,2026-05-12,high
,[],,{},mixed_sell_and_resolution,TAIL_PLUS_EXACT_BASKET,"{'33°C or below': 23.621, '35°C': 13.85844}","{'33°C or below': 0.6302388722990525, '35°C': 0.36976112770094755}","{'33°C or below': '2026-05-13T15:57:22+08:00', '35°C': '2026-05-14T12:23:25+08:00'}","['33°C or below', '35°C']",False,2026-05-13T15:57:22+08:00,2026-05-13T07:57:22+00:00,2026-05-13T15:57:22+08:00,2026-05-13T07:57:22+00:00,2026-05-13T15:57:22+08:00,2026-05-13T07:57:22+00:00,2026-05-14T12:23:25+08:00,2026-05-14T04:23:25+00:00,2026-05-14T12:23:25+08:00,2026-05-14T04:23:25+00:00,73567,4,Beijing,2,True,0,0.36976112770094755,0.0,0.0,0.36976112770094755,0.6302388722990525,33°C or below,33°C or below,33°C or below,33°C or below,33°C or below,GRADUAL_ACCUMULATION,[],ENTRY_TIMELINE_COMPLETE,2026-05-14__beijing__high,highest-temperature-in-beijing-on-may-14-2026,"['QUICK_EXIT_WITHIN_1H', 'FULL_RECORDED_EXIT', 'REENTRY_AFTER_SELL']",HOLD_TO_SETTLEMENT_OBSERVED,33°C or below,2026-05-13T15:57:22+08:00,2026-05-13T07:57:22+00:00,2026-05-13T16:28:54+08:00,2026-05-13T08:28:54+00:00,True,1892,73586,0.6302388722990525,23.621,2026-05-14T12:23:29+08:00,2026-05-14T04:23:29+00:00,2026-05-14T12:23:48+08:00,2026-05-14T04:23:48+00:00,2,,2,,"{'D-1_1500_1800': 23.621, 'D0_1200_1300': 13.85844}",2026-05-13T15:57:22+08:00 开始，共 4 笔公开BUY成交、2 笔公开SELL成交；投入 $37.48，TAIL_PLUS_EXACT_BASKET，路径状态 ENTRY_TIMELINE_COMPLETE。,current_public_closed_positions,STRICT_CLOSED_SETTLED,C_cashPnl_plus_realizedPnl,CLOSED_POSITION_CONFIRMED,0,1,1,0.0,17.523930000000004,17.523930000000007,1.0,,2,True,False,SELL_PNL_AVAILABLE,[],2026-05-13T16:28:54+08:00,2026-05-13T08:28:54+00:00,2026-05-14T12:23:48+08:00,2026-05-14T04:23:48+00:00,2026-05-14T12:23:48+08:00,2026-05-14T04:23:48+00:00,2026-05-14T12:23:48+08:00,2026-05-14T04:23:48+00:00,2026-05-14T12:23:48+08:00,2026-05-14T04:23:48+00:00,BEIJING_STATION_UNCONFIRMED,"['CHASE_UP', 'D0_WARMING_ENTRY', 'D1_EARLY_POSITION', 'D1_TEST_D0_SCALE', 'FULL_RECORDED_EXIT', 'GRADUAL_ACCUMULATION', 'HOLD_TO_SETTLEMENT_OBSERVED', 'QUICK_FLIP']",20.815665000000003,0.5553889012215766,True,73567,0,393.17,37.47944,393.17,55.003370000000004,0,2026-05-14,high
,[],,{},mixed_sell_and_resolution,TAIL_PLUS_EXACT_BASKET,"{'32°C or higher': 14.01523, '31°C': 41.999432999999996}","{'32°C or higher': 0.25020645040745854, '31°C': 0.7497935495925414}","{'32°C or higher': '2026-05-21T03:02:21+08:00', '31°C': '2026-05-21T03:03:03+08:00'}","['32°C or higher', '31°C']",True,2026-05-21T03:02:21+08:00,2026-05-20T19:02:21+00:00,2026-05-21T03:02:21+08:00,2026-05-20T19:02:21+00:00,2026-05-21T03:03:03+08:00,2026-05-20T19:03:03+00:00,2026-05-21T03:04:02+08:00,2026-05-20T19:04:02+00:00,2026-05-21T03:04:02+08:00,2026-05-20T19:04:02+00:00,339,21,Beijing,2,True,0,0.0,0.0,0.0,1.0,0.0,31°C,32°C or higher,31°C,31°C,31°C,UNCLASSIFIED_ENTRY,[],ENTRY_TIMELINE_COMPLETE,2026-05-21__beijing__high,highest-temperature-in-beijing-on-may-21-2026,"['QUICK_EXIT_WITHIN_1H', 'SAME_DAY_EXIT', 'PARTIAL_EXIT_OBSERVED', 'REENTRY_AFTER_SELL']",HOLD_TO_SETTLEMENT_OBSERVED,32°C or higher,2026-05-21T03:02:21+08:00,2026-05-20T19:02:21+00:00,2026-05-21T03:02:31+08:00,2026-05-20T19:02:31+00:00,True,10,406,0.25020645040745854,14.01523,2026-05-21T03:08:00+08:00,2026-05-20T19:08:00+00:00,2026-05-21T03:09:07+08:00,2026-05-20T19:09:07+00:00,2,,2,,{'D0_0000_0800': 56.014663},2026-05-21T03:02:21+08:00 开始，共 21 笔公开BUY成交、14 笔公开SELL成交；投入 $56.01，TAIL_PLUS_EXACT_BASKET，路径状态 ENTRY_TIMELINE_COMPLETE。,current_public_closed_positions,STRICT_CLOSED_SETTLED,C_cashPnl_plus_realizedPnl,CLOSED_POSITION_CONFIRMED,3,13,3,0.010562000000163607,13.579517855364424,13.579517855357171,0.9999929228589846,,14,True,False,SELL_PNL_AVAILABLE,[],2026-05-21T03:02:31+08:00,2026-05-20T19:02:31+00:00,2026-05-21T03:02:31+08:00,2026-05-20T19:02:31+00:00,2026-05-21T03:04:56+08:00,2026-05-20T19:04:56+00:00,2026-05-21T03:06:22+08:00,2026-05-20T19:06:22+00:00,2026-05-21T03:07:39+08:00,2026-05-20T19:07:39+00:00,BEIJING_STATION_UNCONFIRMED,"['AVERAGING_DOWN', 'BUCKET_ROTATION', 'CHASE_UP', 'HOLD_TO_SETTLEMENT_OBSERVED', 'PARTIAL_EXIT_OBSERVED', 'PROFITABLE_PARTIAL_SELL_OBSERVED', 'QUICK_FLIP']",19.264678,0.34392205483767707,True,297,42,1492.410562,56.014663,1492.3999999999999,69.59393,0,2026-05-21,high
,"[['23°C', '22°C']]",21,"{'45794868074707723755109782247162570624120212752596782140452860830341710620485': 'RESOLVED_REDEEMABLE_UNREDEEMED', '71496942317030963530318563091360404926150414322727782786950232999003334486910': 'RESOLVED_REDEEMABLE_UNREDEEMED'}",no_public_exit_yet,SIMULTANEOUS_MULTI_BUCKET,"{'23°C': 6.56057, '22°C': 5.62081}","{'23°C': 0.5385736263050656, '22°C': 0.46142637369493433}","{'23°C': '2026-05-22T17:46:05+08:00', '22°C': '2026-05-22T17:46:26+08:00'}","['23°C', '22°C']",False,2026-05-22T17:46:05+08:00,2026-05-22T09:46:05+00:00,2026-05-22T17:46:05+08:00,2026-05-22T09:46:05+00:00,2026-05-22T17:46:05+08:00,2026-05-22T09:46:05+00:00,2026-05-22T17:46:26+08:00,2026-05-22T09:46:26+00:00,2026-05-22T17:46:26+08:00,2026-05-22T09:46:26+00:00,21,2,Beijing,0,False,2,1.0,1.0,1.0,1.0,0.0,23°C,23°C,23°C,23°C,23°C,LATE_LARGE_ENTRY,[],ENTRY_TIMELINE_COMPLETE,2026-05-22__beijing__high,highest-temperature-in-beijing-on-may-22-2026,['NO_RECORDED_SELL'],NO_RECORDED_SELL_FINAL_PATH_UNKNOWN,23°C,2026-05-22T17:46:05+08:00,2026-05-22T09:46:05+00:00,,,False,,,0.5385736263050656,6.56057,2026-05-22T17:46:26+08:00,2026-05-22T09:46:26+00:00,,,2,,2,,{'D0_1600_1800': 12.18138},2026-05-22T17:46:05+08:00 开始，共 2 笔公开BUY成交、0 笔公开SELL成交；投入 $12.18，SIMULTANEOUS_MULTI_BUCKET，路径状态 ENTRY_TIMELINE_COMPLETE。,,RESOLVED_REDEEMABLE_UNREDEEMED,C_cashPnl_plus_realizedPnl,RESOLVED_REDEEMABLE_UNREDEEMED,0,0,0,529.6800000000001,,,0.0,-11.6136,0,,False,NO_RECORDED_SELL,[],,,,,,,,,,,BEIJING_STATION_UNCONFIRMED,"['ADJACENT_BASKET', 'D0_LATE_ENTRY', 'NO_RECORDED_SELL_FINAL_PATH_UNKNOWN']",,,False,21,0,529.6800000000001,12.18138,0,0,12.18138,2026-05-22,high
,[],,"{'85914656811408302998297804784940981832487080686274302935294838288095186882765': 'RESOLVED_REDEEMABLE_UNREDEEMED', '107457675019326561368103369054745119325775767045027405321052757752314116539470': 'RESOLVED_REDEEMABLE_UNREDEEMED'}",no_public_exit_yet|pre_resolution_sell,TAIL_PLUS_EXACT_BASKET,"{'26°C or below': 11.008834, '27°C': 12.990265}","{'26°C or below': 0.45871863772885807, '27°C': 0.541281362271142}","{'26°C or below': '2026-05-23T15:31:24+08:00', '27°C': '2026-05-23T15:52:19+08:00'}","['26°C or below', '27°C']",True,2026-05-23T15:31:24+08:00,2026-05-23T07:31:24+00:00,2026-05-23T15:39:41+08:00,2026-05-23T07:39:41+00:00,2026-05-23T16:01:16+08:00,2026-05-23T08:01:16+00:00,2026-05-23T16:22:36+08:00,2026-05-23T08:22:36+00:00,2026-05-23T16:22:44+08:00,2026-05-23T08:22:44+00:00,3080,9,Beijing,0,False,2,1.0,1.0,1.0,1.0,0.0,27°C,26°C or below,27°C,26°C or below,27°C,UNCLASSIFIED_ENTRY,[],ENTRY_TIMELINE_COMPLETE,2026-05-23__beijing__high,highest-temperature-in-beijing-on-may-23-2026,"['QUICK_EXIT_WITHIN_1H', 'SAME_DAY_EXIT', 'PARTIAL_EXIT_OBSERVED']",PARTIAL_EXIT_FINAL_PATH_UNKNOWN,26°C or below,2026-05-23T15:31:24+08:00,2026-05-23T07:31:24+00:00,2026-05-23T16:28:57+08:00,2026-05-23T08:28:57+00:00,False,3453,3453,0.22537929444767904,5.4089,2026-05-23T16:22:44+08:00,2026-05-23T08:22:44+00:00,2026-05-23T16:28:57+08:00,2026-05-23T08:28:57+00:00,2,,2,,"{'D0_1600_1800': 13.518239999999999, 'D0_1500_1600': 10.480859}",2026-05-23T15:31:24+08:00 开始，共 9 笔公开BUY成交、1 笔公开SELL成交；投入 $24.00，TAIL_PLUS_EXACT_BASKET，路径状态 ENTRY_TIMELINE_COMPLETE。,,RESOLVED_REDEEMABLE_UNREDEEMED,C_cashPnl_plus_realizedPnl,RESOLVED_REDEEMABLE_UNREDEEMED,2,5,0,664.6286419999999,-1.1548823514837787,-3.3730007907099986,0.3126536269544707,-17.6216,1,False,True,SELL_PNL_METHOD_DISAGREEMENT,[],2026-05-23T16:28:57+08:00,2026-05-23T08:28:57+00:00,2026-05-23T16:28:57+08:00,2026-05-23T08:28:57+00:00,,,,,,,BEIJING_STATION_UNCONFIRMED,"['AVERAGING_DOWN', 'BUCKET_ROTATION', 'D0_LATE_ENTRY', 'PARTIAL_EXIT_FINAL_PATH_UNKNOWN', 'PARTIAL_EXIT_OBSERVED', 'QUICK_FLIP', 'SELL_PNL_METHOD_DISAGREEMENT']",,,True,1288,1792,966.948642,23.999099,302.32,5.75013,23.999099,2026-05-23,high
,[],,"{'7314966783184038959036867506055255805255418793270707756744295652895611555411': 'RESOLVED_REDEEMABLE_UNREDEEMED', '94435827699085503233298726297677212718847527950681418148959051875865606423408': 'RESOLVED_REDEEMABLE_UNREDEEMED'}",no_public_exit_yet,TAIL_PLUS_EXACT_BASKET,"{'31°C': 3.4551, '30°C or below': 2.81001}","{'31°C': 0.5514827353390443, '30°C or below': 0.4485172646609557}","{'31°C': '2026-06-03T11:39:47+08:00', '30°C or below': '2026-06-03T11:39:49+08:00'}","['31°C', '30°C or below']",False,2026-06-03T11:39:47+08:00,2026-06-03T03:39:47+00:00,2026-06-03T11:39:47+08:00,2026-06-03T03:39:47+00:00,2026-06-03T11:39:47+08:00,2026-06-03T03:39:47+00:00,2026-06-03T11:39:49+08:00,2026-06-03T03:39:49+00:00,2026-06-03T11:39:49+08:00,2026-06-03T03:39:49+00:00,2,2,Beijing,0,False,2,0.0,0.0,0.0,1.0,0.0,31°C,31°C,31°C,31°C,31°C,UNCLASSIFIED_ENTRY,[],ENTRY_TIMELINE_COMPLETE,2026-06-03__beijing__high,highest-temperature-in-beijing-on-june-3-2026,['NO_RECORDED_SELL'],NO_RECORDED_SELL_FINAL_PATH_UNKNOWN,31°C,2026-06-03T11:39:47+08:00,2026-06-03T03:39:47+00:00,,,False,,,0.5514827353390443,3.4551,2026-06-03T11:39:49+08:00,2026-06-03T03:39:49+00:00,,,2,,2,,{'D0_1100_1200': 6.26511},2026-06-03T11:39:47+08:00 开始，共 2 笔公开BUY成交、0 笔公开SELL成交；投入 $6.27，TAIL_PLUS_EXACT_BASKET，路径状态 ENTRY_TIMELINE_COMPLETE。,,RESOLVED_REDEEMABLE_UNREDEEMED,C_cashPnl_plus_realizedPnl,RESOLVED_REDEEMABLE_UNREDEEMED,0,0,0,99.0,,,0.0,-5.984,0,,False,NO_RECORDED_SELL,[],,,,,,,,,,,BEIJING_STATION_UNCONFIRMED,"['D0_WARMING_ENTRY', 'NO_RECORDED_SELL_FINAL_PATH_UNKNOWN']",,,True,2,0,99.0,6.26511,0,0,6.26511,2026-06-03,high
,"[['32°C', '31°C'], ['32°C', '33°C'], ['31°C', '30°C'], ['33°C', '34°C']]",1,"{'35724377268088693225726919042925098838889556498629625171616930884099611978400': 'RESOLVED_REDEEMABLE_UNREDEEMED', '8951594499615874553748685197765431559594838015834266080711310650141811792321': 'RESOLVED_REDEEMABLE_UNREDEEMED', '101056054893076357303904934578593151855646782736238147041176169594318997287977': 'RESOLVED_REDEEMABLE_UNREDEEMED', '89098707078170219839073393347160119695289108317850482273104362145412265516737': 'RESOLVED_REDEEMABLE_UNREDEEMED'}",hold_to_resolution|no_public_exit_yet,SIMULTANEOUS_MULTI_BUCKET,"{'32°C': 24.18089, '31°C': 4.584934, '33°C': 16.93481, '30°C': 19.20056, '34°C': 7.999791}","{'32°C': 0.33169496955356637, '31°C': 0.06289262072384892, '33°C': 0.23229878169684534, '30°C': 0.26337860867037666, '34°C': 0.10973501935536262}","{'32°C': '2026-06-12T02:48:57+08:00', '31°C': '2026-06-12T02:48:58+08:00', '33°C': '2026-06-12T13:42:40+08:00', '30°C': '2026-06-12T13:43:19+08:00', '34°C': '2026-06-12T15:02:25+08:00'}","['32°C', '31°C', '33°C', '30°C', '34°C']",False,2026-06-12T02:48:57+08:00,2026-06-11T18:48:57+00:00,2026-06-12T02:48:57+08:00,2026-06-11T18:48:57+00:00,2026-06-12T13:42:40+08:00,2026-06-12T05:42:40+00:00,2026-06-12T13:43:19+08:00,2026-06-12T05:43:19+00:00,2026-06-12T15:07:03+08:00,2026-06-12T07:07:03+00:00,44464,18,Beijing,1,False,4,0.6054124097225846,0.10973501935536262,0.10973501935536262,1.0,0.0,32°C,32°C,32°C,32°C,32°C,GRADUAL_ACCUMULATION,[],ENTRY_TIMELINE_COMPLETE,2026-06-12__beijing__high,highest-temperature-in-beijing-on-june-12-2026,['NO_RECORDED_SELL'],NO_RECORDED_SELL_FINAL_PATH_UNKNOWN,32°C,2026-06-12T02:48:57+08:00,2026-06-11T18:48:57+00:00,,,False,,,0.33169496955356637,24.18089,2026-06-12T15:10:01+08:00,2026-06-12T07:10:01+00:00,,,5,176.843,5,,"{'D0_0000_0800': 28.765824000000002, 'D0_1300_1400': 36.135369999999995, 'D0_1500_1600': 7.999791}",2026-06-12T02:48:57+08:00 开始，共 18 笔公开BUY成交、0 笔公开SELL成交；投入 $72.90，SIMULTANEOUS_MULTI_BUCKET，路径状态 ENTRY_TIMELINE_COMPLETE。,,RESOLVED_REDEEMABLE_UNREDEEMED,C_cashPnl_plus_realizedPnl,RESOLVED_REDEEMABLE_UNREDEEMED,0,13,0,1142.797041,,,0.0,-47.1295,0,,False,NO_RECORDED_SELL,[],,,,,,,,,,,BEIJING_STATION_UNCONFIRMED,"['ADJACENT_BASKET', 'D0_LATE_ENTRY', 'D0_WARMING_ENTRY', 'GRADUAL_ACCUMULATION', 'NO_RECORDED_SELL_FINAL_PATH_UNKNOWN']",,,False,5241,39223,1142.797041,72.900985,0,0,72.900985,2026-06-12,high
,"[['28°C', '27°C'], ['26°C', '27°C']]",1372,"{'87626864494023941074792277184142557841858420528961451158643328396165259628400': 'RESOLVED_REDEEMABLE_UNREDEEMED', '6625950344667103356659434812943537638945594145223162234577774499886339943740': 'RESOLVED_REDEEMABLE_UNREDEEMED', '70671096548077349837863924889083524316633252190932384849282874192399975717597': 'RESOLVED_REDEEMABLE_UNREDEEMED'}",mixed_sell_and_resolution|no_public_exit_yet,TAIL_PLUS_EXACT_BASKET,"{'28°C': 33.45112, '26°C': 3.10437, '27°C': 12.86782, '25°C or below': 23.55}","{'28°C': 0.45840211989835744, '26°C': 0.04254117018948435, '27°C': 0.1763359781816119, '25°C or below': 0.32272073173054644}","{'28°C': '2026-06-15T03:23:39+08:00', '26°C': '2026-06-15T03:46:31+08:00', '27°C': '2026-06-15T04:53:48+08:00', '25°C or below': '2026-06-15T13:39:30+08:00'}","['28°C', '26°C', '27°C', '25°C or below']",False,2026-06-15T03:23:39+08:00,2026-06-14T19:23:39+00:00,2026-06-15T03:23:39+08:00,2026-06-14T19:23:39+00:00,2026-06-15T04:53:36+08:00,2026-06-14T20:53:36+00:00,2026-06-15T13:39:30+08:00,2026-06-15T05:39:30+00:00,2026-06-15T13:39:30+08:00,2026-06-15T05:39:30+00:00,36951,7,Beijing,1,False,3,0.32272073173054644,0.0,0.0,1.0,0.0,28°C,28°C,28°C,28°C,28°C,GRADUAL_ACCUMULATION,[],ENTRY_TIMELINE_COMPLETE,2026-06-15__beijing__high,highest-temperature-in-beijing-on-june-15-2026,"['SAME_DAY_EXIT', 'PARTIAL_EXIT_OBSERVED', 'REENTRY_AFTER_SELL']",PARTIAL_EXIT_FINAL_PATH_UNKNOWN,28°C,2026-06-15T03:23:39+08:00,2026-06-14T19:23:39+00:00,2026-06-15T13:39:24+08:00,2026-06-15T05:39:24+00:00,False,36945,46227,0.45840211989835744,33.45112,2026-06-15T13:39:30+08:00,2026-06-15T05:39:30+00:00,2026-06-15T16:14:06+08:00,2026-06-15T08:14:06+00:00,4,113.788234,4,,"{'D0_0000_0800': 49.42331, 'D0_1300_1400': 23.55}",2026-06-15T03:23:39+08:00 开始，共 7 笔公开BUY成交、2 笔公开SELL成交；投入 $72.97，TAIL_PLUS_EXACT_BASKET，路径状态 ENTRY_TIMELINE_COMPLETE。,,RESOLVED_REDEEMABLE_UNREDEEMED,C_cashPnl_plus_realizedPnl,RESOLVED_REDEEMABLE_UNREDEEMED,0,1,2,460.65000000000003,112.24704,112.24704,0.30854097868507957,-58.6432,2,True,False,SELL_PNL_AVAILABLE,[],2026-06-15T13:39:24+08:00,2026-06-15T05:39:24+00:00,2026-06-15T16:14:06+08:00,2026-06-15T08:14:06+00:00,,,,,,,BEIJING_STATION_UNCONFIRMED,"['ADJACENT_BASKET', 'CHASE_UP', 'D0_WARMING_ENTRY', 'GRADUAL_ACCUMULATION', 'PARTIAL_EXIT_FINAL_PATH_UNKNOWN', 'PARTIAL_EXIT_OBSERVED', 'PROFITABLE_PARTIAL_SELL_OBSERVED']",,,True,31554,5397,666.2,72.97331,205.55,125.11486000000001,72.97331,2026-06-15,high
,[],,{'113552798546664220694258404115745182609391185268139830014334786812889121649836': 'RESOLVED_REDEEMABLE_UNREDEEMED'},no_public_exit_yet,SINGLE_BUCKET_ONLY,{'23°C': 3.26118},{'23°C': 1.0},{'23°C': '2026-06-16T04:07:25+08:00'},['23°C'],False,2026-06-16T04:07:25+08:00,2026-06-15T20:07:25+00:00,2026-06-16T04:07:25+08:00,2026-06-15T20:07:25+00:00,2026-06-16T04:07:25+08:00,2026-06-15T20:07:25+00:00,2026-06-16T04:07:25+08:00,2026-06-15T20:07:25+00:00,2026-06-16T04:07:25+08:00,2026-06-15T20:07:25+00:00,0,1,Beijing,0,False,1,0.0,0.0,0.0,1.0,0.0,23°C,23°C,23°C,23°C,23°C,ONE_SHOT_ENTRY,[],ENTRY_TIMELINE_COMPLETE,2026-06-16__beijing__high,highest-temperature-in-beijing-on-june-16-2026,['NO_RECORDED_SELL'],NO_RECORDED_SELL_FINAL_PATH_UNKNOWN,23°C,2026-06-16T04:07:25+08:00,2026-06-15T20:07:25+00:00,,,False,,,1.0,3.26118,2026-06-16T04:07:25+08:00,2026-06-15T20:07:25+00:00,,,1,,1,,{'D0_0000_0800': 3.26118},2026-06-16T04:07:25+08:00 开始，共 1 笔公开BUY成交、0 笔公开SELL成交；投入 $3.26，SINGLE_BUCKET_ONLY，路径状态 ENTRY_TIMELINE_COMPLETE。,,RESOLVED_REDEEMABLE_UNREDEEMED,C_cashPnl_plus_realizedPnl,RESOLVED_REDEEMABLE_UNREDEEMED,0,0,0,297.8,,,0.0,-3.1072,0,,False,NO_RECORDED_SELL,[],,,,,,,,,,,BEIJING_STATION_UNCONFIRMED,"['NO_RECORDED_SELL_FINAL_PATH_UNKNOWN', 'ONE_SHOT_ENTRY']",,,False,0,0,297.8,3.26118,0,0,3.26118,2026-06-16,high
,[],,{'51550351078565047033820521302938845586982010183112226465482367956272557410425': 'RESOLVED_REDEEMABLE_UNREDEEMED'},no_public_exit_yet,SINGLE_BUCKET_ONLY,{'27°C or below': 5.60166},{'27°C or below': 1.0},{'27°C or below': '2026-06-24T03:34:41+08:00'},['27°C or below'],False,2026-06-24T03:34:41+08:00,2026-06-23T19:34:41+00:00,2026-06-24T03:34:41+08:00,2026-06-23T19:34:41+00:00,2026-06-24T03:34:41+08:00,2026-06-23T19:34:41+00:00,2026-06-24T03:34:41+08:00,2026-06-23T19:34:41+00:00,2026-06-24T03:34:41+08:00,2026-06-23T19:34:41+00:00,0,1,Beijing,0,False,1,0.0,0.0,0.0,1.0,0.0,27°C or below,27°C or below,27°C or below,27°C or below,27°C or below,ONE_SHOT_ENTRY,[],ENTRY_TIMELINE_COMPLETE,2026-06-24__beijing__high,highest-temperature-in-beijing-on-june-24-2026,['NO_RECORDED_SELL'],NO_RECORDED_SELL_FINAL_PATH_UNKNOWN,27°C or below,2026-06-24T03:34:41+08:00,2026-06-23T19:34:41+00:00,,,False,,,1.0,5.60166,2026-06-24T03:34:41+08:00,2026-06-23T19:34:41+00:00,,,1,,1,,{'D0_0000_0800': 5.60166},2026-06-24T03:34:41+08:00 开始，共 1 笔公开BUY成交、0 笔公开SELL成交；投入 $5.60，SINGLE_BUCKET_ONLY，路径状态 ENTRY_TIMELINE_COMPLETE。,,RESOLVED_REDEEMABLE_UNREDEEMED,C_cashPnl_plus_realizedPnl,RESOLVED_REDEEMABLE_UNREDEEMED,0,0,0,267.0,,,0.0,-5.34,0,,False,NO_RECORDED_SELL,[],,,,,,,,,,,BEIJING_STATION_UNCONFIRMED,"['NO_RECORDED_SELL_FINAL_PATH_UNKNOWN', 'ONE_SHOT_ENTRY']",,,True,0,0,267.0,5.60166,0,0,5.60166,2026-06-24,high
,"[['34°C', '35°C']]",349,"{'43293199251797360437328165210268099210815959800091984684253133844021944914859': 'RESOLVED_REDEEMABLE_UNREDEEMED', '31981304089168379291121302205733187643582935393994115799574360734055295603212': 'RESOLVED_REDEEMABLE_UNREDEEMED', '22694531242443632058400783249069055387845753633903470961749072458797435226144': 'RESOLVED_REDEEMABLE_UNREDEEMED'}",mixed_sell_and_resolution|no_public_exit_yet|pre_resolution_sell,TAIL_PLUS_EXACT_BASKET,"{'27°C or below': 4.58898, '28°C': 4.6000000000000005, '34°C': 24.86703, '35°C': 7.77781}","{'27°C or below': 0.10969545692934568, '28°C': 0.10995888015964117, '34°C': 0.594424080803522, '35°C': 0.185921582107491}","{'27°C or below': '2026-06-28T03:28:31+08:00', '28°C': '2026-06-28T03:34:20+08:00', '34°C': '2026-06-28T16:18:08+08:00', '35°C': '2026-06-28T16:18:11+08:00'}","['27°C or below', '28°C', '34°C', '35°C']",False,2026-06-28T03:34:55+08:00,2026-06-27T19:34:55+00:00,2026-06-28T16:18:08+08:00,2026-06-28T08:18:08+00:00,2026-06-28T16:39:29+08:00,2026-06-28T08:39:29+00:00,2026-06-28T16:44:05+08:00,2026-06-28T08:44:05+00:00,2026-06-28T16:58:41+08:00,2026-06-28T08:58:41+00:00,48610,39,Beijing,1,False,3,0.7803456629110131,0.7803456629110131,0.7803456629110131,1.0,0.0,34°C,34°C,34°C,34°C,34°C,SMALL_TEST_THEN_SCALE,[],ENTRY_TIMELINE_COMPLETE,2026-06-28__beijing__high,highest-temperature-in-beijing-on-june-28-2026,"['SAME_DAY_EXIT', 'PARTIAL_EXIT_OBSERVED', 'REENTRY_AFTER_SELL']",PARTIAL_EXIT_FINAL_PATH_UNKNOWN,27°C or below,2026-06-28T03:28:31+08:00,2026-06-27T19:28:31+00:00,2026-06-28T16:18:41+08:00,2026-06-28T08:18:41+00:00,False,46210,48627,0.0007171231314759206,0.03,2026-06-28T16:58:41+08:00,2026-06-28T08:58:41+00:00,2026-06-28T16:58:58+08:00,2026-06-28T08:58:58+00:00,4,-6.176006,4,,"{'D0_0000_0800': 9.18898, 'D0_1600_1800': 32.64484}",2026-06-28T03:28:31+08:00 开始，共 39 笔公开BUY成交、3 笔公开SELL成交；投入 $41.83，TAIL_PLUS_EXACT_BASKET，路径状态 ENTRY_TIMELINE_COMPLETE。,,RESOLVED_REDEEMABLE_UNREDEEMED,C_cashPnl_plus_realizedPnl,RESOLVED_REDEEMABLE_UNREDEEMED,2,32,1,2268.9,20.312014171556562,20.143081845513397,0.055887750134195516,-8.0286,3,True,False,SELL_PNL_AVAILABLE,[],,,,,,,,,,,BEIJING_STATION_UNCONFIRMED,"['ADJACENT_BASKET', 'AVERAGING_DOWN', 'CHASE_UP', 'D0_LATE_ENTRY', 'GRADUAL_ACCUMULATION', 'PARTIAL_EXIT_FINAL_PATH_UNKNOWN', 'PARTIAL_EXIT_OBSERVED', 'PROFITABLE_PARTIAL_SELL_OBSERVED']",,,True,1152,47458,2403.21,41.83382,134.31,25.538490000000003,41.83382,2026-06-28,high
,"[['27°C', '28°C'], ['28°C', '29°C']]",45453,"{'1800446057071802619948908345413005568923057470305768033859465736379668663382': 'RESOLVED_REDEEMABLE_UNREDEEMED', '104051924962414143041962982924243749501852800133149234608521616627851005731481': 'RESOLVED_REDEEMABLE_UNREDEEMED'}",hold_to_resolution|no_public_exit_yet,SINGLE_THEN_ADJACENT_BASKET,"{'27°C': 25.79803, '28°C': 47.12871, '29°C': 0.999957}","{'27°C': 0.3489677078363179, '28°C': 0.6375059608033076, '29°C': 0.013526331360374452}","{'27°C': '2026-06-29T02:49:16+08:00', '28°C': '2026-06-29T15:26:49+08:00', '29°C': '2026-06-29T15:37:50+08:00'}","['27°C', '28°C', '29°C']",True,2026-06-29T02:49:16+08:00,2026-06-28T18:49:16+00:00,2026-06-29T09:54:58+08:00,2026-06-29T01:54:58+00:00,2026-06-29T15:26:49+08:00,2026-06-29T07:26:49+00:00,2026-06-29T15:27:56+08:00,2026-06-29T07:27:56+00:00,2026-06-29T15:27:56+08:00,2026-06-29T07:27:56+00:00,49681,15,Beijing,1,False,2,0.6510322921636821,0.6510322921636821,0.6510322921636821,1.0,0.0,28°C,27°C,28°C,28°C,28°C,GRADUAL_ACCUMULATION,[],ENTRY_TIMELINE_COMPLETE,2026-06-29__beijing__high,highest-temperature-in-beijing-on-june-29-2026,['NO_RECORDED_SELL'],NO_RECORDED_SELL_FINAL_PATH_UNKNOWN,27°C,2026-06-29T02:49:16+08:00,2026-06-28T18:49:16+00:00,,,False,,,0.21727198227184422,16.0622,2026-06-29T16:37:17+08:00,2026-06-29T08:37:17+00:00,,,3,174.071258,3,,"{'D0_1600_1800': 0.842157, 'D0_0000_0800': 16.0622, 'D0_0800_1000': 9.73583, 'D0_1500_1600': 47.28651}",2026-06-29T02:49:16+08:00 开始，共 15 笔公开BUY成交、0 笔公开SELL成交；投入 $73.93，SINGLE_THEN_ADJACENT_BASKET，路径状态 ENTRY_TIMELINE_COMPLETE。,,RESOLVED_REDEEMABLE_UNREDEEMED,C_cashPnl_plus_realizedPnl,RESOLVED_REDEEMABLE_UNREDEEMED,2,9,1,601.6214,,,0.0,-46.404999999999994,0,,False,NO_RECORDED_SELL,[],,,,,,,,,,,BEIJING_STATION_UNCONFIRMED,"['ADJACENT_BASKET', 'AVERAGING_DOWN', 'BUCKET_ROTATION', 'CHASE_UP', 'D0_LATE_ENTRY', 'D0_MORNING_ENTRY', 'GRADUAL_ACCUMULATION', 'NO_RECORDED_SELL_FINAL_PATH_UNKNOWN']",,,False,4228,45453,601.6214,73.926697,0,0,73.926697,2026-06-29,high
,"[['25°C', '26°C']]",5,"{'70707695627148214856626015782807251188887892976313758443790433310903318968016': 'RESOLVED_REDEEMABLE_UNREDEEMED', '27163779202359312548075864842095860998129848410911739395007504191800306740378': 'RESOLVED_REDEEMABLE_UNREDEEMED'}",no_public_exit_yet,SIMULTANEOUS_MULTI_BUCKET,"{'25°C': 11.10055, '26°C': 27.28687}","{'25°C': 0.2891715567235308, '26°C': 0.7108284432764692}","{'25°C': '2026-06-30T04:16:23+08:00', '26°C': '2026-06-30T04:16:28+08:00'}","['25°C', '26°C']",True,2026-06-30T04:16:23+08:00,2026-06-29T20:16:23+00:00,2026-06-30T04:16:23+08:00,2026-06-29T20:16:23+00:00,2026-06-30T04:16:28+08:00,2026-06-29T20:16:28+00:00,2026-06-30T04:16:28+08:00,2026-06-29T20:16:28+00:00,2026-06-30T04:16:28+08:00,2026-06-29T20:16:28+00:00,5,2,Beijing,0,False,2,0.0,0.0,0.0,1.0,0.0,26°C,25°C,26°C,26°C,26°C,UNCLASSIFIED_ENTRY,[],ENTRY_TIMELINE_COMPLETE,2026-06-30__beijing__high,highest-temperature-in-beijing-on-june-30-2026,['NO_RECORDED_SELL'],NO_RECORDED_SELL_FINAL_PATH_UNKNOWN,25°C,2026-06-30T04:16:23+08:00,2026-06-29T20:16:23+00:00,,,False,,,0.2891715567235308,11.10055,2026-06-30T04:16:28+08:00,2026-06-29T20:16:28+00:00,,,2,,2,,{'D0_0000_0800': 38.38742},2026-06-30T04:16:23+08:00 开始，共 2 笔公开BUY成交、0 笔公开SELL成交；投入 $38.39，SIMULTANEOUS_MULTI_BUCKET，路径状态 ENTRY_TIMELINE_COMPLETE。,,RESOLVED_REDEEMABLE_UNREDEEMED,C_cashPnl_plus_realizedPnl,RESOLVED_REDEEMABLE_UNREDEEMED,0,0,0,222.7,,,0.0,-36.8769,0,,False,NO_RECORDED_SELL,[],,,,,,,,,,,BEIJING_STATION_UNCONFIRMED,"['ADJACENT_BASKET', 'BUCKET_ROTATION', 'NO_RECORDED_SELL_FINAL_PATH_UNKNOWN']",,,False,0,5,222.7,38.38742,0,0,38.38742,2026-06-30,high
,"[['32°C', '33°C'], ['34°C', '33°C']]",6516,"{'115489102057861059701227042748315790067424140413439340170433069523044891063344': 'RESOLVED_REDEEMABLE_UNREDEEMED', '96257504628610993681879628275371301882451987827136137387580611093608261334501': 'RESOLVED_REDEEMABLE_UNREDEEMED', '78568089220700911817525056594904068142433722710968789686334654152672244949291': 'RESOLVED_REDEEMABLE_UNREDEEMED', '2419621304041694976825342401077218961409308726056483965024656490864327257192': 'RESOLVED_REDEEMABLE_UNREDEEMED'}",no_public_exit_yet,TAIL_PLUS_EXACT_BASKET,"{'31°C or below': 3.40137, '32°C': 3.6728159999999996, '34°C': 8.54084, '33°C': 1.55137}","{'31°C or below': 0.19814118234252548, '32°C': 0.2139538200097446, '34°C': 0.4975325047843473, '33°C': 0.09037249286338263}","{'31°C or below': '2026-07-04T03:18:40+08:00', '32°C': '2026-07-04T05:07:16+08:00', '34°C': '2026-07-04T16:14:17+08:00', '33°C': '2026-07-04T17:21:40+08:00'}","['31°C or below', '32°C', '34°C', '33°C']",True,2026-07-04T03:18:40+08:00,2026-07-03T19:18:40+00:00,2026-07-04T05:07:16+08:00,2026-07-03T21:07:16+00:00,2026-07-04T16:14:17+08:00,2026-07-04T08:14:17+00:00,2026-07-04T16:14:17+08:00,2026-07-04T08:14:17+00:00,2026-07-04T17:21:40+08:00,2026-07-04T09:21:40+00:00,50587,9,Beijing,0,False,4,0.6114941074410727,0.58790499764773,0.58790499764773,1.0,0.0,34°C,32°C,34°C,34°C,34°C,GRADUAL_ACCUMULATION,[],ENTRY_TIMELINE_COMPLETE,2026-07-04__beijing__high,highest-temperature-in-beijing-on-july-4-2026,['NO_RECORDED_SELL'],NO_RECORDED_SELL_FINAL_PATH_UNKNOWN,31°C or below,2026-07-04T03:18:40+08:00,2026-07-03T19:18:40+00:00,,,False,,,0.17455207254918273,2.99643,2026-07-04T17:21:47+08:00,2026-07-04T09:21:47+00:00,,,4,,4,,"{'D0_0000_0800': 6.669246, 'D0_1600_1800': 10.09221, 'D0_1200_1300': 0.40494}",2026-07-04T03:18:40+08:00 开始，共 9 笔公开BUY成交、0 笔公开SELL成交；投入 $17.17，TAIL_PLUS_EXACT_BASKET，路径状态 ENTRY_TIMELINE_COMPLETE。,,RESOLVED_REDEEMABLE_UNREDEEMED,C_cashPnl_plus_realizedPnl,RESOLVED_REDEEMABLE_UNREDEEMED,1,4,0,720.0608,,,0.0,-16.576700000000002,0,,False,NO_RECORDED_SELL,[],,,,,,,,,,,BEIJING_STATION_UNCONFIRMED,"['ADJACENT_BASKET', 'AVERAGING_DOWN', 'BUCKET_ROTATION', 'D0_LATE_ENTRY', 'D0_WARMING_ENTRY', 'GRADUAL_ACCUMULATION', 'NO_RECORDED_SELL_FINAL_PATH_UNKNOWN']",,,True,4050,46537,720.0608,17.166396,0,0,17.166396,2026-07-04,high
,[],,{'109661838897307961988329696028036982615261747354351529471986393872196771058012': 'RESOLVED_REDEEMABLE_UNREDEEMED'},no_public_exit_yet,SINGLE_BUCKET_ONLY,{'30°C': 1.451551},{'30°C': 1.0},{'30°C': '2026-07-06T06:06:29+08:00'},['30°C'],False,2026-07-06T06:06:29+08:00,2026-07-05T22:06:29+00:00,2026-07-06T06:53:14+08:00,2026-07-05T22:53:14+00:00,2026-07-06T07:02:29+08:00,2026-07-05T23:02:29+00:00,2026-07-06T07:04:08+08:00,2026-07-05T23:04:08+00:00,2026-07-06T07:04:08+08:00,2026-07-05T23:04:08+00:00,3459,5,Beijing,0,False,1,0.0,0.0,0.0,1.0,0.0,30°C,30°C,30°C,30°C,30°C,SMALL_TEST_THEN_SCALE,[],ENTRY_TIMELINE_COMPLETE,2026-07-06__beijing__high,highest-temperature-in-beijing-on-july-6-2026,['NO_RECORDED_SELL'],NO_RECORDED_SELL_FINAL_PATH_UNKNOWN,30°C,2026-07-06T06:06:29+08:00,2026-07-05T22:06:29+00:00,,,False,,,0.1477757240358761,0.214504,2026-07-06T07:04:08+08:00,2026-07-05T23:04:08+00:00,,,1,,1,,{'D0_0000_0800': 1.451551},2026-07-06T06:06:29+08:00 开始，共 5 笔公开BUY成交、0 笔公开SELL成交；投入 $1.45，SINGLE_BUCKET_ONLY，路径状态 ENTRY_TIMELINE_COMPLETE。,,RESOLVED_REDEEMABLE_UNREDEEMED,C_cashPnl_plus_realizedPnl,RESOLVED_REDEEMABLE_UNREDEEMED,0,4,0,69.12147399999999,,,0.0,-1.4515,0,,False,NO_RECORDED_SELL,[],,,,,,,,,,,BEIJING_STATION_UNCONFIRMED,"['GRADUAL_ACCUMULATION', 'NO_RECORDED_SELL_FINAL_PATH_UNKNOWN']",,,False,99,3360,69.12147399999999,1.451551,0,0,1.451551,2026-07-06,high
,"[['28°C', '29°C']]",66,"{'81755458896310429985883739427482770215059110582980582603837744445062004118329': 'RESOLVED_REDEEMABLE_UNREDEEMED', '8558793652850238734125671499189742012274438869252557156443757137990042642891': 'RESOLVED_REDEEMABLE_UNREDEEMED'}",hold_to_resolution|no_public_exit_yet,TAIL_PLUS_EXACT_BASKET,"{'27°C or below': 37.67269, '28°C': 38.23071, '29°C': 3.15}","{'27°C or below': 0.47654737177654594, '28°C': 0.4836061447072485, '29°C': 0.0398464835162055}","{'27°C or below': '2026-07-10T03:39:37+08:00', '28°C': '2026-07-10T03:40:43+08:00', '29°C': '2026-07-10T14:13:20+08:00'}","['27°C or below', '28°C', '29°C']",True,2026-07-10T03:39:37+08:00,2026-07-09T19:39:37+00:00,2026-07-10T03:40:43+08:00,2026-07-09T19:40:43+00:00,2026-07-10T03:40:43+08:00,2026-07-09T19:40:43+00:00,2026-07-10T03:41:02+08:00,2026-07-09T19:41:02+00:00,2026-07-10T14:01:44+08:00,2026-07-10T06:01:44+00:00,38466,7,Beijing,1,False,2,0.19081443682371665,0.19081443682371665,0.0,1.0,0.0,28°C,28°C,28°C,27°C or below,28°C,GRADUAL_ACCUMULATION,[],ENTRY_TIMELINE_COMPLETE,2026-07-10__beijing__high,highest-temperature-in-beijing-on-july-10-2026,['NO_RECORDED_SELL'],NO_RECORDED_SELL_FINAL_PATH_UNKNOWN,27°C or below,2026-07-10T03:39:37+08:00,2026-07-09T19:39:37+00:00,,,False,,,0.22396886155434176,17.7055,2026-07-10T14:20:43+08:00,2026-07-10T06:20:43+00:00,,,3,164.810151,3,,"{'D0_0000_0800': 63.968869999999995, 'D0_1400_1500': 15.08453}",2026-07-10T03:39:37+08:00 开始，共 7 笔公开BUY成交、0 笔公开SELL成交；投入 $79.05，TAIL_PLUS_EXACT_BASKET，路径状态 ENTRY_TIMELINE_COMPLETE。,,RESOLVED_REDEEMABLE_UNREDEEMED,C_cashPnl_plus_realizedPnl,RESOLVED_REDEEMABLE_UNREDEEMED,1,2,1,501.0,,,0.0,-39.9919,0,,False,NO_RECORDED_SELL,[],,,,,,,,,,,BEIJING_STATION_UNCONFIRMED,"['ADJACENT_BASKET', 'AVERAGING_DOWN', 'BUCKET_ROTATION', 'CHASE_UP', 'D0_LATE_ENTRY', 'GRADUAL_ACCUMULATION', 'NO_RECORDED_SELL_FINAL_PATH_UNKNOWN']",,,True,38400,66,501.0,79.0534,0,0,79.0534,2026-07-10,high
,"[['31°C', '30°C'], ['29°C', '30°C']]",42900,"{'93259836843395281567682854796156737561070980574616860161120890180048878052961': 'RESOLVED_REDEEMABLE_UNREDEEMED', '25469102222633137809107354488256430766906720630935639898601041459546508693292': 'RESOLVED_REDEEMABLE_UNREDEEMED', '114356146596098984869412731385222489782272520922910115122768167023464848688717': 'RESOLVED_REDEEMABLE_UNREDEEMED'}",no_public_exit_yet,SINGLE_THEN_ADJACENT_BASKET,"{'31°C': 18.74518, '29°C': 2.99171, '30°C': 0.98689}","{'31°C': 0.8249146928900033, '29°C': 0.1316554728130619, '30°C': 0.043429834296934755}","{'31°C': '2026-07-11T04:35:10+08:00', '29°C': '2026-07-11T16:30:10+08:00', '30°C': '2026-07-11T16:30:11+08:00'}","['31°C', '29°C', '30°C']",False,2026-07-11T04:35:10+08:00,2026-07-10T20:35:10+00:00,2026-07-11T04:35:10+08:00,2026-07-10T20:35:10+00:00,2026-07-11T04:35:10+08:00,2026-07-10T20:35:10+00:00,2026-07-11T16:30:10+08:00,2026-07-11T08:30:10+00:00,2026-07-11T16:30:29+08:00,2026-07-11T08:30:29+00:00,42919,4,Beijing,0,False,3,0.32331416692117243,0.32331416692117243,0.32331416692117243,1.0,0.0,31°C,31°C,31°C,31°C,31°C,GRADUAL_ACCUMULATION,[],ENTRY_TIMELINE_COMPLETE,2026-07-11__beijing__high,highest-temperature-in-beijing-on-july-11-2026,['NO_RECORDED_SELL'],NO_RECORDED_SELL_FINAL_PATH_UNKNOWN,31°C,2026-07-11T04:35:10+08:00,2026-07-10T20:35:10+00:00,,,False,,,0.6766858330788276,15.37686,2026-07-11T16:30:29+08:00,2026-07-11T08:30:29+00:00,,,3,,3,,"{'D0_0000_0800': 15.37686, 'D0_1600_1800': 7.34692}",2026-07-11T04:35:10+08:00 开始，共 4 笔公开BUY成交、0 笔公开SELL成交；投入 $22.72，SINGLE_THEN_ADJACENT_BASKET，路径状态 ENTRY_TIMELINE_COMPLETE。,,RESOLVED_REDEEMABLE_UNREDEEMED,C_cashPnl_plus_realizedPnl,RESOLVED_REDEEMABLE_UNREDEEMED,1,0,0,1181.73,,,0.0,-21.7281,0,,False,NO_RECORDED_SELL,[],,,,,,,,,,,BEIJING_STATION_UNCONFIRMED,"['ADJACENT_BASKET', 'AVERAGING_DOWN', 'D0_LATE_ENTRY', 'GRADUAL_ACCUMULATION', 'NO_RECORDED_SELL_FINAL_PATH_UNKNOWN']",,,False,42919,0,1181.73,22.72378,0,0,22.72378,2026-07-11,high
,"[['28°C', '29°C'], ['29°C', '30°C']]",779,"{'59361174321054472153161843604288135509095289754016143305819781030846796967390': 'RESOLVED_REDEEMABLE_UNREDEEMED', '114583290071836550072554321592438867918105976769142127970637399566227091670233': 'RESOLVED_REDEEMABLE_UNREDEEMED'}",mixed_sell_and_resolution|no_public_exit_yet,SINGLE_THEN_ADJACENT_BASKET,"{'28°C': 10.5, '29°C': 21.893, '30°C': 13.46849}","{'28°C': 0.22895025870288993, '29°C': 0.4773721917887971, '30°C': 0.29367754950831293}","{'28°C': '2026-07-20T01:45:01+08:00', '29°C': '2026-07-20T01:58:00+08:00', '30°C': '2026-07-20T01:59:00+08:00'}","['28°C', '29°C', '30°C']",False,2026-07-20T01:45:01+08:00,2026-07-19T17:45:01+00:00,2026-07-20T01:58:00+08:00,2026-07-19T17:58:00+00:00,2026-07-20T01:58:00+08:00,2026-07-19T17:58:00+00:00,2026-07-20T01:59:00+08:00,2026-07-19T17:59:00+00:00,2026-07-20T01:59:00+08:00,2026-07-19T17:59:00+00:00,839,3,Beijing,1,False,2,0.0,0.0,0.0,1.0,0.0,29°C,29°C,29°C,29°C,29°C,UNCLASSIFIED_ENTRY,[],ENTRY_TIMELINE_COMPLETE,2026-07-20__beijing__high,highest-temperature-in-beijing-on-july-20-2026,"['SAME_DAY_EXIT', 'PARTIAL_EXIT_OBSERVED']",PARTIAL_EXIT_FINAL_PATH_UNKNOWN,28°C,2026-07-20T01:45:01+08:00,2026-07-19T17:45:01+00:00,2026-07-20T15:08:43+08:00,2026-07-20T07:08:43+00:00,False,48222,48222,0.22895025870288993,10.5,2026-07-20T01:59:00+08:00,2026-07-19T17:59:00+00:00,2026-07-20T15:08:43+08:00,2026-07-20T07:08:43+00:00,3,51.492155,3,,{'D0_0000_0800': 45.86149},2026-07-20T01:45:01+08:00 开始，共 3 笔公开BUY成交、1 笔公开SELL成交；投入 $45.86，SINGLE_THEN_ADJACENT_BASKET，路径状态 ENTRY_TIMELINE_COMPLETE。,,RESOLVED_REDEEMABLE_UNREDEEMED,C_cashPnl_plus_realizedPnl,RESOLVED_REDEEMABLE_UNREDEEMED,0,0,0,500.90999999999997,50.946020000000004,50.946020000000004,0.11485925323814741,-31.4894,1,True,False,SELL_PNL_AVAILABLE,[],2026-07-20T15:08:43+08:00,2026-07-20T07:08:43+00:00,,,,,,,,,BEIJING_STATION_UNCONFIRMED,"['ADJACENT_BASKET', 'PARTIAL_EXIT_FINAL_PATH_UNKNOWN', 'PARTIAL_EXIT_OBSERVED', 'PROFITABLE_PARTIAL_SELL_OBSERVED']",,,False,60,779,565.91,45.86149,65.0,64.41451,45.86149,2026-07-20,high
,"[['29°C', '30°C'], ['30°C', '31°C']]",657,"{'94710814429215941413624355290242169238239329625502746000387469199654984607890': 'RESOLVED_REDEEMABLE_UNREDEEMED', '50171425805410371171948756485032085270928330599151012106662453197819213304003': 'RESOLVED_REDEEMABLE_UNREDEEMED', '40304020160429257281337766165738733936943902124421353172279283374284357001201': 'RESOLVED_REDEEMABLE_UNREDEEMED'}",,SINGLE_THEN_ADJACENT_BASKET,"{'29°C': 15.71593, '30°C': 5.439, '31°C': 1.46405}","{'29°C': 0.6948116139631407, '30°C': 0.24046177148571685, '31°C': 0.06472661455114245}","{'29°C': '2026-07-23T16:31:46+08:00', '30°C': '2026-07-23T16:42:43+08:00', '31°C': '2026-07-23T16:56:18+08:00'}","['29°C', '30°C', '31°C']",False,2026-07-23T16:31:46+08:00,2026-07-23T08:31:46+00:00,2026-07-23T16:31:46+08:00,2026-07-23T08:31:46+00:00,2026-07-23T16:42:39+08:00,2026-07-23T08:42:39+00:00,2026-07-23T16:42:46+08:00,2026-07-23T08:42:46+00:00,2026-07-23T16:56:09+08:00,2026-07-23T08:56:09+00:00,1472,8,Beijing,0,False,3,1.0,1.0,1.0,1.0,0.0,29°C,29°C,29°C,29°C,29°C,UNCLASSIFIED_ENTRY,[],ENTRY_TIMELINE_COMPLETE,2026-07-23__beijing__high,highest-temperature-in-beijing-on-july-23-2026,['NO_RECORDED_SELL'],NO_RECORDED_SELL_FINAL_PATH_UNKNOWN,29°C,2026-07-23T16:31:46+08:00,2026-07-23T08:31:46+00:00,,,False,,,0.27830697935981197,6.29502,2026-07-23T16:56:18+08:00,2026-07-23T08:56:18+00:00,,,3,,3,,{'D0_1600_1800': 22.61898},2026-07-23T16:31:46+08:00 开始，共 8 笔公开BUY成交、0 笔公开SELL成交；投入 $22.62，SINGLE_THEN_ADJACENT_BASKET，路径状态 ENTRY_TIMELINE_COMPLETE。,,RESOLVED_REDEEMABLE_UNREDEEMED,C_cashPnl_plus_realizedPnl,RESOLVED_REDEEMABLE_UNREDEEMED,1,2,2,809.64,,,0.0,-21.8846,0,,False,NO_RECORDED_SELL,[],,,,,,,,,,,BEIJING_STATION_UNCONFIRMED,"['ADJACENT_BASKET', 'AVERAGING_DOWN', 'CHASE_UP', 'D0_LATE_ENTRY', 'NO_RECORDED_SELL_FINAL_PATH_UNKNOWN']",,,False,819,653,809.64,22.61898,0,0,22.61898,2026-07-23,high
