rule_id,rule_family,rule_description,split,price_scenario,haircut,group_type,group,positions,events,cities,price_bins,buy_usd,net_pnl,roi_on_buy_usd,win_rate,median_pnl,median_roi,max_single_loss,top1_profit_share_of_net,top5_profit_share_of_net,top10_profit_share_of_net,leave_top1_out_net_pnl,leave_top5_out_net_pnl,weather_date_sequence_drawdown,delta_vs_hold_pnl,saved_loser_to_profit_count,roundtrip_2x_loss_improved_count,roundtrip_2x_loss_saved_to_profit_count,premature_correct_sell_loss_count,premature_correct_sell_loss_usd,max_city_abs_pnl_share,max_price_bin_abs_pnl_share
actual_huskyvs_exit,baseline,huskyvs实际退出结果,train,haircut_0_8,0.8,entry_price_bin,0-1c,208,179,33,1,449.42623652537225,815.976277,1.815595554252726,0.12980769230769232,-1.00475,-0.9999017944080496,-9.99671,0.730903601992831,1.2957674454547898,1.3497828711998203,219.576277,-241.33921899999996,109.181482,40.36849952537221,23,102,21,3,232.33024570000003,0.4758311989495807,1.0
actual_huskyvs_exit,baseline,huskyvs实际退出结果,train,haircut_0_8,0.8,entry_price_bin,1-2c,223,211,37,1,1117.8320031652593,-79.489059,-0.07111002259276737,0.16591928251121077,-1.7978,-0.9999199495617912,-31.9763,nan,nan,nan,-252.083055,-439.24980700000003,238.86642600000002,772.8400441652592,34,113,32,1,4.270601279999994,0.1890790231722598,1.0
actual_huskyvs_exit,baseline,huskyvs实际退出结果,train,haircut_0_8,0.8,entry_price_bin,2-5c,354,314,43,1,2398.8221475200967,1523.839438,0.6352448594721146,0.2457627118644068,-2.0,-0.9608295263919295,-32.3966,0.32880708393898384,0.8770399109463132,1.2240482694476633,1022.790236,187.37143300000002,210.8362609999997,109.22708552009667,68,157,47,16,1534.8703928223092,0.2096166895017767,1.0
actual_huskyvs_exit,baseline,huskyvs实际退出结果,train,haircut_0_8,0.8,entry_price_bin,5-10c,378,333,38,1,4447.489737516219,1739.571696,0.39113562901024146,0.29365079365079366,-3.45955,-0.6114563485093354,-55.663916,0.19085396121551979,0.5944081565465986,0.9728974757933748,1407.567547,705.5560909999999,239.29373099999998,456.9826045162186,71,131,51,39,2164.852685769487,0.1550603396361776,1.0
actual_huskyvs_exit,baseline,huskyvs实际退出结果,train,haircut_0_8,0.8,entry_price_bin,10-20c,473,416,43,1,7888.037368089418,3688.85165,0.46765139132365524,0.36152219873150104,-2.5,-0.29725482919459706,-81.7951,0.08561734977875839,0.30724445289091523,0.4920666638898314,3373.021948,2555.472443,188.02456400000005,426.7637290894179,74,113,42,89,3394.34607980133,0.19830462117817696,1.0
actual_huskyvs_exit,baseline,huskyvs实际退出结果,train,haircut_0_8,0.8,entry_price_bin,>=20c,387,355,43,1,13590.066672788022,3951.934037,0.29079577989952976,0.5271317829457365,0.688361,0.021199993108933404,-130.082041,0.044812531874757096,0.1927943520480375,0.3425642245860188,3774.837867,3190.023475,117.55859700000019,-1550.7429572119784,38,24,15,156,4118.072021943939,0.19569174211113013,1.0
actual_huskyvs_exit,baseline,huskyvs实际退出结果,train,haircut_0_9,0.9,entry_price_bin,0-1c,208,179,33,1,449.42623652537225,815.976277,1.815595554252726,0.12980769230769232,-1.00475,-0.9999017944080496,-9.99671,0.730903601992831,1.2957674454547898,1.3497828711998203,219.576277,-241.33921899999996,109.181482,40.36849952537221,23,104,21,3,232.33024570000003,0.4758311989495807,1.0
actual_huskyvs_exit,baseline,huskyvs实际退出结果,train,haircut_0_9,0.9,entry_price_bin,1-2c,223,211,37,1,1117.8320031652593,-79.489059,-0.07111002259276737,0.16591928251121077,-1.7978,-0.9999199495617912,-31.9763,nan,nan,nan,-252.083055,-439.24980700000003,238.86642600000002,772.8400441652592,34,122,32,1,4.270601279999994,0.1890790231722598,1.0
actual_huskyvs_exit,baseline,huskyvs实际退出结果,train,haircut_0_9,0.9,entry_price_bin,2-5c,354,314,43,1,2398.8221475200967,1523.839438,0.6352448594721146,0.2457627118644068,-2.0,-0.9608295263919295,-32.3966,0.32880708393898384,0.8770399109463132,1.2240482694476633,1022.790236,187.37143300000002,210.8362609999997,109.22708552009667,68,175,52,16,1534.8703928223092,0.2096166895017767,1.0
actual_huskyvs_exit,baseline,huskyvs实际退出结果,train,haircut_0_9,0.9,entry_price_bin,5-10c,378,333,38,1,4447.489737516219,1739.571696,0.39113562901024146,0.29365079365079366,-3.45955,-0.6114563485093354,-55.663916,0.19085396121551979,0.5944081565465986,0.9728974757933748,1407.567547,705.5560909999999,239.29373099999998,456.9826045162186,71,153,54,39,2164.852685769487,0.1550603396361776,1.0
actual_huskyvs_exit,baseline,huskyvs实际退出结果,train,haircut_0_9,0.9,entry_price_bin,10-20c,473,416,43,1,7888.037368089418,3688.85165,0.46765139132365524,0.36152219873150104,-2.5,-0.29725482919459706,-81.7951,0.08561734977875839,0.30724445289091523,0.4920666638898314,3373.021948,2555.472443,188.02456400000005,426.7637290894179,74,132,49,89,3394.34607980133,0.19830462117817696,1.0
actual_huskyvs_exit,baseline,huskyvs实际退出结果,train,haircut_0_9,0.9,entry_price_bin,>=20c,387,355,43,1,13590.066672788022,3951.934037,0.29079577989952976,0.5271317829457365,0.688361,0.021199993108933404,-130.082041,0.044812531874757096,0.1927943520480375,0.3425642245860188,3774.837867,3190.023475,117.55859700000019,-1550.7429572119784,38,32,17,156,4118.072021943939,0.19569174211113013,1.0
actual_huskyvs_exit,baseline,huskyvs实际退出结果,train,sampled_1_0,1.0,entry_price_bin,0-1c,208,179,33,1,449.42623652537225,815.976277,1.815595554252726,0.12980769230769232,-1.00475,-0.9999017944080496,-9.99671,0.730903601992831,1.2957674454547898,1.3497828711998203,219.576277,-241.33921899999996,109.181482,40.36849952537221,23,115,22,3,232.33024570000003,0.4758311989495807,1.0
actual_huskyvs_exit,baseline,huskyvs实际退出结果,train,sampled_1_0,1.0,entry_price_bin,1-2c,223,211,37,1,1117.8320031652593,-79.489059,-0.07111002259276737,0.16591928251121077,-1.7978,-0.9999199495617912,-31.9763,nan,nan,nan,-252.083055,-439.24980700000003,238.86642600000002,772.8400441652592,34,126,32,1,4.270601279999994,0.1890790231722598,1.0
actual_huskyvs_exit,baseline,huskyvs实际退出结果,train,sampled_1_0,1.0,entry_price_bin,2-5c,354,314,43,1,2398.8221475200967,1523.839438,0.6352448594721146,0.2457627118644068,-2.0,-0.9608295263919295,-32.3966,0.32880708393898384,0.8770399109463132,1.2240482694476633,1022.790236,187.37143300000002,210.8362609999997,109.22708552009667,68,193,57,16,1534.8703928223092,0.2096166895017767,1.0
actual_huskyvs_exit,baseline,huskyvs实际退出结果,train,sampled_1_0,1.0,entry_price_bin,5-10c,378,333,38,1,4447.489737516219,1739.571696,0.39113562901024146,0.29365079365079366,-3.45955,-0.6114563485093354,-55.663916,0.19085396121551979,0.5944081565465986,0.9728974757933748,1407.567547,705.5560909999999,239.29373099999998,456.9826045162186,71,168,55,39,2164.852685769487,0.1550603396361776,1.0
actual_huskyvs_exit,baseline,huskyvs实际退出结果,train,sampled_1_0,1.0,entry_price_bin,10-20c,473,416,43,1,7888.037368089418,3688.85165,0.46765139132365524,0.36152219873150104,-2.5,-0.29725482919459706,-81.7951,0.08561734977875839,0.30724445289091523,0.4920666638898314,3373.021948,2555.472443,188.02456400000005,426.7637290894179,74,149,55,89,3394.34607980133,0.19830462117817696,1.0
actual_huskyvs_exit,baseline,huskyvs实际退出结果,train,sampled_1_0,1.0,entry_price_bin,>=20c,387,355,43,1,13590.066672788022,3951.934037,0.29079577989952976,0.5271317829457365,0.688361,0.021199993108933404,-130.082041,0.044812531874757096,0.1927943520480375,0.3425642245860188,3774.837867,3190.023475,117.55859700000019,-1550.7429572119784,38,48,23,156,4118.072021943939,0.19569174211113013,1.0
actual_huskyvs_exit,baseline,huskyvs实际退出结果,validation,haircut_0_8,0.8,entry_price_bin,0-1c,185,138,33,1,636.1571064361864,608.6139440000001,0.9567038359588785,0.02702702702702703,-2.714,-0.9998861264261544,-21.265027,1.288834695184046,1.9734539437367868,1.9734539437367868,-175.78882299999998,-592.457644,485.83602800000006,40.94543643618645,3,100,3,1,0.8036979959425707,0.5078533507107819,1.0
actual_huskyvs_exit,baseline,huskyvs实际退出结果,validation,haircut_0_8,0.8,entry_price_bin,1-2c,129,124,28,1,807.2977190595084,-534.162461,-0.6616672491312034,0.031007751937984496,-4.0688,-0.9999288274020086,-38.0726,nan,nan,nan,-641.355527,-712.7582990000001,534.6785299999999,159.90905805950837,3,65,2,1,1.1049340011000055,0.12852156312367163,1.0
actual_huskyvs_exit,baseline,huskyvs实际退出结果,validation,haircut_0_8,0.8,entry_price_bin,2-5c,206,180,34,1,2194.9256258967803,2127.4369229999998,0.9692523964819051,0.08737864077669903,-6.46875,-0.9999648290040046,-107.6502,0.34567948081062805,1.3241829308985817,1.760596119916078,1392.0256319999999,-689.6787370000002,352.58345299999974,-229.07315610321956,5,95,3,8,521.911207009544,0.23416218059507166,1.0
actual_huskyvs_exit,baseline,huskyvs实际退出结果,validation,haircut_0_8,0.8,entry_price_bin,5-10c,173,153,34,1,3491.0301600336625,1178.480636,0.33757389136639154,0.1676300578034682,-8.8879,-0.9999717338078155,-103.3202,0.3839214953380023,1.4226721906018658,2.280862239810277,726.0365879999999,-498.1109920000001,470.5167160000001,137.0172960336623,10,71,8,11,574.54583296896,0.16601350689388747,1.0
actual_huskyvs_exit,baseline,huskyvs实际退出结果,validation,haircut_0_8,0.8,entry_price_bin,10-20c,209,196,34,1,5099.265653936283,2671.881871,0.5239738527718183,0.23444976076555024,-10.7267,-0.9999813440847161,-103.1082,0.16208587015035741,0.5208028686085575,0.8458300977034474,2238.807573,1280.358128,489.50400300000007,138.93394193628362,7,45,4,20,940.1774190166745,0.1572164736093791,1.0
actual_huskyvs_exit,baseline,huskyvs实际退出结果,validation,haircut_0_8,0.8,entry_price_bin,>=20c,96,89,28,1,4143.755037987926,557.43359,0.1345237797335317,0.3333333333333333,-8.521049999999999,-0.5468420744323372,-168.4104,0.5120358911274077,2.020663160969543,2.9192035198309454,272.007585,-568.9519300000001,451.8726649999999,-248.02806101207418,2,7,1,24,936.2866439780315,0.15637994147932993,1.0
actual_huskyvs_exit,baseline,huskyvs实际退出结果,validation,haircut_0_9,0.9,entry_price_bin,0-1c,185,138,33,1,636.1571064361864,608.6139440000001,0.9567038359588785,0.02702702702702703,-2.714,-0.9998861264261544,-21.265027,1.288834695184046,1.9734539437367868,1.9734539437367868,-175.78882299999998,-592.457644,485.83602800000006,40.94543643618645,3,110,3,1,0.8036979959425707,0.5078533507107819,1.0
actual_huskyvs_exit,baseline,huskyvs实际退出结果,validation,haircut_0_9,0.9,entry_price_bin,1-2c,129,124,28,1,807.2977190595084,-534.162461,-0.6616672491312034,0.031007751937984496,-4.0688,-0.9999288274020086,-38.0726,nan,nan,nan,-641.355527,-712.7582990000001,534.6785299999999,159.90905805950837,3,75,2,1,1.1049340011000055,0.12852156312367163,1.0
actual_huskyvs_exit,baseline,huskyvs实际退出结果,validation,haircut_0_9,0.9,entry_price_bin,2-5c,206,180,34,1,2194.9256258967803,2127.4369229999998,0.9692523964819051,0.08737864077669903,-6.46875,-0.9999648290040046,-107.6502,0.34567948081062805,1.3241829308985817,1.760596119916078,1392.0256319999999,-689.6787370000002,352.58345299999974,-229.07315610321956,5,111,3,8,521.911207009544,0.23416218059507166,1.0
actual_huskyvs_exit,baseline,huskyvs实际退出结果,validation,haircut_0_9,0.9,entry_price_bin,5-10c,173,153,34,1,3491.0301600336625,1178.480636,0.33757389136639154,0.1676300578034682,-8.8879,-0.9999717338078155,-103.3202,0.3839214953380023,1.4226721906018658,2.280862239810277,726.0365879999999,-498.1109920000001,470.5167160000001,137.0172960336623,10,81,9,11,574.54583296896,0.16601350689388747,1.0
actual_huskyvs_exit,baseline,huskyvs实际退出结果,validation,haircut_0_9,0.9,entry_price_bin,10-20c,209,196,34,1,5099.265653936283,2671.881871,0.5239738527718183,0.23444976076555024,-10.7267,-0.9999813440847161,-103.1082,0.16208587015035741,0.5208028686085575,0.8458300977034474,2238.807573,1280.358128,489.50400300000007,138.93394193628362,7,56,5,20,940.1774190166745,0.1572164736093791,1.0
actual_huskyvs_exit,baseline,huskyvs实际退出结果,validation,haircut_0_9,0.9,entry_price_bin,>=20c,96,89,28,1,4143.755037987926,557.43359,0.1345237797335317,0.3333333333333333,-8.521049999999999,-0.5468420744323372,-168.4104,0.5120358911274077,2.020663160969543,2.9192035198309454,272.007585,-568.9519300000001,451.8726649999999,-248.02806101207418,2,9,1,24,936.2866439780315,0.15637994147932993,1.0
actual_huskyvs_exit,baseline,huskyvs实际退出结果,validation,sampled_1_0,1.0,entry_price_bin,0-1c,185,138,33,1,636.1571064361864,608.6139440000001,0.9567038359588785,0.02702702702702703,-2.714,-0.9998861264261544,-21.265027,1.288834695184046,1.9734539437367868,1.9734539437367868,-175.78882299999998,-592.457644,485.83602800000006,40.94543643618645,3,114,3,1,0.8036979959425707,0.5078533507107819,1.0
actual_huskyvs_exit,baseline,huskyvs实际退出结果,validation,sampled_1_0,1.0,entry_price_bin,1-2c,129,124,28,1,807.2977190595084,-534.162461,-0.6616672491312034,0.031007751937984496,-4.0688,-0.9999288274020086,-38.0726,nan,nan,nan,-641.355527,-712.7582990000001,534.6785299999999,159.90905805950837,3,86,3,1,1.1049340011000055,0.12852156312367163,1.0
actual_huskyvs_exit,baseline,huskyvs实际退出结果,validation,sampled_1_0,1.0,entry_price_bin,2-5c,206,180,34,1,2194.9256258967803,2127.4369229999998,0.9692523964819051,0.08737864077669903,-6.46875,-0.9999648290040046,-107.6502,0.34567948081062805,1.3241829308985817,1.760596119916078,1392.0256319999999,-689.6787370000002,352.58345299999974,-229.07315610321956,5,120,3,8,521.911207009544,0.23416218059507166,1.0
actual_huskyvs_exit,baseline,huskyvs实际退出结果,validation,sampled_1_0,1.0,entry_price_bin,5-10c,173,153,34,1,3491.0301600336625,1178.480636,0.33757389136639154,0.1676300578034682,-8.8879,-0.9999717338078155,-103.3202,0.3839214953380023,1.4226721906018658,2.280862239810277,726.0365879999999,-498.1109920000001,470.5167160000001,137.0172960336623,10,90,9,11,574.54583296896,0.16601350689388747,1.0
actual_huskyvs_exit,baseline,huskyvs实际退出结果,validation,sampled_1_0,1.0,entry_price_bin,10-20c,209,196,34,1,5099.265653936283,2671.881871,0.5239738527718183,0.23444976076555024,-10.7267,-0.9999813440847161,-103.1082,0.16208587015035741,0.5208028686085575,0.8458300977034474,2238.807573,1280.358128,489.50400300000007,138.93394193628362,7,71,5,20,940.1774190166745,0.1572164736093791,1.0
actual_huskyvs_exit,baseline,huskyvs实际退出结果,validation,sampled_1_0,1.0,entry_price_bin,>=20c,96,89,28,1,4143.755037987926,557.43359,0.1345237797335317,0.3333333333333333,-8.521049999999999,-0.5468420744323372,-168.4104,0.5120358911274077,2.020663160969543,2.9192035198309454,272.007585,-568.9519300000001,451.8726649999999,-248.02806101207418,2,15,2,24,936.2866439780315,0.15637994147932993,1.0
combo_2x_sell50_hold,combo_take_profit,2x卖50%，剩余持有结算,train,haircut_0_8,0.8,entry_price_bin,0-1c,208,179,33,1,449.42623652537225,733.7040675852278,1.6325350145502837,0.4230769230769231,-0.4245841964426224,-0.39916101331618903,-9.999951000000001,0.41591700725381675,0.9708315238374117,1.2014903622957667,428.54406758522776,21.40102960575382,62.556434078225784,-41.903709889399984,84,130,84,4,573.3638117024,0.3231518594443059,1.0
combo_2x_sell50_hold,combo_take_profit,2x卖50%，剩余持有结算,train,haircut_0_8,0.8,entry_price_bin,1-2c,223,211,37,1,1117.8320031652593,-290.35794665125917,-0.25975096958136823,0.45739910313901344,-0.25,-0.15119919311528213,-56.690879994303,nan,nan,nan,-393.65334576325915,-494.8451024930831,292.1296436047141,561.9711565140001,99,143,99,3,110.87178164799998,0.2108010229707816,1.0
combo_2x_sell50_hold,combo_take_profit,2x卖50%，剩余持有结算,train,haircut_0_8,0.8,entry_price_bin,2-5c,354,314,43,1,2398.8221475200967,1274.7653600589033,0.5314130359254671,0.3926553672316384,-1.721160998979999,-0.8119007498615312,-42.566900003559994,0.6104026908758002,1.2163293579948762,1.563960989578848,496.64515404369035,-275.76917193564964,172.76550191705724,-139.84699242100004,119,168,119,20,1386.8694571400001,0.30105363356204046,1.0
combo_2x_sell50_hold,combo_take_profit,2x卖50%，剩余持有结算,train,haircut_0_8,0.8,entry_price_bin,5-10c,378,333,38,1,4447.489737516219,1061.0954738167814,0.238583006693877,0.3862433862433862,-3.046703999606427,-1.0,-73.83929599667063,0.29090862001838763,1.1135648204483557,1.7486021931201017,752.4136538209843,-120.50311696256563,461.61969555428664,-221.4936176669999,103,135,103,43,1755.8275320464,0.14506879844245288,1.0
combo_2x_sell50_hold,combo_take_profit,2x卖50%，剩余持有结算,train,haircut_0_8,0.8,entry_price_bin,10-20c,473,416,43,1,7888.037368089418,2466.9726479387823,0.3127486005478083,0.44608879492600423,-3.266,-1.0,-78.0104999947,0.10978316945955267,0.4293356989246543,0.7646740763862909,2196.1405716780378,1407.81322190798,524.5343530990503,-795.1152729717998,110,131,110,101,3094.5215785108,0.20875681235894125,1.0
combo_2x_sell50_hold,combo_take_profit,2x卖50%，剩余持有结算,train,haircut_0_8,0.8,entry_price_bin,>=20c,387,355,43,1,13590.066672788022,4375.400718952979,0.3219557949420538,0.5684754521963824,1.6641179992680017,0.0806260695568169,-190.816699992179,0.06523496665572116,0.23571423104944775,0.38041286036129196,4089.971598946663,3344.056502951777,195.50562199344176,-1127.2762752589995,30,32,30,109,1760.1977327731997,0.1311304696223482,1.0
combo_2x_sell50_hold,combo_take_profit,2x卖50%，剩余持有结算,train,haircut_0_9,0.9,entry_price_bin,0-1c,208,179,33,1,449.42623652537225,795.9026016423028,1.7709304374297923,0.4567307692307692,-0.24884887499999997,-0.3618453722909637,-9.999951000000001,0.3846953124266887,0.9078362649150332,1.149321381872316,489.7226016423028,73.35335653119705,56.666646557975774,20.29482416767499,91,138,91,4,571.9652872902,0.31159907617780147,1.0
combo_2x_sell50_hold,combo_take_profit,2x卖50%，剩余持有结算,train,haircut_0_9,0.9,entry_price_bin,1-2c,223,211,37,1,1117.8320031652593,-189.40576441220918,-0.16944027713993406,0.5022421524663677,0.0005880000000000052,0.001677923182191173,-56.690879994303,nan,nan,nan,-294.7582562532092,-409.8480733174482,237.46880221929075,662.9233387530501,109,157,109,3,108.136823104,0.21579755448435275,1.0
combo_2x_sell50_hold,combo_take_profit,2x卖50%，剩余持有结算,train,haircut_0_9,0.9,entry_price_bin,2-5c,354,314,43,1,2398.8221475200967,1535.1766960537532,0.6399710364692186,0.4378531073446328,-0.9052584984215,-0.34492046156154826,-42.974582003559995,0.5064583588415735,1.0106586489248184,1.3137250707591785,757.6736260385402,-16.36290944079974,167.77201610820703,120.56434357384992,135,196,135,20,1376.7097766425002,0.30954730881693165,1.0
combo_2x_sell50_hold,combo_take_profit,2x卖50%，剩余持有结算,train,haircut_0_9,0.9,entry_price_bin,5-10c,378,333,38,1,4447.489737516219,1354.8760798555563,0.30463838250747965,0.42328042328042326,-2.51849294,-0.7916896670446598,-73.83929599667063,0.22998127993300785,0.8760136533187461,1.3770095049920266,1043.2799448597593,167.9861353471092,346.2373622244618,72.28698837177504,117,161,117,43,1713.74391491725,0.14029514223309295,1.0
combo_2x_sell50_hold,combo_take_profit,2x卖50%，剩余持有结算,train,haircut_0_9,0.9,entry_price_bin,10-20c,473,416,43,1,7888.037368089418,3034.427592324407,0.3846872739979658,0.47780126849894294,-1.4000000000000001,-0.2998014727599996,-78.0104999947,0.08982574994183767,0.37561705626588876,0.6625258851252241,2761.8578581996626,1894.644832643525,382.1186713502484,-227.66032858617487,125,152,125,101,2873.717084205275,0.1995967776501716,1.0
combo_2x_sell50_hold,combo_take_profit,2x卖50%，剩余持有结算,train,haircut_0_9,0.9,entry_price_bin,>=20c,387,355,43,1,13590.066672788022,4523.458075672529,0.332850322561702,0.599483204134367,2.0665207820496505,0.1250115676286327,-190.816699992179,0.06891331085454347,0.22789473772588464,0.36587040524498454,4211.731603166213,3492.585783903103,195.22814199344157,-979.2189185394499,42,43,42,124,1734.27776443475,0.13405848102495999,1.0
combo_2x_sell50_hold,combo_take_profit,2x卖50%，剩余持有结算,train,sampled_1_0,1.0,entry_price_bin,0-1c,208,179,33,1,449.42623652537225,863.2908397598777,1.9208732592787578,0.47115384615384615,-0.07339762500000002,-0.09470362345329156,-9.999951000000001,0.3558476307769545,0.858246423336763,1.098074190377631,556.0908397598778,122.37456423657204,47.422899155975784,87.68306228524993,94,155,94,4,570.5667628780001,0.299730185038729,1.0
combo_2x_sell50_hold,combo_take_profit,2x卖50%，剩余持有结算,train,sampled_1_0,1.0,entry_price_bin,1-2c,223,211,37,1,1117.8320031652593,-87.32185777000922,-0.07811715671294807,0.5112107623318386,0.020587999999999995,0.012362233200255427,-56.690879994303,nan,nan,nan,-194.7314423400092,-323.7988626342482,183.71497105589575,765.00724539525,111,165,111,3,105.40186455999998,0.22684503170730336,1.0
combo_2x_sell50_hold,combo_take_profit,2x卖50%，剩余持有结算,train,sampled_1_0,1.0,entry_price_bin,2-5c,354,314,43,1,2398.8221475200967,1747.5682823011532,0.7285109836541196,0.4887005649717514,-0.009120773979999386,-0.001488017476050649,-40.46672000356,0.4455848036963993,0.8895319303046653,1.1664808822916537,968.8784122859402,193.05049480660023,126.83900706170698,332.95592982125,153,224,153,20,1368.635684045,0.3141318498207538,1.0
combo_2x_sell50_hold,combo_take_profit,2x卖50%，剩余持有结算,train,sampled_1_0,1.0,entry_price_bin,5-10c,378,333,38,1,4447.489737516219,1469.7750970597813,0.33047295976012836,0.43915343915343913,-1.6691000000000003,-0.40266142043588893,-73.83929599667063,0.21398542581443988,0.8084791606738015,1.2711946717250397,1155.2646470639843,281.4925602096341,326.88584594678673,187.18600557599996,123,181,123,43,1694.6695083592501,0.14854313882073725,1.0
combo_2x_sell50_hold,combo_take_profit,2x卖50%，剩余持有结算,train,sampled_1_0,1.0,entry_price_bin,10-20c,473,416,43,1,7888.037368089418,3568.100003592332,0.4523431922402988,0.5031712473572939,0.0025499971999991544,0.0011509071246621585,-78.0104999947,0.07707405040572589,0.3413569296253285,0.5839026669627976,3293.092084062786,2350.10434176993,247.3119917097788,306.01208268175003,137,177,137,101,2776.6319787735,0.19107033619590555,1.0
combo_2x_sell50_hold,combo_take_profit,2x卖50%，剩余持有结算,train,sampled_1_0,1.0,entry_price_bin,>=20c,387,355,43,1,13590.066672788022,5118.8695381299785,0.3766625772616489,0.6459948320413437,2.8320161162309034,0.159090909090909,-190.816699992179,0.06603485837808686,0.20796798747681147,0.3269945313897847,4780.845713123663,4054.3085421287315,195.10922199344168,-383.807456082,60,63,60,138,1691.7563474380001,0.15389378710713028,1.0
combo_2x_sell50_hold,combo_take_profit,2x卖50%，剩余持有结算,validation,haircut_0_8,0.8,entry_price_bin,0-1c,185,138,33,1,636.1571064361864,498.00755110221365,0.7828373621291447,0.32972972972972975,-1.021459987012,-0.6315988070583903,-23.666311002359,0.8163046582331088,1.6722085557586255,1.7006483655595497,91.48166730221368,-334.7649366833089,277.51604217560464,-69.66095646159995,59,107,59,2,388.52408017479996,0.4100137491176327,1.0
combo_2x_sell50_hold,combo_take_profit,2x卖50%，剩余持有结算,validation,haircut_0_8,0.8,entry_price_bin,1-2c,129,124,28,1,807.2977190595084,-344.02886071770837,-0.42614868417874097,0.3488372093023256,-2.940460000524,-0.9548720575602272,-34.635007252458706,nan,nan,nan,-399.2868607188084,-484.5786956299214,346.03317871514423,350.0426583418,44,67,44,1,53.040000000000006,0.14770182312371263,1.0
combo_2x_sell50_hold,combo_take_profit,2x卖50%，剩余持有结算,validation,haircut_0_8,0.8,entry_price_bin,2-5c,206,180,34,1,2194.9256258967803,1953.6974038974197,0.8900973139348164,0.34951456310679613,-4.089594999226,-0.9911871280290285,-107.67054097996353,0.3353425431692084,1.322209204379991,1.6193681810985359,1298.5395478913788,-629.4992861090411,277.5416428565557,-402.81267520579985,59,90,59,13,1140.1282726466,0.18312523077314777,1.0
combo_2x_sell50_hold,combo_take_profit,2x卖50%，剩余持有结算,validation,haircut_0_8,0.8,entry_price_bin,5-10c,173,153,34,1,3491.0301600336625,426.6896586487378,0.12222456956505452,0.36416184971098264,-6.3500000025,-0.934940387374687,-179.688812984796,0.7866125723759132,2.789552012772018,4.2883615378697435,91.05020865285383,-763.5833374638541,540.0727698980513,-614.7736813176,44,68,44,19,1765.405597566,0.1596132258774119,1.0
combo_2x_sell50_hold,combo_take_profit,2x卖50%，剩余持有结算,validation,haircut_0_8,0.8,entry_price_bin,10-20c,209,196,34,1,5099.265653936283,1122.5246422415166,0.22013456807746515,0.3827751196172249,-9.843,-1.0,-154.60567997874,0.3975158880506949,1.1575526550847868,1.7180067765010991,676.3032622220916,-176.85673778325145,681.300913981252,-1410.4232868221998,37,48,37,43,2311.3673457518,0.16732477575841948,1.0
combo_2x_sell50_hold,combo_take_profit,2x卖50%，剩余持有结算,validation,haircut_0_8,0.8,entry_price_bin,>=20c,96,89,28,1,4143.755037987926,514.0523537440741,0.12405471583901384,0.4791666666666667,-0.4308811299994843,-0.123934396324689,-340.113900006208,0.5527405485735031,1.9257592327432334,3.0043778208256846,229.91477374007417,-475.8887125919673,601.104112981565,-291.409297268,9,12,9,31,651.242389116,0.16146424126087416,1.0
combo_2x_sell50_hold,combo_take_profit,2x卖50%，剩余持有结算,validation,haircut_0_9,0.9,entry_price_bin,0-1c,185,138,33,1,636.1571064361864,532.8629448027887,0.8376279057667664,0.41621621621621624,-0.7658400000000001,-0.524429389279611,-23.666311002359,0.762910948987933,1.5693576487377983,1.5944377966914511,126.33596990278863,-303.389593352415,240.32802054567975,-34.80556276102491,75,116,75,2,387.3546080716499,0.4164273875829093,1.0
combo_2x_sell50_hold,combo_take_profit,2x卖50%，剩余持有结算,validation,haircut_0_9,0.9,entry_price_bin,1-2c,129,124,28,1,807.2977190595084,-264.7962116669084,-0.32800317084432323,0.4108527131782946,-2.2,-0.6074516704475593,-34.203647658708704,nan,nan,nan,-320.3304616680084,-421.9349160691214,267.46163316434433,429.2753073926,52,79,52,1,52.76375000000001,0.12178268679465444,1.0
combo_2x_sell50_hold,combo_take_profit,2x卖50%，剩余持有结算,validation,haircut_0_9,0.9,entry_price_bin,2-5c,206,180,34,1,2194.9256258967803,2098.79939102622,0.956205242794372,0.3786407766990291,-3.1229500005029998,-0.7423884486460104,-107.67054097996353,0.3124179594341465,1.2327883980094683,1.5119797001757977,1443.0967680201788,-488.57614798024133,270.74907584492104,-257.7106880769998,65,108,65,13,1130.069955039925,0.18071678454807438,1.0
combo_2x_sell50_hold,combo_take_profit,2x卖50%，剩余持有结算,validation,haircut_0_9,0.9,entry_price_bin,5-10c,173,153,34,1,3491.0301600336625,725.6189797664379,0.20785239499604927,0.3988439306358382,-5.722799997915,-0.661187643860763,-179.688812984796,0.7212334084264677,1.8742362452274095,2.783175689766738,202.2783297705538,-634.3624123367542,525.8822042030513,-315.8443601998999,50,75,50,19,1576.660415165225,0.23260392760817605,1.0
combo_2x_sell50_hold,combo_take_profit,2x卖50%，剩余持有结算,validation,haircut_0_9,0.9,entry_price_bin,10-20c,209,196,34,1,5099.265653936283,1423.2276471622167,0.27910443262817314,0.4354066985645933,-7.089326169284412,-1.0,-154.60567997874,0.2939422557266713,0.9230668360709768,1.3538087854498702,1004.8809021427917,109.49340588744872,685.4932364812519,-1109.7202819014997,48,58,48,43,2326.7668519963,0.19601420272876374,1.0
combo_2x_sell50_hold,combo_take_profit,2x卖50%，剩余持有结算,validation,haircut_0_9,0.9,entry_price_bin,>=20c,96,89,28,1,4143.755037987926,618.7001471468241,0.1493090545833146,0.5208333333333334,0.23310500028200032,0.01908699244783217,-340.113900006208,0.4592540042447581,1.6379069197474916,2.538423672596756,334.55962714282407,-394.67310511375035,591.9258112315649,-186.76150386525003,13,14,13,33,608.45444109675,0.1453690748253376,1.0
combo_2x_sell50_hold,combo_take_profit,2x卖50%，剩余持有结算,validation,sampled_1_0,1.0,entry_price_bin,0-1c,185,138,33,1,636.1571064361864,595.2591311775636,0.9357108883248398,0.3945945945945946,-0.7764945,-0.5394985088229879,-23.666311002359,0.7476624787183398,1.4892221883655943,1.517173939247003,150.20621368162102,-291.21397479929,221.4994822100548,27.590623613750054,71,120,71,2,341.96113649999995,0.44761280005010873,1.0
combo_2x_sell50_hold,combo_take_profit,2x卖50%，剩余持有结算,validation,sampled_1_0,1.0,entry_price_bin,1-2c,129,124,28,1,807.2977190595084,-191.77372156350836,-0.23755018382428023,0.46511627906976744,-1.04576,-0.25862624607302775,-33.7722880649587,nan,nan,nan,-247.58422156460836,-365.50129545572133,195.11386656363234,502.297797496,59,91,59,1,52.487500000000004,0.11379593416932302,1.0
combo_2x_sell50_hold,combo_take_profit,2x卖50%，剩余持有结算,validation,sampled_1_0,1.0,entry_price_bin,2-5c,206,180,34,1,2194.9256258967803,2207.5596837289695,1.005756030037249,0.4029126213592233,-3.0138299984639993,-0.5593714505349507,-107.67054097996353,0.29727277357118603,1.1669316018921891,1.4619148738407877,1551.3122937229286,-368.5114742774913,265.47948070934603,-148.95039537424984,70,121,70,13,1075.4680974782498,0.17477565304259873,1.0
combo_2x_sell50_hold,combo_take_profit,2x卖50%，剩余持有结算,validation,sampled_1_0,1.0,entry_price_bin,5-10c,173,153,34,1,3491.0301600336625,1058.1132868848379,0.3030948569274563,0.42196531791907516,-5.1684,-0.4855762361272769,-147.66006298479599,0.4941602534217044,1.441964473346721,2.0649714375409536,535.2357568889538,-467.6484815792253,476.0353874955513,16.64994691850001,54,86,54,19,1411.66883592975,0.22693690278049417,1.0
combo_2x_sell50_hold,combo_take_profit,2x卖50%，剩余持有结算,validation,sampled_1_0,1.0,entry_price_bin,10-20c,209,196,34,1,5099.265653936283,2140.5946150492164,0.41978487890640176,0.46411483253588515,-2.8663019999999997,-0.24914243437082037,-154.60567997874,0.33141772619245513,0.7512940651064722,1.0821902121777403,1431.1636150297913,532.3785849638666,600.095165481252,-392.3533140144998,54,77,54,43,1894.6969652464998,0.2597673642064559,1.0
combo_2x_sell50_hold,combo_take_profit,2x卖50%，剩余持有结算,validation,sampled_1_0,1.0,entry_price_bin,>=20c,96,89,28,1,4143.755037987926,1391.828002349574,0.3358856857101768,0.5625,2.5117200015679995,0.08997421892092003,-168.41334300134858,0.20414810560237245,0.7543511219821492,1.1603529764081908,1107.688952345574,341.90098717099954,156.07402499063505,586.3663513375,17,19,17,35,566.2666440700001,0.12681020748194727,1.0
combo_3x_sell50_hold,combo_take_profit,3x卖50%，剩余持有结算,train,haircut_0_8,0.8,entry_price_bin,0-1c,208,179,33,1,449.42623652537225,722.1250821590278,1.6067710860450855,0.38461538461538464,-0.81530973117745,-1.0,-10.458383151321792,0.422586069282658,0.9870920171163627,1.243365250937332,416.96508215902776,9.32117820035387,68.73389601422578,-53.4826953156,76,97,76,4,572.8629457232,0.3082582337484831,1.0
combo_3x_sell50_hold,combo_take_profit,3x卖50%，剩余持有结算,train,haircut_0_8,0.8,entry_price_bin,1-2c,223,211,37,1,1117.8320031652593,-392.24414734105915,-0.3508972244759306,0.34080717488789236,-1.594939997584,-1.0,-56.690879994303,nan,nan,nan,-495.5395464530592,-598.5159971172982,392.24414734105926,460.08495582420005,73,90,73,3,110.87178164799998,0.21897289851735888,1.0
combo_3x_sell50_hold,combo_take_profit,3x卖50%，剩余持有结算,train,haircut_0_8,0.8,entry_price_bin,2-5c,354,314,43,1,2398.8221475200967,861.6732529435034,0.359206810656764,0.288135593220339,-2.864453678098,-1.0,-65.54534000356,0.6329531665885105,1.5491605819660685,2.1331161130042324,316.27443892829035,-473.19698505104964,216.21151020845718,-552.9390995364,82,95,82,20,1528.686665012,0.1748310987024065,1.0
combo_3x_sell50_hold,combo_take_profit,3x卖50%，剩余持有结算,train,haircut_0_8,0.8,entry_price_bin,5-10c,378,333,38,1,4447.489737516219,656.1826554453816,0.14754000440073833,0.29365079365079366,-4.999138,-1.0,-146.52238799564745,0.4704205718242893,1.6703362366959826,2.5734642763449207,347.50083544958454,-439.86301183643366,668.5587102368867,-626.4064360383998,68,76,68,43,1835.6693221583998,0.14390580048528914,1.0
combo_3x_sell50_hold,combo_take_profit,3x卖50%，剩余持有结算,train,haircut_0_8,0.8,entry_price_bin,10-20c,473,416,43,1,7888.037368089418,2525.457099409582,0.3201629228616699,0.3298097251585624,-7.5992249991698015,-1.0,-78.0104999947,0.11492144822756896,0.5019791177245054,0.8602674107985163,2235.2279121088372,1257.7303727968715,712.1608606796503,-736.6308215009998,55,60,55,101,2327.2932146982,0.19773082866213637,1.0
combo_3x_sell50_hold,combo_take_profit,3x卖50%，剩余持有结算,train,haircut_0_8,0.8,entry_price_bin,>=20c,387,355,43,1,13590.066672788022,5027.716157313179,0.3699552237944787,0.5038759689922481,0.52725,0.01779673239721075,-190.816699992179,0.06749492003694632,0.22136236051596445,0.36178652022193647,4688.3708573068625,3914.7690407260798,231.97442199344187,-474.96083689879964,5,6,5,56,716.0196344187998,0.13702463121593902,1.0
combo_3x_sell50_hold,combo_take_profit,3x卖50%，剩余持有结算,train,haircut_0_9,0.9,entry_price_bin,0-1c,208,179,33,1,449.42623652537225,829.1096989618527,1.8448181961336063,0.4230769230769231,-0.41610725000000004,-0.7193203362832694,-10.458383151321792,0.3692876833830011,0.8719495220087496,1.1247047377942392,522.9296989618526,106.16789325924697,66.0017070082258,53.501921487224955,84,112,84,4,571.5727266987001,0.29438843917018637,1.0
combo_3x_sell50_hold,combo_take_profit,3x卖50%，剩余持有结算,train,haircut_0_9,0.9,entry_price_bin,1-2c,223,211,37,1,1117.8320031652593,-263.6404494886342,-0.2358497956241264,0.38565022421524664,-1.242299999865,-1.0,-56.690879994303,nan,nan,nan,-368.9929413296342,-486.6005908276232,298.5283588361529,588.688653676625,83,103,83,3,108.136823104,0.21450449069507854,1.0
combo_3x_sell50_hold,combo_take_profit,3x卖50%，剩余持有结算,train,haircut_0_9,0.9,entry_price_bin,2-5c,354,314,43,1,2398.8221475200967,1166.7375976792282,0.48637936700951423,0.3361581920903955,-2.429350500074664,-1.0,-65.54534000356,0.48085120693046907,1.1607894278786253,1.6178105988918399,605.7104156640153,-187.5990708153247,215.4755361083321,-247.8747548006751,99,120,99,20,1494.0966023885,0.2042114863187443,1.0
combo_3x_sell50_hold,combo_take_profit,3x卖50%，剩余持有结算,train,haircut_0_9,0.9,entry_price_bin,5-10c,378,333,38,1,4447.489737516219,1029.2541623568566,0.23142361716424378,0.3253968253968254,-4.514661999868002,-1.0,-146.52238799564745,0.3027397375613064,1.072720739169581,1.6973693403188976,717.6580273610596,-74.84812347995853,623.7636429313366,-253.33492912692486,80,92,80,43,1727.9445545358499,0.14493075876057174,1.0
combo_3x_sell50_hold,combo_take_profit,3x卖50%，剩余持有结算,train,haircut_0_9,0.9,entry_price_bin,10-20c,473,416,43,1,7888.037368089418,3047.3893885813072,0.3863304959620676,0.3572938689217759,-6.5944,-1.0,-78.0104999947,0.09660448551400805,0.40770759904841497,0.7058739146678366,2752.9979045365626,1804.945577597205,508.40336322014946,-214.69853232927483,68,76,68,101,2198.6121383258,0.19811123942661862,1.0
combo_3x_sell50_hold,combo_take_profit,3x卖50%，剩余持有结算,train,haircut_0_9,0.9,entry_price_bin,>=20c,387,355,43,1,13590.066672788022,5126.551450207478,0.3772278365986676,0.5167958656330749,2.07,0.1366350636543694,-190.816699992179,0.06619367879212103,0.22037822118307468,0.36048179656260154,4787.206150201162,3996.7711608072423,231.97442199344187,-376.1255440044999,10,11,10,79,742.40909839,0.13806323493157313,1.0
combo_3x_sell50_hold,combo_take_profit,3x卖50%，剩余持有结算,train,sampled_1_0,1.0,entry_price_bin,0-1c,208,179,33,1,449.42623652537225,906.9207266701277,2.01795234226146,0.4519230769230769,-0.24993074999999998,-0.5030222913570717,-10.458383151321792,0.3387286131698886,0.8174390904928079,1.066569407828004,599.7207266701278,165.56827271182203,62.468194252225786,131.31294919549993,90,122,90,4,570.1305844430001,0.2861951875708753,1.0
combo_3x_sell50_hold,combo_take_profit,3x卖50%，剩余持有结算,train,sampled_1_0,1.0,entry_price_bin,1-2c,223,211,37,1,1117.8320031652593,-176.73827189650922,-0.15810808010153238,0.4260089686098655,-1.0,-0.905378486055777,-56.690879994303,nan,nan,nan,-284.1478564665092,-416.3867047982482,261.32058699880776,675.59083126875,92,114,92,3,105.40186455999998,0.2024331131145161,1.0
combo_3x_sell50_hold,combo_take_profit,3x卖50%，剩余持有结算,train,sampled_1_0,1.0,entry_price_bin,2-5c,354,314,43,1,2398.8221475200967,1395.0180018601532,0.581542905672404,0.3757062146892655,-2.0,-1.0,-65.54534000356,0.4133678198032466,0.9880331943076434,1.3862461500317047,818.3624518449402,16.69390936560012,189.51426406320684,-19.594350619750138,113,138,113,20,1461.770706425,0.22386491422803137,1.0
combo_3x_sell50_hold,combo_take_profit,3x卖50%，剩余持有结算,train,sampled_1_0,1.0,entry_price_bin,5-10c,378,333,38,1,4447.489737516219,1448.7718580375313,0.3257504667895252,0.3544973544973545,-3.9090188991298467,-1.0,-86.32173318497472,0.2170876306375972,0.7928956169601334,1.2489516165714771,1134.2614080417343,300.0470018243841,414.4397443497867,166.18276655375004,91,106,91,43,1677.5044442404999,0.1462288686938182,1.0
combo_3x_sell50_hold,combo_take_profit,3x卖50%，剩余持有结算,train,sampled_1_0,1.0,entry_price_bin,10-20c,473,416,43,1,7888.037368089418,3721.809187824832,0.4718295583742019,0.39957716701902746,-5.23015,-1.0,-78.0104999947,0.08021737969947647,0.33322244053360967,0.5896684092370248,3423.2554070360875,2481.61884705743,406.5147686012483,459.72126691424995,88,95,88,101,2051.1983112295,0.19118356308993084,1.0
combo_3x_sell50_hold,combo_take_profit,3x卖50%，剩余持有结算,train,sampled_1_0,1.0,entry_price_bin,>=20c,387,355,43,1,13590.066672788022,5419.849673622479,0.3988096456123264,0.537467700258398,3.6968038236567793,0.2959421136341504,-190.816699992179,0.06261157051234356,0.21422613108698021,0.34675632876485746,5080.504373616162,4258.7762469693025,231.97442199344187,-82.8273205894999,18,19,18,94,679.5527069845001,0.1376385055574033,1.0
combo_3x_sell50_hold,combo_take_profit,3x卖50%，剩余持有结算,validation,haircut_0_8,0.8,entry_price_bin,0-1c,185,138,33,1,636.1571064361864,508.0076022460136,0.7985568299188252,0.2972972972972973,-1.7142400017339998,-1.0,-23.666311002359,0.7878520404466709,1.5988294427271716,1.697090771370398,107.772776254071,-304.209909354147,276.6518630626047,-59.66090531779997,53,70,53,2,431.439502404,0.40140416279677943,1.0
combo_3x_sell50_hold,combo_take_profit,3x卖50%，剩余持有结算,validation,haircut_0_8,0.8,entry_price_bin,1-2c,129,124,28,1,807.2977190595084,-149.8140829129083,-0.18557476303468293,0.2868217054263566,-3.006140006695,-1.0,-22.520412,nan,nan,nan,-265.55694260284963,-401.6749945685847,149.81408291290825,544.2574361466001,36,45,36,1,51.691900000000004,0.28454290830365786,1.0
combo_3x_sell50_hold,combo_take_profit,3x卖50%，剩余持有结算,validation,haircut_0_8,0.8,entry_price_bin,2-5c,206,180,34,1,2194.9256258967803,1914.3645810598198,0.8721774252727439,0.2961165048543689,-4.836744997999,-1.0,-107.67054097996353,0.2801355610643918,1.243396595171378,1.5243425605512233,1378.082985062828,-465.94982094664124,292.803541228146,-442.14549804339964,48,60,48,13,1402.5499522795997,0.1620118871288462,1.0
combo_3x_sell50_hold,combo_take_profit,3x卖50%，剩余持有结算,validation,haircut_0_8,0.8,entry_price_bin,5-10c,173,153,34,1,3491.0301600336625,385.97821315453785,0.110562841184625,0.27167630057803466,-9.654640003536999,-1.0,-179.688812984796,1.042733994459356,3.723111395884488,5.458549000018467,-16.494390822378193,-1051.0616708042542,557.3028626380512,-655.4851268117999,28,34,28,19,1454.1384499734,0.1358609401185457,1.0
combo_3x_sell50_hold,combo_take_profit,3x卖50%，剩余持有结算,validation,haircut_0_8,0.8,entry_price_bin,10-20c,209,196,34,1,5099.265653936283,1484.3727398359165,0.29109539305724985,0.291866028708134,-12.145000000000001,-1.0,-154.60567997874,0.41381669410563654,1.058865142052198,1.5325772764953247,870.1145198164915,-87.37781218885152,649.3360659812515,-1048.5751892277997,18,22,18,43,1646.8608406797998,0.200068089316756,1.0
combo_3x_sell50_hold,combo_take_profit,3x卖50%，剩余持有结算,validation,haircut_0_8,0.8,entry_price_bin,>=20c,96,89,28,1,4143.755037987926,532.9349372300742,0.12861159319129306,0.3958333333333333,-14.627029999785002,-1.0,-340.113900006208,0.4607170272498177,2.0157300503322175,3.176829908425553,287.40273723186624,-541.3180306165004,609.574588981565,-272.5267137819999,1,1,1,15,303.9267137819999,0.1243644168776235,1.0
combo_3x_sell50_hold,combo_take_profit,3x卖50%，剩余持有结算,validation,haircut_0_9,0.9,entry_price_bin,0-1c,185,138,33,1,636.1571064361864,601.7867785237387,0.9459719500659302,0.3675675675675676,-1.2597500063279998,-1.0,-23.666311002359,0.6641231600413554,1.3664199296629673,1.46461470656138,202.12624149944605,-220.506669058772,206.62426801722972,34.11827095992508,66,87,66,2,430.61866942164994,0.41580048579972867,1.0
combo_3x_sell50_hold,combo_take_profit,3x卖50%，剩余持有结算,validation,haircut_0_9,0.9,entry_price_bin,1-2c,129,124,28,1,807.2977190595084,-189.86951093145836,-0.23519143737040896,0.3178294573643411,-2.965825005408,-1.0,-22.520412,nan,nan,nan,-246.92037343255836,-355.41703540800364,189.86951093145834,504.20200812805,40,52,40,1,51.24713750000001,0.16405164169075623,1.0
combo_3x_sell50_hold,combo_take_profit,3x卖50%，剩余持有结算,validation,haircut_0_9,0.9,entry_price_bin,2-5c,206,180,34,1,2194.9256258967803,2038.5377730245948,0.9287502724342698,0.3300970873786408,-4.576429999302,-1.0,-107.67054097996353,0.2645931905871456,1.1605373898695561,1.428738105549544,1499.154559527603,-327.2615332318662,282.6330448019462,-317.97230607862474,55,68,55,13,1407.0952422520497,0.1622406477857815,1.0
combo_3x_sell50_hold,combo_take_profit,3x卖50%，剩余持有结算,validation,haircut_0_9,0.9,entry_price_bin,5-10c,173,153,34,1,3491.0301600336625,702.7635108868877,0.2013054825284326,0.3179190751445087,-8.09919,-1.0,-179.688812984796,0.6060377265121571,2.0852248789156773,3.074223545194691,276.8623104732967,-762.6564460085791,510.0376546918012,-338.69982907945,36,44,36,19,1402.888663195075,0.14590422888572166,1.0
combo_3x_sell50_hold,combo_take_profit,3x卖50%，剩余持有结算,validation,haircut_0_9,0.9,entry_price_bin,10-20c,209,196,34,1,5099.265653936283,1723.6978390449915,0.3380286409895933,0.3253588516746411,-11.19455,-1.0,-154.60567997874,0.27595846658540096,0.8541033490187839,1.2781850462687518,1248.0288265255663,251.48174202022346,637.7047394812516,-809.2500900187248,25,29,25,43,1708.554744902225,0.18001410032578194,1.0
combo_3x_sell50_hold,combo_take_profit,3x卖50%，剩余持有结算,validation,haircut_0_9,0.9,entry_price_bin,>=20c,96,89,28,1,4143.755037987926,735.047403239074,0.17738678963899115,0.4270833333333333,-11.3755499998,-1.0,-340.113900006208,0.3866868024449754,1.5606721042145608,2.4056292692272407,450.81427323507404,-412.12057427150046,597.236526481565,-70.41424777300008,4,4,4,20,235.3699097717501,0.11287494979021893,1.0
combo_3x_sell50_hold,combo_take_profit,3x卖50%，剩余持有结算,validation,sampled_1_0,1.0,entry_price_bin,0-1c,185,138,33,1,636.1571064361864,686.2518905720636,1.0787459318288735,0.3891891891891892,-1.1214975,-0.9200807761142187,-23.666311002359,0.5923889924166413,1.2764731085920022,1.365572251028539,279.7238245720636,-189.73019346359706,169.63587509705485,118.58338300825007,70,96,70,2,386.18513596849994,0.39368942288166714,1.0
combo_3x_sell50_hold,combo_take_profit,3x卖50%，剩余持有结算,validation,sampled_1_0,1.0,entry_price_bin,1-2c,129,124,28,1,807.2977190595084,-123.12689651200837,-0.1525173348135427,0.3643410852713178,-2.5316800028,-1.0,-22.520412,nan,nan,nan,-179.76614651310837,-308.71413371002865,123.12689651200839,570.9446225475,46,59,46,1,51.658750000000005,0.18277717791824355,1.0
combo_3x_sell50_hold,combo_take_profit,3x卖50%，剩余持有结算,validation,sampled_1_0,1.0,entry_price_bin,2-5c,206,180,34,1,2194.9256258967803,2106.2781374472197,0.9596125320130873,0.32524271844660196,-4.576429999302,-1.0,-107.67054097996353,0.2575561229793118,1.1274513718233796,1.3897394164054209,1563.7933064502276,-268.4480380592413,272.82712228534604,-250.23194165599972,54,72,54,13,1394.4450497094997,0.16603391432192657,1.0
combo_3x_sell50_hold,combo_take_profit,3x卖50%，剩余持有结算,validation,sampled_1_0,1.0,entry_price_bin,5-10c,173,153,34,1,3491.0301600336625,895.2566850528378,0.25644484407553936,0.3583815028901734,-6.329519998125,-1.0,-179.688812984796,0.40998116084910496,1.497585832344567,2.302510008101108,528.2183100569539,-445.4670427940541,462.2440850455515,-146.20665491349996,43,54,43,19,1497.3829167019999,0.16952213114180792,1.0
combo_3x_sell50_hold,combo_take_profit,3x卖50%，剩余持有结算,validation,sampled_1_0,1.0,entry_price_bin,10-20c,209,196,34,1,5099.265653936283,1969.5921413384667,0.386250153454562,0.3492822966507177,-10.62700000431,-1.0,-154.60567997874,0.24516571978769117,0.7721608515310467,1.1387471246835168,1486.7156663190417,448.75019631369855,622.2527129812515,-563.3557877252497,30,37,30,43,1636.8324353502496,0.18942342425840497,1.0
combo_3x_sell50_hold,combo_take_profit,3x卖50%，剩余持有结算,validation,sampled_1_0,1.0,entry_price_bin,>=20c,96,89,28,1,4143.755037987926,824.3299605170741,0.19893308194138384,0.4375,-10.7214,-1.0,-340.113900006208,0.34479791299313434,1.42746846110078,2.182092434249376,540.1027105130742,-352.3750596615005,589.5764819815649,18.868309505000045,5,5,5,24,185.46148516999995,0.11112682869005945,1.0
hold_to_settlement,baseline,完全不卖，持有到结算,train,haircut_0_8,0.8,entry_price_bin,0-1c,208,179,33,1,449.42623652537225,775.6077774746278,1.72577325140394,0.019230769230769232,-1.2762689500000002,-1.0,-12.219840025826,0.7697189447272265,1.5716081131483317,1.5716081131483317,178.60777747462782,-443.34369822544306,178.43738538291217,0.0,0,0,0,0,0,0.39254620487747227,1.0
hold_to_settlement,baseline,完全不卖，持有到结算,train,haircut_0_8,0.8,entry_price_bin,1-2c,223,211,37,1,1117.8320031652593,-852.3291031652592,-0.762484076991712,0.013452914798206279,-2.802799994,-1.0,-56.690879994303,nan,nan,nan,-1029.1937004452593,-1113.6549976608442,852.3291031652591,0.0,0,0,0,0,0,0.15420028010816916,1.0
hold_to_settlement,baseline,完全不卖，持有到结算,train,haircut_0_8,0.8,entry_price_bin,2-5c,354,314,43,1,2398.8221475200967,1414.6123524799034,0.5897112272130429,0.05649717514124294,-4.02222569298423,-1.0,-65.54534000356,0.6259678621234102,1.6440500720338458,2.1904583381496097,529.1104824646903,-911.0811875146499,351.0481437945573,0.0,0,0,0,0,0,0.19705047272370052,1.0
hold_to_settlement,baseline,完全不卖，持有到结算,train,haircut_0_8,0.8,entry_price_bin,5-10c,378,333,38,1,4447.489737516219,1282.5890914837814,0.2883849468307186,0.11375661375661375,-6.541402101625,-1.0,-146.52238799564745,0.36699953487946085,1.2944501095807885,2.0077938960400092,811.8794914677634,-377.65849853452346,546.1472449832868,0.0,0,0,0,0,0,0.14992740492552578,1.0
hold_to_settlement,baseline,完全不卖，持有到结算,train,haircut_0_8,0.8,entry_price_bin,10-20c,473,416,43,1,7888.037368089418,3262.087920910582,0.41354874079415027,0.2135306553911205,-9.994661,-1.0,-167.34550738032044,0.12005592210997917,0.4966403108470856,0.8603509583742033,2870.4549475618373,1642.0035618590273,994.5723319702493,0.0,0,0,0,0,0,0.2231602946982688,1.0
hold_to_settlement,baseline,完全不卖，持有到结算,train,haircut_0_8,0.8,entry_price_bin,>=20c,387,355,43,1,13590.066672788022,5502.676994211978,0.4049043412884961,0.4909560723514212,-1.16168799999944,-1.0,-190.816699992179,0.06166912947339237,0.219272084524919,0.36188601942790866,5163.331694205662,4296.0935392238025,231.97442199344187,0.0,0,0,0,0,0,0.1378196677532703,1.0
hold_to_settlement,baseline,完全不卖，持有到结算,train,haircut_0_9,0.9,entry_price_bin,0-1c,208,179,33,1,449.42623652537225,775.6077774746278,1.72577325140394,0.019230769230769232,-1.2762689500000002,-1.0,-12.219840025826,0.7697189447272265,1.5716081131483317,1.5716081131483317,178.60777747462782,-443.34369822544306,178.43738538291217,0.0,0,0,0,0,0,0.39254620487747227,1.0
hold_to_settlement,baseline,完全不卖，持有到结算,train,haircut_0_9,0.9,entry_price_bin,1-2c,223,211,37,1,1117.8320031652593,-852.3291031652592,-0.762484076991712,0.013452914798206279,-2.802799994,-1.0,-56.690879994303,nan,nan,nan,-1029.1937004452593,-1113.6549976608442,852.3291031652591,0.0,0,0,0,0,0,0.15420028010816916,1.0
hold_to_settlement,baseline,完全不卖，持有到结算,train,haircut_0_9,0.9,entry_price_bin,2-5c,354,314,43,1,2398.8221475200967,1414.6123524799034,0.5897112272130429,0.05649717514124294,-4.02222569298423,-1.0,-65.54534000356,0.6259678621234102,1.6440500720338458,2.1904583381496097,529.1104824646903,-911.0811875146499,351.0481437945573,0.0,0,0,0,0,0,0.19705047272370052,1.0
hold_to_settlement,baseline,完全不卖，持有到结算,train,haircut_0_9,0.9,entry_price_bin,5-10c,378,333,38,1,4447.489737516219,1282.5890914837814,0.2883849468307186,0.11375661375661375,-6.541402101625,-1.0,-146.52238799564745,0.36699953487946085,1.2944501095807885,2.0077938960400092,811.8794914677634,-377.65849853452346,546.1472449832868,0.0,0,0,0,0,0,0.14992740492552578,1.0
hold_to_settlement,baseline,完全不卖，持有到结算,train,haircut_0_9,0.9,entry_price_bin,10-20c,473,416,43,1,7888.037368089418,3262.087920910582,0.41354874079415027,0.2135306553911205,-9.994661,-1.0,-167.34550738032044,0.12005592210997917,0.4966403108470856,0.8603509583742033,2870.4549475618373,1642.0035618590273,994.5723319702493,0.0,0,0,0,0,0,0.2231602946982688,1.0
hold_to_settlement,baseline,完全不卖，持有到结算,train,haircut_0_9,0.9,entry_price_bin,>=20c,387,355,43,1,13590.066672788022,5502.676994211978,0.4049043412884961,0.4909560723514212,-1.16168799999944,-1.0,-190.816699992179,0.06166912947339237,0.219272084524919,0.36188601942790866,5163.331694205662,4296.0935392238025,231.97442199344187,0.0,0,0,0,0,0,0.1378196677532703,1.0
hold_to_settlement,baseline,完全不卖，持有到结算,train,sampled_1_0,1.0,entry_price_bin,0-1c,208,179,33,1,449.42623652537225,775.6077774746278,1.72577325140394,0.019230769230769232,-1.2762689500000002,-1.0,-12.219840025826,0.7697189447272265,1.5716081131483317,1.5716081131483317,178.60777747462782,-443.34369822544306,178.43738538291217,0.0,0,0,0,0,0,0.39254620487747227,1.0
hold_to_settlement,baseline,完全不卖，持有到结算,train,sampled_1_0,1.0,entry_price_bin,1-2c,223,211,37,1,1117.8320031652593,-852.3291031652592,-0.762484076991712,0.013452914798206279,-2.802799994,-1.0,-56.690879994303,nan,nan,nan,-1029.1937004452593,-1113.6549976608442,852.3291031652591,0.0,0,0,0,0,0,0.15420028010816916,1.0
hold_to_settlement,baseline,完全不卖，持有到结算,train,sampled_1_0,1.0,entry_price_bin,2-5c,354,314,43,1,2398.8221475200967,1414.6123524799034,0.5897112272130429,0.05649717514124294,-4.02222569298423,-1.0,-65.54534000356,0.6259678621234102,1.6440500720338458,2.1904583381496097,529.1104824646903,-911.0811875146499,351.0481437945573,0.0,0,0,0,0,0,0.19705047272370052,1.0
hold_to_settlement,baseline,完全不卖，持有到结算,train,sampled_1_0,1.0,entry_price_bin,5-10c,378,333,38,1,4447.489737516219,1282.5890914837814,0.2883849468307186,0.11375661375661375,-6.541402101625,-1.0,-146.52238799564745,0.36699953487946085,1.2944501095807885,2.0077938960400092,811.8794914677634,-377.65849853452346,546.1472449832868,0.0,0,0,0,0,0,0.14992740492552578,1.0
hold_to_settlement,baseline,完全不卖，持有到结算,train,sampled_1_0,1.0,entry_price_bin,10-20c,473,416,43,1,7888.037368089418,3262.087920910582,0.41354874079415027,0.2135306553911205,-9.994661,-1.0,-167.34550738032044,0.12005592210997917,0.4966403108470856,0.8603509583742033,2870.4549475618373,1642.0035618590273,994.5723319702493,0.0,0,0,0,0,0,0.2231602946982688,1.0
hold_to_settlement,baseline,完全不卖，持有到结算,train,sampled_1_0,1.0,entry_price_bin,>=20c,387,355,43,1,13590.066672788022,5502.676994211978,0.4049043412884961,0.4909560723514212,-1.16168799999944,-1.0,-190.816699992179,0.06166912947339237,0.219272084524919,0.36188601942790866,5163.331694205662,4296.0935392238025,231.97442199344187,0.0,0,0,0,0,0,0.1378196677532703,1.0
hold_to_settlement,baseline,完全不卖，持有到结算,validation,haircut_0_8,0.8,entry_price_bin,0-1c,185,138,33,1,636.1571064361864,567.6685075638136,0.8923401182200847,0.010810810810810811,-2.8000000000000003,-1.0,-23.666311002359,1.3832130099407969,2.1025336161734716,2.1025336161734716,-217.53795743212902,-625.873612432129,527.5648401488047,0.0,0,0,0,0,0,0.4957524787605026,1.0
hold_to_settlement,baseline,完全不卖，持有到结算,validation,haircut_0_8,0.8,entry_price_bin,1-2c,129,124,28,1,807.2977190595084,-694.0715190595083,-0.8597466618239586,0.007751937984496124,-4.47183999825,-1.0,-38.085884002458705,nan,nan,nan,-802.3695190606084,-802.3695190606084,694.0715190595084,0.0,0,0,0,0,0,0.14161111455491096,1.0
hold_to_settlement,baseline,完全不卖，持有到结算,validation,haircut_0_8,0.8,entry_price_bin,2-5c,206,180,34,1,2194.9256258967803,2356.5100791032196,1.0736172794649572,0.06310679611650485,-6.9637300022424995,-1.0,-107.67054097996353,0.3325552166975114,1.3987330150783048,1.8091047599657477,1572.8403590971786,-939.6183689032414,359.20946700006743,0.0,0,0,0,0,0,0.2077173130398101,1.0
hold_to_settlement,baseline,完全不卖，持有到结算,validation,haircut_0_8,0.8,entry_price_bin,5-10c,173,153,34,1,3491.0301600336625,1041.4633399663378,0.2983255062901821,0.10982658959537572,-12.236209998891,-1.0,-179.688812984796,0.5926643851101224,2.049658124341072,3.0463306390395193,424.2251099704538,-1093.1804559990544,626.4171290080515,0.0,0,0,0,0,0,0.1869785877135152,1.0
hold_to_settlement,baseline,完全不卖，持有到结算,validation,haircut_0_8,0.8,entry_price_bin,10-20c,209,196,34,1,5099.265653936283,2532.9479290637164,0.49672798025504994,0.20574162679425836,-15.171399995290002,-1.0,-154.60567997874,0.2808806260310329,0.7846203106754523,1.1510674990882028,1821.4919290442913,545.5455380369997,593.795777974629,0.0,0,0,0,0,0,0.21649653293530235,1.0
hold_to_settlement,baseline,完全不卖，持有到结算,validation,haircut_0_8,0.8,entry_price_bin,>=20c,96,89,28,1,4143.755037987926,805.4616510120741,0.19437964928621368,0.3854166666666667,-15.124799999968001,-1.0,-340.113900006208,0.35436237050560887,1.4894052454271076,2.372499256287931,520.036351008074,-394.19715699568746,591.394426981565,0.0,0,0,0,0,0,0.11444267735980795,1.0
hold_to_settlement,baseline,完全不卖，持有到结算,validation,haircut_0_9,0.9,entry_price_bin,0-1c,185,138,33,1,636.1571064361864,567.6685075638136,0.8923401182200847,0.010810810810810811,-2.8000000000000003,-1.0,-23.666311002359,1.3832130099407969,2.1025336161734716,2.1025336161734716,-217.53795743212902,-625.873612432129,527.5648401488047,0.0,0,0,0,0,0,0.4957524787605026,1.0
hold_to_settlement,baseline,完全不卖，持有到结算,validation,haircut_0_9,0.9,entry_price_bin,1-2c,129,124,28,1,807.2977190595084,-694.0715190595083,-0.8597466618239586,0.007751937984496124,-4.47183999825,-1.0,-38.085884002458705,nan,nan,nan,-802.3695190606084,-802.3695190606084,694.0715190595084,0.0,0,0,0,0,0,0.14161111455491096,1.0
hold_to_settlement,baseline,完全不卖，持有到结算,validation,haircut_0_9,0.9,entry_price_bin,2-5c,206,180,34,1,2194.9256258967803,2356.5100791032196,1.0736172794649572,0.06310679611650485,-6.9637300022424995,-1.0,-107.67054097996353,0.3325552166975114,1.3987330150783048,1.8091047599657477,1572.8403590971786,-939.6183689032414,359.20946700006743,0.0,0,0,0,0,0,0.2077173130398101,1.0
hold_to_settlement,baseline,完全不卖，持有到结算,validation,haircut_0_9,0.9,entry_price_bin,5-10c,173,153,34,1,3491.0301600336625,1041.4633399663378,0.2983255062901821,0.10982658959537572,-12.236209998891,-1.0,-179.688812984796,0.5926643851101224,2.049658124341072,3.0463306390395193,424.2251099704538,-1093.1804559990544,626.4171290080515,0.0,0,0,0,0,0,0.1869785877135152,1.0
hold_to_settlement,baseline,完全不卖，持有到结算,validation,haircut_0_9,0.9,entry_price_bin,10-20c,209,196,34,1,5099.265653936283,2532.9479290637164,0.49672798025504994,0.20574162679425836,-15.171399995290002,-1.0,-154.60567997874,0.2808806260310329,0.7846203106754523,1.1510674990882028,1821.4919290442913,545.5455380369997,593.795777974629,0.0,0,0,0,0,0,0.21649653293530235,1.0
hold_to_settlement,baseline,完全不卖，持有到结算,validation,haircut_0_9,0.9,entry_price_bin,>=20c,96,89,28,1,4143.755037987926,805.4616510120741,0.19437964928621368,0.3854166666666667,-15.124799999968001,-1.0,-340.113900006208,0.35436237050560887,1.4894052454271076,2.372499256287931,520.036351008074,-394.19715699568746,591.394426981565,0.0,0,0,0,0,0,0.11444267735980795,1.0
hold_to_settlement,baseline,完全不卖，持有到结算,validation,sampled_1_0,1.0,entry_price_bin,0-1c,185,138,33,1,636.1571064361864,567.6685075638136,0.8923401182200847,0.010810810810810811,-2.8000000000000003,-1.0,-23.666311002359,1.3832130099407969,2.1025336161734716,2.1025336161734716,-217.53795743212902,-625.873612432129,527.5648401488047,0.0,0,0,0,0,0,0.4957524787605026,1.0
hold_to_settlement,baseline,完全不卖，持有到结算,validation,sampled_1_0,1.0,entry_price_bin,1-2c,129,124,28,1,807.2977190595084,-694.0715190595083,-0.8597466618239586,0.007751937984496124,-4.47183999825,-1.0,-38.085884002458705,nan,nan,nan,-802.3695190606084,-802.3695190606084,694.0715190595084,0.0,0,0,0,0,0,0.14161111455491096,1.0
hold_to_settlement,baseline,完全不卖，持有到结算,validation,sampled_1_0,1.0,entry_price_bin,2-5c,206,180,34,1,2194.9256258967803,2356.5100791032196,1.0736172794649572,0.06310679611650485,-6.9637300022424995,-1.0,-107.67054097996353,0.3325552166975114,1.3987330150783048,1.8091047599657477,1572.8403590971786,-939.6183689032414,359.20946700006743,0.0,0,0,0,0,0,0.2077173130398101,1.0
hold_to_settlement,baseline,完全不卖，持有到结算,validation,sampled_1_0,1.0,entry_price_bin,5-10c,173,153,34,1,3491.0301600336625,1041.4633399663378,0.2983255062901821,0.10982658959537572,-12.236209998891,-1.0,-179.688812984796,0.5926643851101224,2.049658124341072,3.0463306390395193,424.2251099704538,-1093.1804559990544,626.4171290080515,0.0,0,0,0,0,0,0.1869785877135152,1.0
hold_to_settlement,baseline,完全不卖，持有到结算,validation,sampled_1_0,1.0,entry_price_bin,10-20c,209,196,34,1,5099.265653936283,2532.9479290637164,0.49672798025504994,0.20574162679425836,-15.171399995290002,-1.0,-154.60567997874,0.2808806260310329,0.7846203106754523,1.1510674990882028,1821.4919290442913,545.5455380369997,593.795777974629,0.0,0,0,0,0,0,0.21649653293530235,1.0
hold_to_settlement,baseline,完全不卖，持有到结算,validation,sampled_1_0,1.0,entry_price_bin,>=20c,96,89,28,1,4143.755037987926,805.4616510120741,0.19437964928621368,0.3854166666666667,-15.124799999968001,-1.0,-340.113900006208,0.35436237050560887,1.4894052454271076,2.372499256287931,520.036351008074,-394.19715699568746,591.394426981565,0.0,0,0,0,0,0,0.11444267735980795,1.0
ladder_1_5x25_2x25_3x25_hold,ladder_take_profit,1.5x卖25%，2x再卖25%，3x再卖25%，剩余持有结算,train,haircut_0_8,0.8,entry_price_bin,0-1c,208,179,33,1,449.42623652537225,733.1489825716153,1.6312999175121046,0.39903846153846156,-0.35893869922149935,-0.38825199169416036,-9.999951000000001,0.35403445434727276,0.8831567380151254,1.139015089995017,473.5889825716153,85.66351864455953,53.38689881422578,-42.45879490301252,79,138,79,4,662.76118659925,0.2835676378879921,1.0
ladder_1_5x25_2x25_3x25_hold,ladder_take_profit,1.5x卖25%，2x再卖25%，3x再卖25%，剩余持有结算,train,haircut_0_8,0.8,entry_price_bin,1-2c,223,211,37,1,1117.8320031652593,-228.83503639802794,-0.20471326259228345,0.39461883408071746,-0.7072230011277785,-0.2994242774303126,-56.690879994303,nan,nan,nan,-320.63524829627795,-435.07884116801694,243.55455585127672,623.4940667672313,85,149,85,3,128.19549753049998,0.23418895406088344,1.0
ladder_1_5x25_2x25_3x25_hold,ladder_take_profit,1.5x卖25%，2x再卖25%，3x再卖25%，剩余持有结算,train,haircut_0_8,0.8,entry_price_bin,2-5c,354,314,43,1,2398.8221475200967,1093.127225653041,0.4556933188161183,0.3192090395480226,-1.5482465,-0.5675019143609485,-47.959421003559996,0.5850849462038864,1.1947642956443822,1.5567443060052284,453.55494163782794,-212.90215415401212,167.23246549531336,-321.48512682686237,93,185,93,20,1710.157829700125,0.2699806942031271,1.0
ladder_1_5x25_2x25_3x25_hold,ladder_take_profit,1.5x卖25%，2x再卖25%，3x再卖25%，剩余持有结算,train,haircut_0_8,0.8,entry_price_bin,5-10c,378,333,38,1,4447.489737516219,831.974225264144,0.1870660247388845,0.30423280423280424,-2.9413963975,-0.6155541935963152,-73.83929599667063,0.3465952414622532,1.260930111455187,1.9663237208719322,543.615917768347,-217.0871273260159,484.58592212391136,-450.61486621963735,72,150,72,43,2138.4781157524,0.14632927066856083,1.0
ladder_1_5x25_2x25_3x25_hold,ladder_take_profit,1.5x卖25%，2x再卖25%，3x再卖25%，剩余持有结算,train,haircut_0_8,0.8,entry_price_bin,10-20c,473,416,43,1,7888.037368089418,2302.8629458285072,0.2919437165884382,0.3361522198731501,-3.8216433334503446,-0.5919956480623805,-74.09595800043421,0.1108199941334023,0.4579727945126336,0.7914768109425359,2047.6596876817625,1248.2143671478302,499.0733131924112,-959.2249750820749,58,137,58,101,3513.6877707744625,0.2022857445545533,1.0
ladder_1_5x25_2x25_3x25_hold,ladder_take_profit,1.5x卖25%，2x再卖25%，3x再卖25%，剩余持有结算,train,haircut_0_8,0.8,entry_price_bin,>=20c,387,355,43,1,13590.066672788022,4173.108411064429,0.3070704884340578,0.5090439276485789,1.0152999999999999,0.07259491103719751,-190.816699992179,0.07001223398166954,0.237112228601523,0.37673463358909876,3880.9397685581125,3183.6133755211813,206.14489222879274,-1329.5685831475496,7,32,7,145,2166.8279601770746,0.14540024688297812,1.0
ladder_1_5x25_2x25_3x25_hold,ladder_take_profit,1.5x卖25%，2x再卖25%，3x再卖25%，剩余持有结算,train,haircut_0_9,0.9,entry_price_bin,0-1c,208,179,33,1,449.42623652537225,818.1707469427785,1.8204783798744444,0.42788461538461536,-0.20732737750000005,-0.2586165050744241,-9.999951000000001,0.318685770634422,0.817301137262047,1.0674001662681776,557.4313719427785,149.47886499190713,47.76975094591328,42.56296946815074,85,142,85,4,661.2244557629344,0.27068718290923643,1.0
ladder_1_5x25_2x25_3x25_hold,ladder_take_profit,1.5x卖25%，2x再卖25%，3x再卖25%，剩余持有结算,train,haircut_0_9,0.9,entry_price_bin,1-2c,223,211,37,1,1117.8320031652593,-124.95717788928262,-0.11178529290220103,0.4349775784753363,-0.31582299999999996,-0.1374999999999998,-41.952868997469004,nan,nan,nan,-211.1145920014389,-328.09073779373836,185.68033773977652,727.3719252759767,94,164,94,3,133.05451296799998,0.18793457076467632,1.0
ladder_1_5x25_2x25_3x25_hold,ladder_take_profit,1.5x卖25%，2x再卖25%，3x再卖25%，剩余持有结算,train,haircut_0_9,0.9,entry_price_bin,2-5c,354,314,43,1,2398.8221475200967,1420.5738429792762,0.5921964012412784,0.3615819209039548,-1.0583636906334997,-0.3523716664647696,-46.99117625356,0.45444149222211944,0.9545927865422567,1.245253106241601,775.0061459640631,64.50429972064671,158.68508659277836,5.961490499372764,108,214,108,20,1651.7591954773281,0.27977439443319924,1.0
ladder_1_5x25_2x25_3x25_hold,ladder_take_profit,1.5x卖25%，2x再卖25%，3x再卖25%，剩余持有结算,train,haircut_0_9,0.9,entry_price_bin,5-10c,378,333,38,1,4447.489737516219,1220.5413794824588,0.27443377084982146,0.3333333333333333,-2.3629873276269566,-0.5696012836992972,-73.83929599667063,0.23901523464796193,0.8746835214709886,1.3698775030437362,928.8133952679118,152.95394757568351,391.76001982774324,-62.047712001322516,83,173,83,43,2070.1656420099016,0.14602017013280363,1.0
ladder_1_5x25_2x25_3x25_hold,ladder_take_profit,1.5x卖25%，2x再卖25%，3x再卖25%，剩余持有结算,train,haircut_0_9,0.9,entry_price_bin,10-20c,473,416,43,1,7888.037368089418,2876.7397060137127,0.36469651090287564,0.3678646934460888,-2.8031494059305118,-0.410485723662619,-74.09595800043421,0.09673288806222924,0.39153479791829077,0.6634982540910361,2598.464366047718,1750.3960065561105,310.22304849900866,-385.34821489686925,73,162,73,101,3331.244417312364,0.200065298099532,1.0
ladder_1_5x25_2x25_3x25_hold,ladder_take_profit,1.5x卖25%，2x再卖25%，3x再卖25%，剩余持有结算,train,haircut_0_9,0.9,entry_price_bin,>=20c,387,355,43,1,13590.066672788022,4321.804171984359,0.3180119918497599,0.524547803617571,1.6494739485447962,0.1366350636543694,-190.816699992179,0.06288308340195649,0.21889182324974182,0.3542682383773968,4050.0357997905426,3375.7965770503615,204.6171086506679,-1180.8728222276202,13,45,13,157,2215.4841327753797,0.14761961329703582,1.0
ladder_1_5x25_2x25_3x25_hold,ladder_take_profit,1.5x卖25%，2x再卖25%，3x再卖25%，剩余持有结算,train,sampled_1_0,1.0,entry_price_bin,0-1c,208,179,33,1,449.42623652537225,866.697769765948,1.9284538803666813,0.4519230769230769,-0.113720375,-0.10434539950684797,-9.999951000000001,0.3022030967850895,0.7960572329265146,1.0195515298646736,604.7790197659481,176.75674138248598,40.141979113069524,91.08999229132024,90,157,90,4,659.5951443928437,0.2698305484713835,1.0
ladder_1_5x25_2x25_3x25_hold,ladder_take_profit,1.5x卖25%，2x再卖25%，3x再卖25%，剩余持有结算,train,sampled_1_0,1.0,entry_price_bin,1-2c,223,211,37,1,1117.8320031652593,-2.7036139981811034,-0.0024186228257247378,0.48878923766816146,-0.0591524843830664,-0.03350665979991961,-35.85236899746901,nan,nan,nan,-106.14750352224361,-237.8650855179806,155.736061353714,849.6254891670782,106,170,106,3,114.98425520749998,0.20262827858028765,1.0
ladder_1_5x25_2x25_3x25_hold,ladder_take_profit,1.5x卖25%，2x再卖25%，3x再卖25%，剩余持有结算,train,sampled_1_0,1.0,entry_price_bin,2-5c,354,314,43,1,2398.8221475200967,1634.679384664755,0.6814508471812665,0.3926553672316384,-0.6119702512370178,-0.161336689522739,-44.92960250356,0.399713030056481,0.8338027160324968,1.0884937595502877,981.2767346495418,271.6792738889517,124.9259511844648,220.06703218485166,119,235,119,20,1652.775255496406,0.29538762567749194,1.0
ladder_1_5x25_2x25_3x25_hold,ladder_take_profit,1.5x卖25%，2x再卖25%，3x再卖25%，剩余持有结算,train,sampled_1_0,1.0,entry_price_bin,5-10c,378,333,38,1,4447.489737516219,1513.4233096700548,0.34028708304906696,0.35714285714285715,-1.6708895305454996,-0.3707107837769351,-73.83929599667063,0.19498686127520526,0.7336974059148533,1.1345965059259788,1218.3256487367578,403.02855331406386,329.1661204407708,230.83421818627352,92,195,92,43,2027.0059604053592,0.14183454570542234,1.0
ladder_1_5x25_2x25_3x25_hold,ladder_take_profit,1.5x卖25%，2x再卖25%，3x再卖25%，剩余持有结算,train,sampled_1_0,1.0,entry_price_bin,10-20c,473,416,43,1,7888.037368089418,3506.39428394391,0.4445204960778733,0.4080338266384778,-1.899762493499999,-0.21875,-67.18744472395498,0.07941373312217591,0.334977046858241,0.5627903260409775,3227.9384240576655,2331.8326815877626,227.2125858311897,244.3063630333281,92,183,92,101,3186.6306869776326,0.19926611994749527,1.0
ladder_1_5x25_2x25_3x25_hold,ladder_take_profit,1.5x卖25%，2x再卖25%，3x再卖25%，剩余持有结算,train,sampled_1_0,1.0,entry_price_bin,>=20c,387,355,43,1,13590.066672788022,4780.260372539916,0.35174664610819295,0.5426356589147286,2.4880375,0.21108431352621046,-190.816699992179,0.05844637833145208,0.20626039969901422,0.3278430396542559,4500.8714662836,3794.281957434474,195.34879740474162,-722.4166216720627,20,65,20,170,2171.531227634219,0.14706792596149199,1.0
ladder_1_5x25_2x25_3x25_hold,ladder_take_profit,1.5x卖25%，2x再卖25%，3x再卖25%，剩余持有结算,validation,haircut_0_8,0.8,entry_price_bin,0-1c,185,138,33,1,636.1571064361864,494.55240543069493,0.7774060847975516,0.31891891891891894,-0.7455120279359999,-0.5170218428701727,-23.666311002359,0.7762830079593058,1.5482521478484759,1.5997381123423322,110.63977654944495,-271.1394185010087,233.14991757177356,-73.11610213311866,57,109,57,2,459.1220963576499,0.38801707446043676,1.0
ladder_1_5x25_2x25_3x25_hold,ladder_take_profit,1.5x卖25%，2x再卖25%，3x再卖25%，剩余持有结算,validation,haircut_0_8,0.8,entry_price_bin,1-2c,129,124,28,1,807.2977190595084,-174.11166842103958,-0.21567219169636384,0.2868217054263566,-2.030139989296,-0.580612649891727,-22.12548075,nan,nan,nan,-223.93552092887958,-352.2012658486349,175.62527041847557,519.9598506384688,36,69,36,1,60.948346875000006,0.1862195392673022,1.0
ladder_1_5x25_2x25_3x25_hold,ladder_take_profit,1.5x卖25%，2x再卖25%，3x再卖25%，剩余持有结算,validation,haircut_0_8,0.8,entry_price_bin,2-5c,206,180,34,1,2194.9256258967803,1882.46023949732,0.8576419252147569,0.32038834951456313,-3.3194909735445566,-0.5920693465260883,-107.67054097996353,0.2774100315236881,1.250462739891677,1.521018852306806,1360.246885116279,-471.4861493216413,272.057475774646,-474.0498396058997,53,96,53,13,1452.6316147694872,0.16380747730100928,1.0
ladder_1_5x25_2x25_3x25_hold,ladder_take_profit,1.5x卖25%，2x再卖25%，3x再卖25%，剩余持有结算,validation,haircut_0_8,0.8,entry_price_bin,5-10c,173,153,34,1,3491.0301600336625,378.9512553164691,0.10854998036247702,0.2947976878612717,-5.509838376946,-0.6019647445884752,-166.877312984796,0.9192286029108853,3.157864536935025,4.685992007932974,30.60842232058502,-817.7254750744189,524.725316820239,-662.5120846498687,32,71,32,19,1893.1388787281876,0.16783625976889652,1.0
ladder_1_5x25_2x25_3x25_hold,ladder_take_profit,1.5x卖25%，2x再卖25%，3x再卖25%，剩余持有结算,validation,haircut_0_8,0.8,entry_price_bin,10-20c,209,196,34,1,5099.265653936283,1067.2777383286666,0.20930028179739987,0.291866028708134,-8.386999999079999,-0.6152587333607794,-154.60567997874,0.5074275097946909,1.2317002660744616,1.7757957397570026,525.7116533092416,-247.28853594610155,685.4397537312519,-1465.6701907350498,18,49,18,43,2545.5423953964496,0.20064363843663527,1.0
ladder_1_5x25_2x25_3x25_hold,ladder_take_profit,1.5x卖25%，2x再卖25%，3x再卖25%，剩余持有结算,validation,haircut_0_8,0.8,entry_price_bin,>=20c,96,89,28,1,4143.755037987926,580.7114529123867,0.1401413567135864,0.3958333333333333,-5.065074999756996,-0.4406163776767377,-213.41036000620798,0.44655913225655725,1.6295604927988148,2.520101908466474,321.38945040838667,-365.59298846943784,453.48471881189494,-224.7501980996874,1,12,1,35,805.5485300426874,0.13358944961198263,1.0
ladder_1_5x25_2x25_3x25_hold,ladder_take_profit,1.5x卖25%，2x再卖25%，3x再卖25%，剩余持有结算,validation,haircut_0_9,0.9,entry_price_bin,0-1c,185,138,33,1,636.1571064361864,553.8919785647004,0.8706842585908641,0.3891891891891892,-0.4688959375,-0.34544259940867067,-23.666311002359,0.6943808446889446,1.3947916322660805,1.450294459408941,169.27999862251295,-218.67191831664695,176.01983187459925,-13.776528999113266,70,120,70,2,457.83135344706875,0.3980720235873566,1.0
ladder_1_5x25_2x25_3x25_hold,ladder_take_profit,1.5x卖25%，2x再卖25%，3x再卖25%，剩余持有结算,validation,haircut_0_9,0.9,entry_price_bin,1-2c,129,124,28,1,807.2977190595084,-159.78151831383647,-0.19792142915996333,0.3643410852713178,-1.363352504136,-0.5235294117647059,-22.15675996875,nan,nan,nan,-207.11261089306146,-307.132829451987,161.87358587377244,534.2900007456719,46,82,46,1,60.96690742187501,0.13451370885007857,1.0
ladder_1_5x25_2x25_3x25_hold,ladder_take_profit,1.5x卖25%，2x再卖25%，3x再卖25%，剩余持有结算,validation,haircut_0_9,0.9,entry_price_bin,2-5c,206,180,34,1,2194.9256258967803,2063.590889145194,0.9401643795115259,0.34951456310679613,-2.559791951875,-0.5328623765939942,-72.29000238721352,0.25465933128009705,1.1441461890363096,1.3932396147684643,1538.078213279778,-297.4587624003293,264.9753135803868,-292.9191899580255,59,117,59,13,1441.0048221742825,0.16041596558400562,1.0
ladder_1_5x25_2x25_3x25_hold,ladder_take_profit,1.5x卖25%，2x再卖25%，3x再卖25%，剩余持有结算,validation,haircut_0_9,0.9,entry_price_bin,5-10c,173,153,34,1,3491.0301600336625,575.2447210758339,0.1647779293520303,0.31213872832369943,-4.5,-0.5709249444190055,-165.275875484796,0.7360441385564092,2.1429659453322425,3.178581277161371,151.8392158924499,-657.4851264218228,474.21899528791846,-466.2186188905039,35,80,35,19,1838.113199168089,0.19566243544808104,1.0
ladder_1_5x25_2x25_3x25_hold,ladder_take_profit,1.5x卖25%，2x再卖25%，3x再卖25%，剩余持有结算,validation,haircut_0_9,0.9,entry_price_bin,10-20c,209,196,34,1,5099.265653936283,1349.4744950674356,0.26464094766777524,0.3444976076555024,-6.527599994999999,-0.5806069815478494,-154.60567997874,0.35214503465527003,0.9369007124086756,1.3700105366498194,874.2637522355104,85.15087926141746,636.8618992156269,-1183.4734339962808,29,61,29,43,2572.376383826153,0.20260962477298022,1.0
ladder_1_5x25_2x25_3x25_hold,ladder_take_profit,1.5x卖25%，2x再卖25%，3x再卖25%，剩余持有结算,validation,haircut_0_9,0.9,entry_price_bin,>=20c,96,89,28,1,4143.755037987926,734.138489666074,0.17716744424702963,0.4375,-2.4338474999680004,-0.23033141077991023,-212.73640500620797,0.3867834116975082,1.3586239998556053,2.040093608035161,450.185899974574,-263.27968161200045,447.5573208275199,-71.3231613460001,5,14,5,37,755.1018691729611,0.14789704361344916,1.0
ladder_1_5x25_2x25_3x25_hold,ladder_take_profit,1.5x卖25%，2x再卖25%，3x再卖25%，剩余持有结算,validation,sampled_1_0,1.0,entry_price_bin,0-1c,185,138,33,1,636.1571064361864,625.3438506852668,0.9830022243852679,0.3837837837837838,-0.46629437500000004,-0.25902366178072106,-23.666311002359,0.6496356041137629,1.3072245151656263,1.3648269362043604,219.0982204665168,-192.12096133858688,150.3648995032579,57.67534312145322,69,125,69,2,418.5117683436249,0.39532601922790905,1.0
ladder_1_5x25_2x25_3x25_hold,ladder_take_profit,1.5x卖25%，2x再卖25%，3x再卖25%，剩余持有结算,validation,sampled_1_0,1.0,entry_price_bin,1-2c,129,124,28,1,807.2977190595084,-119.75617747206306,-0.14834202382186523,0.37209302325581395,-0.651423386032707,-0.12170932671723965,-21.925940906250002,nan,nan,nan,-167.07371653566307,-268.9768065383811,122.42671059449904,574.3153415874453,47,94,47,1,60.980460937500006,0.15735693928143196,1.0
ladder_1_5x25_2x25_3x25_hold,ladder_take_profit,1.5x卖25%，2x再卖25%，3x再卖25%，剩余持有结算,validation,sampled_1_0,1.0,entry_price_bin,2-5c,206,180,34,1,2194.9256258967803,2165.859487596579,0.9867575748548083,0.35436893203883496,-2.3212894495499996,-0.472167095689217,-102.03814446371354,0.23789453363269777,1.0831353086040065,1.3460099199305569,1650.613354880837,-180.05939689425713,243.7473764134711,-190.65059150664038,60,131,60,13,1401.0552035321873,0.15765154880157836,1.0
ladder_1_5x25_2x25_3x25_hold,ladder_take_profit,1.5x卖25%，2x再卖25%，3x再卖25%，剩余持有结算,validation,sampled_1_0,1.0,entry_price_bin,5-10c,173,153,34,1,3491.0301600336625,900.3083100233767,0.25789187396040586,0.36416184971098264,-4.046035874970734,-0.3087741511760639,-151.66365673479598,0.4733268366253547,1.4541111076509396,2.1272250743065335,474.1682256524927,-408.8400038920612,417.44043514891086,-141.15502994296105,44,91,44,19,1754.4583823822657,0.20470988792739203,1.0
ladder_1_5x25_2x25_3x25_hold,ladder_take_profit,1.5x卖25%，2x再卖25%，3x再卖25%，剩余持有结算,validation,sampled_1_0,1.0,entry_price_bin,10-20c,209,196,34,1,5099.265653936283,1881.8829882317166,0.36904980362790707,0.36363636363636365,-4.578125002000002,-0.40190375439713727,-105.22067997874001,0.31650699425478057,0.7406517088653851,1.075038977174604,1286.2538600872913,488.0631371131983,546.4095325125016,-651.0649408319997,33,81,33,43,2359.125311416531,0.23511684170402755,1.0
ladder_1_5x25_2x25_3x25_hold,ladder_take_profit,1.5x卖25%，2x再卖25%，3x再卖25%，剩余持有结算,validation,sampled_1_0,1.0,entry_price_bin,>=20c,96,89,28,1,4143.755037987926,1206.0895756741834,0.291061987163175,0.4270833333333333,-3.2403237500000017,-0.18459064924458968,-147.5248999936,0.23543562117496386,0.8489004519082961,1.2719042206361189,922.1331272326834,182.23958984248395,266.45054215564494,400.62792466210925,4,19,4,37,721.1272779528126,0.143694823356098,1.0
recover_principal_keep_free,principal_recovery,首次可收回累计本金时卖出足够份额，剩余作为免费仓位持有结算,train,haircut_0_8,0.8,entry_price_bin,0-1c,208,179,33,1,449.42623652537225,648.7680579827845,1.4435473616284047,0.052884615384615384,-0.30883000000000005,-0.27608514371020804,-9.999951000000001,0.754824280152732,1.3308273295020325,1.3308273295020325,159.0621756298433,-214.6302040886644,101.74364097061473,-126.83971949184323,7,139,5,4,355.5532136286221,0.48429369639517367,1.0
recover_principal_keep_free,principal_recovery,首次可收回累计本金时卖出足够份额，剩余作为免费仓位持有结算,train,haircut_0_8,0.8,entry_price_bin,1-2c,223,211,37,1,1117.8320031652593,-320.03960909056,-0.2863038526221598,0.04035874439461883,-0.1372460000060165,-0.10935206559865598,-34.76726899847701,nan,nan,nan,-437.43727925449446,-510.98034684765264,320.03960909056,532.2894940746992,6,155,6,3,70.38515673849233,0.17023958708063786,1.0
recover_principal_keep_free,principal_recovery,首次可收回累计本金时卖出足够份额，剩余作为免费仓位持有结算,train,haircut_0_8,0.8,entry_price_bin,2-5c,354,314,43,1,2398.8221475200967,1022.2236567177824,0.4261356590252252,0.07909604519774012,-0.18299049998701689,-0.050796645670086765,-48.60165996047999,0.7066483100897264,1.5996238808802157,1.8511281675172782,299.87103716442084,-612.949716168682,156.6143680767993,-392.38869576212085,8,190,2,20,1704.4196314374947,0.2894595161262617,1.0
recover_principal_keep_free,principal_recovery,首次可收回累计本金时卖出足够份额，剩余作为免费仓位持有结算,train,haircut_0_8,0.8,entry_price_bin,5-10c,378,333,38,1,4447.489737516219,835.8172513680499,0.18793011354644007,0.14285714285714285,-4.440892098500626e-16,-1.124093329247842e-16,-141.72238799564744,0.4231220519980486,1.4187318536867535,2.140741462529157,482.16454087383187,-349.98330700871065,263.0611155253239,-446.77184011573144,11,158,6,43,2517.6183783527404,0.14826202749817236,1.0
recover_principal_keep_free,principal_recovery,首次可收回累计本金时卖出足够份额，剩余作为免费仓位持有结算,train,haircut_0_8,0.8,entry_price_bin,10-20c,473,416,43,1,7888.037368089418,2029.3426759513277,0.25726839025394477,0.24735729386892177,0.0,0.0,-159.98960338032043,0.1530868218041875,0.5953214847212541,0.9471288632687722,1718.6770553383337,821.2313810957803,261.763113444611,-1232.7452449592543,17,142,6,101,4954.25122427227,0.24875748469792155,1.0
recover_principal_keep_free,principal_recovery,首次可收回累计本金时卖出足够份额，剩余作为免费仓位持有结算,train,haircut_0_8,0.8,entry_price_bin,>=20c,387,355,43,1,13590.066672788022,1139.084271452102,0.08381741597581267,0.5038759689922481,4.440892098500626e-16,1.2368794837624292e-16,-190.816699992179,0.2093525877295089,0.644957956774192,1.0058015648100223,900.6140315816222,404.4228071427352,351.7786547651008,-4363.592722759877,9,32,3,179,6883.270967320604,0.16053467861105794,1.0
recover_principal_keep_free,principal_recovery,首次可收回累计本金时卖出足够份额，剩余作为免费仓位持有结算,train,haircut_0_9,0.9,entry_price_bin,0-1c,208,179,33,1,449.42623652537225,693.5061806820844,1.5430923348929422,0.03365384615384615,-0.3588800000000002,-0.3121723927727326,-9.9048299988,0.7238014574290194,1.3027869296747683,1.3027869296747683,191.54539636835887,-209.9846071592035,96.38650404115391,-82.10159679254336,3,146,2,4,315.46068785878305,0.4783892991674361,1.0
recover_principal_keep_free,principal_recovery,首次可收回累计本金时卖出足够份额，剩余作为免费仓位持有结算,train,haircut_0_9,0.9,entry_price_bin,1-2c,223,211,37,1,1117.8320031652593,-350.389180048235,-0.3134542391487013,0.03139013452914798,-0.2520099992001665,-0.20097454907457135,-35.848479996143,nan,nan,nan,-474.5595401939545,-549.425713610095,350.38918004823506,501.9399231170242,4,166,4,3,62.28936093372486,0.16901281902316237,1.0
recover_principal_keep_free,principal_recovery,首次可收回累计本金时卖出足够份额，剩余作为免费仓位持有结算,train,haircut_0_9,0.9,entry_price_bin,2-5c,354,314,43,1,2398.8221475200967,1251.1296996622993,0.5215600085048897,0.07062146892655367,-0.25517100000000026,-0.06171553794085245,-48.60165996047999,0.5927807571952666,1.382137364911679,1.7112196163753037,509.48408894699514,-478.1034065916915,159.15811189153263,-163.48265281760396,5,219,2,20,1407.0531377738894,0.2628517319076483,1.0
recover_principal_keep_free,principal_recovery,首次可收回累计本金时卖出足够份额，剩余作为免费仓位持有结算,train,haircut_0_9,0.9,entry_price_bin,5-10c,378,333,38,1,4447.489737516219,1222.051837338492,0.2747733911626672,0.12962962962962962,-8.881784197001252e-16,-1.3141545600137607e-16,-145.92238799564745,0.2985168589815748,1.007632026158724,1.5685520909028994,857.248761343543,-9.326731589884048,256.3871960220026,-60.53725414528929,6,188,2,43,2041.246265345785,0.13167373990069448,1.0
recover_principal_keep_free,principal_recovery,首次可收回累计本金时卖出足够份额，剩余作为免费仓位持有结算,train,haircut_0_9,0.9,entry_price_bin,10-20c,473,416,43,1,7888.037368089418,2166.9839302904616,0.27471775666997533,0.23678646934460887,0.0,0.0,-159.98960338032043,0.1477572594331296,0.6227780402753937,1.0050967891198237,1846.796323515111,817.4339248758974,225.54283886903113,-1095.1039906201204,11,167,6,101,4645.25583899565,0.29146296714943737,1.0
recover_principal_keep_free,principal_recovery,首次可收回累计本金时卖出足够份额，剩余作为免费仓位持有结算,train,haircut_0_9,0.9,entry_price_bin,>=20c,387,355,43,1,13590.066672788022,1811.4877037768465,0.1332949828277198,0.49870801033591733,0.0,0.0,-116.50300300007765,0.1319489938500014,0.43913510596917477,0.6813512106202938,1572.4637238918422,1015.9998590169439,190.37873610620977,-3691.189290435132,4,47,0,186,6478.092092276938,0.19818181109594374,1.0
recover_principal_keep_free,principal_recovery,首次可收回累计本金时卖出足够份额，剩余作为免费仓位持有结算,train,sampled_1_0,1.0,entry_price_bin,0-1c,208,179,33,1,449.42623652537225,728.0085147623995,1.6198620721184798,0.038461538461538464,-0.29995,-0.2663860037183272,-9.9048299988,0.7029652751374451,1.2851014644553984,1.2851014644553984,216.24380888004657,-207.55629369475957,93.78319057671003,-47.599262712228295,4,161,3,4,283.38666724291187,0.47531226003231614,1.0
recover_principal_keep_free,principal_recovery,首次可收回累计本金时卖出足够份额，剩余作为免费仓位持有结算,train,sampled_1_0,1.0,entry_price_bin,1-2c,223,211,37,1,1117.8320031652593,-324.16800462111956,-0.2899970690615438,0.03139013452914798,-0.12941200000000003,-0.10935206559865598,-35.848479996143,nan,nan,nan,-453.7565167522671,-529.6811748267937,324.1680046211195,528.1610985441397,4,172,3,3,55.81272428991086,0.1786272658449742,1.0
recover_principal_keep_free,principal_recovery,首次可收回累计本金时卖出足够份额，剩余作为免费仓位持有结算,train,sampled_1_0,1.0,entry_price_bin,2-5c,354,314,43,1,2398.8221475200967,1421.9410485610285,0.5927663499484661,0.07344632768361582,-0.26343000000000005,-0.10613128489017845,-49.1940800048,0.5324271385308172,1.2609566413689408,1.5772667731676726,664.8610449161703,-371.0649602571159,169.50701421153263,7.328696081125208,6,242,4,20,1251.0484839221579,0.2598460039017149,1.0
recover_principal_keep_free,principal_recovery,首次可收回累计本金时卖出足够份额，剩余作为免费仓位持有结算,train,sampled_1_0,1.0,entry_price_bin,5-10c,378,333,38,1,4447.489737516219,1331.3559495334737,0.29934997675272734,0.1402116402116402,-0.21299999999999963,-0.05831669260062265,-145.92238799564745,0.2807088281135423,0.9519149812314424,1.4798262879309356,957.63258113794,64.01827582094802,244.87061842054572,48.76685804969234,10,207,8,43,1845.3147601519172,0.12444568146563265,1.0
recover_principal_keep_free,principal_recovery,首次可收回累计本金时卖出足够份额，剩余作为免费仓位持有结算,train,sampled_1_0,1.0,entry_price_bin,10-20c,473,416,43,1,7888.037368089418,2658.7051167080904,0.33705533995867243,0.24947145877378435,0.0,0.0,-165.01520338032043,0.12329505579434548,0.5443873191688274,0.8583698615717326,2330.8999210028546,1211.3397657629287,229.53709029634547,-603.3828042024919,18,192,10,101,4087.110596267114,0.2809166448527282,1.0
recover_principal_keep_free,principal_recovery,首次可收回累计本金时卖出足够份额，剩余作为免费仓位持有结算,train,sampled_1_0,1.0,entry_price_bin,>=20c,387,355,43,1,13590.066672788022,2692.8288727463,0.19814684781041345,0.48578811369509045,0.0,0.0,-126.50685020933491,0.12230275391653748,0.36594938854315084,0.5333335963906778,2363.4884857834622,1707.3897933134494,230.6323263887764,-2809.8481214656786,3,68,2,190,5288.531280955602,0.1631202657465543,1.0
recover_principal_keep_free,principal_recovery,首次可收回累计本金时卖出足够份额，剩余作为免费仓位持有结算,validation,haircut_0_8,0.8,entry_price_bin,0-1c,185,138,33,1,636.1571064361864,445.54413144577063,0.7003680803657951,0.02702702702702703,-0.3079399999999999,-0.41815565790253895,-16.884240998,0.913102616823156,1.6917198437108054,1.6917198437108054,38.716619112437286,-308.191716969935,268.0343819755848,-122.12437611804297,3,112,1,2,439.806271580237,0.37918052796093055,1.0
recover_principal_keep_free,principal_recovery,首次可收回累计本金时卖出足够份额，剩余作为免费仓位持有结算,validation,haircut_0_8,0.8,entry_price_bin,1-2c,129,124,28,1,807.2977190595084,-391.8790831733721,-0.4854207734290471,0.03875968992248062,-0.3858299999999999,-0.11901574437702889,-35.0268509990667,nan,nan,nan,-413.5887606370818,-415.117123007555,393.40744554384537,302.19243588613625,4,73,3,1,86.58832253739031,0.2248945064638931,1.0
recover_principal_keep_free,principal_recovery,首次可收回累计本金时卖出足够份额，剩余作为免费仓位持有结算,validation,haircut_0_8,0.8,entry_price_bin,2-5c,206,180,34,1,2194.9256258967803,1623.8945112026825,0.7398403353823018,0.09223300970873786,-1.1693235006985319,-0.18055401264625448,-93.28995398020628,0.40537872821912313,1.4384055379484255,1.7055982889230727,965.6022194893244,-711.9243467553076,234.68642199531564,-732.6155679005371,6,102,2,13,1619.9352788457722,0.2024203839821373,1.0
recover_principal_keep_free,principal_recovery,首次可收回累计本金时卖出足够份额，剩余作为免费仓位持有结算,validation,haircut_0_8,0.8,entry_price_bin,5-10c,173,153,34,1,3491.0301600336625,-89.86011313389209,-0.02574028553595355,0.11560693641618497,-2.5116300000000003,-0.14659027316771017,-147.91401299769598,nan,nan,nan,-528.8210507521613,-1286.1291223807405,417.8462261331645,-1131.32345310023,1,75,0,19,2679.132189156063,0.2053632623483129,1.0
recover_principal_keep_free,principal_recovery,首次可收回累计本金时卖出足够份额，剩余作为免费仓位持有结算,validation,haircut_0_8,0.8,entry_price_bin,10-20c,209,196,34,1,5099.265653936283,831.977536042213,0.16315634299224702,0.22488038277511962,0.0,0.0,-82.511600005436,0.850045186777185,1.597745159928705,2.076643180643314,124.75903602278788,-497.31054533864256,462.9994873141486,-1700.9703930215032,4,52,3,43,4176.435457010667,0.22218255676648643,1.0
recover_principal_keep_free,principal_recovery,首次可收回累计本金时卖出足够份额，剩余作为免费仓位持有结算,validation,haircut_0_8,0.8,entry_price_bin,>=20c,96,89,28,1,4143.755037987926,-28.573419927100055,-0.0068955379034602365,0.3854166666666667,0.0,0.0,-314.4523000016,nan,nan,nan,-311.2351199311001,-827.0040451752184,525.7272729195295,-834.0350709391741,1,12,1,37,2208.7727499212947,0.2499266789772428,1.0
recover_principal_keep_free,principal_recovery,首次可收回累计本金时卖出足够份额，剩余作为免费仓位持有结算,validation,haircut_0_9,0.9,entry_price_bin,0-1c,185,138,33,1,636.1571064361864,502.3763109358396,0.789704784955088,0.03783783783783784,-0.2519199999999999,-0.3569672276863461,-16.884240998,0.810141487771986,1.598991593430751,1.598991593430751,95.38041897287667,-300.91918698932096,260.8141719949708,-65.29219662797401,5,122,3,2,390.24662207078205,0.40585462064331945,1.0
recover_principal_keep_free,principal_recovery,首次可收回累计本金时卖出足够份额，剩余作为免费仓位持有结算,validation,haircut_0_9,0.9,entry_price_bin,1-2c,129,124,28,1,807.2977190595084,-368.91526371019717,-0.45697548128833904,0.031007751937984496,-0.41999999999999993,-0.11901574437702889,-35.0268509990667,nan,nan,nan,-400.490532566828,-402.15198800724863,370.57671915061786,325.1562553493112,3,84,2,1,76.72273114446918,0.21755109069949177,1.0
recover_principal_keep_free,principal_recovery,首次可收回累计本金时卖出足够份额，剩余作为免费仓位持有结算,validation,haircut_0_9,0.9,entry_price_bin,2-5c,206,180,34,1,2194.9256258967803,1979.8733083495283,0.9020229592246944,0.08737864077669903,-1.338523500698532,-0.20421355371927585,-93.28995398020628,0.39343169682437107,1.274590633251399,1.5375764740057092,1200.9283931482921,-543.6546654972392,199.868540661691,-376.63677075369117,5,121,1,13,1332.4535927293475,0.22777247393376268,1.0
recover_principal_keep_free,principal_recovery,首次可收回累计本金时卖出足够份额，剩余作为免费仓位持有结算,validation,haircut_0_9,0.9,entry_price_bin,5-10c,173,153,34,1,3491.0301600336625,257.066161831236,0.07363619047873171,0.1329479768786127,-1.8000000000000007,-0.10714285714285718,-147.91401299769598,1.7935800398145403,5.016039485406674,6.318574651016612,-204.00257494100333,-1032.3878562761859,395.23027698005546,-784.3971781351017,4,87,1,19,2370.828300179515,0.22751919170525478,1.0
recover_principal_keep_free,principal_recovery,首次可收回累计本金时卖出足够份额，剩余作为免费仓位持有结算,validation,haircut_0_9,0.9,entry_price_bin,10-20c,209,196,34,1,5099.265653936283,1109.121152786359,0.21750605441201,0.22488038277511962,0.0,0.0,-96.20100799797787,0.6381082279197001,1.2207256778929223,1.587472969288425,401.3818194336005,-244.81151831414854,352.77609650587806,-1423.8267762773573,4,66,4,43,3915.5183332707743,0.2514458776199878,1.0
recover_principal_keep_free,principal_recovery,首次可收回累计本金时卖出足够份额，剩余作为免费仓位持有结算,validation,haircut_0_9,0.9,entry_price_bin,>=20c,96,89,28,1,4143.755037987926,17.45936721425808,0.0042134168294696754,0.40625,0.0,0.0,-314.4523000016,16.208397658282028,44.87797952444488,56.255874607044596,-265.5289994564086,-766.0817571369803,495.47588721186673,-788.0022837978161,2,14,1,37,2251.08081976935,0.256858642905968,1.0
recover_principal_keep_free,principal_recovery,首次可收回累计本金时卖出足够份额，剩余作为免费仓位持有结算,validation,sampled_1_0,1.0,entry_price_bin,0-1c,185,138,33,1,636.1571064361864,557.3769825212179,0.8761624713173412,0.021621621621621623,-0.17569600008319977,-0.22932264801549354,-16.884240998,0.7818992092115458,1.5123394829111658,1.5123394829111658,121.56436065516004,-285.5662350115067,248.89377999079642,-10.29152504259567,2,127,1,2,350.59890246321805,0.4320485568966868,1.0
recover_principal_keep_free,principal_recovery,首次可收回累计本金时卖出足够份额，剩余作为免费仓位持有结算,validation,sampled_1_0,1.0,entry_price_bin,1-2c,129,124,28,1,807.2977190595084,-367.8928351626073,-0.4557089986469896,0.031007751937984496,-0.41999999999999993,-0.11901574437702889,-35.0268509990667,nan,nan,nan,-407.360577133575,-409.1285070299536,369.6607650589859,326.1786838969011,3,96,2,1,68.83025803013226,0.21788333268413498,1.0
recover_principal_keep_free,principal_recovery,首次可收回累计本金时卖出足够份额，剩余作为免费仓位持有结算,validation,sampled_1_0,1.0,entry_price_bin,2-5c,206,180,34,1,2194.9256258967803,2131.60235002841,0.9711501496354811,0.08737864077669903,-1.176423500698531,-0.18055401264625448,-102.85995398020628,0.36565234396149376,1.2015877283723393,1.4864599906012126,1352.1769543466935,-429.70487553536714,192.33632422839855,-224.90772907480957,5,134,3,13,1192.050211056027,0.22149841616718016,1.0
recover_principal_keep_free,principal_recovery,首次可收回累计本金时卖出足够份额，剩余作为免费仓位持有结算,validation,sampled_1_0,1.0,entry_price_bin,5-10c,173,153,34,1,3491.0301600336625,416.15590636129014,0.11920719308746314,0.14450867052023122,-2.2948829999999987,-0.14659027316771017,-147.91401299769598,1.1504221585642456,3.2776226513813027,4.262120669651159,-62.599069734125294,-947.8461188345907,364.4900371281054,-625.3074336050477,6,96,3,19,2196.626027647456,0.23149971813335973,1.0
recover_principal_keep_free,principal_recovery,首次可收回累计本金时卖出足够份额，剩余作为免费仓位持有结算,validation,sampled_1_0,1.0,entry_price_bin,10-20c,209,196,34,1,5099.265653936283,1676.2162641736186,0.32871718751889195,0.22488038277511962,0.0,0.0,-96.20100799797787,0.4224729321359669,0.8672398841979229,1.1492622703116517,968.0602641541934,222.53466534101472,374.36663904482293,-856.7316648900978,4,84,3,43,3354.542028889149,0.26839150591113886,1.0
recover_principal_keep_free,principal_recovery,首次可收回累计本金时卖出足够份额，剩余作为免费仓位持有结算,validation,sampled_1_0,1.0,entry_price_bin,>=20c,96,89,28,1,4143.755037987926,238.75555228312396,0.05761816277611236,0.3958333333333333,0.0,0.0,-314.4523000016,1.1863585885035814,3.4169798071985,4.49691963944033,-44.494147720876015,-577.0673487248364,479.7031966431507,-566.7060987289501,1,20,1,37,2012.0975897049611,0.24938936914739923,1.0
tp_1_5x_sell_100pct,single_take_profit,1.5x触发后卖出100%当前已买入且未卖出的份额，剩余持有结算,train,haircut_0_8,0.8,entry_price_bin,0-1c,208,179,33,1,449.42623652537225,688.5250818758278,1.5320090949718226,0.5673076923076923,0.128145,0.46861870427286745,-9.999951000000001,0.19755806186297079,0.6900853185866529,0.8586340237646961,552.501401156396,213.3840313946459,19.215490864474432,-87.08269559879996,114,138,96,4,1146.7276234048,0.41811488314590795,1.0
tp_1_5x_sell_100pct,single_take_profit,1.5x触发后卖出100%当前已买入且未卖出的份额，剩余持有结算,train,haircut_0_8,0.8,entry_price_bin,1-2c,223,211,37,1,1117.8320031652593,250.41017637794084,0.2240141413637094,0.5829596412556054,0.6928742058206563,0.5333333333333333,-56.690879994303,0.30761569323544363,0.9787993648474204,1.3932857742352827,173.38007637823085,5.308854787881842,95.65943837619577,1102.7392795432002,127,149,111,3,221.743563296,0.22848281641903465,1.0
tp_1_5x_sell_100pct,single_take_profit,1.5x触发后卖出100%当前已买入且未卖出的份额，剩余持有结算,train,haircut_0_8,0.8,entry_price_bin,2-5c,354,314,43,1,2398.8221475200967,1139.7607292207033,0.4751334859897756,0.5932203389830508,0.8836340061245003,0.51,-40.41374302553509,0.5853251940618756,0.8153819774563037,0.9826319652240069,472.6300592054903,210.4203720016875,107.13126048384402,-274.85162325919987,190,185,140,20,2818.895924952,0.4383960822685797,1.0
tp_1_5x_sell_100pct,single_take_profit,1.5x触发后卖出100%当前已买入且未卖出的份额，剩余持有结算,train,haircut_0_8,0.8,entry_price_bin,5-10c,378,333,38,1,4447.489737516219,685.6553642873816,0.15416682325394152,0.4973544973544973,-0.13390799999999814,-0.018887218713697085,-73.83929599667063,0.38219654311661405,1.3237052154879962,1.898671728059006,423.6002542873817,-221.95021744714745,253.15033643288666,-596.9337271963997,145,150,111,43,3602.7299050068,0.16528442185364087,1.0
tp_1_5x_sell_100pct,single_take_profit,1.5x触发后卖出100%当前已买入且未卖出的份额，剩余持有结算,train,haircut_0_8,0.8,entry_price_bin,10-20c,473,416,43,1,7888.037368089418,1456.5479244921826,0.1846527667813238,0.5687103594080338,2.182679999999999,0.5142620939020591,-74.09595800043421,0.1355176124454431,0.5940868792195837,0.936968700805804,1259.1600273526365,591.2319135968601,190.24336802148036,-1805.5399964183996,168,137,120,101,6594.1152237996,0.1474172245462164,1.0
tp_1_5x_sell_100pct,single_take_profit,1.5x触发后卖出100%当前已买入且未卖出的份额，剩余持有结算,train,haircut_0_8,0.8,entry_price_bin,>=20c,387,355,43,1,13590.066672788022,2447.917225328779,0.18012547578080315,0.661498708010336,7.008620001383001,0.5199999999999999,-190.816699992179,0.09820752822592295,0.3439746542740283,0.5020259594394149,2207.51332532758,1605.8957440548734,324.0985749787926,-3054.7597688831993,66,32,31,145,5183.2216935199995,0.19841101422644353,1.0
tp_1_5x_sell_100pct,single_take_profit,1.5x触发后卖出100%当前已买入且未卖出的份额，剩余持有结算,train,haircut_0_9,0.9,entry_price_bin,0-1c,208,179,33,1,449.42623652537225,794.2397318043777,1.7672304535330328,0.5528846153846154,0.13714874999999999,0.5156978012131082,-9.999951000000001,0.19320154932418607,0.6752223543228262,0.8346193197007287,640.7913850849459,257.95131019869575,13.813945098674466,18.631954329749977,111,142,93,4,1143.9305745804,0.41512754380895867,1.0
tp_1_5x_sell_100pct,single_take_profit,1.5x触发后卖出100%当前已买入且未卖出的份额，剩余持有结算,train,haircut_0_9,0.9,entry_price_bin,1-2c,223,211,37,1,1117.8320031652593,341.98478527949084,0.3059357616449742,0.5919282511210763,0.8872500000000001,0.53,-41.952868997469004,0.25754135502762077,0.7354866045991673,1.0077748545498513,253.90956027978083,90.45955672970283,32.2078221537309,1194.31388844475,129,164,120,3,248.358891224,0.30923195956726646,1.0
tp_1_5x_sell_100pct,single_take_profit,1.5x触发后卖出100%当前已买入且未卖出的份额，剩余持有结算,train,haircut_0_9,0.9,entry_price_bin,2-5c,354,314,43,1,2398.8221475200967,1730.4490808391033,0.7213744806500316,0.615819209039548,1.1966081499999999,0.5369073070362906,-40.41374302553509,0.38387172981311013,0.6766134791297483,0.8204426268684952,1066.1785988238903,559.6039077956825,67.57854488573048,315.83672835920004,198,214,158,20,2536.333872571,0.3620715753164993,1.0
tp_1_5x_sell_100pct,single_take_profit,1.5x触发后卖出100%当前已买入且未卖出的份额，剩余持有结算,train,haircut_0_9,0.9,entry_price_bin,5-10c,378,333,38,1,4447.489737516219,1251.4466077292816,0.2813826858717328,0.5714285714285714,1.1525489997120002,0.5000000000000002,-73.83929599667063,0.20940537405387244,0.7301559955157079,1.0685531462439102,989.3869627292815,337.69536402795245,153.04713121910504,-31.14248375449982,173,173,129,43,3567.27514696715,0.15280537090505455,1.0
tp_1_5x_sell_100pct,single_take_profit,1.5x触发后卖出100%当前已买入且未卖出的份额，剩余持有结算,train,haircut_0_9,0.9,entry_price_bin,10-20c,473,416,43,1,7888.037368089418,2339.0388247082324,0.29652988640376804,0.5919661733615222,3.099000000000002,0.5218181818181816,-74.09595800043421,0.1267393664218141,0.4832822023875249,0.717484656928159,2042.5905260286863,1208.62299003331,188.14002802148025,-923.0490962023495,179,162,131,101,6160.07762805555,0.16547196084199325,1.0
tp_1_5x_sell_100pct,single_take_profit,1.5x触发后卖出100%当前已买入且未卖出的份额，剩余持有结算,train,haircut_0_9,0.9,entry_price_bin,>=20c,387,355,43,1,13590.066672788022,2709.707592943079,0.1993888373166589,0.6976744186046512,7.640450000000005,0.5290197073821433,-190.816699992179,0.06563049329131909,0.24210161547260572,0.38465746737724826,2531.8681469429916,2053.6830072331736,321.3069899787929,-2792.9694012688997,80,45,44,157,5386.7573759333,0.2029425382335866,1.0
tp_1_5x_sell_100pct,single_take_profit,1.5x触发后卖出100%当前已买入且未卖出的份额，剩余持有结算,train,sampled_1_0,1.0,entry_price_bin,0-1c,208,179,33,1,449.42623652537225,784.4520650881277,1.7454523152740808,0.5817307692307693,0.18677499999999997,0.443423107681242,-9.999951000000001,0.21782467065114475,0.6885901723513991,0.8103111279890481,613.5790523686959,244.28608238768288,15.258232497908878,8.844287613499885,117,157,106,4,1141.1335257560002,0.3483189732099179,1.0
tp_1_5x_sell_100pct,single_take_profit,1.5x触发后卖出100%当前已买入且未卖出的份额，剩余持有结算,train,sampled_1_0,1.0,entry_price_bin,1-2c,223,211,37,1,1117.8320031652593,544.7715172617408,0.4873465026221854,0.6143497757847534,1.0334999999999999,0.5453912077953413,-17.609849992097136,0.18219436309536774,0.6398271809208064,0.8820967009503551,445.5172176417408,196.21189312621078,32.653607560698674,1397.100620427,134,170,126,3,149.50400136,0.2764305563956761,1.0
tp_1_5x_sell_100pct,single_take_profit,1.5x触发后卖出100%当前已买入且未卖出的份额，剩余持有结算,train,sampled_1_0,1.0,entry_price_bin,2-5c,354,314,43,1,2398.8221475200967,1806.4871574174033,0.7530725690876877,0.632768361581921,1.300909386988084,0.5612020157909288,-43.25749996047999,0.36870594251410665,0.655456691282102,0.7898296116605376,1140.4246074021903,622.4130623729823,58.17106963968081,391.8748049374999,204,235,167,20,2596.16958119,0.3795661443240766,1.0
tp_1_5x_sell_100pct,single_take_profit,1.5x触发后卖出100%当前已买入且未卖出的份额，剩余持有结算,train,sampled_1_0,1.0,entry_price_bin,5-10c,378,333,38,1,4447.489737516219,1386.8394256037814,0.3118252109510852,0.6005291005291006,1.9951073075000096,0.5156784557101715,-129.78554924564745,0.18900428929317659,0.6633437935813041,0.9680372699011851,1124.7208256037813,466.88809993565224,302.2305047883244,104.25033411999999,184,195,137,43,3572.065004312,0.164641505452991,1.0
tp_1_5x_sell_100pct,single_take_profit,1.5x触发后卖出100%当前已买入且未卖出的份额，剩余持有结算,train,sampled_1_0,1.0,entry_price_bin,10-20c,473,416,43,1,7888.037368089418,3380.458695451082,0.4285551066386329,0.6575052854122622,4.2050749995,0.5384615384615385,-82.55450218032044,0.08765476045552056,0.34317736898829976,0.5135676433775416,3084.1453982715357,2220.3617743725595,101.43649202148026,118.37077454050002,210,183,147,101,5862.051548769,0.18434964279595764,1.0
tp_1_5x_sell_100pct,single_take_profit,1.5x触发后卖出100%当前已买入且未卖出的份额，剩余持有结算,train,sampled_1_0,1.0,entry_price_bin,>=20c,387,355,43,1,13590.066672788022,3229.7771139314787,0.23765719416215972,0.7545219638242894,8.5,0.5370370370370368,-190.816699992179,0.0743174812174644,0.21667240696785955,0.3244891953699826,2989.7482139302797,2529.9735326862383,332.37276990370356,-2272.8998802805,102,65,62,170,5371.105767812,0.14012611557904686,1.0
tp_1_5x_sell_100pct,single_take_profit,1.5x触发后卖出100%当前已买入且未卖出的份额，剩余持有结算,validation,haircut_0_8,0.8,entry_price_bin,0-1c,185,138,33,1,636.1571064361864,484.3373194714137,0.76134859545108,0.4918918918918919,-0.12196900000000005,-0.15454113649708648,-23.666311002359,0.8356079458045705,1.1775906473598028,1.2620239881388828,79.62120687141368,-86.01377810544,55.000172442552774,-83.33118809239984,89,109,77,2,687.0457223999999,0.5237687390467243,1.0
tp_1_5x_sell_100pct,single_take_profit,1.5x触发后卖出100%当前已买入且未卖出的份额，剩余持有结算,validation,haircut_0_8,0.8,entry_price_bin,1-2c,129,124,28,1,807.2977190595084,79.3907966600917,0.09834141083983362,0.5038759689922481,0.011573280000000007,0.18619800628315555,-31.184130502458704,1.1148518938131764,2.981124850352707,3.847230619498425,-9.118183347748328,-157.28308015260635,76.37783711904125,773.4623157196,64,69,45,1,106.08000000000001,0.2647271951171622,1.0
tp_1_5x_sell_100pct,single_take_profit,1.5x触发后卖出100%当前已买入且未卖出的份额，剩余持有结算,validation,haircut_0_8,0.8,entry_price_bin,2-5c,206,180,34,1,2194.9256258967803,1672.4937211876197,0.7619819557686787,0.46601941747572817,-0.8449644995999978,-0.1884557210274281,-107.67054097996353,0.31488667809890214,1.1796451038186158,1.3740293827688315,1145.8477291815789,-300.4553081787328,265.5321939413741,-684.0163579155999,83,96,60,13,2190.3240756052,0.20697028683714003,1.0
tp_1_5x_sell_100pct,single_take_profit,1.5x触发后卖出100%当前已买入且未卖出的份额，剩余持有结算,validation,haircut_0_8,0.8,entry_price_bin,5-10c,173,153,34,1,3491.0301600336625,157.60337056193794,0.045145233165335426,0.48554913294797686,-0.9012499988909983,-0.11734825331171884,-128.44281298479598,2.6645947259791916,7.052792091572317,8.1258359598579,-262.34573943394605,-953.9404349424392,466.7360081056594,-883.8599694043997,65,71,50,19,3003.8226120875997,0.26551301657833287,1.0
tp_1_5x_sell_100pct,single_take_profit,1.5x触发后卖出100%当前已买入且未卖出的份额，剩余持有结算,validation,haircut_0_8,0.8,entry_price_bin,10-20c,209,196,34,1,5099.265653936283,253.21566647411663,0.049657280804472605,0.5263157894736842,1.2105734211802215,0.20104443120091578,-154.60567997874,2.792623418076336,4.7124660070550455,5.635423576210339,-453.92033354530844,-940.0545542389459,776.2634779812519,-2279.7322625896,67,49,42,43,4601.2876621168,0.25757518072735125,1.0
tp_1_5x_sell_100pct,single_take_profit,1.5x触发后卖出100%当前已买入且未卖出的份额，剩余持有结算,validation,haircut_0_8,0.8,entry_price_bin,>=20c,96,89,28,1,4143.755037987926,699.8179825200743,0.16888497898753288,0.5833333333333334,10.330483409950304,0.5060145756517838,-168.41334300134858,0.4040586939274439,1.179415395562445,1.7113427848556495,417.0504425160743,-125.55812015555125,148.75297901921255,-105.64366849199975,19,12,11,35,1839.562358492,0.19280169341449618,1.0
tp_1_5x_sell_100pct,single_take_profit,1.5x触发后卖出100%当前已买入且未卖出的份额，剩余持有结算,validation,haircut_0_9,0.9,entry_price_bin,0-1c,185,138,33,1,636.1571064361864,574.4368077470637,0.9029794714785381,0.4972972972972973,-0.011999999999999997,-0.04885877855922216,-23.666311002359,0.7045479839415266,1.0118092050131595,1.0912548906276418,169.71851294706363,-6.78364202979003,32.806316530642,6.76830018325011,90,120,84,2,685.8305627,0.515511728508779,1.0
tp_1_5x_sell_100pct,single_take_profit,1.5x触发后卖出100%当前已买入且未卖出的份额，剩余持有结算,validation,haircut_0_9,0.9,entry_price_bin,1-2c,129,124,28,1,807.2977190595084,145.38608861474165,0.18008980476758266,0.5891472868217055,1.078448006312,0.5394736842105263,-30.321411314958702,0.3911012557209241,1.3561031744962344,1.8199326036338956,88.52540679316265,-51.772447683300356,38.94329933437143,839.45760767425,75,82,56,1,107.06897500000001,0.20373630382533622,1.0
tp_1_5x_sell_100pct,single_take_profit,1.5x触发后卖出100%当前已买入且未卖出的份额，剩余持有结算,validation,haircut_0_9,0.9,entry_price_bin,2-5c,206,180,34,1,2194.9256258967803,1969.8180541469696,0.8974418225866589,0.529126213592233,0.6945362485884999,0.11708417583042036,-71.44864597691024,0.2679107975962668,1.004981733464532,1.182464047276105,1442.0825281409288,-9.813108519382922,235.18141562712418,-386.69202495624984,96,117,76,13,2195.58630070435,0.19680195246244842,1.0
tp_1_5x_sell_100pct,single_take_profit,1.5x触发后卖出100%当前已买入且未卖出的份额，剩余持有结算,validation,haircut_0_9,0.9,entry_price_bin,5-10c,173,153,34,1,3491.0301600336625,378.17991043333797,0.10832902985567198,0.5260115606936416,0.47327900234000353,0.12300831262252379,-122.03706298479598,1.1107541104300123,2.933949685551016,3.293013636538412,-41.88497956254605,-731.3809188642654,362.01746080926756,-663.2834295329999,72,80,53,19,2908.53055499265,0.21514998826691106,1.0
tp_1_5x_sell_100pct,single_take_profit,1.5x触发后卖出100%当前已买入且未卖出的份额，剩余持有结算,validation,haircut_0_9,0.9,entry_price_bin,10-20c,209,196,34,1,5099.265653936283,759.1358795622667,0.1488716084003715,0.5789473684210527,5.055000000000001,0.5073170731707316,-154.60567997874,0.9315539142046576,1.5211857001022482,1.909474568316143,51.95987954284158,-395.65076486239593,639.3279564887146,-1773.8120495014496,78,61,50,43,4507.9627003608,0.26956250609568,1.0
tp_1_5x_sell_100pct,single_take_profit,1.5x触发后卖出100%当前已买入且未卖出的份额，剩余持有结算,validation,haircut_0_9,0.9,entry_price_bin,>=20c,96,89,28,1,4143.755037987926,869.2619745455742,0.2097763903938829,0.6354166666666666,11.561250000250002,0.516569893628027,-168.41334300134858,0.32533669743444305,1.0302668858600486,1.3774324414164039,586.4591545415742,-26.30985296605138,134.47535799175398,63.800323533500105,24,14,13,37,1823.4718571785,0.19854141479431045,1.0
tp_1_5x_sell_100pct,single_take_profit,1.5x触发后卖出100%当前已买入且未卖出的份额，剩余持有结算,validation,sampled_1_0,1.0,entry_price_bin,0-1c,185,138,33,1,636.1571064361864,626.6228753248137,0.9850127727649158,0.5135135135135135,0.087,0.2639488091523888,-23.666311002359,0.6458756820682787,0.9448901808283657,1.0301358240008576,221.90239832481365,34.53307334796,28.971118989577384,58.95436776100006,93,125,83,2,684.615403,0.5052485761038744,1.0
tp_1_5x_sell_100pct,single_take_profit,1.5x触发后卖出100%当前已买入且未卖出的份额，剩余持有结算,validation,sampled_1_0,1.0,entry_price_bin,1-2c,129,124,28,1,807.2977190595084,125.43876240349164,0.15538104399653974,0.5813953488372093,1.2235000011000001,0.5496256684491978,-33.28722387745871,0.5052354532273822,1.4874907197290417,1.986853658058369,62.06265242828164,-61.15023256599838,46.76466434388668,819.510281463,74,94,63,1,107.0745,0.1732037391715927,1.0
tp_1_5x_sell_100pct,single_take_profit,1.5x触发后卖出100%当前已买入且未卖出的份额，剩余持有结算,validation,sampled_1_0,1.0,entry_price_bin,2-5c,206,180,34,1,2194.9256258967803,2247.9476687337196,1.024156646681491,0.5485436893203883,1.4846778799999998,0.40202904374085374,-85.14095491496353,0.23524794076008487,0.9308974611245827,1.1290934732450955,1719.1226087276787,155.33889116857563,161.14128689673407,-108.5624103694999,100,131,80,13,2001.760706048,0.19532471901738804,1.0
tp_1_5x_sell_100pct,single_take_profit,1.5x触发后卖出100%当前已买入且未卖出的份额，剩余持有结算,validation,sampled_1_0,1.0,entry_price_bin,5-10c,173,153,34,1,3491.0301600336625,576.6923613313378,0.16519260358546345,0.5895953757225434,2.8912000000000004,0.4046440435422418,-115.63131298479598,0.7249907542223664,1.9553449136052863,2.20480551626186,158.59573133545376,-550.9401141129155,332.5367771002676,-464.77097863499995,83,91,64,19,2900.6168596585,0.1874712531699975,1.0
tp_1_5x_sell_100pct,single_take_profit,1.5x触发后卖出100%当前已买入且未卖出的份额，剩余持有结算,validation,sampled_1_0,1.0,entry_price_bin,10-20c,209,196,34,1,5099.265653936283,1467.9114004222165,0.2878672146231663,0.645933014354067,7.190479004327003,0.5239261716675147,-103.11460799797787,0.48172594055474494,0.8009856642560806,1.0178473555750496,760.7804004027914,292.13541228595386,390.50372398871457,-1065.0365286415,92,81,67,43,4413.946803476,0.2940091581223365,1.0
tp_1_5x_sell_100pct,single_take_profit,1.5x触发后卖出100%当前已买入且未卖出的份额，剩余持有结算,validation,sampled_1_0,1.0,entry_price_bin,>=20c,96,89,28,1,4143.755037987926,1480.208503472074,0.35721428750064715,0.7083333333333334,12.337499999999999,0.5252021307030257,-147.5248999936,0.19107990485161816,0.6505533207676326,0.8820295134185662,1197.370403468074,517.2539461098285,131.85182999175402,674.7468524599999,31,19,18,37,1804.7142623900002,0.2671454559414898,1.0
tp_1_5x_sell_25pct,single_take_profit,1.5x触发后卖出25%当前已买入且未卖出的份额，剩余持有结算,train,haircut_0_8,0.8,entry_price_bin,0-1c,208,179,33,1,449.42623652537225,753.8371035749277,1.6773322122959105,0.14423076923076922,-0.93567409,-0.632845323931783,-9.999951000000001,0.5983786123830197,1.2802155628238459,1.382627943676768,302.7571035749277,-211.23688825574618,99.5209774056121,-21.770673899700043,26,138,26,4,286.68190585120004,0.4087474450593001,1.0
tp_1_5x_sell_25pct,single_take_profit,1.5x触发后卖出25%当前已买入且未卖出的份额，剩余持有结算,train,haircut_0_8,0.8,entry_price_bin,1-2c,223,211,37,1,1117.8320031652593,-576.6442832794593,-0.5158595224028567,0.04484304932735426,-1.6509773125000005,-0.6166666666666667,-56.690879994303,nan,nan,nan,-716.7242814754593,-796.4336448707543,576.6442832794594,275.6848198858,7,149,7,3,55.43589082400001,0.18983653135488818,1.0
tp_1_5x_sell_25pct,single_take_profit,1.5x触发后卖出25%当前已买入且未卖出的份额，剩余持有结算,train,haircut_0_8,0.8,entry_price_bin,2-5c,354,314,43,1,2398.8221475200967,1345.8994466651034,0.5610667919072261,0.07909604519774012,-2.913598593197075,-0.6225,-56.57633600356,0.6173634085919689,1.4345780019292842,1.8809603894420548,514.9903766498903,-584.8982923294498,266.19628386615733,-68.71290581479994,8,185,8,20,704.723981238,0.23623577213322625,1.0
tp_1_5x_sell_25pct,single_take_profit,1.5x触发后卖出25%当前已买入且未卖出的份额，剩余持有结算,train,haircut_0_8,0.8,entry_price_bin,5-10c,378,333,38,1,4447.489737516219,1133.3556596846813,0.2548304159365243,0.12433862433862433,-4.999288,-0.7547218046784243,-108.36965708064744,0.3297438511929886,1.2469198966570867,1.930446635776225,759.6385996888844,-279.84806236506574,472.8980178456868,-149.23343179909992,4,150,4,43,900.6824762517,0.14713999400860878,1.0
tp_1_5x_sell_25pct,single_take_profit,1.5x触发后卖出25%当前已买入且未卖出的份额，剩余持有结算,train,haircut_0_8,0.8,entry_price_bin,10-20c,473,416,43,1,7888.037368089418,2810.702921805982,0.3563247472909436,0.2135306553911205,-7.265399999879511,-0.6204028249014415,-143.90685626532044,0.11706089847778534,0.486243005083372,0.8410464471539192,2481.679512425237,1444.0182867104274,752.4649008499496,-451.38499910460007,0,137,0,101,1648.5288059499,0.22073695082161926,1.0
tp_1_5x_sell_25pct,single_take_profit,1.5x触发后卖出25%当前已买入且未卖出的份额，剩余持有结算,train,haircut_0_8,0.8,entry_price_bin,>=20c,387,355,43,1,13590.066672788022,4738.987051991178,0.34870962491157287,0.4909560723514212,-0.8300000000000001,-0.48203592814371266,-190.816699992179,0.0659185616206865,0.22971730963979717,0.36748823168891487,4426.599841984862,3650.3596959899314,218.65538199344155,-763.6899422207998,0,32,0,145,1295.8054233799999,0.14745627588392282,1.0
tp_1_5x_sell_25pct,single_take_profit,1.5x触发后卖出25%当前已买入且未卖出的份额，剩余持有结算,train,haircut_0_9,0.9,entry_price_bin,0-1c,208,179,33,1,449.42623652537225,780.2657660570652,1.736137551936213,0.15865384615384615,-0.9327936632508849,-0.621075549696723,-9.999951000000001,0.5787643385689341,1.2431817019713145,1.3566552388546802,328.67576605706523,-189.7463569797087,93.60293171588367,4.657988582437437,29,142,29,4,285.98264364510004,0.4023643482806367,1.0
tp_1_5x_sell_25pct,single_take_profit,1.5x触发后卖出25%当前已买入且未卖出的份额，剩余持有结算,train,haircut_0_9,0.9,entry_price_bin,1-2c,223,211,37,1,1117.8320031652593,-553.7506310540717,-0.4953791173325405,0.04035874439461883,-1.5601754942110002,-0.6174999999999999,-41.952868997469004,nan,nan,nan,-686.8378643605718,-771.3211872783667,553.7506310540718,298.5784721111875,6,164,6,3,62.089722806,0.16933551707470276,1.0
tp_1_5x_sell_25pct,single_take_profit,1.5x触发后卖出25%当前已买入且未卖出的份额，剩余持有结算,train,haircut_0_9,0.9,entry_price_bin,2-5c,354,314,43,1,2398.8221475200967,1493.5715345697033,0.6226270405722901,0.07909604519774012,-2.816976821875,-0.6157731732409273,-55.45521050356,0.5558448348805678,1.3357444172028354,1.7416865025147463,663.3775115544903,-501.45830442484976,253.50035219555727,78.95918208980011,8,214,8,20,634.0834681427499,0.23233377841826933,1.0
tp_1_5x_sell_25pct,single_take_profit,1.5x触发后卖出25%当前已买入且未卖出的份额，剩余持有结算,train,haircut_0_9,0.9,entry_price_bin,5-10c,378,333,38,1,4447.489737516219,1274.8034705451564,0.28663438159097215,0.1349206349206349,-4.754992800693443,-0.6248296255120517,-107.56258008052245,0.2942996518007263,1.1110316947115473,1.7201327267244932,899.6292530493595,-141.54358975879086,436.8007377869867,-7.78562093862493,8,173,8,43,891.8187867417874,0.14698193479878122,1.0
tp_1_5x_sell_25pct,single_take_profit,1.5x触发后卖出25%当前已买入且未卖出的份额，剩余持有结算,train,haircut_0_9,0.9,entry_price_bin,10-20c,473,416,43,1,7888.037368089418,3031.325646859995,0.3842940271965547,0.2135306553911205,-6.837184891515157,-0.6174999999999999,-140.97702487594543,0.1199592811130066,0.47120448832432077,0.8020855896734533,2667.69000144325,1602.9513964869402,683.1421685315368,-230.76227405058748,0,162,0,101,1540.0194070138875,0.22473779741593627,1.0
tp_1_5x_sell_25pct,single_take_profit,1.5x触发后卖出25%当前已买入且未卖出的份额，剩余持有结算,train,haircut_0_9,0.9,entry_price_bin,>=20c,387,355,43,1,13590.066672788022,4804.434643894753,0.3535254652955368,0.4909560723514212,-0.7136084199994401,-0.4351948337300689,-190.816699992179,0.058721879558675555,0.21644661064808265,0.35340829556486875,4522.309211388438,3764.5310491435057,216.99050199344128,-698.242350317225,0,45,0,157,1346.689343983325,0.14760479178953415,1.0
tp_1_5x_sell_25pct,single_take_profit,1.5x触发后卖出25%当前已买入且未卖出的份额，剩余持有结算,train,sampled_1_0,1.0,entry_price_bin,0-1c,208,179,33,1,449.42623652537225,777.8188493780028,1.7306930173714752,0.15384615384615385,-0.933464375,-0.6391442230796895,-9.999951000000001,0.5812407353737057,1.2534412800904875,1.3506755298682351,325.7188493780028,-197.13140486487112,87.52910860514618,2.211071903374996,28,157,28,4,285.283381439,0.40991873794487155,1.0
tp_1_5x_sell_25pct,single_take_profit,1.5x触发后卖出25%当前已买入且未卖出的份额，剩余持有结算,train,sampled_1_0,1.0,entry_price_bin,1-2c,223,211,37,1,1117.8320031652593,-503.0539480585092,-0.45002643208823767,0.053811659192825115,-1.532762573942636,-0.6136521980511647,-35.85236899746901,nan,nan,nan,-660.5159709235093,-749.7732533638042,503.05394805850926,349.27515510675,9,170,9,3,37.376000340000004,0.1608994966911846,1.0
tp_1_5x_sell_25pct,single_take_profit,1.5x触发后卖出25%当前已买入且未卖出的份额，剩余持有结算,train,sampled_1_0,1.0,entry_price_bin,2-5c,354,314,43,1,2398.8221475200967,1512.5810537142784,0.6305515626817041,0.08757062146892655,-2.543777504356,-0.6066666679405135,-54.78084496047999,0.5491553910287962,1.320574082684411,1.7094062700986026,681.9390136990653,-484.8942837802747,248.86578318305726,97.96870123437499,11,235,11,20,649.0423952975,0.23460214370341426,1.0
tp_1_5x_sell_25pct,single_take_profit,1.5x触发后卖出25%当前已买入且未卖出的份额，剩余持有结算,train,sampled_1_0,1.0,entry_price_bin,5-10c,378,333,38,1,4447.489737516219,1308.6516750137814,0.29424501286081023,0.13227513227513227,-4.5,-0.6179912692448462,-142.33817830814746,0.2878010873228208,1.0847072835811702,1.6763145082965147,932.0203000179845,-110.85232854436572,471.01794905216184,26.06258353000002,7,195,7,43,893.016251078,0.14917112585604855,1.0
tp_1_5x_sell_25pct,single_take_profit,1.5x触发后卖出25%当前已买入且未卖出的份额，剩余持有结算,train,sampled_1_0,1.0,entry_price_bin,10-20c,473,416,43,1,7888.037368089418,3291.680614545707,0.41730033225527097,0.2156448202959831,-6.5944,-0.6122723302398544,-146.14775608032045,0.11053369402272928,0.43525248255324256,0.7424579581291348,2927.8389966769623,1858.968455292305,612.0353721103734,29.59269363512497,1,183,1,101,1465.51288719225,0.22884980068743782,1.0
tp_1_5x_sell_25pct,single_take_profit,1.5x触发后卖出25%当前已买入且未卖出的份额，剩余持有结算,train,sampled_1_0,1.0,entry_price_bin,>=20c,387,355,43,1,13590.066672788022,4934.452024141853,0.363092554506912,0.4909560723514212,-0.70531064999944,-0.44914134120306426,-190.816699992179,0.05672289924735718,0.2146899803803263,0.3463417116194607,4654.555599135537,3875.074615891177,188.43354699344127,-568.224970070125,0,65,0,170,1342.776441953,0.1382003515826197,1.0
tp_1_5x_sell_25pct,single_take_profit,1.5x触发后卖出25%当前已买入且未卖出的份额，剩余持有结算,validation,haircut_0_8,0.8,entry_price_bin,0-1c,185,138,33,1,636.1571064361864,546.8357105407136,0.8595922375278336,0.05945945945945946,-1.9600800056369998,-0.7886352841242716,-23.666311002359,1.1234634244871657,1.8797262185768449,1.8810123123712688,-67.51420945522898,-481.06571181676406,402.6873824419047,-20.832797023099918,9,109,9,2,171.76143059999993,0.4761900599354731,1.0
tp_1_5x_sell_25pct,single_take_profit,1.5x触发后卖出25%当前已买入且未卖出的份额，剩余持有结算,validation,haircut_0_8,0.8,entry_price_bin,1-2c,129,124,28,1,807.2977190595084,-500.70594012960834,-0.6202246436580106,0.06201550387596899,-2.9944,-0.7034504984292111,-36.3604456274587,nan,nan,nan,-582.4839401307083,-611.4141221334263,500.7473941270443,193.3655789299,7,69,7,1,26.52000000000001,0.1482392883168378,1.0
tp_1_5x_sell_25pct,single_take_profit,1.5x触发后卖出25%当前已买入且未卖出的份额，剩余持有结算,validation,haircut_0_8,0.8,entry_price_bin,2-5c,206,180,34,1,2194.9256258967803,2185.50598962432,0.9957084485408878,0.07766990291262135,-5.187319005326,-0.7971139302568571,-107.67054097996353,0.32917493313743124,1.34058750967326,1.7040151341574499,1466.092201618279,-744.3560423821409,307.0721059052671,-171.00408947889957,3,96,3,13,547.5810189012996,0.18222160643371416,1.0
tp_1_5x_sell_25pct,single_take_profit,1.5x触发后卖出25%当前已买入且未卖出的份额，剩余持有结算,validation,haircut_0_8,0.8,entry_price_bin,5-10c,173,153,34,1,3491.0301600336625,820.4983476152379,0.23503043800897044,0.12138728323699421,-9.402469998891,-0.7793370633279297,-166.877312984796,0.6921597729556928,2.2055012166995676,3.2036030803619684,252.58239761935374,-989.1117563501541,581.1700649030514,-220.96499235109985,2,71,2,19,750.9556530218998,0.18242482515924344,1.0
tp_1_5x_sell_25pct,single_take_profit,1.5x触发后卖出25%当前已买入且未卖出的份额，剩余持有结算,validation,haircut_0_8,0.8,entry_price_bin,10-20c,209,196,34,1,5099.265653936283,1963.0148634163165,0.3849603053924056,0.20574162679425836,-11.229781,-0.6997388921997711,-154.60567997874,0.36188009233059404,0.8779080696545409,1.2802935858200948,1252.6388633968913,239.6682739713258,620.148052981252,-569.9330656473998,0,49,0,43,1150.3219155291997,0.22985808126776014,1.0
tp_1_5x_sell_25pct,single_take_profit,1.5x触发后卖出25%当前已买入且未卖出的份额，剩余持有结算,validation,haircut_0_8,0.8,entry_price_bin,>=20c,96,89,28,1,4143.755037987926,779.0507338890741,0.18800598171154348,0.3854166666666667,-11.454149999799998,-0.6125185969415116,-213.41036000620798,0.3655228698424485,1.373535958086826,2.14537747474168,494.2898738850741,-291.00346228150033,441.23541599939495,-26.410917123000004,0,12,0,35,459.89058962300004,0.13606745014752172,1.0
tp_1_5x_sell_25pct,single_take_profit,1.5x触发后卖出25%当前已买入且未卖出的份额，剩余持有结算,validation,haircut_0_9,0.9,entry_price_bin,0-1c,185,138,33,1,636.1571064361864,569.3605826096261,0.8949999565346981,0.07027027027027027,-1.8987186221550005,-0.7622146946398055,-23.666311002359,1.0795499076415176,1.8097978748440187,1.8127799305858086,-45.292581761316455,-461.0669898172275,382.0347146567422,1.69207504581257,11,120,11,2,171.45764067499994,0.4816157441930238,1.0
tp_1_5x_sell_25pct,single_take_profit,1.5x触发后卖出25%当前已买入且未卖出的份额，剩余持有结算,validation,haircut_0_9,0.9,entry_price_bin,1-2c,129,124,28,1,807.2977190595084,-484.20711714094585,-0.5997875451760734,0.046511627906976744,-2.77875,-0.6151315789473685,-36.14476583058371,nan,nan,nan,-565.7378733920459,-579.1172943869238,484.57912288838185,209.8644019185625,5,82,5,1,26.767243750000006,0.1439586342458149,1.0
tp_1_5x_sell_25pct,single_take_profit,1.5x触发后卖出25%当前已买入且未卖出的份额，剩余持有结算,validation,haircut_0_9,0.9,entry_price_bin,2-5c,206,180,34,1,2194.9256258967803,2259.837072864157,1.0295734152453826,0.07766990291262135,-4.964810750353095,-0.720728956042395,-72.29000238721352,0.3184681675276254,1.2965006336908524,1.6473552377023908,1540.1509013581162,-670.0431241423039,285.93270761778354,-96.67300623906225,3,117,3,13,548.8965751760873,0.1822027945950487,1.0
tp_1_5x_sell_25pct,single_take_profit,1.5x触发后卖出25%当前已买入且未卖出的份额，剩余持有结算,validation,haircut_0_9,0.9,entry_price_bin,5-10c,173,153,34,1,3491.0301600336625,875.642482583088,0.25082638718155464,0.12138728323699421,-9.222249999999999,-0.719247921844369,-165.275875484796,0.6486036325241825,2.0628688778744726,3.021592595921043,307.6975875872039,-930.6931428823042,545.1009923584263,-165.82085738324974,2,80,2,19,727.1326387481623,0.17407598840357824,1.0
tp_1_5x_sell_25pct,single_take_profit,1.5x触发后卖出25%当前已买入且未卖出的份额，剩余持有结算,validation,haircut_0_9,0.9,entry_price_bin,10-20c,209,196,34,1,5099.265653936283,2089.4949166883544,0.4097638872913804,0.20574162679425836,-10.7268,-0.6215909090909091,-154.60567997874,0.33997976943888314,0.826440100945432,1.2047309858234898,1379.1089166689294,362.6525268154637,586.567098099629,-443.4530123753621,0,61,0,43,1126.9906750901996,0.2288925371365679,1.0
tp_1_5x_sell_25pct,single_take_profit,1.5x触发后卖出25%当前已买入且未卖出的份额，剩余持有结算,validation,haircut_0_9,0.9,entry_price_bin,>=20c,96,89,28,1,4143.755037987926,821.4117318954491,0.19822883456313098,0.3854166666666667,-10.728125000249998,-0.6073894045101698,-212.73640500620797,0.3466832392896064,1.313687452015747,2.0314233810310145,536.642051891449,-257.66655323412533,442.80712687439495,15.950080883374966,0,14,0,37,455.86796429462504,0.1360650997658928,1.0
tp_1_5x_sell_25pct,single_take_profit,1.5x触发后卖出25%当前已买入且未卖出的份额，剩余持有结算,validation,sampled_1_0,1.0,entry_price_bin,0-1c,185,138,33,1,636.1571064361864,582.4070995040636,0.9155082818562925,0.0918918918918919,-1.7343287425650002,-0.6840127977119028,-23.666311002359,1.0558875557485403,1.7739222467524969,1.7782169402695402,-32.54930924187897,-450.73781097278993,374.4631622960548,14.738591940249997,15,125,15,2,171.15385075,0.484830899449616,1.0
tp_1_5x_sell_25pct,single_take_profit,1.5x触发后卖出25%当前已买入且未卖出的份额，剩余持有结算,validation,sampled_1_0,1.0,entry_price_bin,1-2c,129,124,28,1,807.2977190595084,-489.1939486937584,-0.6059647353688341,0.05426356589147287,-2.519049986063999,-0.6125935828877006,-36.886218971208706,nan,nan,nan,-570.7233236948584,-588.1419611871723,489.89650619119436,204.87757036575,6,94,6,1,26.768625000000014,0.1724355105639222,1.0
tp_1_5x_sell_25pct,single_take_profit,1.5x触发后卖出25%当前已买入且未卖出的份额，剩余持有结算,validation,sampled_1_0,1.0,entry_price_bin,2-5c,206,180,34,1,2194.9256258967803,2329.369476510845,1.0612521212690909,0.08737864077669903,-4.6926693760094995,-0.6494927390647866,-102.03814446371354,0.30907872807042386,1.2574809181384172,1.6190301227566282,1609.4109215048038,-599.7681914956165,300.2207181875674,-27.140602592374652,5,131,5,13,500.44017651199965,0.1945833056785745,1.0
tp_1_5x_sell_25pct,single_take_profit,1.5x触发后卖出25%当前已买入且未卖出的份额，剩余持有结算,validation,sampled_1_0,1.0,entry_price_bin,5-10c,173,153,34,1,3491.0301600336625,925.270595307588,0.2650422806140025,0.12138728323699421,-8.760100007999998,-0.6488389891144395,-163.674437984796,0.6132831118525339,1.9508687297744811,2.8648845808208554,357.81776531170385,-879.8108756578041,527.5061549555514,-116.19274465874976,2,91,2,19,725.1542149146247,0.17255897435019274,1.0
tp_1_5x_sell_25pct,single_take_profit,1.5x触发后卖出25%当前已买入且未卖出的份额，剩余持有结算,validation,sampled_1_0,1.0,entry_price_bin,10-20c,209,196,34,1,5099.265653936283,2266.688796903342,0.4445127888470791,0.20574162679425836,-10.791699997363999,-0.6165165268894006,-105.22067997874001,0.31339756520167666,0.7602543960401793,1.1114020981104307,1556.3140468839167,543.4286746025509,528.3499804746291,-266.2591321603745,0,81,0,43,1103.4867008689996,0.2320904902978277,1.0
tp_1_5x_sell_25pct,single_take_profit,1.5x触发后卖出25%当前已买入且未卖出的份额，剩余持有结算,validation,sampled_1_0,1.0,entry_price_bin,>=20c,96,89,28,1,4143.755037987926,974.148364127074,0.23508830883982204,0.3854166666666667,-10.538256249419,-0.6033490929807721,-198.58335000620798,0.29233586021487346,1.1151072802057012,1.7257756669756037,689.3698641230741,-112.13156871150045,427.2592032493949,168.686713115,0,19,0,37,451.17856559750004,0.14588795473515098,1.0
tp_1_5x_sell_50pct,single_take_profit,1.5x触发后卖出50%当前已买入且未卖出的份额，剩余持有结算,train,haircut_0_8,0.8,entry_price_bin,0-1c,208,179,33,1,449.42623652537225,732.0664296752278,1.6288911731878812,0.3317307692307692,-0.4555693378586242,-0.2656906478635663,-9.999951000000001,0.41684741661406394,0.9730032809938824,1.2041781049459357,426.9064296752278,19.763391695753853,57.32970783122578,-43.541347799399986,65,138,65,4,573.3638117024,0.3257594311910316,1.0
tp_1_5x_sell_50pct,single_take_profit,1.5x触发后卖出50%当前已买入且未卖出的份额，剩余持有结算,train,haircut_0_8,0.8,entry_price_bin,1-2c,223,211,37,1,1117.8320031652593,-300.9594633936592,-0.2692349678140013,0.2914798206278027,-0.6869100007199997,-0.23333333333333336,-56.690879994303,nan,nan,nan,-404.25486250565916,-505.4466192354831,300.9594633936592,551.3696397716001,62,149,62,3,110.87178164799998,0.24069547393119656,1.0
tp_1_5x_sell_50pct,single_take_profit,1.5x触发后卖出50%当前已买入且未卖出的份额，剩余持有结算,train,haircut_0_8,0.8,entry_price_bin,2-5c,354,314,43,1,2398.8221475200967,1277.1865408503033,0.5324223566014092,0.23728813559322035,-1.2502550031335002,-0.24500000000000005,-47.60733200356,0.607833112223662,1.2025666485429816,1.5381603306366947,500.8702708350903,-258.71539714424966,181.34442393775737,-137.42581162959996,64,185,64,20,1409.447962476,0.2959131921279537,1.0
tp_1_5x_sell_50pct,single_take_profit,1.5x触发后卖出50%当前已买入且未卖出的份额，剩余持有结算,train,haircut_0_8,0.8,entry_price_bin,5-10c,378,333,38,1,4447.489737516219,984.1222278855815,0.22127588504233006,0.21957671957671956,-2.744389000161285,-0.5094436093568485,-73.83929599667063,0.3136620749426724,1.197592014983299,1.87655662620045,675.4404078897845,-194.4546939977655,399.64879070808684,-298.46686359819984,40,150,40,43,1801.3649525034,0.1426034263431745,1.0
tp_1_5x_sell_50pct,single_take_profit,1.5x触发后卖出50%当前已买入且未卖出的份额，剩余持有结算,train,haircut_0_8,0.8,entry_price_bin,10-20c,473,416,43,1,7888.037368089418,2359.317922701382,0.299100753787737,0.26004228329809725,-3.7009999999999996,-0.24080564980288302,-120.46820515032044,0.11326825481559744,0.4915567782577771,0.8353710069189294,2092.082099041836,1199.5792057324595,510.35746972964944,-902.7699982091998,22,137,22,101,3297.0576118998,0.21331005707916345,1.0
tp_1_5x_sell_50pct,single_take_profit,1.5x触发后卖出50%当前已买入且未卖出的份额，剩余持有结算,train,haircut_0_8,0.8,entry_price_bin,>=20c,387,355,43,1,13590.066672788022,3975.2971097703785,0.2925149085346496,0.5064599483204134,0.19183762400000004,0.012438757245666813,-190.816699992179,0.07180070121168955,0.24653267138009125,0.37815281066641787,3689.8679897640623,2995.2564937691313,234.25851497879285,-1527.3798844415999,6,32,6,145,2591.6108467599997,0.16053961526774094,1.0
tp_1_5x_sell_50pct,single_take_profit,1.5x触发后卖出50%当前已买入且未卖出的份额，剩余持有结算,train,haircut_0_9,0.9,entry_price_bin,0-1c,208,179,33,1,449.42623652537225,784.9237546395028,1.7465018524684865,0.3557692307692308,-0.3562262500000001,-0.2421510993934459,-9.999951000000001,0.3900761038129383,0.9205343077468152,1.1653971134755952,478.7437546395028,62.374509528397084,52.39433277425078,9.31597716487499,70,142,70,4,571.9652872902,0.3116541613667953,1.0
tp_1_5x_sell_50pct,single_take_profit,1.5x触发后卖出50%当前已买入且未卖出的份额，剩余持有结算,train,haircut_0_9,0.9,entry_price_bin,1-2c,223,211,37,1,1117.8320031652593,-255.1721589428842,-0.22827415767336892,0.32286995515695066,-0.777799994,-0.235,-41.952868997469004,nan,nan,nan,-344.4820282758842,-450.5682318961792,255.17215894288415,597.156944222375,69,164,69,3,124.179445612,0.1712422860825523,1.0
tp_1_5x_sell_50pct,single_take_profit,1.5x触发后卖出50%当前已买入且未卖出的份额，剩余持有结算,train,haircut_0_9,0.9,entry_price_bin,2-5c,354,314,43,1,2398.8221475200967,1572.5307166595032,0.6555428539315372,0.23728813559322035,-0.9890000000000001,-0.23154634648185468,-45.36508100356,0.4927637773978042,1.0583997631093234,1.33801728931005,797.6445406442903,-91.83542133504966,162.71842373648178,157.9183641795999,64,214,64,20,1268.1669362855,0.28337180556314295,1.0
tp_1_5x_sell_50pct,single_take_profit,1.5x触发后卖出50%当前已买入且未卖出的份额，剩余持有结算,train,haircut_0_9,0.9,entry_price_bin,5-10c,378,333,38,1,4447.489737516219,1267.0178496065314,0.28488381635122567,0.2275132275132275,-2.228925661001945,-0.24965925102410344,-73.83929599667063,0.24592876500718774,0.934003509488243,1.465376503738536,955.4217146107344,83.6187314897843,331.8066941122047,-15.57124187724997,43,173,43,43,1783.6375734835751,0.14046268304721576,1.0
tp_1_5x_sell_50pct,single_take_profit,1.5x触发后卖出50%当前已买入且未卖出的份额，剩余持有结算,train,haircut_0_9,0.9,entry_price_bin,10-20c,473,416,43,1,7888.037368089418,2800.563372809407,0.3550393135989591,0.2727272727272727,-2.9132315435117455,-0.23499999999999988,-114.60854237157044,0.1198467139659998,0.46143880956436023,0.7563271996621163,2464.9250553246625,1508.2747439506848,371.71200509282517,-461.52454810117473,28,162,28,101,3080.038814027775,0.21744362505249384,1.0
tp_1_5x_sell_50pct,single_take_profit,1.5x触发后卖出50%当前已买入且未卖出的份额，剩余持有结算,train,haircut_0_9,0.9,entry_price_bin,>=20c,387,355,43,1,13590.066672788022,4106.192293577528,0.3021465893025775,0.5116279069767442,0.4524550155832596,0.048023305727913995,-190.816699992179,0.05477229241262995,0.21494197796866601,0.34459486611749546,3881.2867285712123,3223.599200076281,232.86272247879242,-1396.4847006344498,8,45,8,157,2693.37868796665,0.16059643594264122,1.0
tp_1_5x_sell_50pct,single_take_profit,1.5x触发后卖出50%当前已买入且未卖出的份额，剩余持有结算,train,sampled_1_0,1.0,entry_price_bin,0-1c,208,179,33,1,449.42623652537225,780.0299212813777,1.7356127833390103,0.34615384615384615,-0.3756987805774994,-0.278288446159379,-9.999951000000001,0.3938310462441667,0.9498562238563631,1.1535236827394406,472.8299212813777,39.11364575807204,46.837467489475785,4.4221438067499275,68,157,68,4,570.5667628780001,0.32392791847330116,1.0
tp_1_5x_sell_50pct,single_take_profit,1.5x触发后卖出50%当前已买入且未卖出的份额，剩余持有结算,train,sampled_1_0,1.0,entry_price_bin,1-2c,223,211,37,1,1117.8320031652593,-153.77879295175921,-0.1375687871847633,0.3452914798206278,-0.7072230011277785,-0.22730439610232933,-29.751868997469003,nan,nan,nan,-291.8382414017592,-407.7755886631212,171.28955772810818,698.5503102135,74,170,74,3,74.75200067999998,0.22629990809226372,1.0
tp_1_5x_sell_50pct,single_take_profit,1.5x触发后卖出50%当前已买入且未卖出的份额，剩余持有结算,train,sampled_1_0,1.0,entry_price_bin,2-5c,354,314,43,1,2398.8221475200967,1610.5497549486531,0.6713918981503653,0.3022598870056497,-0.7401338493355558,-0.21333333588102682,-50.939729960479994,0.481687825931181,1.0364517642907414,1.2870610394958741,834.7675449334401,-58.707380045899754,150.99615264495674,195.93740246874987,87,235,87,20,1298.0847905950002,0.28909058091837425,1.0
tp_1_5x_sell_50pct,single_take_profit,1.5x触发后卖出50%当前已买入且未卖出的份额，剩余持有结算,train,sampled_1_0,1.0,entry_price_bin,5-10c,378,333,38,1,4447.489737516219,1334.7142585437814,0.3001050788909019,0.2275132275132275,-2.115399999851999,-0.23598253848969214,-138.15396862064745,0.23563878783983216,0.890264351896987,1.3923724972184204,1020.2038085479844,146.46573419363426,406.05962267380505,52.12516706000001,43,195,43,43,1786.032502156,0.13877616634867232,1.0
tp_1_5x_sell_50pct,single_take_profit,1.5x触发后卖出50%当前已买入且未卖出的份额，剩余持有结算,train,sampled_1_0,1.0,entry_price_bin,10-20c,473,416,43,1,7888.037368089418,3321.273308180832,0.4210519237163916,0.266384778012685,-2.2484947970325777,-0.22454466047970897,-124.95000478032044,0.10118115289127175,0.3935626643073464,0.6451064262281646,2985.2230457920873,2014.1441361203094,250.44592695727852,59.185387270249976,25,183,25,101,2931.0257743845,0.2260585928649056,1.0
tp_1_5x_sell_50pct,single_take_profit,1.5x触发后卖出50%当前已买入且未卖出的份额，剩余持有结算,train,sampled_1_0,1.0,entry_price_bin,>=20c,387,355,43,1,13590.066672788022,4366.227054071728,0.3212807677253279,0.5116279069767442,0.5547617999999996,0.04545454545454543,-190.816699992179,0.05501692812268777,0.20891523739300957,0.33014418252813915,4126.010654070529,3454.0556925585524,207.10905498286638,-1136.44994014025,8,65,8,170,2685.5528839060003,0.13867828594098838,1.0
tp_1_5x_sell_50pct,single_take_profit,1.5x触发后卖出50%当前已买入且未卖出的份额，剩余持有结算,validation,haircut_0_8,0.8,entry_price_bin,0-1c,185,138,33,1,636.1571064361864,526.0029135176136,0.8268443568355823,0.22162162162162163,-0.9066600281639992,-0.5772705682485433,-23.666311002359,0.8431386283207192,1.6639778341219111,1.6836516376859791,82.509538521671,-349.25427525924,277.8099247350047,-41.665594046200006,39,109,39,2,343.5228612,0.43756798536995134,1.0
tp_1_5x_sell_50pct,single_take_profit,1.5x触发后卖出50%当前已买入且未卖出的份额，剩余持有结算,validation,haircut_0_8,0.8,entry_price_bin,1-2c,129,124,28,1,807.2977190595084,-307.34036119970835,-0.3807026254920626,0.20155038759689922,-1.602189782598982,-0.40690099685842224,-34.635007252458706,nan,nan,nan,-362.59836120080837,-447.89019611192134,309.34467919714433,386.7311578598,25,69,25,1,53.040000000000006,0.13434197421668914,1.0
tp_1_5x_sell_50pct,single_take_profit,1.5x触发后卖出50%当前已买入且未卖出的份额，剩余持有结算,validation,haircut_0_8,0.8,entry_price_bin,2-5c,206,180,34,1,2194.9256258967803,2014.5019001454195,0.9177996176168178,0.20388349514563106,-3.3070719015735,-0.594227860513714,-107.67054097996353,0.32522076844839287,1.272570463111206,1.59295756731659,1359.3440441393786,-549.0937158610416,280.9435194413459,-342.0081789577999,29,96,29,13,1095.1620378025998,0.1757763017832988,1.0
tp_1_5x_sell_50pct,single_take_profit,1.5x触发后卖出50%当前已买入且未卖出的份额，剩余持有结算,validation,haircut_0_8,0.8,entry_price_bin,5-10c,173,153,34,1,3491.0301600336625,599.5333552641379,0.17173536972775877,0.2023121387283237,-6.616376002119001,-0.5586741266558595,-154.06581298479597,0.8649955260077331,2.47621987822734,3.528867491019094,80.93968526825381,-885.0430567012542,535.9230007980515,-441.92998470219993,16,71,16,19,1501.9113060438,0.21547179132785205,1.0
tp_1_5x_sell_50pct,single_take_profit,1.5x触发后卖出50%当前已买入且未卖出的份额，剩余持有结算,validation,haircut_0_8,0.8,entry_price_bin,10-20c,209,196,34,1,5099.265653936283,1393.0817977689167,0.2731926305297613,0.23923444976076555,-6.288859001102397,-0.3994777843995421,-154.60567997874,0.5091560317243357,1.0677571225580615,1.5236896228018324,683.7857977494915,-94.39121410483313,672.1865279812519,-1139.8661312947997,7,49,7,43,2300.6438310584,0.2508103912221636,1.0
tp_1_5x_sell_50pct,single_take_profit,1.5x触发后卖出50%当前已买入且未卖出的份额，剩余持有结算,validation,haircut_0_8,0.8,entry_price_bin,>=20c,96,89,28,1,4143.755037987926,752.6398167660741,0.18163231413687325,0.40625,-4.488399999749998,-0.225037193883023,-168.41334300134858,0.37746663633170396,1.2555276286110635,1.9276522873483881,468.5433967620741,-192.32026757650033,306.31657499939496,-52.821834245999966,2,12,2,35,919.7811792460001,0.16430695066003861,1.0
tp_1_5x_sell_50pct,single_take_profit,1.5x触发后卖出50%当前已买入且未卖出的份额，剩余持有结算,validation,haircut_0_9,0.9,entry_price_bin,0-1c,185,138,33,1,636.1571064361864,571.0526576554387,0.8976597948493115,0.3027027027027027,-0.7820687660049992,-0.524429389279611,-23.666311002359,0.7776863618309316,1.5422253150746124,1.56390235939421,126.95279390949605,-309.63920722141495,236.50458916467974,3.3841500916250853,54,120,54,2,342.91528134999993,0.4449919821880952,1.0
tp_1_5x_sell_50pct,single_take_profit,1.5x触发后卖出50%当前已买入且未卖出的份额，剩余持有结算,validation,haircut_0_9,0.9,entry_price_bin,1-2c,129,124,28,1,807.2977190595084,-274.3427152223834,-0.33982842852818806,0.23255813953488372,-0.808934750210702,-0.23026315789473686,-34.203647658708704,nan,nan,nan,-329.1062277234834,-390.7069101299404,277.0081367198194,419.728803837125,29,82,29,1,53.534487500000004,0.13119578281253877,1.0
tp_1_5x_sell_50pct,single_take_profit,1.5x触发后卖出50%当前已买入且未卖出的份额，剩余持有结算,validation,haircut_0_9,0.9,entry_price_bin,2-5c,206,180,34,1,2194.9256258967803,2163.1640666250946,0.9855295510258081,0.18932038834951456,-2.955729998,-0.4414579120847898,-71.46889597691023,0.3031220022201317,1.1851306082419188,1.4828565748437295,1507.4614436190536,-400.4678793813664,264.37613028422106,-193.34601247812478,26,117,26,13,1097.7931503521747,0.17321281101480787,1.0
tp_1_5x_sell_50pct,single_take_profit,1.5x触发后卖出50%当前已买入且未卖出的份额，剩余持有结算,validation,haircut_0_9,0.9,entry_price_bin,5-10c,173,153,34,1,3491.0301600336625,709.8216251998379,0.20332726807292703,0.2023121387283237,-5.573825752119001,-0.4384958436887381,-150.862937984796,0.7306787248836872,2.0902326120260923,3.04619939765599,191.17006520395375,-773.8706845142251,463.7848557088015,-331.6417147664999,16,80,16,19,1454.2652774963249,0.1964838891458745,1.0
tp_1_5x_sell_50pct,single_take_profit,1.5x触发后卖出50%当前已买入且未卖出的份额，剩余持有结算,validation,haircut_0_9,0.9,entry_price_bin,10-20c,209,196,34,1,5099.265653936283,1646.0419043129918,0.3227997943277108,0.24401913875598086,-5.358201495264002,-0.24318181818181814,-154.60567997874,0.4309222008023375,0.9049810511025356,1.2933586405708972,936.7259042935667,156.40517158900116,588.1363477320916,-886.9060247507247,8,61,8,43,2253.9813501803997,0.24814447522674307,1.0
tp_1_5x_sell_50pct,single_take_profit,1.5x触发后卖出50%当前已买入且未卖出的份额，剩余持有结算,validation,haircut_0_9,0.9,entry_price_bin,>=20c,96,89,28,1,4143.755037987926,837.3618127788241,0.20207801984004828,0.40625,-2.885108748732999,-0.21477880902033958,-168.41334300134858,0.3392966524961943,1.1680240343278947,1.707485695474686,553.2477527748241,-140.6969099752173,309.459996749395,31.900161766749907,2,14,2,37,911.7359285892502,0.16355972024773036,1.0
tp_1_5x_sell_50pct,single_take_profit,1.5x触发后卖出50%当前已买入且未卖出的份额，剩余持有结算,validation,sampled_1_0,1.0,entry_price_bin,0-1c,185,138,33,1,636.1571064361864,597.1456914443137,0.9386764454925004,0.2918918918918919,-0.8634750013399994,-0.3680255954238056,-23.666311002359,0.7447200220440899,1.483936924728676,1.5098454345323487,152.43933894837107,-288.98084953254,221.3614844433048,29.477183880500053,52,125,52,2,342.30770149999995,0.44347241484330996,1.0
tp_1_5x_sell_50pct,single_take_profit,1.5x触发后卖出50%当前已买入且未卖出的份额，剩余持有结算,validation,sampled_1_0,1.0,entry_price_bin,1-2c,129,124,28,1,807.2977190595084,-284.3163783280084,-0.3521828089137095,0.3023255813953488,-0.8559999979000001,-0.2251871657754011,-35.686553939958706,nan,nan,nan,-339.0771283291084,-402.4672933170134,287.6565233281324,409.7551407315,38,94,38,1,53.53725000000001,0.21372160380511232,1.0
tp_1_5x_sell_50pct,single_take_profit,1.5x触发后卖出50%当前已买入且未卖出的份额，剩余持有结算,validation,sampled_1_0,1.0,entry_price_bin,2-5c,206,180,34,1,2194.9256258967803,2302.2288739184696,1.0488869630732243,0.21844660194174756,-2.4280494998506876,-0.29898547812957316,-96.40574794746354,0.28504871841394563,1.1128984251012377,1.4352889143314234,1645.9814839124288,-259.9180140879912,241.23196937506737,-54.28120518474997,32,131,32,13,1000.880353024,0.1759557582879888,1.0
tp_1_5x_sell_50pct,single_take_profit,1.5x触发后卖出50%当前已买入且未卖出的份额，剩余持有结算,validation,sampled_1_0,1.0,entry_price_bin,5-10c,173,153,34,1,3491.0301600336625,809.0778506488379,0.23175905493782278,0.21965317919075145,-4.865872437499998,-0.2976779782288791,-147.66006298479599,0.6398240040568927,1.8434149102808657,2.684754556632958,291.4104206529538,-682.3883228152253,428.5951809030514,-232.38548931749997,19,91,19,19,1450.30842982925,0.19227594043405272,1.0
tp_1_5x_sell_50pct,single_take_profit,1.5x触发后卖出50%当前已买入且未卖出的份额，剩余持有结算,validation,sampled_1_0,1.0,entry_price_bin,10-20c,209,196,34,1,5099.265653936283,2000.4296647429667,0.39229759743910814,0.24880382775119617,-4.7024999985000004,-0.2330330537788011,-103.11460799797787,0.35457057677184645,0.7410768914838464,1.0661556288870169,1291.1361647235417,517.957467163176,464.8315114820915,-532.5182643207498,9,81,9,43,2206.9734017379997,0.25282617485079295,1.0
tp_1_5x_sell_50pct,single_take_profit,1.5x触发后卖出50%当前已买入且未卖出的份额，剩余持有结算,validation,sampled_1_0,1.0,entry_price_bin,>=20c,96,89,28,1,4143.755037987926,1142.835077242074,0.27579696839343043,0.3854166666666667,-4.478604999750001,-0.20669818596154432,-147.5248999936,0.24862003771329425,0.8664374697670568,1.271537500560624,858.703377238074,152.6399445554125,278.36414949939496,337.37342622999984,0,19,0,37,902.3571311950002,0.15690705600637456,1.0
tp_1_5x_sell_75pct,single_take_profit,1.5x触发后卖出75%当前已买入且未卖出的份额，剩余持有结算,train,haircut_0_8,0.8,entry_price_bin,0-1c,208,179,33,1,449.42623652537225,710.2957557755278,1.580450134079852,0.5240384615384616,0.028196031065975104,0.10146402820465061,-9.999951000000001,0.2241883028375071,0.735330077085195,1.0166193511746897,551.0557557755278,187.99392292782204,35.76603521572578,-65.31202169909999,105,138,89,4,860.0457175536,0.26611489692802903,1.0
tp_1_5x_sell_75pct,single_take_profit,1.5x触发后卖出75%当前已买入且未卖出的份额，剩余持有结算,train,haircut_0_8,0.8,entry_price_bin,1-2c,223,211,37,1,1117.8320031652593,-25.274643507859164,-0.022610413225145946,0.5291479820627802,0.16327723000000005,0.15000000000000013,-56.690879994303,nan,nan,nan,-91.78544353585917,-239.70673425175016,153.36885530099573,827.0544596574,115,149,100,3,166.30767247199998,0.22194036971387432,1.0
tp_1_5x_sell_75pct,single_take_profit,1.5x触发后卖出75%当前已买入且未卖出的份额，剩余持有结算,train,haircut_0_8,0.8,entry_price_bin,2-5c,354,314,43,1,2398.8221475200967,1208.473635035503,0.5037779212955924,0.5451977401129944,0.1964999999999999,0.13249999999999995,-40.41374302553509,0.5972190448275769,0.9659989094736788,1.1823745667090435,486.7501650202902,41.089421463514554,122.744730882157,-206.13871744440013,173,185,124,20,2114.171943714,0.3801841079800985,1.0
tp_1_5x_sell_75pct,single_take_profit,1.5x触发后卖出75%当前已买入且未卖出的份额，剩余持有结算,train,haircut_0_8,0.8,entry_price_bin,5-10c,378,333,38,1,4447.489737516219,834.8887960864814,0.18772135414813573,0.4576719576719577,-1.20025,-0.26416541403527294,-73.83929599667063,0.31508069845118786,1.2048861818870866,1.831608483962153,571.8314510864815,-171.0571777304657,326.39956357048663,-447.7002953972999,130,150,99,43,2702.0474287551,0.14155355785513954,1.0
tp_1_5x_sell_75pct,single_take_profit,1.5x触发后卖出75%当前已买入且未卖出的份额，剩余持有结算,train,haircut_0_8,0.8,entry_price_bin,10-20c,473,416,43,1,7888.037368089418,1907.9329235967823,0.2418767602845304,0.5433403805496829,0.6906284000000005,0.13879152529567548,-97.02955403532043,0.12176102080234466,0.5306933757520856,0.8413978728459433,1675.6210631972363,895.4055596646599,268.2500386093493,-1354.1549973137999,156,137,112,101,4945.5864178497,0.19159909318336185,1.0
tp_1_5x_sell_75pct,single_take_profit,1.5x触发后卖出75%当前已买入且未卖出的份额，剩余持有结算,train,haircut_0_8,0.8,entry_price_bin,>=20c,387,355,43,1,13590.066672788022,3211.607167549579,0.23632019215772643,0.661498708010336,4.400000000000002,0.2923213533234465,-190.816699992179,0.08048027561338598,0.2759915922941413,0.4079984327555696,2953.136137543263,2325.230591554294,279.1785449787926,-2291.0698266623995,66,32,31,145,3887.4162701399996,0.17818875133554632,1.0
tp_1_5x_sell_75pct,single_take_profit,1.5x触发后卖出75%当前已买入且未卖出的份额，剩余持有结算,train,haircut_0_9,0.9,entry_price_bin,0-1c,208,179,33,1,449.42623652537225,789.5817432219402,1.7568661530007597,0.5096153846153846,0.00508525,0.1367733509098312,-9.999951000000001,0.20361413036725934,0.6963843619563657,0.9776247804191613,628.8117432219402,239.7293647559344,28.851410130263275,13.973965747312464,102,142,86,4,857.9479309353001,0.28078065230531474,1.0
tp_1_5x_sell_75pct,single_take_profit,1.5x触发后卖出75%当前已买入且未卖出的份额，剩余持有结算,train,haircut_0_9,0.9,entry_price_bin,1-2c,223,211,37,1,1117.8320031652593,43.406313168303306,0.03883080198580265,0.5381165919282511,0.21875,0.14750000000000005,-41.952868997469004,1.456555259705355,4.495547177976267,6.283733392439504,-19.817380581406688,-151.72881550181668,92.66418073776025,895.7354163335625,117,164,108,3,186.269168418,0.19312900184163037,1.0
tp_1_5x_sell_75pct,single_take_profit,1.5x触发后卖出75%当前已买入且未卖出的份额，剩余持有结算,train,haircut_0_9,0.9,entry_price_bin,2-5c,354,314,43,1,2398.8221475200967,1651.4898987493032,0.6884586672907844,0.556497175141243,0.24883507616099987,0.15268048027721798,-40.41374302553509,0.43571464140359556,0.8269093377198078,1.0020221284498207,931.9115697340902,285.85748032356446,100.25349459499444,236.87754626939983,177,214,138,20,1902.2504044282502,0.3472478383014199,1.0
tp_1_5x_sell_75pct,single_take_profit,1.5x触发后卖出75%当前已买入且未卖出的份额，剩余持有结算,train,haircut_0_9,0.9,entry_price_bin,5-10c,378,333,38,1,4447.489737516219,1259.2322286679064,0.2831332511114792,0.5185185185185185,0.22035999999999994,0.1255111234638448,-73.83929599667063,0.20890566510379255,0.8046008076197754,1.2268037861580146,996.1714824179064,246.05296050085929,242.4269126656552,-23.356862815874877,153,173,112,43,2675.4563602253625,0.13885628800918606,1.0
tp_1_5x_sell_75pct,single_take_profit,1.5x触发后卖出75%当前已买入且未卖出的份额，剩余持有结算,train,haircut_0_9,0.9,entry_price_bin,10-20c,473,416,43,1,7888.037368089418,2569.80109875882,0.3257846000013636,0.5771670190274841,1.1771175000000014,0.14750000000000027,-88.24005986719544,0.1197139302731761,0.4713797625629041,0.7139355408049466,2262.1601092060755,1358.4488669919974,182.47435902148027,-692.2868221517621,172,162,126,101,4620.058221041662,0.19966082543510277,1.0
tp_1_5x_sell_75pct,single_take_profit,1.5x触发后卖出75%当前已买入且未卖出的份额，剩余持有结算,train,haircut_0_9,0.9,entry_price_bin,>=20c,387,355,43,1,13590.066672788022,3407.949943260304,0.2507677133096182,0.6950904392764858,5.050000000000001,0.3271797150191077,-190.816699992179,0.05391338973843998,0.2167682894539686,0.34020721329120435,3224.215809760217,2669.2144635150185,277.08485622879243,-2094.7270509516748,79,45,44,157,4040.0680319499747,0.178679581059419,1.0
tp_1_5x_sell_75pct,single_take_profit,1.5x触发后卖出75%当前已买入且未卖出的份额，剩余持有结算,train,sampled_1_0,1.0,entry_price_bin,0-1c,208,179,33,1,449.42623652537225,782.2409931847527,1.7405325493065456,0.5288461538461539,0.04276999999999995,0.08256733076093145,-9.999951000000001,0.20748081654379288,0.7381394341576426,0.9607615432149713,619.9409931847526,204.838069100447,20.800069703100775,6.6332157101249605,106,157,95,4,855.8501443170001,0.23327841197927587,1.0
tp_1_5x_sell_75pct,single_take_profit,1.5x触发后卖出75%当前已买入且未卖出的份额，剩余持有结算,train,sampled_1_0,1.0,entry_price_bin,1-2c,223,211,37,1,1117.8320031652593,195.49636215499078,0.17488885771871104,0.5605381165919282,0.27352499999999996,0.1590434058465061,-23.651368997469007,0.6069518262489615,1.487886464710383,1.927261796610293,76.83948811999076,-95.38002899553919,63.23603605277279,1047.82546532025,122,170,114,3,112.12800101999999,0.24634020110853336,1.0
tp_1_5x_sell_75pct,single_take_profit,1.5x触发后卖出75%当前已买入且未卖出的份额，剩余持有结算,train,sampled_1_0,1.0,entry_price_bin,2-5c,354,314,43,1,2398.8221475200967,1708.518456183028,0.7122322336190264,0.5988700564971752,0.4219580725490839,0.17999999617845988,-47.09861496047999,0.42195761913266855,0.7866976876389132,0.9511199954739172,987.5960761678151,364.4309374154341,90.88263573443078,293.9061037031249,192,235,156,20,1947.1271858925002,0.3491914771420491,1.0
tp_1_5x_sell_75pct,single_take_profit,1.5x触发后卖出75%当前已买入且未卖出的份额，剩余持有结算,train,sampled_1_0,1.0,entry_price_bin,5-10c,378,333,38,1,4447.489737516219,1360.7768420737814,0.3059651449209935,0.5529100529100529,0.557837500198,0.14602619226546176,-133.96975893314743,0.19334908881829307,0.7499050145224458,1.1406610151395953,1097.6718795737816,340.32346455663435,353.8063055080547,78.1877505899999,166,195,121,43,2679.0487532340003,0.14824331674522598,1.0
tp_1_5x_sell_75pct,single_take_profit,1.5x触发后卖出75%当前已买入且未卖出的份额，剩余持有结算,train,sampled_1_0,1.0,entry_price_bin,10-20c,473,416,43,1,7888.037368089418,3350.866001815957,0.4248035151775123,0.638477801268499,1.7062500000000007,0.16318300928043633,-103.75225348032043,0.09199380301739546,0.36814753138471734,0.5602573979405833,3042.6070949072123,2117.252955246435,134.70890041431608,88.77808090537518,201,183,141,101,4396.53866157675,0.2089556022313798,1.0
tp_1_5x_sell_75pct,single_take_profit,1.5x触发后卖出75%当前已买入且未卖出的份额，剩余持有结算,train,sampled_1_0,1.0,entry_price_bin,>=20c,387,355,43,1,13590.066672788022,3798.0020840016036,0.27946898094374384,0.7493540051679587,5.684896380309788,0.3052512420985105,-190.816699992179,0.06322341185979656,0.20510349850808168,0.31771010152457874,3557.8794340004047,3019.0185692318896,243.69243222620344,-1704.674910210375,100,65,62,170,4028.3293258589997,0.13929619370799437,1.0
tp_1_5x_sell_75pct,single_take_profit,1.5x触发后卖出75%当前已买入且未卖出的份额，剩余持有结算,validation,haircut_0_8,0.8,entry_price_bin,0-1c,185,138,33,1,636.1571064361864,505.17011649451376,0.7940964761433313,0.4486486486486487,-0.31255010924899906,-0.36590585237281487,-23.666311002359,0.802939415764917,1.4308133430230399,1.4787427101149964,99.54911829451379,-217.63402668233994,155.03542989734876,-62.498391069299814,81,109,71,2,515.2842917999999,0.41514503760528587,1.0
tp_1_5x_sell_75pct,single_take_profit,1.5x触发后卖出75%当前已买入且未卖出的份额，剩余持有结算,validation,haircut_0_8,0.8,entry_price_bin,1-2c,129,124,28,1,807.2977190595084,-113.97478226980832,-0.14118060732611445,0.4806201550387597,-1.04576,-0.11035149528763334,-32.9095688774587,nan,nan,nan,-179.55924227764834,-293.25509514202133,127.80664795346043,580.0967367897001,61,69,42,1,79.56,0.16959410070188385,1.0
tp_1_5x_sell_75pct,single_take_profit,1.5x触发后卖出75%当前已买入且未卖出的份额，剩余持有结算,validation,haircut_0_8,0.8,entry_price_bin,2-5c,206,180,34,1,2194.9256258967803,1843.4978106665199,0.8398907866927483,0.4368932038834951,-2.357043354,-0.3913417907705711,-107.67054097996353,0.32053302183874,1.1919348031186503,1.4775524469509005,1252.5958866604788,-353.8313893399413,267.670636686346,-513.0122684366997,77,96,55,13,1642.7430567038998,0.19074283645566384,1.0
tp_1_5x_sell_75pct,single_take_profit,1.5x触发后卖出75%当前已买入且未卖出的份额，剩余持有结算,validation,haircut_0_8,0.8,entry_price_bin,5-10c,173,153,34,1,3491.0301600336625,378.56836291303784,0.10844030144654708,0.4277456647398844,-3.7349899988910007,-0.3380111899837892,-141.25431298479597,1.2395948419590515,3.2560478733564326,4.401429373182024,-90.70302708284618,-854.0683500699852,500.8614600856594,-662.8949770533,55,71,40,19,2252.8669590657,0.2562034981975378,1.0
tp_1_5x_sell_75pct,single_take_profit,1.5x触发后卖出75%当前已买入且未卖出的份额，剩余持有结算,validation,haircut_0_8,0.8,entry_price_bin,10-20c,209,196,34,1,5099.265653936283,823.1487321215167,0.16142495566711695,0.4880382775119617,-1.9665709999946428,-0.0992166765993131,-154.60567997874,0.8603742827789174,1.581488868890713,2.1316662845673755,114.93273210209156,-478.6518251701651,724.2250029812517,-1709.7991969421998,59,49,38,43,3450.9657465876,0.2674432724044953,1.0
tp_1_5x_sell_75pct,single_take_profit,1.5x触发后卖出75%当前已买入且未卖出的份额，剩余持有结算,validation,haircut_0_8,0.8,entry_price_bin,>=20c,96,89,28,1,4143.755037987926,726.2288996430743,0.17525864656220308,0.5729166666666666,4.242125000250003,0.16244420917546554,-168.41334300134858,0.390279125690675,1.1470852880096973,1.712450982221683,442.7969196390743,-106.81758686496721,171.39773399939492,-79.2327513689998,18,12,10,35,1379.671768869,0.18756633514320437,1.0
tp_1_5x_sell_75pct,single_take_profit,1.5x触发后卖出75%当前已买入且未卖出的份额，剩余持有结算,validation,haircut_0_9,0.9,entry_price_bin,0-1c,185,138,33,1,636.1571064361864,572.7447327012512,0.9003196331639248,0.4702702702702703,-0.2331484140165665,-0.2866440839194166,-23.666311002359,0.7082084071501646,1.2762337488106188,1.3253494375765131,167.12209785125128,-158.2114246256025,99.75012077936127,5.076225137437593,85,120,79,2,514.372922025,0.43144650158208037,1.0
tp_1_5x_sell_75pct,single_take_profit,1.5x触发后卖出75%当前已买入且未卖出的份额，剩余持有结算,validation,haircut_0_9,0.9,entry_price_bin,1-2c,129,124,28,1,807.2977190595084,-64.47831330382087,-0.0798693118803027,0.5658914728682171,0.20076249999999995,0.15460526315789477,-32.26252948683371,nan,nan,nan,-104.97300302903086,-208.95187116637788,78.26068144230376,629.5932057556874,72,82,54,1,80.30173125,0.17975109696527422,1.0
tp_1_5x_sell_75pct,single_take_profit,1.5x触发后卖出75%当前已买入且未卖出的份额，剩余持有结算,validation,haircut_0_9,0.9,entry_price_bin,2-5c,206,180,34,1,2194.9256258967803,2066.491060386032,0.9414856868062335,0.47572815533980584,-0.8733984901754204,-0.16218686812718475,-71.45877097691023,0.2863400117470165,1.0633405278781982,1.3227378444291031,1474.771985879991,-130.8926346204289,242.8195529506586,-290.01901871718724,85,117,65,13,1646.6897255282624,0.186043616255909,1.0
tp_1_5x_sell_75pct,single_take_profit,1.5x触发后卖出75%当前已买入且未卖出的份额，剩余持有结算,validation,haircut_0_9,0.9,entry_price_bin,5-10c,173,153,34,1,3491.0301600336625,544.0007678165878,0.15582814896429947,0.4624277456647399,-2.9298420095449913,-0.15774376553310704,-136.450000484796,0.8627896370067811,2.337065391192486,3.089339012253981,74.6425428207038,-727.3645994296987,382.46871905917624,-497.46257214975,61,80,45,19,2181.3979162444875,0.2212455455038892,1.0
tp_1_5x_sell_75pct,single_take_profit,1.5x触发后卖出75%当前已买入且未卖出的份额，剩余持有结算,validation,haircut_0_9,0.9,entry_price_bin,10-20c,209,196,34,1,5099.265653936283,1202.5888919376291,0.2358357013640411,0.5550239234449761,1.5927249996700006,0.13522727272727278,-154.60567997874,0.5889344270245908,1.0504957984142904,1.4788456909487775,494.34289191820403,-60.72568626254747,613.5812921137147,-1330.3590371260873,73,61,47,43,3380.9720252705997,0.27454634437046455,1.0
tp_1_5x_sell_75pct,single_take_profit,1.5x触发后卖出75%当前已买入且未卖出的份额，剩余持有结算,validation,haircut_0_9,0.9,entry_price_bin,>=20c,96,89,28,1,4143.755037987926,853.3118936621993,0.20592720511696563,0.6145833333333334,4.447486248032001,0.1778317864694908,-168.41334300134858,0.33218620543007776,1.04333672335696,1.426195029096296,569.8534536581992,-36.979741472842306,176.11286662439488,47.850242650125224,22,14,12,37,1367.6038928838748,0.18645450753799725,1.0
tp_1_5x_sell_75pct,single_take_profit,1.5x触发后卖出75%当前已买入且未卖出的份额，剩余持有结算,validation,sampled_1_0,1.0,entry_price_bin,0-1c,185,138,33,1,636.1571064361864,611.8842833845637,0.9618446091287082,0.4864864864864865,-0.065806375,-0.05203839313570845,-23.666311002359,0.6629101000214265,1.2079214837625287,1.2634319960538087,206.2600118845637,-127.22388809229005,83.89642593479878,44.215775820750096,88,125,78,2,513.4615522499998,0.42911879817175386,1.0
tp_1_5x_sell_75pct,single_take_profit,1.5x触发后卖出75%当前已买入且未卖出的份额，剩余持有结算,validation,sampled_1_0,1.0,entry_price_bin,1-2c,129,124,28,1,807.2977190595084,-79.43880796225837,-0.09840088245858489,0.5658914728682171,0.36362499999999986,0.1622192513368984,-34.48688890870871,nan,nan,nan,-125.21382543746836,-217.77950168982136,92.0853321657641,614.63271109725,72,94,62,1,80.30587500000001,0.21402135066333583,1.0
tp_1_5x_sell_75pct,single_take_profit,1.5x触发后卖出75%当前已买入且未卖出的份额，剩余持有结算,validation,sampled_1_0,1.0,entry_price_bin,2-5c,206,180,34,1,2194.9256258967803,2275.088271326095,1.0365218048773577,0.5048543689320388,0.17571688281150027,0.05152178280564029,-90.77335143121354,0.26044537808665585,1.005701668706458,1.269169667658084,1682.5520463200537,-12.971799601049497,194.03876865222105,-81.42180777712471,91,131,71,13,1501.3205295359996,0.1876632286436362,1.0
tp_1_5x_sell_75pct,single_take_profit,1.5x触发后卖出75%当前已买入且未卖出的份额，剩余持有结算,validation,sampled_1_0,1.0,entry_price_bin,5-10c,173,153,34,1,3491.0301600336625,692.8851059900877,0.1984758292616431,0.5086705202312138,0.1449999999999999,0.053483032656681424,-131.64568798479598,0.6752663983551949,1.8497406430678989,2.4472586308503366,225.0030759942037,-588.7726355361864,352.5815148482752,-348.5782339762501,69,91,52,19,2175.462644743875,0.20830659723511052,1.0
tp_1_5x_sell_75pct,single_take_profit,1.5x触发后卖出75%当前已买入且未卖出的份额，剩余持有结算,validation,sampled_1_0,1.0,entry_price_bin,10-20c,209,196,34,1,5099.265653936283,1734.1705325825917,0.34008240603113726,0.6076555023923444,1.955687499999998,0.1504504193317984,-103.11460799797787,0.40838673977739026,0.7352689492768496,1.03207241486978,1025.9582825631664,459.0887872237149,426.9631177387148,-798.7773964811248,84,81,59,43,3310.460102607,0.2831851825497122,1.0
tp_1_5x_sell_75pct,single_take_profit,1.5x触发后卖出75%当前已买入且未卖出的份额，剩余持有结算,validation,sampled_1_0,1.0,entry_price_bin,>=20c,96,89,28,1,4143.755037987926,1311.521790357074,0.3165056279470388,0.6979166666666666,4.9526875,0.1899527210576836,-147.5248999936,0.21614959209089357,0.681947720276272,0.9736970093789937,1028.0368903530739,417.13249533041255,147.761467491754,506.06013934499987,30,19,18,37,1353.5356967925002,0.19194050715803918,1.0
tp_2_0x_sell_100pct,single_take_profit,2x触发后卖出100%当前已买入且未卖出的份额，剩余持有结算,train,haircut_0_8,0.8,entry_price_bin,0-1c,208,179,33,1,449.42623652537225,691.8003576958278,1.5392967776966273,0.5096153846153846,0.00171,0.2016779733676219,-9.999951000000001,0.1966227383467746,0.686818162487989,0.8644788902394344,555.776676976396,216.65930721464582,30.543190214903994,-83.80741977879995,102,130,101,4,1146.7276234048,0.40498686817953433,1.0
tp_2_0x_sell_100pct,single_take_profit,2x触发后卖出100%当前已买入且未卖出的份额，剩余持有结算,train,haircut_0_8,0.8,entry_price_bin,1-2c,223,211,37,1,1117.8320031652593,271.61320986274086,0.24298213782897554,0.5515695067264574,0.9912100000000004,0.6976016137694357,-56.690879994303,0.2836021857649596,0.9023910203554548,1.347620339185803,194.58310986303087,26.51188827268186,183.12266236019573,1123.9423130280002,120,143,118,3,221.743563296,0.22374619928330156,1.0
tp_2_0x_sell_100pct,single_take_profit,2x触发后卖出100%当前已买入且未卖出的份额，剩余持有结算,train,haircut_0_8,0.8,entry_price_bin,2-5c,354,314,43,1,2398.8221475200967,1134.9183676379034,0.47311484463789133,0.4632768361581921,-0.6679849999999998,-0.6238014997230625,-40.41374302553509,0.5910015743345628,0.9429464495361604,1.1373726816486678,464.1798256226904,64.75112236036762,119.98772179544358,-279.6939848419998,144,168,144,20,2773.73891428,0.37739871309453454,1.0
tp_2_0x_sell_100pct,single_take_profit,2x触发后卖出100%当前已买入且未卖出的份额，剩余持有结算,train,haircut_0_8,0.8,entry_price_bin,5-10c,378,333,38,1,4447.489737516219,839.6018561497816,0.18878106655703547,0.42592592592592593,-2.51849294,-1.0,-73.83929599667063,0.3123559673898753,1.0816168507427917,1.5786173080788988,577.3472061497816,-68.52565937674751,377.0921461252866,-442.98723533399976,118,135,118,43,3511.6550640928,0.17026129576297028,1.0
tp_2_0x_sell_100pct,single_take_profit,2x触发后卖出100%当前已买入且未卖出的份额，剩余持有结算,train,haircut_0_8,0.8,entry_price_bin,10-20c,473,416,43,1,7888.037368089418,1671.8573749669827,0.2119484603014663,0.4714587737843552,-1.9008000000000003,-1.0,-78.0104999947,0.09790951441808504,0.4062469724212198,0.6765793318559594,1508.1666312076711,992.6703780665579,214.32232440839948,-1590.2305459435995,122,131,122,101,6189.0431570216,0.14664538133503152,1.0
tp_2_0x_sell_100pct,single_take_profit,2x触发后卖出100%当前已买入且未卖出的份额，剩余持有结算,train,haircut_0_8,0.8,entry_price_bin,>=20c,387,355,43,1,13590.066672788022,3248.124443693979,0.23900724859561132,0.5736434108527132,7.832600000159005,0.5566340772859155,-190.816699992179,0.07401314332889168,0.28311816617326696,0.4363075667485832,3007.72054369278,2328.521407692777,311.2391525496296,-2254.5525505179994,32,32,32,109,3520.3954655463995,0.11887406662218296,1.0
tp_2_0x_sell_100pct,single_take_profit,2x触发后卖出100%当前已买入且未卖出的份额，剩余持有结算,train,haircut_0_9,0.9,entry_price_bin,0-1c,208,179,33,1,449.42623652537225,816.1974258099777,1.8160876234556447,0.5288461538461539,0.05709999999999994,0.2763092554180726,-9.999951000000001,0.1880039581932677,0.6570572322909255,0.823027609950373,662.7490790905459,279.9090042042958,21.767066158404,40.58964833534998,106,138,105,4,1143.9305745804,0.40129829079171014,1.0
tp_2_0x_sell_100pct,single_take_profit,2x触发后卖出100%当前已买入且未卖出的份额，剩余持有结算,train,haircut_0_9,0.9,entry_price_bin,1-2c,223,211,37,1,1117.8320031652593,473.51757434084084,0.42360352271184387,0.5964125560538116,1.438661885584966,1.0033558463643824,-56.690879994303,0.18600201929635862,0.6018909539879296,0.8952604745846882,385.4423493411308,188.5116297907818,121.12097132228325,1325.8466775061001,130,157,130,3,216.27364620799997,0.23141707648266502,1.0
tp_2_0x_sell_100pct,single_take_profit,2x触发后卖出100%当前已买入且未卖出的份额，剩余持有结算,train,haircut_0_9,0.9,entry_price_bin,2-5c,354,314,43,1,2398.8221475200967,1655.7410396276032,0.6902308457253944,0.519774011299435,0.18905499999999997,0.31015907687690353,-40.41374302553509,0.40435324968800246,0.6838086195152739,0.8403631680655806,986.2367696123902,523.5310450450675,93.45781304874367,241.12868714770002,164,196,163,20,2753.419553285,0.3386035743340484,1.0
tp_2_0x_sell_100pct,single_take_profit,2x触发后卖出100%当前已买入且未卖出的份额，剩余持有结算,train,haircut_0_9,0.9,entry_price_bin,5-10c,378,333,38,1,4447.489737516219,1427.1630682273317,0.32089181818424084,0.48677248677248675,-0.6822904566534509,-0.5833793340893196,-73.83929599667063,0.18372287185491684,0.6405804496960994,0.9624502403825267,1164.9605707273317,512.9503081926025,154.99178808489796,144.57397674355016,141,161,141,43,3427.4878298345,0.1363226952214192,1.0
tp_2_0x_sell_100pct,single_take_profit,2x触发后卖出100%当前已买入且未卖出的份额，剩余持有结算,train,haircut_0_9,0.9,entry_price_bin,10-20c,473,416,43,1,7888.037368089418,2806.7672637382325,0.3558258072017814,0.5052854122621564,0.8910200000000001,0.40039705448000085,-78.0104999947,0.07309476480650587,0.3055028046620052,0.49924133199058673,2601.607270728686,1949.2919926327004,188.90733202148022,-455.3206571723495,138,152,138,101,5747.43416841055,0.1491961217255677,1.0
tp_2_0x_sell_100pct,single_take_profit,2x触发后卖出100%当前已买入且未卖出的份额，剩余持有结算,train,haircut_0_9,0.9,entry_price_bin,>=20c,387,355,43,1,13590.066672788022,3544.2391571330786,0.26079630383490776,0.6020671834625323,8.225369287959552,0.6949152542372882,-190.816699992179,0.08016040464835043,0.2620172905449256,0.3898670807136994,3260.1315121267626,2615.5872161378384,319.2858475396299,-1958.4378370788997,43,43,43,124,3468.5555288695,0.12715244397605682,1.0
tp_2_0x_sell_100pct,single_take_profit,2x触发后卖出100%当前已买入且未卖出的份额，剩余持有结算,train,sampled_1_0,1.0,entry_price_bin,0-1c,208,179,33,1,449.42623652537225,950.9739020451277,2.115973267153576,0.5817307692307693,0.2106219999999999,0.8105927530934168,-9.999951000000001,0.17968212624127633,0.6282357396405512,0.7724550444360141,780.1008893256959,353.5381093149458,10.433523499999993,175.3661245704999,117,155,117,4,1141.1335257560002,0.4109707966847717,1.0
tp_2_0x_sell_100pct,single_take_profit,2x触发后卖出100%当前已买入且未卖出的份额，剩余持有结算,train,sampled_1_0,1.0,entry_price_bin,1-2c,223,211,37,1,1117.8320031652593,677.6853876252408,0.6062497635658158,0.6367713004484304,1.4995575000000003,1.0247244664005108,-56.690879994303,0.14626307695234447,0.47944160143192305,0.7080229016196827,578.5650376255307,352.7748201151818,83.5022127780976,1530.0144907905,139,165,139,3,210.80372911999999,0.23232333027510538,1.0
tp_2_0x_sell_100pct,single_take_profit,2x触发后卖出100%当前已买入且未卖出的份额，剩余持有结算,train,sampled_1_0,1.0,entry_price_bin,2-5c,354,314,43,1,2398.8221475200967,2080.5242121224032,0.8673107400951963,0.576271186440678,1.1675,0.9970239650478987,-40.41374302553509,0.32293681856737966,0.5757494235866466,0.7080904453144687,1408.6463421071903,882.6635962348676,43.151877722786594,665.9118596424998,184,224,183,20,2737.27136809,0.31897822059019537,1.0
tp_2_0x_sell_100pct,single_take_profit,2x触发后卖出100%当前已买入且未卖出的份额，剩余持有结算,train,sampled_1_0,1.0,entry_price_bin,5-10c,378,333,38,1,4447.489737516219,1656.9611026357813,0.37256097268953814,0.5185185185185185,0.6322029998924849,0.1946771591282221,-73.83929599667063,0.15823342176405425,0.5554260442228532,0.8315860612149031,1394.7744776357813,736.6417519676522,112.15567891872206,374.37201115199997,153,181,153,43,3389.3390167185003,0.1489980811821104,1.0
tp_2_0x_sell_100pct,single_take_profit,2x触发后卖出100%当前已买入且未卖出的份额，剩余持有结算,train,sampled_1_0,1.0,entry_price_bin,10-20c,473,416,43,1,7888.037368089418,3874.1120862740822,0.4911376436864473,0.5602536997885835,3.3,1.0,-78.0104999947,0.05496281060993592,0.250265199084734,0.4232638315015733,3661.1799973945363,2904.5566537261248,154.47487202148022,612.0241653635001,164,177,163,101,5553.263957547,0.13125182310676736,1.0
tp_2_0x_sell_100pct,single_take_profit,2x触发后卖出100%当前已买入且未卖出的份额，剩余持有结算,train,sampled_1_0,1.0,entry_price_bin,>=20c,387,355,43,1,13590.066672788022,4735.062082047979,0.34842081323480173,0.6537467700258398,11.306749999999997,1.0,-190.816699992179,0.07110832850172212,0.2171346061240194,0.3176795919628674,4398.359732041663,3706.9162418897117,242.74575497879277,-767.6149121639999,63,63,63,138,3383.512694876,0.17155793956686713,1.0
tp_2_0x_sell_100pct,single_take_profit,2x触发后卖出100%当前已买入且未卖出的份额，剩余持有结算,validation,haircut_0_8,0.8,entry_price_bin,0-1c,185,138,33,1,636.1571064361864,428.3465946406137,0.6733346060382045,0.4756756756756757,-0.188172,-0.26319761411678055,-23.666311002359,0.9448332674141139,1.1392264691474399,1.24789589754071,23.630482040613686,-59.637183943142304,46.626939323752765,-139.32191292319985,86,107,85,2,777.0481603495998,0.5836083542822039,1.0
tp_2_0x_sell_100pct,single_take_profit,2x触发后卖出100%当前已买入且未卖出的份额，剩余持有结算,validation,haircut_0_8,0.8,entry_price_bin,1-2c,129,124,28,1,807.2977190595084,6.013797624091696,0.007449293466476895,0.3953488372093023,-2.0619740017799995,-0.9097441151204544,-31.184130502458704,14.717651896576438,39.35514488624723,52.58118855503834,-82.49518238374833,-230.66007918860635,118.30934617247242,700.0853166836,50,67,50,1,106.08000000000001,0.2877145780154983,1.0
tp_2_0x_sell_100pct,single_take_profit,2x触发后卖出100%当前已买入且未卖出的份额，剩余持有结算,validation,haircut_0_8,0.8,entry_price_bin,2-5c,206,180,34,1,2194.9256258967803,1550.8847286916198,0.7065773484046756,0.3932038834951456,-3.441382997040999,-0.9823742560580571,-107.67054097996353,0.3395777792269177,1.2484964454063385,1.4333425387261483,1024.2387366855787,-385.3893423148411,332.77320876315184,-805.6253504115998,68,90,68,13,2280.2565452932,0.2237573110750459,1.0
tp_2_0x_sell_100pct,single_take_profit,2x触发后卖出100%当前已买入且未卖出的份额，剩余持有结算,validation,haircut_0_8,0.8,entry_price_bin,5-10c,173,153,34,1,3491.0301600336625,-188.08402266886208,-0.05387636716007302,0.44508670520231214,-5.3,-0.8698807747493742,-179.688812984796,nan,nan,nan,-354.4481026754221,-682.709539841283,457.49631480254936,-1229.5473626352,58,68,58,19,3530.811195132,0.22291600664284061,1.0
tp_2_0x_sell_100pct,single_take_profit,2x触发后卖出100%当前已买入且未卖出的份额，剩余持有结算,validation,haircut_0_8,0.8,entry_price_bin,10-20c,209,196,34,1,5099.265653936283,-287.8986445806833,-0.05645884410011965,0.4019138755980861,-9.27400000355,-1.0,-154.60567997874,nan,nan,nan,-468.88540460010836,-978.7708445934413,794.4922499812519,-2820.8465736443995,41,48,41,43,4622.7346915036,0.1596572720386639,1.0
tp_2_0x_sell_100pct,single_take_profit,2x触发后卖出100%当前已买入且未卖出的份额，剩余持有结算,validation,haircut_0_8,0.8,entry_price_bin,>=20c,96,89,28,1,4143.755037987926,222.64305647607418,0.053729782391813995,0.5104166666666666,4.56668,0.5587498879474101,-340.113900006208,1.270418509702753,3.7112733168430823,5.585284097146627,-60.206803527925814,-603.6461782039673,614.2136289993949,-582.8185945359999,12,12,12,31,1302.4847782319998,0.21872889667043754,1.0
tp_2_0x_sell_100pct,single_take_profit,2x触发后卖出100%当前已买入且未卖出的份额，剩余持有结算,validation,haircut_0_9,0.9,entry_price_bin,0-1c,185,138,33,1,636.1571064361864,498.05738204176373,0.7829156933134479,0.4972972972972973,-0.03,-0.04885877855922216,-23.666311002359,0.8125937078592745,0.9885242425585999,1.0923610649686912,93.3390872417637,5.715585708210028,39.298843853527394,-69.61112552204987,90,116,89,2,774.7092161433,0.5735155477890043,1.0
tp_2_0x_sell_100pct,single_take_profit,2x触发后卖出100%当前已买入且未卖出的份额，剩余持有结算,validation,haircut_0_9,0.9,entry_price_bin,1-2c,129,124,28,1,807.2977190595084,164.47909572569168,0.20374032013531235,0.4728682170542636,-1.04576,-0.21490334089511867,-30.321411314958702,0.6078051412354918,1.6672189805203577,2.219072765221291,64.50785571785167,-109.74357456700633,62.44251934683501,858.5506147852001,60,79,60,1,105.5275,0.3095146650977471,1.0
tp_2_0x_sell_100pct,single_take_profit,2x触发后卖出100%当前已买入且未卖出的份额，剩余持有结算,validation,haircut_0_9,0.9,entry_price_bin,2-5c,206,180,34,1,2194.9256258967803,1841.0887029492196,0.8387932061237867,0.46116504854368934,-1.629796498224,-0.4847768972920207,-107.67054097996353,0.2866431830039841,1.0584017720390928,1.2241464060516771,1313.3531769431788,-107.52284273338955,300.8155554589017,-515.421376154,82,108,82,13,2260.13991007985,0.21181392776978478,1.0
tp_2_0x_sell_100pct,single_take_profit,2x触发后卖出100%当前已买入且未卖出的份额，剩余持有结算,validation,haircut_0_9,0.9,entry_price_bin,5-10c,173,153,34,1,3491.0301600336625,409.7746195665379,0.11737928370191641,0.4624277456647399,-4.49991,-0.32237528772152596,-179.688812984796,1.0479982153364,2.175053369323679,2.8107272004760016,-19.66845042934608,-481.50704738498916,425.34727939805146,-631.6887203997998,61,75,61,19,3153.32083033045,0.28264289840541107,1.0
tp_2_0x_sell_100pct,single_take_profit,2x触发后卖出100%当前已买入且未卖出的份额，剩余持有结算,validation,haircut_0_9,0.9,entry_price_bin,10-20c,209,196,34,1,5099.265653936283,313.5073652607167,0.061480885001296316,0.45454545454545453,-6.5,-1.0,-154.60567997874,0.5163597986515607,2.200045705292143,3.3418641907825806,151.62476525891174,-376.2231672585783,802.8768949812519,-2219.440563803,52,58,50,43,4653.5337039926,0.14470259372779495,1.0
tp_2_0x_sell_100pct,single_take_profit,2x触发后卖出100%当前已买入且未卖出的份额，剩余持有结算,validation,haircut_0_9,0.9,entry_price_bin,>=20c,96,89,28,1,4143.755037987926,431.9386432815741,0.10423845988041552,0.53125,10.318188023873425,0.7424651591133152,-340.113900006208,0.6548516656325438,2.005975619438177,2.9889117216400463,149.08290327757413,-434.5197442344674,604.7942635007776,-373.5230077305,14,14,14,33,1216.9088821935,0.19403999224414817,1.0
tp_2_0x_sell_100pct,single_take_profit,2x触发后卖出100%当前已买入且未卖出的份额，剩余持有结算,validation,sampled_1_0,1.0,entry_price_bin,0-1c,185,138,33,1,636.1571064361864,622.8497547913137,0.9790816584295949,0.4864864864864865,-0.022818999479045032,-0.07899701764597579,-23.666311002359,0.6497882898510604,0.9517270054565022,1.0445985118121819,218.12927779131365,30.06682281446001,43.69617340057738,55.18124722750005,88,120,88,2,683.9222729999999,0.4938514700639905,1.0
tp_2_0x_sell_100pct,single_take_profit,2x触发后卖出100%当前已买入且未卖出的份额，剩余持有结算,validation,sampled_1_0,1.0,entry_price_bin,1-2c,129,124,28,1,807.2977190595084,310.52407593249166,0.38464629417539825,0.5271317829457365,0.33887122485845556,0.48274750785394444,-29.458692127458704,0.35885623255848864,1.0040170406641113,1.3099731045186722,199.09057592465166,-1.247387840206386,41.57154614687147,1004.595594992,67,91,67,1,104.97500000000001,0.24723752948094005,1.0
tp_2_0x_sell_100pct,single_take_profit,2x触发后卖出100%当前已买入且未卖出的份额，剩余持有结算,validation,sampled_1_0,1.0,entry_price_bin,2-5c,206,180,34,1,2194.9256258967803,2058.6092883547194,0.9378947806095407,0.4854368932038835,-0.6106799982240008,-0.11874290106990153,-107.67054097996353,0.256884617687064,0.9651237295223961,1.1458754827345394,1529.7842283486784,71.7966143483668,232.21161647737398,-297.90079074849996,87,121,87,13,2150.9361949565,0.19530216834203304,1.0
tp_2_0x_sell_100pct,single_take_profit,2x触发后卖出100%当前已买入且未卖出的份额，剩余持有结算,validation,sampled_1_0,1.0,entry_price_bin,5-10c,173,153,34,1,3491.0301600336625,1074.7632338033377,0.3078642075647305,0.5086705202312138,0.20532000185600197,0.028847527745446164,-115.63131298479598,0.3987081214896628,1.13364068760778,1.3857306891488228,646.2464038074537,-143.63209758103926,325.6536459830513,33.29989383700004,69,86,69,19,2823.3376718595,0.29212985324772894,1.0
tp_2_0x_sell_100pct,single_take_profit,2x触发后卖出100%当前已买入且未卖出的份额，剩余持有结算,validation,sampled_1_0,1.0,entry_price_bin,10-20c,209,196,34,1,5099.265653936283,1748.2413010347166,0.3428417775577537,0.5215311004784688,3.670656799999998,0.5017151312583592,-154.60567997874,0.4046386500540508,0.7796923069665017,1.037710276068307,1040.8353010152914,385.15100789683993,663.2153739887146,-784.7066280289997,66,77,66,43,3789.393930493,0.306218546203462,1.0
tp_2_0x_sell_100pct,single_take_profit,2x触发后卖出100%当前已买入且未卖出的份额，剩余持有结算,validation,sampled_1_0,1.0,entry_price_bin,>=20c,96,89,28,1,4143.755037987926,1978.194353687074,0.47739172213413983,0.5833333333333334,19.733749999375,1.0119258859391727,-168.41334300134858,0.19942279648028796,0.606169712350373,0.884893690741912,1583.6973036932818,779.0728513394483,121.16979999264004,1172.732702675,19,19,18,35,1132.5332881400002,0.23146089510501824,1.0
tp_2_0x_sell_25pct,single_take_profit,2x触发后卖出25%当前已买入且未卖出的份额，剩余持有结算,train,haircut_0_8,0.8,entry_price_bin,0-1c,208,179,33,1,449.42623652537225,754.6559225299277,1.6791541329771116,0.15384615384615385,-0.94337409,-0.6995805066580945,-9.999951000000001,0.5977293578877483,1.278826499625598,1.381127760700399,303.5759225299277,-210.4180693007462,105.5390956561121,-20.95185494470004,28,130,28,4,286.68190585120004,0.4076846820327032,1.0
tp_2_0x_sell_25pct,single_take_profit,2x触发后卖出25%当前已买入且未卖出的份额，剩余持有结算,train,haircut_0_8,0.8,entry_price_bin,1-2c,223,211,37,1,1117.8320031652593,-571.3435249082593,-0.5111175232865401,0.07623318385650224,-1.5628239964149997,-0.5755995965576411,-56.690879994303,nan,nan,nan,-711.4235231042593,-791.3228785795542,571.3435249082594,280.985578257,14,143,14,3,55.43589082400001,0.18559745812565162,1.0
tp_2_0x_sell_25pct,single_take_profit,2x触发后卖出25%当前已买入且未卖出的份额，剩余持有结算,train,haircut_0_8,0.8,entry_price_bin,2-5c,354,314,43,1,2398.8221475200967,1344.6888562694035,0.560562131569255,0.0847457627118644,-2.9570390583255226,-0.9059503749307656,-54.05612000356,0.6185899690750191,1.4413104019999845,1.890160465373726,512.8778182541904,-593.4251797251497,252.62923092395732,-69.92349621049986,10,168,10,20,693.43472857,0.23780597673480958,1.0
tp_2_0x_sell_25pct,single_take_profit,2x触发后卖出25%当前已买入且未卖出的份额，剩余持有结算,train,haircut_0_8,0.8,entry_price_bin,5-10c,378,333,38,1,4447.489737516219,1171.8422826502815,0.26348397676229784,0.12698412698412698,-4.9979834965531715,-1.0,-88.99980907764746,0.3189141282311343,1.208280821968177,1.8707457865970105,798.1252226544846,-244.07227384746557,503.8834702687868,-110.74680883349988,5,135,5,43,877.9137660232,0.14869742169236191,1.0
tp_2_0x_sell_25pct,single_take_profit,2x触发后卖出25%当前已买入且未卖出的份额，剩余持有结算,train,haircut_0_8,0.8,entry_price_bin,10-20c,473,416,43,1,7888.037368089418,2864.530284424682,0.3631486706709793,0.2135306553911205,-7.217341233858534,-1.0,-101.13301566462044,0.11563240458854848,0.4651617921788425,0.8157077552098226,2533.2977596199376,1532.0602435711276,759.5533425346489,-397.55763648589993,0,131,0,101,1547.2607892554,0.22098229773016723,1.0
tp_2_0x_sell_25pct,single_take_profit,2x触发后卖出25%当前已买入且未卖出的份额，剩余持有结算,train,haircut_0_8,0.8,entry_price_bin,>=20c,387,355,43,1,13590.066672788022,4939.038856582479,0.36343006811527495,0.4909560723514212,-0.9017472,-0.3774957485671096,-190.816699992179,0.06324858319144089,0.22648869372070618,0.36973298805984134,4626.651646576162,3820.402397719303,213.7400219934416,-563.6381376294997,0,32,0,109,880.0988663866,0.13483703056491433,1.0
tp_2_0x_sell_25pct,single_take_profit,2x触发后卖出25%当前已买入且未卖出的份额，剩余持有结算,train,haircut_0_9,0.9,entry_price_bin,0-1c,208,179,33,1,449.42623652537225,785.7551895584652,1.748351844416866,0.17307692307692307,-0.9015033750000001,-0.6809226861454818,-9.999951000000001,0.5747209894391653,1.234496616664851,1.347177407527023,334.1651895584652,-184.25693347830872,96.15837399274618,10.147412083837438,32,138,32,4,285.98264364510004,0.4029458846055541,1.0
tp_2_0x_sell_25pct,single_take_profit,2x触发后卖出25%当前已买入且未卖出的份额，剩余持有结算,train,haircut_0_9,0.9,entry_price_bin,1-2c,223,211,37,1,1117.8320031652593,-520.8674337887342,-0.465962177065823,0.07623318385650224,-1.4399356024483319,-0.4991610384089044,-56.690879994303,nan,nan,nan,-661.9759783492342,-746.9559659765581,520.8674337887343,331.46166937652504,14,157,14,3,54.068411551999986,0.19254464565358664,1.0
tp_2_0x_sell_25pct,single_take_profit,2x触发后卖出25%当前已买入且未卖出的份额，剩余持有结算,train,haircut_0_9,0.9,entry_price_bin,2-5c,354,314,43,1,2398.8221475200967,1474.8945242668283,0.6148411318411308,0.0847457627118644,-2.6787345656334995,-0.6724602307807741,-54.259961003559994,0.5637708028162582,1.3144103126345537,1.726092657331419,643.3920542516153,-463.7220484777249,241.29749765255727,60.28217178692507,10,196,10,20,688.35488832125,0.24236458947179843,1.0
tp_2_0x_sell_25pct,single_take_profit,2x触发后卖出25%当前已买入且未卖出的份额，剩余持有结算,train,haircut_0_9,0.9,entry_price_bin,5-10c,378,333,38,1,4447.489737516219,1318.732585669669,0.2965116646690992,0.1402116402116402,-4.7570250000000005,-0.8958448335223299,-81.80948671289745,0.2844960544485816,1.0760542733853027,1.6662519152199458,943.5583681738722,-100.29524859262801,446.1923036038743,36.14349418588766,10,161,10,43,856.8719574586249,0.14709599080038754,1.0
tp_2_0x_sell_25pct,single_take_profit,2x触发后卖出25%当前已买入且未卖出的份额，剩余持有结算,train,haircut_0_9,0.9,entry_price_bin,10-20c,473,416,43,1,7888.037368089418,3148.2577566174946,0.399118007396058,0.2135306553911205,-6.65,-0.6499007363799998,-92.85645420015794,0.10548734551314382,0.43463315048247625,0.7600938021890348,2816.1564028807497,1779.92056932794,688.3455016602497,-113.83016429308753,0,152,0,101,1436.8585421026376,0.21619181368516235,1.0
tp_2_0x_sell_25pct,single_take_profit,2x触发后卖出25%当前已买入且未卖出的份额，剩余持有结算,train,haircut_0_9,0.9,entry_price_bin,>=20c,387,355,43,1,13590.066672788022,5013.067534942254,0.3688773319250991,0.4909560723514212,-1.16168799999944,-0.3736562650864146,-190.816699992179,0.06493746273858364,0.2231623383449367,0.3633058262124543,4687.531648685937,3894.339661563453,213.60128199344126,-489.609459269725,0,43,0,124,867.1388822173751,0.13611390895529696,1.0
tp_2_0x_sell_25pct,single_take_profit,2x触发后卖出25%当前已买入且未卖出的份额，剩余持有结算,train,sampled_1_0,1.0,entry_price_bin,0-1c,208,179,33,1,449.42623652537225,819.4493086172528,1.823323255341349,0.1875,-0.89610375,-0.5473518117266458,-9.999951000000001,0.5517119793082481,1.1897627394280375,1.311645543848438,367.34930861725275,-155.50094562562117,86.99125268839617,43.841531142624994,35,155,35,4,285.283381439,0.39865972817298145,1.0
tp_2_0x_sell_25pct,single_take_profit,2x触发后卖出25%当前已买入且未卖出的份额，剩余持有结算,train,sampled_1_0,1.0,entry_price_bin,1-2c,223,211,37,1,1117.8320031652593,-469.82548046763424,-0.42030061685233006,0.08071748878923767,-1.2941200047179997,-0.4938188833998723,-56.690879994303,nan,nan,nan,-611.9625713926342,-702.3103481774582,469.8254804676344,382.503622697625,15,165,15,3,52.70093228,0.2045374717780755,1.0
tp_2_0x_sell_25pct,single_take_profit,2x触发后卖出25%当前已买入且未卖出的份额，剩余持有结算,train,sampled_1_0,1.0,entry_price_bin,2-5c,354,314,43,1,2398.8221475200967,1581.0903173905283,0.6591111054335813,0.09887005649717515,-2.5033780028450012,-0.5007440087380253,-53.00603000356,0.5262797835537474,1.2270682088209566,1.6123212597107328,748.9944473753153,-359.0153463540248,233.6523836416824,166.477964910625,15,224,15,20,684.3178420225,0.2446902678127077,1.0
tp_2_0x_sell_25pct,single_take_profit,2x触发后卖出25%当前已买入且未卖出的份额，剩余持有结算,train,sampled_1_0,1.0,entry_price_bin,5-10c,378,333,38,1,4447.489737516219,1376.1820942717814,0.30942895329542347,0.14285714285714285,-4.5,-0.7013307102179445,-96.63035526064746,0.273678444563032,1.0314921373535955,1.5979465811042919,999.5507192759844,-43.338915536365676,436.51654546503664,93.59300278800008,11,181,11,43,847.334754179625,0.1523569146800513,1.0
tp_2_0x_sell_25pct,single_take_profit,2x触发后卖出25%当前已买入且未卖出的份额，剩余持有结算,train,sampled_1_0,1.0,entry_price_bin,10-20c,473,416,43,1,7888.037368089418,3415.093962251457,0.4329459665172245,0.21775898520084566,-6.437474999999998,-0.4994245464376689,-84.57989273569545,0.09677972902123293,0.40833553428269503,0.7076611435240255,3084.5820940027124,2020.5897445499024,617.4386513553745,153.00604134087487,2,177,2,101,1388.31598938675,0.21552531847271333,1.0
tp_2_0x_sell_25pct,single_take_profit,2x触发后卖出25%当前已买入且未卖出的份额，剩余持有结算,train,sampled_1_0,1.0,entry_price_bin,>=20c,387,355,43,1,13590.066672788022,5310.773266170979,0.3907834592750726,0.4909560723514212,-0.6687500000000001,-0.3040625167626827,-190.816699992179,0.06377311655605751,0.212942162905894,0.3447994145068061,4972.088703664663,4179.885720169732,213.54182199344177,-191.90372804099997,0,63,0,138,845.8781737190001,0.1455434189143597,1.0
tp_2_0x_sell_25pct,single_take_profit,2x触发后卖出25%当前已买入且未卖出的份额，剩余持有结算,validation,haircut_0_8,0.8,entry_price_bin,0-1c,185,138,33,1,636.1571064361864,532.8380293330137,0.8375887401746147,0.07027027027027027,-1.9231040000000001,-0.8157994035291951,-23.666311002359,1.1107490042506856,1.8897931612227243,1.8916755343993377,-59.01128117552889,-474.1156345399089,402.54044116220473,-34.830478230800004,11,107,11,2,194.2620400874,0.46693209256057056,1.0
tp_2_0x_sell_25pct,single_take_profit,2x触发后卖出25%当前已买入且未卖出的份额，剩余持有结算,validation,haircut_0_8,0.8,entry_price_bin,1-2c,129,124,28,1,807.2977190595084,-519.0501898886083,-0.6429476730013498,0.06201550387596899,-3.0539500054079998,-0.9774360287801136,-36.3604456274587,nan,nan,nan,-600.8281898897083,-629.7583718924263,519.0916438860443,175.0213291709,7,67,7,1,26.52000000000001,0.15358732880599968,1.0
tp_2_0x_sell_25pct,single_take_profit,2x触发后卖出25%当前已买入且未卖出的份额，剩余持有结算,validation,haircut_0_8,0.8,entry_price_bin,2-5c,206,180,34,1,2194.9256258967803,2155.1037415003198,0.9818572966998869,0.08737864077669903,-5.277506544951488,-0.9955935640145144,-107.67054097996353,0.3338186344130266,1.364046895932701,1.7175530316293346,1435.6899534942786,-784.5588275061414,284.3002546769461,-201.4063376028997,5,90,5,13,570.0641363232997,0.1850383207216356,1.0
tp_2_0x_sell_25pct,single_take_profit,2x触发后卖出25%当前已买入且未卖出的份额，剩余持有结算,validation,haircut_0_8,0.8,entry_price_bin,5-10c,173,153,34,1,3491.0301600336625,734.0764993075376,0.21027503792761826,0.12716763005780346,-8.773731996870001,-0.9674701936873435,-179.688812984796,0.6490315933629723,2.2646936628637575,3.392371955395345,257.63765931165364,-928.3818967314543,583.2449494530513,-307.38684065880017,3,68,3,19,882.7027987830002,0.16531222401641585,1.0
tp_2_0x_sell_25pct,single_take_profit,2x触发后卖出25%当前已买入且未卖出的份额，剩余持有结算,validation,haircut_0_8,0.8,entry_price_bin,10-20c,209,196,34,1,5099.265653936283,1827.7362856526167,0.3584312741662576,0.20574162679425836,-12.145000000000001,-1.0,-154.60567997874,0.31669705009590227,0.8907004503745632,1.3212780251980443,1248.8975956331915,199.77075285589967,625.4714459746286,-705.2116434110995,0,48,0,43,1155.6836728758997,0.19887159538521068,1.0
tp_2_0x_sell_25pct,single_take_profit,2x触发后卖出25%当前已买入且未卖出的份额，剩余持有结算,validation,haircut_0_8,0.8,entry_price_bin,>=20c,96,89,28,1,4143.755037987926,659.757002378074,0.15921718256261375,0.3854166666666667,-10.49499999975,-0.5619671981623445,-340.113900006208,0.43164595294557534,1.6520847830971015,2.60658966554039,374.97556237407406,-430.21750179250034,596.2492699815649,-145.70464863400005,0,12,0,31,325.62119455800007,0.12610832648886403,1.0
tp_2_0x_sell_25pct,single_take_profit,2x触发后卖出25%当前已买入且未卖出的份额，剩余持有结算,validation,haircut_0_9,0.9,entry_price_bin,0-1c,185,138,33,1,636.1571064361864,550.2657261833011,0.8649840119934256,0.07027027027027027,-1.8165,-0.7622146946398055,-23.666311002359,1.076631657797945,1.8322200731255078,1.8353056096467384,-42.16777482681641,-457.9421828827275,383.9464303472422,-17.402781380512483,11,116,11,2,193.677304035825,0.4737836037717867,1.0
tp_2_0x_sell_25pct,single_take_profit,2x触发后卖出25%当前已买入且未卖出的份额，剩余持有结算,validation,haircut_0_9,0.9,entry_price_bin,1-2c,129,124,28,1,807.2977190595084,-479.4338653632084,-0.593874916334141,0.06201550387596899,-2.967439990364,-0.8037258352237797,-36.14476583058371,nan,nan,nan,-561.3499903643084,-596.9063963670264,479.80587111064443,214.6376536963,7,79,7,1,26.381875000000008,0.14913131064038535,1.0
tp_2_0x_sell_25pct,single_take_profit,2x触发后卖出25%当前已买入且未卖出的份额，剩余持有结算,validation,haircut_0_9,0.9,entry_price_bin,2-5c,206,180,34,1,2194.9256258967803,2227.6547350647197,1.0149112611296647,0.08737864077669903,-4.994770625,-0.8711942243230052,-107.67054097996353,0.3230689927742021,1.3205601151746682,1.6638976633806075,1507.9685635586789,-714.0972584417414,289.5443599855048,-128.8553440384999,5,108,5,13,565.0349775199625,0.18248679614349916,1.0
tp_2_0x_sell_25pct,single_take_profit,2x触发后卖出25%当前已买入且未卖出的份额，剩余持有结算,validation,haircut_0_9,0.9,entry_price_bin,5-10c,173,153,34,1,3491.0301600336625,883.5411598663878,0.25308895064311565,0.1329479768786127,-8.6933546821875,-0.8305938219303816,-179.688812984796,0.6454588262556158,1.9776244428709204,2.9239378714022273,313.25171987050373,-863.7714341679042,576.1496666055514,-157.92218009994994,4,75,4,19,788.3302075826125,0.19052021303081312,1.0
tp_2_0x_sell_25pct,single_take_profit,2x触发后卖出25%当前已买入且未卖出的份额，剩余持有结算,validation,haircut_0_9,0.9,entry_price_bin,10-20c,209,196,34,1,5099.265653936283,1978.0877881129668,0.38791620644161157,0.20574162679425836,-11.275314999999999,-1.0,-154.60567997874,0.285579525799673,0.8259636303646508,1.2221411233313262,1413.1864155935418,344.25921746319864,626.8014072312517,-554.8601409507496,0,58,0,43,1163.3834259981495,0.2089762209758131,1.0
tp_2_0x_sell_25pct,single_take_profit,2x触发后卖出25%当前已买入且未卖出的份额，剩余持有结算,validation,haircut_0_9,0.9,entry_price_bin,>=20c,96,89,28,1,4143.755037987926,712.0808990794491,0.17184435193476413,0.3854166666666667,-9.994062499999998,-0.4904565037760839,-340.113900006208,0.3999305561659587,1.5507518619824243,2.436063467111834,427.2979890754491,-392.17988105012535,591.6601191065649,-93.38075193262503,0,14,0,33,304.22722054837504,0.12832654767485904,1.0
tp_2_0x_sell_25pct,single_take_profit,2x触发后卖出25%当前已买入且未卖出的份额，剩余持有结算,validation,sampled_1_0,1.0,entry_price_bin,0-1c,185,138,33,1,636.1571064361864,581.4638193706886,0.9140255032724622,0.0972972972972973,-1.6870640144220004,-0.7697492544114939,-23.666311002359,1.057898480960845,1.7770980043009412,1.7813996648878838,-33.66587187525397,-451.85437360616504,374.53216117942975,13.795311806875025,16,120,16,2,170.98056824999998,0.48637465791236023,1.0
tp_2_0x_sell_25pct,single_take_profit,2x触发后卖出25%当前已买入且未卖出的份额，剩余持有结算,validation,sampled_1_0,1.0,entry_price_bin,1-2c,129,124,28,1,807.2977190595084,-442.92262031150835,-0.5486484228241194,0.06976744186046512,-2.940460000524,-0.6293131230365139,-35.92908603370871,nan,nan,nan,-524.9768703126083,-567.1595003153263,443.6251778089444,251.148898748,8,91,8,1,26.243750000000006,0.14935598548611256,1.0
tp_2_0x_sell_25pct,single_take_profit,2x触发后卖出25%当前已买入且未卖出的份额，剩余持有结算,validation,sampled_1_0,1.0,entry_price_bin,2-5c,206,180,34,1,2194.9256258967803,2282.034881416095,1.0396866547511032,0.08737864077669903,-4.6259674994645,-0.7796857252674754,-107.67054097996353,0.31548972404807313,1.2866147782914223,1.6361896492821228,1562.0763264100538,-654.0649215903663,287.58833461594213,-74.47519768712472,5,121,5,13,537.7340487391247,0.18318323515447854,1.0
tp_2_0x_sell_25pct,single_take_profit,2x触发后卖出25%当前已买入且未卖出的份额，剩余持有结算,validation,sampled_1_0,1.0,entry_price_bin,5-10c,173,153,34,1,3491.0301600336625,1049.7883134255878,0.3007101816088192,0.12716763005780346,-8.09919,-0.7427881180636384,-163.674437984796,0.5430217432462316,1.7400139581520215,2.538184070298238,479.7304334297037,-776.8580050398043,551.2262582518018,8.324973459250028,3,86,3,19,705.834417964875,0.19122357196386203,1.0
tp_2_0x_sell_25pct,single_take_profit,2x触发后卖出25%当前已买入且未卖出的份额，剩余持有结算,validation,sampled_1_0,1.0,entry_price_bin,10-20c,209,196,34,1,5099.265653936283,2336.771272056467,0.45825642958072593,0.20574162679425836,-10.118200000644002,-0.6245712171854102,-154.60567997874,0.30402783041499903,0.7627643310088245,1.1173067388143152,1626.3277720370418,554.365496005676,584.2385717246287,-196.17665700724973,0,77,0,43,947.3484826232498,0.23499404198294183,1.0
tp_2_0x_sell_25pct,single_take_profit,2x触发后卖出25%当前已买入且未卖出的份额，剩余持有结算,validation,sampled_1_0,1.0,entry_price_bin,>=20c,96,89,28,1,4143.755037987926,1098.6448266808243,0.2651326674981953,0.3854166666666667,-8.715625,-0.45501289053953997,-168.41334300134858,0.25921222954680534,1.0217475514629548,1.59891627751225,813.8626516768243,-23.892834907750284,364.20568824939494,293.1831756687501,0,19,0,35,283.1333220349999,0.13075799635603713,1.0
tp_2_0x_sell_50pct,single_take_profit,2x触发后卖出50%当前已买入且未卖出的份额，剩余持有结算,train,haircut_0_8,0.8,entry_price_bin,0-1c,208,179,33,1,449.42623652537225,733.7040675852278,1.6325350145502837,0.4230769230769231,-0.4245841964426224,-0.39916101331618903,-9.999951000000001,0.41591700725381675,0.9708315238374117,1.2014903622957667,428.54406758522776,21.40102960575382,62.556434078225784,-41.903709889399984,84,130,84,4,573.3638117024,0.3231518594443059,1.0
tp_2_0x_sell_50pct,single_take_profit,2x触发后卖出50%当前已买入且未卖出的份额，剩余持有结算,train,haircut_0_8,0.8,entry_price_bin,1-2c,223,211,37,1,1117.8320031652593,-290.35794665125917,-0.25975096958136823,0.45739910313901344,-0.25,-0.15119919311528213,-56.690879994303,nan,nan,nan,-393.65334576325915,-494.8451024930831,292.1296436047141,561.9711565140001,99,143,99,3,110.87178164799998,0.2108010229707816,1.0
tp_2_0x_sell_50pct,single_take_profit,2x触发后卖出50%当前已买入且未卖出的份额，剩余持有结算,train,haircut_0_8,0.8,entry_price_bin,2-5c,354,314,43,1,2398.8221475200967,1274.7653600589033,0.5314130359254671,0.3926553672316384,-1.721160998979999,-0.8119007498615312,-42.566900003559994,0.6104026908758002,1.2163293579948762,1.563960989578848,496.64515404369035,-275.76917193564964,172.76550191705724,-139.84699242100004,119,168,119,20,1386.8694571400001,0.30105363356204046,1.0
tp_2_0x_sell_50pct,single_take_profit,2x触发后卖出50%当前已买入且未卖出的份额，剩余持有结算,train,haircut_0_8,0.8,entry_price_bin,5-10c,378,333,38,1,4447.489737516219,1061.0954738167814,0.238583006693877,0.3862433862433862,-3.046703999606427,-1.0,-73.83929599667063,0.29090862001838763,1.1135648204483557,1.7486021931201017,752.4136538209843,-120.50311696256563,461.61969555428664,-221.4936176669999,103,135,103,43,1755.8275320464,0.14506879844245288,1.0
tp_2_0x_sell_50pct,single_take_profit,2x触发后卖出50%当前已买入且未卖出的份额，剩余持有结算,train,haircut_0_8,0.8,entry_price_bin,10-20c,473,416,43,1,7888.037368089418,2466.9726479387823,0.3127486005478083,0.44608879492600423,-3.266,-1.0,-78.0104999947,0.10978316945955267,0.4293356989246543,0.7646740763862909,2196.1405716780378,1407.81322190798,524.5343530990503,-795.1152729717998,110,131,110,101,3094.5215785108,0.20875681235894125,1.0
tp_2_0x_sell_50pct,single_take_profit,2x触发后卖出50%当前已买入且未卖出的份额，剩余持有结算,train,haircut_0_8,0.8,entry_price_bin,>=20c,387,355,43,1,13590.066672788022,4375.400718952979,0.3219557949420538,0.5684754521963824,1.6641179992680017,0.0806260695568169,-190.816699992179,0.06523496665572116,0.23571423104944775,0.38041286036129196,4089.971598946663,3344.056502951777,195.50562199344176,-1127.2762752589995,30,32,30,109,1760.1977327731997,0.1311304696223482,1.0
tp_2_0x_sell_50pct,single_take_profit,2x触发后卖出50%当前已买入且未卖出的份额，剩余持有结算,train,haircut_0_9,0.9,entry_price_bin,0-1c,208,179,33,1,449.42623652537225,795.9026016423028,1.7709304374297923,0.4567307692307692,-0.24884887499999997,-0.3618453722909637,-9.999951000000001,0.3846953124266887,0.9078362649150332,1.149321381872316,489.7226016423028,73.35335653119705,56.666646557975774,20.29482416767499,91,138,91,4,571.9652872902,0.31159907617780147,1.0
tp_2_0x_sell_50pct,single_take_profit,2x触发后卖出50%当前已买入且未卖出的份额，剩余持有结算,train,haircut_0_9,0.9,entry_price_bin,1-2c,223,211,37,1,1117.8320031652593,-189.40576441220918,-0.16944027713993406,0.5022421524663677,0.0005880000000000052,0.001677923182191173,-56.690879994303,nan,nan,nan,-294.7582562532092,-409.8480733174482,237.46880221929075,662.9233387530501,109,157,109,3,108.136823104,0.21579755448435275,1.0
tp_2_0x_sell_50pct,single_take_profit,2x触发后卖出50%当前已买入且未卖出的份额，剩余持有结算,train,haircut_0_9,0.9,entry_price_bin,2-5c,354,314,43,1,2398.8221475200967,1535.1766960537532,0.6399710364692186,0.4378531073446328,-0.9052584984215,-0.34492046156154826,-42.974582003559995,0.5064583588415735,1.0106586489248184,1.3137250707591785,757.6736260385402,-16.36290944079974,167.77201610820703,120.56434357384992,135,196,135,20,1376.7097766425002,0.30954730881693165,1.0
tp_2_0x_sell_50pct,single_take_profit,2x触发后卖出50%当前已买入且未卖出的份额，剩余持有结算,train,haircut_0_9,0.9,entry_price_bin,5-10c,378,333,38,1,4447.489737516219,1354.8760798555563,0.30463838250747965,0.42328042328042326,-2.51849294,-0.7916896670446598,-73.83929599667063,0.22998127993300785,0.8760136533187461,1.3770095049920266,1043.2799448597593,167.9861353471092,346.2373622244618,72.28698837177504,117,161,117,43,1713.74391491725,0.14029514223309295,1.0
tp_2_0x_sell_50pct,single_take_profit,2x触发后卖出50%当前已买入且未卖出的份额，剩余持有结算,train,haircut_0_9,0.9,entry_price_bin,10-20c,473,416,43,1,7888.037368089418,3034.427592324407,0.3846872739979658,0.47780126849894294,-1.4000000000000001,-0.2998014727599996,-78.0104999947,0.08982574994183767,0.37561705626588876,0.6625258851252241,2761.8578581996626,1894.644832643525,382.1186713502484,-227.66032858617487,125,152,125,101,2873.717084205275,0.1995967776501716,1.0
tp_2_0x_sell_50pct,single_take_profit,2x触发后卖出50%当前已买入且未卖出的份额，剩余持有结算,train,haircut_0_9,0.9,entry_price_bin,>=20c,387,355,43,1,13590.066672788022,4523.458075672529,0.332850322561702,0.599483204134367,2.0665207820496505,0.1250115676286327,-190.816699992179,0.06891331085454347,0.22789473772588464,0.36587040524498454,4211.731603166213,3492.585783903103,195.22814199344157,-979.2189185394499,42,43,42,124,1734.27776443475,0.13405848102495999,1.0
tp_2_0x_sell_50pct,single_take_profit,2x触发后卖出50%当前已买入且未卖出的份额，剩余持有结算,train,sampled_1_0,1.0,entry_price_bin,0-1c,208,179,33,1,449.42623652537225,863.2908397598777,1.9208732592787578,0.47115384615384615,-0.07339762500000002,-0.09470362345329156,-9.999951000000001,0.3558476307769545,0.858246423336763,1.098074190377631,556.0908397598778,122.37456423657204,47.422899155975784,87.68306228524993,94,155,94,4,570.5667628780001,0.299730185038729,1.0
tp_2_0x_sell_50pct,single_take_profit,2x触发后卖出50%当前已买入且未卖出的份额，剩余持有结算,train,sampled_1_0,1.0,entry_price_bin,1-2c,223,211,37,1,1117.8320031652593,-87.32185777000922,-0.07811715671294807,0.5112107623318386,0.020587999999999995,0.012362233200255427,-56.690879994303,nan,nan,nan,-194.7314423400092,-323.7988626342482,183.71497105589575,765.00724539525,111,165,111,3,105.40186455999998,0.22684503170730336,1.0
tp_2_0x_sell_50pct,single_take_profit,2x触发后卖出50%当前已买入且未卖出的份额，剩余持有结算,train,sampled_1_0,1.0,entry_price_bin,2-5c,354,314,43,1,2398.8221475200967,1747.5682823011532,0.7285109836541196,0.4887005649717514,-0.009120773979999386,-0.001488017476050649,-40.46672000356,0.4455848036963993,0.8895319303046653,1.1664808822916537,968.8784122859402,193.05049480660023,126.83900706170698,332.95592982125,153,224,153,20,1368.635684045,0.3141318498207538,1.0
tp_2_0x_sell_50pct,single_take_profit,2x触发后卖出50%当前已买入且未卖出的份额，剩余持有结算,train,sampled_1_0,1.0,entry_price_bin,5-10c,378,333,38,1,4447.489737516219,1469.7750970597813,0.33047295976012836,0.43915343915343913,-1.6691000000000003,-0.40266142043588893,-73.83929599667063,0.21398542581443988,0.8084791606738015,1.2711946717250397,1155.2646470639843,281.4925602096341,326.88584594678673,187.18600557599996,123,181,123,43,1694.6695083592501,0.14854313882073725,1.0
tp_2_0x_sell_50pct,single_take_profit,2x触发后卖出50%当前已买入且未卖出的份额，剩余持有结算,train,sampled_1_0,1.0,entry_price_bin,10-20c,473,416,43,1,7888.037368089418,3568.100003592332,0.4523431922402988,0.5031712473572939,0.0025499971999991544,0.0011509071246621585,-78.0104999947,0.07707405040572589,0.3413569296253285,0.5839026669627976,3293.092084062786,2350.10434176993,247.3119917097788,306.01208268175003,137,177,137,101,2776.6319787735,0.19107033619590555,1.0
tp_2_0x_sell_50pct,single_take_profit,2x触发后卖出50%当前已买入且未卖出的份额，剩余持有结算,train,sampled_1_0,1.0,entry_price_bin,>=20c,387,355,43,1,13590.066672788022,5118.8695381299785,0.3766625772616489,0.6459948320413437,2.8320161162309034,0.159090909090909,-190.816699992179,0.06603485837808686,0.20796798747681147,0.3269945313897847,4780.845713123663,4054.3085421287315,195.10922199344168,-383.807456082,60,63,60,138,1691.7563474380001,0.15389378710713028,1.0
tp_2_0x_sell_50pct,single_take_profit,2x触发后卖出50%当前已买入且未卖出的份额，剩余持有结算,validation,haircut_0_8,0.8,entry_price_bin,0-1c,185,138,33,1,636.1571064361864,498.00755110221365,0.7828373621291447,0.32972972972972975,-1.021459987012,-0.6315988070583903,-23.666311002359,0.8163046582331088,1.6722085557586255,1.7006483655595497,91.48166730221368,-334.7649366833089,277.51604217560464,-69.66095646159995,59,107,59,2,388.52408017479996,0.4100137491176327,1.0
tp_2_0x_sell_50pct,single_take_profit,2x触发后卖出50%当前已买入且未卖出的份额，剩余持有结算,validation,haircut_0_8,0.8,entry_price_bin,1-2c,129,124,28,1,807.2977190595084,-344.02886071770837,-0.42614868417874097,0.3488372093023256,-2.940460000524,-0.9548720575602272,-34.635007252458706,nan,nan,nan,-399.2868607188084,-484.5786956299214,346.03317871514423,350.0426583418,44,67,44,1,53.040000000000006,0.14770182312371263,1.0
tp_2_0x_sell_50pct,single_take_profit,2x触发后卖出50%当前已买入且未卖出的份额，剩余持有结算,validation,haircut_0_8,0.8,entry_price_bin,2-5c,206,180,34,1,2194.9256258967803,1953.6974038974197,0.8900973139348164,0.34951456310679613,-4.089594999226,-0.9911871280290285,-107.67054097996353,0.3353425431692084,1.322209204379991,1.6193681810985359,1298.5395478913788,-629.4992861090411,277.5416428565557,-402.81267520579985,59,90,59,13,1140.1282726466,0.18312523077314777,1.0
tp_2_0x_sell_50pct,single_take_profit,2x触发后卖出50%当前已买入且未卖出的份额，剩余持有结算,validation,haircut_0_8,0.8,entry_price_bin,5-10c,173,153,34,1,3491.0301600336625,426.6896586487378,0.12222456956505452,0.36416184971098264,-6.3500000025,-0.934940387374687,-179.688812984796,0.7866125723759132,2.789552012772018,4.2883615378697435,91.05020865285383,-763.5833374638541,540.0727698980513,-614.7736813176,44,68,44,19,1765.405597566,0.1596132258774119,1.0
tp_2_0x_sell_50pct,single_take_profit,2x触发后卖出50%当前已买入且未卖出的份额，剩余持有结算,validation,haircut_0_8,0.8,entry_price_bin,10-20c,209,196,34,1,5099.265653936283,1122.5246422415166,0.22013456807746515,0.3827751196172249,-9.843,-1.0,-154.60567997874,0.3975158880506949,1.1575526550847868,1.7180067765010991,676.3032622220916,-176.85673778325145,681.300913981252,-1410.4232868221998,37,48,37,43,2311.3673457518,0.16732477575841948,1.0
tp_2_0x_sell_50pct,single_take_profit,2x触发后卖出50%当前已买入且未卖出的份额，剩余持有结算,validation,haircut_0_8,0.8,entry_price_bin,>=20c,96,89,28,1,4143.755037987926,514.0523537440741,0.12405471583901384,0.4791666666666667,-0.4308811299994843,-0.123934396324689,-340.113900006208,0.5527405485735031,1.9257592327432334,3.0043778208256846,229.91477374007417,-475.8887125919673,601.104112981565,-291.409297268,9,12,9,31,651.242389116,0.16146424126087416,1.0
tp_2_0x_sell_50pct,single_take_profit,2x触发后卖出50%当前已买入且未卖出的份额，剩余持有结算,validation,haircut_0_9,0.9,entry_price_bin,0-1c,185,138,33,1,636.1571064361864,532.8629448027887,0.8376279057667664,0.41621621621621624,-0.7658400000000001,-0.524429389279611,-23.666311002359,0.762910948987933,1.5693576487377983,1.5944377966914511,126.33596990278863,-303.389593352415,240.32802054567975,-34.80556276102491,75,116,75,2,387.3546080716499,0.4164273875829093,1.0
tp_2_0x_sell_50pct,single_take_profit,2x触发后卖出50%当前已买入且未卖出的份额，剩余持有结算,validation,haircut_0_9,0.9,entry_price_bin,1-2c,129,124,28,1,807.2977190595084,-264.7962116669084,-0.32800317084432323,0.4108527131782946,-2.2,-0.6074516704475593,-34.203647658708704,nan,nan,nan,-320.3304616680084,-421.9349160691214,267.46163316434433,429.2753073926,52,79,52,1,52.76375000000001,0.12178268679465444,1.0
tp_2_0x_sell_50pct,single_take_profit,2x触发后卖出50%当前已买入且未卖出的份额，剩余持有结算,validation,haircut_0_9,0.9,entry_price_bin,2-5c,206,180,34,1,2194.9256258967803,2098.79939102622,0.956205242794372,0.3786407766990291,-3.1229500005029998,-0.7423884486460104,-107.67054097996353,0.3124179594341465,1.2327883980094683,1.5119797001757977,1443.0967680201788,-488.57614798024133,270.74907584492104,-257.7106880769998,65,108,65,13,1130.069955039925,0.18071678454807438,1.0
tp_2_0x_sell_50pct,single_take_profit,2x触发后卖出50%当前已买入且未卖出的份额，剩余持有结算,validation,haircut_0_9,0.9,entry_price_bin,5-10c,173,153,34,1,3491.0301600336625,725.6189797664379,0.20785239499604927,0.3988439306358382,-5.722799997915,-0.661187643860763,-179.688812984796,0.7212334084264677,1.8742362452274095,2.783175689766738,202.2783297705538,-634.3624123367542,525.8822042030513,-315.8443601998999,50,75,50,19,1576.660415165225,0.23260392760817605,1.0
tp_2_0x_sell_50pct,single_take_profit,2x触发后卖出50%当前已买入且未卖出的份额，剩余持有结算,validation,haircut_0_9,0.9,entry_price_bin,10-20c,209,196,34,1,5099.265653936283,1423.2276471622167,0.27910443262817314,0.4354066985645933,-7.089326169284412,-1.0,-154.60567997874,0.2939422557266713,0.9230668360709768,1.3538087854498702,1004.8809021427917,109.49340588744872,685.4932364812519,-1109.7202819014997,48,58,48,43,2326.7668519963,0.19601420272876374,1.0
tp_2_0x_sell_50pct,single_take_profit,2x触发后卖出50%当前已买入且未卖出的份额，剩余持有结算,validation,haircut_0_9,0.9,entry_price_bin,>=20c,96,89,28,1,4143.755037987926,618.7001471468241,0.1493090545833146,0.5208333333333334,0.23310500028200032,0.01908699244783217,-340.113900006208,0.4592540042447581,1.6379069197474916,2.538423672596756,334.55962714282407,-394.67310511375035,591.9258112315649,-186.76150386525003,13,14,13,33,608.45444109675,0.1453690748253376,1.0
tp_2_0x_sell_50pct,single_take_profit,2x触发后卖出50%当前已买入且未卖出的份额，剩余持有结算,validation,sampled_1_0,1.0,entry_price_bin,0-1c,185,138,33,1,636.1571064361864,595.2591311775636,0.9357108883248398,0.3945945945945946,-0.7764945,-0.5394985088229879,-23.666311002359,0.7476624787183398,1.4892221883655943,1.517173939247003,150.20621368162102,-291.21397479929,221.4994822100548,27.590623613750054,71,120,71,2,341.96113649999995,0.44761280005010873,1.0
tp_2_0x_sell_50pct,single_take_profit,2x触发后卖出50%当前已买入且未卖出的份额，剩余持有结算,validation,sampled_1_0,1.0,entry_price_bin,1-2c,129,124,28,1,807.2977190595084,-191.77372156350836,-0.23755018382428023,0.46511627906976744,-1.04576,-0.25862624607302775,-33.7722880649587,nan,nan,nan,-247.58422156460836,-365.50129545572133,195.11386656363234,502.297797496,59,91,59,1,52.487500000000004,0.11379593416932302,1.0
tp_2_0x_sell_50pct,single_take_profit,2x触发后卖出50%当前已买入且未卖出的份额，剩余持有结算,validation,sampled_1_0,1.0,entry_price_bin,2-5c,206,180,34,1,2194.9256258967803,2207.5596837289695,1.005756030037249,0.4029126213592233,-3.0138299984639993,-0.5593714505349507,-107.67054097996353,0.29727277357118603,1.1669316018921891,1.4619148738407877,1551.3122937229286,-368.5114742774913,265.47948070934603,-148.95039537424984,70,121,70,13,1075.4680974782498,0.17477565304259873,1.0
tp_2_0x_sell_50pct,single_take_profit,2x触发后卖出50%当前已买入且未卖出的份额，剩余持有结算,validation,sampled_1_0,1.0,entry_price_bin,5-10c,173,153,34,1,3491.0301600336625,1058.1132868848379,0.3030948569274563,0.42196531791907516,-5.1684,-0.4855762361272769,-147.66006298479599,0.4941602534217044,1.441964473346721,2.0649714375409536,535.2357568889538,-467.6484815792253,476.0353874955513,16.64994691850001,54,86,54,19,1411.66883592975,0.22693690278049417,1.0
tp_2_0x_sell_50pct,single_take_profit,2x触发后卖出50%当前已买入且未卖出的份额，剩余持有结算,validation,sampled_1_0,1.0,entry_price_bin,10-20c,209,196,34,1,5099.265653936283,2140.5946150492164,0.41978487890640176,0.46411483253588515,-2.8663019999999997,-0.24914243437082037,-154.60567997874,0.33141772619245513,0.7512940651064722,1.0821902121777403,1431.1636150297913,532.3785849638666,600.095165481252,-392.3533140144998,54,77,54,43,1894.6969652464998,0.2597673642064559,1.0
tp_2_0x_sell_50pct,single_take_profit,2x触发后卖出50%当前已买入且未卖出的份额，剩余持有结算,validation,sampled_1_0,1.0,entry_price_bin,>=20c,96,89,28,1,4143.755037987926,1391.828002349574,0.3358856857101768,0.5625,2.5117200015679995,0.08997421892092003,-168.41334300134858,0.20414810560237245,0.7543511219821492,1.1603529764081908,1107.688952345574,341.90098717099954,156.07402499063505,586.3663513375,17,19,17,35,566.2666440700001,0.12681020748194727,1.0
tp_2_0x_sell_75pct,single_take_profit,2x触发后卖出75%当前已买入且未卖出的份额，剩余持有结算,train,haircut_0_8,0.8,entry_price_bin,0-1c,208,179,33,1,449.42623652537225,712.7522126405278,1.5859158961234554,0.4855769230769231,-0.07151682091447986,-0.09874151997428357,-9.999951000000001,0.22341565157695517,0.7327958069926407,1.0155407468624522,553.5122126405278,190.450379792822,44.27416773890399,-62.85556483409999,97,130,97,4,860.0457175536,0.25864471560913466,1.0
tp_2_0x_sell_75pct,single_take_profit,2x触发后卖出75%当前已买入且未卖出的份额，剩余持有结算,train,haircut_0_8,0.8,entry_price_bin,1-2c,223,211,37,1,1117.8320031652593,-9.372368394259153,-0.008384415876196337,0.5246636771300448,0.168804,0.27320121032707684,-56.690879994303,nan,nan,nan,-75.88316842225916,-223.80445913815015,218.96627328899575,842.956734771,114,143,113,3,166.30767247199998,0.172824193325971,1.0
tp_2_0x_sell_75pct,single_take_profit,2x触发后卖出75%当前已买入且未卖出的份额，剩余持有结算,train,haircut_0_8,0.8,entry_price_bin,2-5c,354,314,43,1,2398.8221475200967,1204.8418638484034,0.5022639402816792,0.4378531073446328,-1.203853205393052,-0.717851124792297,-40.41374302553509,0.6012651085191398,1.0080931875611656,1.271294972067471,480.4124898331904,-9.75101118566954,128.28345910464418,-209.77048863150003,135,168,135,20,2080.30418571,0.3630119443909238,1.0
tp_2_0x_sell_75pct,single_take_profit,2x触发后卖出75%当前已买入且未卖出的份额，剩余持有结算,train,haircut_0_8,0.8,entry_price_bin,5-10c,378,333,38,1,4447.489737516219,950.3486649832813,0.2136820366254562,0.4126984126984127,-2.777118000161285,-1.0,-73.83929599667063,0.276958351916694,1.063271317562932,1.6178292894724013,687.1416649832813,-60.12981217766571,419.3559208397868,-332.2404265005,113,135,113,43,2633.7412980696,0.151423209158479,1.0
tp_2_0x_sell_75pct,single_take_profit,2x触发后卖出75%当前已买入且未卖出的份额，剩余持有结算,train,haircut_0_8,0.8,entry_price_bin,10-20c,473,416,43,1,7888.037368089418,2069.4150114528825,0.2623485304246373,0.4714587737843552,-2.0,-1.0,-78.0104999947,0.10168652810197125,0.408276247069023,0.7045247109675672,1858.9833837361377,1224.5220169486004,297.23530502168387,-1192.6729094576997,122,131,122,101,4641.7823677662,0.184715617061522,1.0
tp_2_0x_sell_75pct,single_take_profit,2x触发后卖出75%当前已买入且未卖出的份额，剩余持有结算,train,haircut_0_8,0.8,entry_price_bin,>=20c,387,355,43,1,13590.066672788022,3811.762581323479,0.2804815217688325,0.5710594315245479,6.374999999999998,0.5061471100531495,-190.816699992179,0.06780879566653716,0.25591143340897926,0.40023172851155325,3553.291551317163,2836.2889553222767,227.85476920962947,-1690.9144128884996,31,32,31,109,2640.2965991598,0.12623695275289765,1.0
tp_2_0x_sell_75pct,single_take_profit,2x触发后卖出75%当前已买入且未卖出的份额，剩余持有结算,train,haircut_0_9,0.9,entry_price_bin,0-1c,208,179,33,1,449.42623652537225,806.0500137261403,1.7935090304427186,0.4951923076923077,-0.026054500000000022,-0.04276805843644553,-9.999951000000001,0.1994541247593384,0.6821566516998051,0.9612608425285041,645.2800137261403,256.19763526013446,37.69207469652898,30.44223625151246,99,138,99,4,857.9479309353001,0.2734541922066972,1.0
tp_2_0x_sell_75pct,single_take_profit,2x触发后卖出75%当前已买入且未卖出的份额，剩余持有结算,train,haircut_0_9,0.9,entry_price_bin,1-2c,223,211,37,1,1117.8320031652593,142.05590496431583,0.12708162278595492,0.5650224215246636,0.6033864655000001,0.5025168847732867,-56.690879994303,0.48992288732370887,1.7076789609226601,2.420463462983497,72.45946584281583,-100.52997521807518,172.27222429792073,994.385008129575,123,157,123,3,162.205234656,0.17011519274440445,1.0
tp_2_0x_sell_75pct,single_take_profit,2x触发后卖出75%当前已买入且未卖出的份额，剩余持有结算,train,haircut_0_9,0.9,entry_price_bin,2-5c,354,314,43,1,2398.8221475200967,1595.458867840678,0.6651009410973064,0.4971751412429379,-0.021400999999999983,-0.01738069234232237,-40.41374302553509,0.45347685521621467,0.7797876068675372,0.9913447546386815,871.9551978254651,351.3398154316053,109.01859177341498,180.84651536077482,156,196,155,20,2065.06466496375,0.34090538852616814,1.0
tp_2_0x_sell_75pct,single_take_profit,2x触发后卖出75%当前已买入且未卖出的份额，剩余持有结算,train,haircut_0_9,0.9,entry_price_bin,5-10c,378,333,38,1,4447.489737516219,1391.0195740414438,0.3127651003458602,0.4523809523809524,-1.4241485675284495,-0.6875345005669897,-73.83929599667063,0.18919064155251,0.7319696351100818,1.1165016773594014,1127.8516884164437,372.8354839993467,246.28242084504905,108.43048255766256,128,161,128,43,2570.615872375875,0.12344571211515662,1.0
tp_2_0x_sell_75pct,single_take_profit,2x触发后卖出75%当前已买入且未卖出的份额，剩余持有结算,train,haircut_0_9,0.9,entry_price_bin,10-20c,473,416,43,1,7888.037368089418,2920.59742803132,0.3702565405998736,0.5031712473572939,0.07870500000000002,0.05029779086000075,-78.0104999947,0.08153843114987921,0.33562120126585604,0.5639487738494899,2682.4564957292737,1940.3830108214788,196.1320123914379,-341.49049287926226,137,152,137,101,4310.575626307913,0.17328499998298713,1.0
tp_2_0x_sell_75pct,single_take_profit,2x触发后卖出75%当前已买入且未卖出的份额，剩余持有结算,train,haircut_0_9,0.9,entry_price_bin,>=20c,387,355,43,1,13590.066672788022,4033.8486164028036,0.29682331319830485,0.599483204134367,6.400000000000006,0.5412500000000003,-190.816699992179,0.07385429823640344,0.23954150313883746,0.3746792641771039,3735.931557646488,3067.5744553951563,233.8897904521291,-1468.8283778091748,42,43,42,124,2601.416646652125,0.1313060133699202,1.0
tp_2_0x_sell_75pct,single_take_profit,2x触发后卖出75%当前已买入且未卖出的份额，剩余持有结算,train,sampled_1_0,1.0,entry_price_bin,0-1c,208,179,33,1,449.42623652537225,907.1323709025028,2.018423263216167,0.5432692307692307,0.07353125,0.3579445648200627,-9.999951000000001,0.17891545402412254,0.6445248220928642,0.9063579282084404,744.8323709025028,322.46304093188905,21.67821720285079,131.52459342787495,109,155,109,4,855.8501443170001,0.29447587969446193,1.0
tp_2_0x_sell_75pct,single_take_profit,2x触发后卖出75%当前已买入且未卖出的份额，剩余持有结算,train,sampled_1_0,1.0,entry_price_bin,1-2c,223,211,37,1,1117.8320031652593,295.1817649276158,0.26406630342643395,0.57847533632287,0.6147115240454865,0.5185433498003833,-56.690879994303,0.24622821207408607,0.9171964592300663,1.3080354064600281,222.4996867126158,24.44209530672481,112.32390354614569,1147.510868092875,126,165,126,3,158.10279684,0.19558248213025806,1.0
tp_2_0x_sell_75pct,single_take_profit,2x触发后卖出75%当前已买入且未卖出的份额，剩余持有结算,train,sampled_1_0,1.0,entry_price_bin,2-5c,354,314,43,1,2398.8221475200967,1914.046247211778,0.7979108618746579,0.556497175141243,0.547633124814,0.49776797378592397,-40.41374302553509,0.37892703536904904,0.6656167233038182,0.8539761362795965,1188.762377196565,640.0250558907044,78.8858963455557,499.4338947318749,177,224,176,20,2052.9535260675,0.3312007971821863,1.0
tp_2_0x_sell_75pct,single_take_profit,2x触发后卖出75%当前已买入且未卖出的份额，剩余持有结算,train,sampled_1_0,1.0,entry_price_bin,5-10c,378,333,38,1,4447.489737516219,1563.3680998477812,0.35151696622483325,0.47883597883597884,-0.6852755899999994,-0.10399213065383345,-73.83929599667063,0.16832630861255413,0.6527601505790667,1.0008556004153348,1300.2121185977812,542.8637035806341,217.2551464285366,280.7790083639999,138,181,138,43,2542.004262538875,0.14196255530803,1.0
tp_2_0x_sell_75pct,single_take_profit,2x触发后卖出75%当前已买入且未卖出的份额，剩余持有结算,train,sampled_1_0,1.0,entry_price_bin,10-20c,473,416,43,1,7888.037368089418,3721.106044933207,0.471740417963373,0.5496828752642706,1.93324857429472,0.5017263606869932,-78.0104999947,0.06556384076630777,0.2897742280021147,0.4824842590380981,3477.136040728661,2642.8254134486847,157.22549202148048,459.018124022625,159,177,159,101,4164.94796816025,0.15652256713201224,1.0
tp_2_0x_sell_75pct,single_take_profit,2x触发后卖出75%当前已买入且未卖出的份额，剩余持有结算,train,sampled_1_0,1.0,entry_price_bin,>=20c,387,355,43,1,13590.066672788022,4926.965810088978,0.3625416952482253,0.6511627906976745,8.5882,0.5681818181818182,-190.816699992179,0.06847278842802108,0.20666843657055098,0.31249735651904204,4589.602722582662,3908.717489081331,218.16392997879257,-575.7111841229998,62,63,62,138,2537.634521157,0.1627230146847902,1.0
tp_2_0x_sell_75pct,single_take_profit,2x触发后卖出75%当前已买入且未卖出的份额，剩余持有结算,validation,haircut_0_8,0.8,entry_price_bin,0-1c,185,138,33,1,636.1571064361864,463.1770728714137,0.7280859840836746,0.43783783783783786,-0.6890439994289981,-0.44739821058758544,-23.666311002359,0.8757363478407915,1.4218996368176442,1.4888374247304321,57.55607467141374,-195.41423882670898,152.49164318900472,-104.49143469239995,79,107,79,2,582.7861202622,0.4485978151831266,1.0
tp_2_0x_sell_75pct,single_take_profit,2x触发后卖出75%当前已买入且未卖出的份额，剩余持有结算,validation,haircut_0_8,0.8,entry_price_bin,1-2c,129,124,28,1,807.2977190595084,-169.0075315468083,-0.209349695356132,0.3875968992248062,-2.3028910000000007,-0.9323080863403408,-32.9095688774587,nan,nan,nan,-234.59199155464833,-348.2878444190213,172.97471354424428,525.0639875127,49,67,49,1,79.56,0.18228659678750556,1.0
tp_2_0x_sell_75pct,single_take_profit,2x触发后卖出75%当前已买入且未卖出的份额，剩余持有结算,validation,haircut_0_8,0.8,entry_price_bin,2-5c,206,180,34,1,2194.9256258967803,1752.2910662945199,0.798337331169746,0.3883495145631068,-3.9129999989849997,-0.9867806920435429,-107.67054097996353,0.3372167645958448,1.2707539596804625,1.515714940240719,1161.389142288479,-474.4397447119411,304.28189131055177,-604.2190128086996,67,90,67,13,1710.1924089698996,0.2040451161205111,1.0
tp_2_0x_sell_75pct,single_take_profit,2x触发后卖出75%当前已买入且未卖出的份额，剩余持有结算,validation,haircut_0_8,0.8,entry_price_bin,5-10c,173,153,34,1,3491.0301600336625,119.30281798993782,0.03417410120249074,0.4161849710982659,-5.3,-0.9024105810620306,-179.688812984796,1.6331555555738597,6.3355082632463215,10.337977085799665,-75.53724200594614,-636.5411712138851,496.9005903430514,-922.1605219764,53,68,53,19,2648.108396349,0.18029394748644026,1.0
tp_2_0x_sell_75pct,single_take_profit,2x触发后卖出75%当前已买入且未卖出的份额，剩余持有结算,validation,haircut_0_8,0.8,entry_price_bin,10-20c,209,196,34,1,5099.265653936283,417.3129988304167,0.08183786198867275,0.4019138755980861,-9.373900000499999,-1.0,-154.60567997874,0.7514840680696463,2.3294520485804573,3.5385589245207902,103.70892881099161,-554.7976211943514,737.8965819812519,-2115.6349302332997,41,48,41,43,3467.0510186276997,0.13252893129780194,1.0
tp_2_0x_sell_75pct,single_take_profit,2x触发后卖出75%当前已买入且未卖出的份额，剩余持有结算,validation,haircut_0_8,0.8,entry_price_bin,>=20c,96,89,28,1,4143.755037987926,368.3477051100741,0.08889224911541391,0.5104166666666666,4.454873080873426,0.3140984055129665,-340.113900006208,0.7696361781846394,2.465374801878208,3.7843757057950818,84.8539851060741,-539.7674453979674,605.9589559815649,-437.11394590199995,12,12,12,31,976.863583674,0.1966350960868444,1.0
tp_2_0x_sell_75pct,single_take_profit,2x触发后卖出75%当前已买入且未卖出的份额，剩余持有结算,validation,haircut_0_9,0.9,entry_price_bin,0-1c,185,138,33,1,636.1571064361864,515.4601634222761,0.810271799540107,0.4702702702702703,-0.3413919999999999,-0.2866440839194166,-23.666311002359,0.7869136426702001,1.2887458903398747,1.3499163436083912,109.83752857227614,-148.83700382210247,103.81330297586126,-52.20834414153751,85,116,84,2,581.031912107475,0.44914528645884977,1.0
tp_2_0x_sell_75pct,single_take_profit,2x触发后卖出75%当前已买入且未卖出的份额，剩余持有结算,validation,haircut_0_9,0.9,entry_price_bin,1-2c,129,124,28,1,807.2977190595084,-50.15855797060836,-0.06213142535450546,0.46511627906976744,-1.650510061271809,-0.411177505671339,-32.26252948683371,nan,nan,nan,-124.33971297844838,-254.32217507782138,113.80798042748494,643.9129610889,59,79,59,1,79.14562500000001,0.24252194819623082,1.0
tp_2_0x_sell_75pct,single_take_profit,2x触发后卖出75%当前已买入且未卖出的份额，剩余持有结算,validation,haircut_0_9,0.9,entry_price_bin,2-5c,206,180,34,1,2194.9256258967803,1969.9440469877197,0.8974992244590794,0.42718446601941745,-2.642026623019616,-0.6135826729690155,-107.67054097996353,0.3003735438125008,1.1335342686108187,1.359505493473593,1378.2249724816788,-263.0550375187415,280.31365133236415,-386.56603211549975,75,108,75,13,1695.1049325598872,0.19888631520025446,1.0
tp_2_0x_sell_75pct,single_take_profit,2x触发后卖出75%当前已买入且未卖出的份额，剩余持有结算,validation,haircut_0_9,0.9,entry_price_bin,5-10c,173,153,34,1,3491.0301600336625,567.6967996664879,0.16261583934898283,0.44508670520231214,-4.87734,-0.49178146579114446,-179.688812984796,0.8391660130473803,1.8663424964473478,2.699993847414145,91.30493967060391,-491.819862648235,475.6147418005513,-473.76654029984985,58,75,58,19,2364.9906227478373,0.2724276207540065,1.0
tp_2_0x_sell_75pct,single_take_profit,2x触发后卖出75%当前已买入且未卖出的份额，剩余持有结算,validation,haircut_0_9,0.9,entry_price_bin,10-20c,209,196,34,1,5099.265653936283,868.3675062114665,0.1702926588147347,0.44976076555023925,-6.5,-1.0,-154.60567997874,0.3129920403231183,1.1442619683396984,1.6929034453800593,596.5753886920415,-125.27240568830143,744.1850657312518,-1664.5804228522497,51,58,50,43,3490.15027799445,0.16320109909076225,1.0
tp_2_0x_sell_75pct,single_take_profit,2x触发后卖出75%当前已买入且未卖出的份额，剩余持有结算,validation,haircut_0_9,0.9,entry_price_bin,>=20c,96,89,28,1,4143.755037987926,525.3193952141992,0.12677375723186507,0.53125,7.630350000031999,0.5286304886717482,-340.113900006208,0.5396681192180303,1.786041070789844,2.7028864888063735,241.82126521019916,-412.9226199208424,596.764233374395,-280.14225579787495,14,14,14,33,912.681661645125,0.17342516811995956,1.0
tp_2_0x_sell_75pct,single_take_profit,2x触发后卖出75%当前已买入且未卖出的份额，剩余持有结算,validation,sampled_1_0,1.0,entry_price_bin,0-1c,185,138,33,1,636.1571064361864,609.0544429844387,0.9573962733772173,0.4540540540540541,-0.4577475000000001,-0.3092477632344818,-23.666311002359,0.6659901691421758,1.2143873630616486,1.2745871783150984,203.4301714844387,-130.57357599241504,80.5828252870278,41.38593542062507,82,120,82,2,512.9417047499999,0.41174004892619326,1.0
tp_2_0x_sell_75pct,single_take_profit,2x触发后卖出75%当前已买入且未卖出的份额，剩余持有结算,validation,sampled_1_0,1.0,entry_price_bin,1-2c,129,124,28,1,807.2977190595084,59.37517718449166,0.07354805517555901,0.5038759689922481,0.009898200000000005,0.11206063089045833,-31.615490096208703,1.394149102926146,3.8576208476905114,5.104397952187851,-23.402672823348354,-169.67174415772138,88.23628056626626,753.446696244,64,91,64,1,78.73125,0.2324714308469553,1.0
tp_2_0x_sell_75pct,single_take_profit,2x触发后卖出75%当前已买入且未卖出的份额，剩余持有结算,validation,sampled_1_0,1.0,entry_price_bin,2-5c,206,180,34,1,2194.9256258967803,2133.0844860418447,0.9718254053233949,0.44660194174757284,-1.7859938689114998,-0.3390571758024262,-107.67054097996353,0.2777837581602557,1.038891111677697,1.2971024713908552,1540.5482610358035,-82.95802696461669,244.47457858834616,-223.42559306137468,79,121,79,13,1613.2021462173748,0.18740890681521474,1.0
tp_2_0x_sell_75pct,single_take_profit,2x触发后卖出75%当前已买入且未卖出的份额，剩余持有结算,validation,sampled_1_0,1.0,entry_price_bin,5-10c,173,153,34,1,3491.0301600336625,1066.438260344088,0.3054795322460934,0.47398843930635837,-1.8817199988171995,-0.22836435419091528,-131.64568798479598,0.44606162183491016,1.2393125358298664,1.6880169730518444,590.7410803482039,-255.21204438893506,400.8445167393012,24.974920377750067,63,86,63,19,2117.503253894625,0.2612439217671722,1.0
tp_2_0x_sell_75pct,single_take_profit,2x触发后卖出75%当前已买入且未卖出的份额，剩余持有结算,validation,sampled_1_0,1.0,entry_price_bin,10-20c,209,196,34,1,5099.265653936283,1944.4179580419666,0.38131332823207775,0.5167464114832536,1.2925999999999997,0.12628634844376932,-154.60567997874,0.3643344771063543,0.7607840513384222,1.0567565800917362,1235.9994580225416,465.13578642761695,631.4968552387149,-588.5299710217498,65,77,65,43,2842.0454478697498,0.28825828805414877,1.0
tp_2_0x_sell_75pct,single_take_profit,2x触发后卖出75%当前已买入且未卖出的份额，剩余持有结算,validation,sampled_1_0,1.0,entry_price_bin,>=20c,96,89,28,1,4143.755037987926,1685.011178018324,0.4066387039221583,0.5729166666666666,11.702550000675004,0.63496132838138,-168.41334300134858,0.16824572364998108,0.6282284667107543,0.9604810207619803,1401.5152530143241,626.4391892613905,110.42442499263996,879.5495270062501,18,19,18,35,849.399966105,0.17615366122429685,1.0
tp_3_0x_sell_100pct,single_take_profit,3x触发后卖出100%当前已买入且未卖出的份额，剩余持有结算,train,haircut_0_8,0.8,entry_price_bin,0-1c,208,179,33,1,449.42623652537225,668.6423868434277,1.4877689206862308,0.40384615384615385,-0.6622119999999999,-1.0,-10.458383151321792,0.20343263214523627,0.71077702171161,0.9494475013359156,532.6187061239959,193.38674253271398,40.555503966225785,-106.96539063119998,80,97,80,4,1145.7258914464,0.3731818836400106,1.0
tp_3_0x_sell_100pct,single_take_profit,3x触发后卖出100%当前已买入且未卖出的份额，剩余持有结算,train,haircut_0_8,0.8,entry_price_bin,1-2c,223,211,37,1,1117.8320031652593,67.84080848314086,0.06068962803985076,0.3632286995515695,-1.4576252200000002,-1.0,-56.690879994303,1.135453744170115,3.908747491442251,6.1624600983204525,-9.189291516569128,-197.33178149275017,235.2323771879717,920.1699116484001,78,90,78,3,221.743563296,0.16087878584220117,1.0
tp_3_0x_sell_100pct,single_take_profit,3x触发后卖出100%当前已买入且未卖出的份额，剩余持有结算,train,haircut_0_8,0.8,entry_price_bin,2-5c,354,314,43,1,2398.8221475200967,308.73415340710346,0.1287023941004851,0.3022598870056497,-2.75234070005204,-1.0,-65.54534000356,0.6649596610858458,2.0652994463146084,2.900749997263437,103.43839539189042,-328.89432268299663,206.18942838955775,-1105.8781990728,87,95,87,20,3057.373330024,0.19350386589463028,1.0
tp_3_0x_sell_100pct,single_take_profit,3x触发后卖出100%当前已买入且未卖出的份额，剩余持有结算,train,haircut_0_8,0.8,entry_price_bin,5-10c,378,333,38,1,4447.489737516219,29.77621940698167,0.006695061970758079,0.30158730158730157,-4.999138,-1.0,-146.52238799564745,5.9984559340638715,24.207630458460784,37.18199832723177,-148.83512058881533,-691.0354964472789,790.9701754904868,-1252.8128720767995,71,76,71,43,3671.3386443167997,0.14027795755105735,1.0
tp_3_0x_sell_100pct,single_take_profit,3x触发后卖出100%当前已买入且未卖出的份额，剩余持有结算,train,haircut_0_8,0.8,entry_price_bin,10-20c,473,416,43,1,7888.037368089418,1788.8262779085826,0.2267771049291896,0.33403805496828753,-7.5725999999999996,-1.0,-78.0104999947,0.1279661543705128,0.5706805430450045,0.9586541168968625,1559.9170582877032,767.9779262185386,452.87257503369005,-1473.2616430019996,57,60,56,101,4654.5864293964,0.1448322570846456,1.0
tp_3_0x_sell_100pct,single_take_profit,3x触发后卖出100%当前已买入且未卖出的份额，剩余持有结算,train,haircut_0_8,0.8,entry_price_bin,>=20c,387,355,43,1,13590.066672788022,4552.755320414379,0.3350061063004612,0.5064599483204134,1.0152999999999999,0.0638297872340426,-190.816699992179,0.07453624807920269,0.2293617219701518,0.3683177314478034,4213.410020408062,3508.527520415367,231.97442199344187,-949.9216737975994,6,6,6,56,1432.0392688375996,0.13599965363262378,1.0
tp_3_0x_sell_100pct,single_take_profit,3x触发后卖出100%当前已买入且未卖出的份额，剩余持有结算,train,haircut_0_9,0.9,entry_price_bin,0-1c,208,179,33,1,449.42623652537225,882.6116204490777,1.9638631408632727,0.46634615384615385,-0.1690225,-0.43864067256653894,-10.458383151321792,0.17385715660683962,0.607615409972526,0.800918576116866,729.1632737296459,346.32319884339574,35.09112595422579,107.00384297444994,93,112,93,4,1143.1454533974,0.3785763976601457,1.0
tp_3_0x_sell_100pct,single_take_profit,3x触发后卖出100%当前已买入且未卖出的份额，剩余持有结算,train,haircut_0_9,0.9,entry_price_bin,1-2c,223,211,37,1,1117.8320031652593,325.04820418799085,0.2907844857434593,0.40358744394618834,-1.0,-1.0,-56.690879994303,0.2709605032882197,0.9432415228052459,1.5141635351388316,236.97297918828085,18.449241084599862,184.6594441875078,1177.37730735325,87,103,87,3,216.27364620799997,0.18998217700469427,1.0
tp_3_0x_sell_100pct,single_take_profit,3x触发后卖出100%当前已买入且未卖出的份额，剩余持有结算,train,haircut_0_9,0.9,entry_price_bin,2-5c,354,314,43,1,2398.8221475200967,918.8628428785534,0.38304750680598565,0.3672316384180791,-2.073385000018484,-1.0,-65.54534000356,0.25744048292796,0.8011507308141277,1.1309580914749993,682.3103488633403,182.71520478845332,188.07027806030771,-495.74950960135,110,120,110,20,2988.193204777,0.19982420389530786,1.0
tp_3_0x_sell_100pct,single_take_profit,3x触发后卖出100%当前已买入且未卖出的份额，剩余持有结算,train,haircut_0_9,0.9,entry_price_bin,5-10c,378,333,38,1,4447.489737516219,775.9192332299316,0.17446228749776896,0.3333333333333333,-4.5,-1.0,-146.52238799564745,0.25482158685821854,1.0396557262709463,1.6257146677999454,578.1982629444683,-30.769640721328756,701.3800408793866,-506.66985825384984,83,92,83,43,3455.8891090716997,0.1805525088758985,1.0
tp_3_0x_sell_100pct,single_take_profit,3x触发后卖出100%当前已买入且未卖出的份额，剩余持有结算,train,haircut_0_9,0.9,entry_price_bin,10-20c,473,416,43,1,7888.037368089418,2832.6908562520325,0.3591122511299849,0.3678646934460888,-6.459666,-1.0,-78.0104999947,0.09002992167634867,0.3694167331806117,0.6103402965405001,2577.663920330353,1786.247454024817,255.0739960229089,-429.39706465854965,73,76,73,101,4397.2242766516,0.15141705197136154,1.0
tp_3_0x_sell_100pct,single_take_profit,3x触发后卖出100%当前已买入且未卖出的份额，剩余持有结算,train,haircut_0_9,0.9,entry_price_bin,>=20c,387,355,43,1,13590.066672788022,4750.425906202979,0.34955133190883914,0.5193798449612403,2.6661339999999996,0.14696026448161395,-190.816699992179,0.07143471063577858,0.22672971667826375,0.3681562336750951,4411.080606196662,3673.363186388493,231.97442199344187,-752.2510880089999,11,11,11,79,1484.81819678,0.1382763098986413,1.0
tp_3_0x_sell_100pct,single_take_profit,3x触发后卖出100%当前已买入且未卖出的份额，剩余持有结算,train,sampled_1_0,1.0,entry_price_bin,0-1c,208,179,33,1,449.42623652537225,1038.2336758656277,2.3101314331189795,0.4951923076923077,-0.010400498313999806,-0.00604458271414325,-10.458383151321792,0.16458049540433792,0.5754348049171778,0.755499295128521,867.3606631461959,440.7978831354458,29.881112063255046,262.62589839099985,99,122,99,4,1140.2611688860002,0.3742937186678512,1.0
tp_3_0x_sell_100pct,single_take_profit,3x触发后卖出100%当前已买入且未卖出的份额，剩余持有结算,train,sampled_1_0,1.0,entry_price_bin,1-2c,223,211,37,1,1117.8320031652593,498.85255937224076,0.44626791678864725,0.4484304932735426,-1.0,-0.8107569721115537,-56.690879994303,0.1986966852980441,0.6976517002716158,1.1246999388664214,399.73220937253075,150.8272231413498,178.4368253570952,1351.1816625375,97,114,97,3,210.80372911999999,0.20147638792008693,1.0
tp_3_0x_sell_100pct,single_take_profit,3x触发后卖出100%当前已买入且未卖出的份额，剩余持有结算,train,sampled_1_0,1.0,entry_price_bin,2-5c,354,314,43,1,2398.8221475200967,1375.4236512404032,0.5733745841317651,0.4124293785310734,-1.5612687963840002,-1.0,-65.54534000356,0.19471035689526908,0.6068434255419191,0.8551110814573665,1107.6144212251902,540.7568511503032,121.58454349212298,-39.188701239500084,126,138,126,20,2923.54141285,0.2090234905937201,1.0
tp_3_0x_sell_100pct,single_take_profit,3x触发后卖出100%当前已买入且未卖出的份额，剩余持有结算,train,sampled_1_0,1.0,entry_price_bin,5-10c,378,333,38,1,4447.489737516219,1614.9546245912813,0.36311598674833184,0.36772486772486773,-3.6823736,-1.0,-86.32173318497472,0.11781668481487576,0.513388146297493,0.8589409244685858,1424.6860245954845,785.8560635177997,327.44430674964474,332.36553310749997,96,106,96,43,3355.008888481,0.2014573490840306,1.0
tp_3_0x_sell_100pct,single_take_profit,3x触发后卖出100%当前已买入且未卖出的份额，剩余持有结算,train,sampled_1_0,1.0,entry_price_bin,10-20c,473,416,43,1,7888.037368089418,4181.530454739082,0.5301103759542536,0.41014799154334036,-5.2,-1.0,-78.0104999947,0.07221212679617348,0.26299578218355996,0.44046848225514224,3879.5732473394028,3081.8055820706004,258.4505770229089,919.4425338285001,93,95,92,101,4102.396622459,0.14637969611380303,1.0
tp_3_0x_sell_100pct,single_take_profit,3x触发后卖出100%当前已买入且未卖出的份额，剩余持有结算,train,sampled_1_0,1.0,entry_price_bin,>=20c,387,355,43,1,13590.066672788022,5337.022353032979,0.39271494993615663,0.5400516795865633,5.689655000559788,0.3294256598559695,-190.816699992179,0.06358326376757058,0.2090235574307108,0.34258204807297554,4997.677053026662,4221.4589547148025,231.97442199344187,-165.65464117899987,19,19,19,94,1359.105413969,0.13742682808907908,1.0
tp_3_0x_sell_100pct,single_take_profit,3x触发后卖出100%当前已买入且未卖出的份额，剩余持有结算,validation,haircut_0_8,0.8,entry_price_bin,0-1c,185,138,33,1,636.1571064361864,448.34669692821376,0.7047735416175657,0.32972972972972975,-1.597659993608,-1.0,-23.666311002359,0.7034732950212851,1.0488118445612375,1.3110148377785058,132.94676872821373,-21.884629280004276,78.78543857370238,-119.3218106355999,59,70,59,2,862.879004808,0.39162975803100797,1.0
tp_3_0x_sell_100pct,single_take_profit,3x触发后卖出100%当前已买入且未卖出的份额，剩余持有结算,validation,haircut_0_8,0.8,entry_price_bin,1-2c,129,124,28,1,807.2977190595084,394.4433532336917,0.4885971357545928,0.3023255813953488,-2.967439990364,-1.0,-22.520412,0.6834228569764518,1.279864213834177,1.6349242341197219,124.87174985135039,-110.39057895486366,113.7326849585238,1088.5148722932001,38,45,38,1,103.38380000000001,0.364522547436142,1.0
tp_3_0x_sell_100pct,single_take_profit,3x触发后卖出100%当前已买入且未卖出的份额，剩余持有结算,validation,haircut_0_8,0.8,entry_price_bin,2-5c,206,180,34,1,2194.9256258967803,1472.2190830164197,0.6707375710805306,0.32038834951456313,-4.6217650008244995,-1.0,-107.67054097996353,0.3168205095178337,1.0657181964996865,1.3162269852772042,1005.7898830132797,-96.75158298826113,287.85535168742206,-884.2909960867997,53,60,53,13,2805.0999045592,0.2077643143740989,1.0
tp_3_0x_sell_100pct,single_take_profit,3x触发后卖出100%当前已买入且未卖出的份额，剩余持有结算,validation,haircut_0_8,0.8,entry_price_bin,5-10c,173,153,34,1,3491.0301600336625,-269.506913657262,-0.07719982392093205,0.28901734104046245,-9.654640003536999,-1.0,-179.688812984796,nan,nan,nan,-607.623265627578,-1176.048721048069,618.0992353862068,-1310.9702536235998,31,34,31,19,2908.2768999468,0.21903031043242957,1.0
tp_3_0x_sell_100pct,single_take_profit,3x触发后卖出100%当前已买入且未卖出的份额，剩余持有结算,validation,haircut_0_8,0.8,entry_price_bin,10-20c,209,196,34,1,5099.265653936283,435.79755060811664,0.08546280585944975,0.291866028708134,-12.145000000000001,-1.0,-154.60567997874,1.1864693578426802,2.7296578476974407,3.8707348438875298,-81.26288941130844,-753.7806534166516,742.9189399381902,-2097.1503784556,18,22,18,43,3293.7216813595996,0.15061243436017005,1.0
tp_3_0x_sell_100pct,single_take_profit,3x触发后卖出100%当前已买入且未卖出的份额，剩余持有结算,validation,haircut_0_8,0.8,entry_price_bin,>=20c,96,89,28,1,4143.755037987926,260.40822344807424,0.0628435370963724,0.3958333333333333,-14.627029999785002,-1.0,-340.113900006208,0.9428742178227234,3.6610119875291707,5.75525560537546,14.876023449866267,-692.9494042465003,627.7547509815649,-545.0534275639999,1,1,1,15,607.8534275639998,0.1766441760198368,1.0
tp_3_0x_sell_100pct,single_take_profit,3x触发后卖出100%当前已买入且未卖出的份额，剩余持有结算,validation,haircut_0_9,0.9,entry_price_bin,0-1c,185,138,33,1,636.1571064361864,635.9050494836637,0.9996037819117753,0.41621621621621624,-1.0366099884720001,-1.0,-23.666311002359,0.5003737151613454,0.7798554462036207,0.9867968488711326,317.7148773836637,139.99103337544568,63.01356998426499,68.23654191985008,75,87,75,2,861.2373388433,0.33081693294234693,1.0
tp_3_0x_sell_100pct,single_take_profit,3x触发后卖出100%当前已买入且未卖出的份额，剩余持有结算,validation,haircut_0_9,0.9,entry_price_bin,1-2c,129,124,28,1,807.2977190595084,314.33249719659165,0.3893637870831408,0.3333333333333333,-2.5316800028,-1.0,-22.520412,0.3180429669202018,1.0731541630777748,1.5673641839291839,214.36125718875164,-22.99473076056364,100.36036226367378,1008.4040162561,42,52,42,1,102.494275,0.1778197317607114,1.0
tp_3_0x_sell_100pct,single_take_profit,3x触发后卖出100%当前已买入且未卖出的份额，剩余持有结算,validation,haircut_0_9,0.9,entry_price_bin,2-5c,206,180,34,1,2194.9256258967803,1720.5654669459698,0.7838832654035823,0.34951456310679613,-4.089594999226,-1.0,-107.67054097996353,0.2709511546983638,0.9381674734352728,1.1342646436847363,1254.3762669428297,106.38690994128888,262.93052598202195,-635.9446121572498,59,68,59,13,2814.1904845041,0.222472787381558,1.0
tp_3_0x_sell_100pct,single_take_profit,3x触发后卖出100%当前已买入且未卖出的份额，剩余持有结算,validation,haircut_0_9,0.9,entry_price_bin,5-10c,173,153,34,1,3491.0301600336625,364.0636818074379,0.10428545876668317,0.3468208092485549,-8.0,-1.0,-179.688812984796,1.0574346304811801,2.7706212697466253,3.984332192578669,-20.909863036228103,-644.6188985505171,393.6581803755514,-677.3996581588999,41,44,41,19,2805.77732639015,0.2260984752255477,1.0
tp_3_0x_sell_100pct,single_take_profit,3x触发后卖出100%当前已买入且未卖出的份额，剩余持有结算,validation,haircut_0_9,0.9,entry_price_bin,10-20c,209,196,34,1,5099.265653936283,914.4477490262666,0.1793293017241366,0.3253588516746411,-11.0,-1.0,-154.60567997874,0.30250591714658287,1.0833260020344035,1.7357040828268964,637.8218940244476,-76.19727499571843,707.2999009812518,-1618.5001800374498,25,29,25,43,3417.10948980445,0.1457591304107948,1.0
tp_3_0x_sell_100pct,single_take_profit,3x触发后卖出100%当前已买入且未卖出的份额，剩余持有结算,validation,haircut_0_9,0.9,entry_price_bin,>=20c,96,89,28,1,4143.755037987926,664.633155466074,0.16039392999176863,0.4270833333333333,-11.3755499998,-1.0,-340.113900006208,0.4258604279311307,1.6538260813241694,2.473202419251986,381.59219546207396,-434.5544915565006,603.078625981565,-140.8284955460001,4,4,4,20,470.73981954350006,0.1411797022571718,1.0
tp_3_0x_sell_100pct,single_take_profit,3x触发后卖出100%当前已买入且未卖出的份额，剩余持有结算,validation,sampled_1_0,1.0,entry_price_bin,0-1c,185,138,33,1,636.1571064361864,804.8352735803137,1.265151745437662,0.4486486486486487,-0.6565004999999999,-0.8401615522284374,-23.666311002359,0.5028612565644631,0.7521250458064225,0.9114257922384561,400.1147965803137,199.49850657209572,51.52445098426497,237.16676601650008,81,96,81,2,772.3702719369999,0.4122150214403678,1.0
tp_3_0x_sell_100pct,single_take_profit,3x触发后卖出100%当前已买入且未卖出的份额，剩余持有结算,validation,sampled_1_0,1.0,entry_price_bin,1-2c,129,124,28,1,807.2977190595084,447.81772603549166,0.5547119921968734,0.37209302325581395,-2.3349,-1.0,-22.520412,0.2488367331823939,0.8399395279039142,1.187400112800747,336.38422602765166,71.67791664223637,49.00401151204149,1141.889245095,47,59,47,1,103.31750000000001,0.21181146792694974,1.0
tp_3_0x_sell_100pct,single_take_profit,3x触发后卖出100%当前已买入且未卖出的份额，剩余持有结算,validation,sampled_1_0,1.0,entry_price_bin,2-5c,206,180,34,1,2194.9256258967803,1856.0461957912196,0.8456077845612173,0.35436893203883496,-3.923670000765,-1.0,-107.67054097996353,0.2512540911215536,0.8898982265366385,1.0978930603850126,1389.7069957880797,204.35397778653874,251.406433065822,-500.46388331199995,60,72,60,13,2788.890099419,0.2319292948603396,1.0
tp_3_0x_sell_100pct,single_take_profit,3x触发后卖出100%当前已买入且未卖出的份额，剩余持有结算,validation,sampled_1_0,1.0,entry_price_bin,5-10c,173,153,34,1,3491.0301600336625,749.0500301393378,0.21456418186089662,0.4046242774566474,-6.1636000006,-1.0,-179.688812984796,0.28603643466472367,1.0753544043784837,1.6685154467952623,534.7944301327777,-56.44421887083513,322.18197314481347,-292.413309827,51,54,51,19,2994.765833404,0.1671517086830755,1.0
tp_3_0x_sell_100pct,single_take_profit,3x触发后卖出100%当前已买入且未卖出的份额，剩余持有结算,validation,sampled_1_0,1.0,entry_price_bin,10-20c,209,196,34,1,5099.265653936283,1406.2363536132166,0.2757723266540739,0.3588516746411483,-10.4599999955,-1.0,-154.60567997874,0.22636822692280825,0.7735264326155766,1.2206074893482108,1087.9091236113975,318.47536358844854,676.3958479812518,-1126.7115754504998,32,37,32,43,3273.6648707004997,0.17313360665701014,1.0
tp_3_0x_sell_100pct,single_take_profit,3x触发后卖出100%当前已买入且未卖出的份额，剩余持有结算,validation,sampled_1_0,1.0,entry_price_bin,>=20c,96,89,28,1,4143.755037987926,843.1982700220741,0.20348651459655398,0.4375,-10.7214,-1.0,-340.113900006208,0.33566150461455596,1.3736528803934245,2.0272881058622723,560.1690700180741,-315.0634623365005,587.7585369815649,37.73661901000001,5,5,5,24,370.92297034,0.09859245831116926,1.0
tp_3_0x_sell_25pct,single_take_profit,3x触发后卖出25%当前已买入且未卖出的份额，剩余持有结算,train,haircut_0_8,0.8,entry_price_bin,0-1c,208,179,33,1,449.42623652537225,748.8664298168277,1.6662721687245123,0.18269230769230768,-0.9503514991670001,-1.0,-10.458383151321792,0.6023504086173738,1.2890475342263528,1.403326482209186,297.7864298168277,-216.45799500344617,99.95971258411213,-26.741347657800045,34,97,34,4,286.4314728616,0.3990024601172095,1.0
tp_3_0x_sell_25pct,single_take_profit,3x触发后卖出25%当前已买入且未卖出的份额，剩余持有结算,train,haircut_0_8,0.8,entry_price_bin,1-2c,223,211,37,1,1117.8320031652593,-622.2866252531592,-0.5566906507338213,0.11659192825112108,-2.0,-1.0,-56.690879994303,nan,nan,nan,-762.3666234491592,-842.2659789244541,622.2866252531591,230.0424779121,23,90,23,3,55.43589082400001,0.182259667333148,1.0
tp_3_0x_sell_25pct,single_take_profit,3x触发后卖出25%当前已买入且未卖出的份额，剩余持有结算,train,haircut_0_8,0.8,entry_price_bin,2-5c,354,314,43,1,2398.8221475200967,1138.1428027117033,0.47445901893490344,0.12146892655367232,-3.025,-1.0,-65.54534000356,0.6286121041319274,1.6081302668116697,2.1653518622419323,422.69246069649046,-692.1390862828496,251.92989611395683,-276.4695497682,23,95,23,20,764.343332506,0.1888442967213454,1.0
tp_3_0x_sell_25pct,single_take_profit,3x触发后卖出25%当前已买入且未卖出的份额，剩余持有结算,train,haircut_0_8,0.8,entry_price_bin,5-10c,378,333,38,1,4447.489737516219,969.3858734645814,0.21796247561572846,0.14285714285714285,-5.148512365102,-1.0,-146.52238799564745,0.38588879026994166,1.4135440050456656,2.1992465994555586,595.3107314485634,-400.8837165472337,607.3529776100866,-313.2032180191999,11,76,11,43,917.8346610791999,0.15047592086495426,1.0
tp_3_0x_sell_25pct,single_take_profit,3x触发后卖出25%当前已买入且未卖出的份额，剩余持有结算,train,haircut_0_8,0.8,entry_price_bin,10-20c,473,416,43,1,7888.037368089418,2893.772510160082,0.3668558318279101,0.226215644820296,-8.011684200000001,-1.0,-78.0104999947,0.11781543957851909,0.49636420547489807,0.8583740671726824,2552.8414298353373,1457.4074173293716,853.3665963249496,-368.3154107504999,6,60,6,101,1163.6466073491,0.21539591035891945,1.0
tp_3_0x_sell_25pct,single_take_profit,3x触发后卖出25%当前已买入且未卖出的份额，剩余持有结算,train,haircut_0_8,0.8,entry_price_bin,>=20c,387,355,43,1,13590.066672788022,5265.1965757625785,0.3874297825414874,0.4909560723514212,-0.9017472,-0.21909482521771895,-190.816699992179,0.06445064208398855,0.21872220296701522,0.36170471721733843,4925.851275756262,4113.581181657402,231.97442199344187,-237.48041844939974,0,6,0,56,358.0098172093999,0.1374384727133203,1.0
tp_3_0x_sell_25pct,single_take_profit,3x触发后卖出25%当前已买入且未卖出的份额，剩余持有结算,train,haircut_0_9,0.9,entry_price_bin,0-1c,208,179,33,1,449.42623652537225,802.3587382182402,1.785295723768773,0.21634615384615385,-0.8431244934312501,-0.8596601681416347,-10.458383151321792,0.5628280449750249,1.2091952852498615,1.3313537050333977,350.76873821824023,-167.84966511428365,97.65543589287117,26.750960743612435,41,112,41,4,285.78636334935004,0.39371495865032957,1.0
tp_3_0x_sell_25pct,single_take_profit,3x触发后卖出25%当前已买入且未卖出的份额，剩余持有结算,train,haircut_0_9,0.9,entry_price_bin,1-2c,223,211,37,1,1117.8320031652593,-557.9847763269468,-0.49916693630791925,0.13452914798206278,-1.6804952500294217,-1.0,-56.690879994303,nan,nan,nan,-699.0933208874468,-784.0733085147707,557.9847763269468,294.3443268383125,27,103,27,3,54.068411551999986,0.18633704770577564,1.0
tp_3_0x_sell_25pct,single_take_profit,3x触发后卖出25%当前已买入且未卖出的份额，剩余持有结算,train,haircut_0_9,0.9,entry_price_bin,2-5c,354,314,43,1,2398.8221475200967,1290.674975079566,0.5380452971112787,0.11864406779661017,-2.78321569827704,-1.0,-65.54534000356,0.5603769655258296,1.425622360215919,1.9229327468926007,567.410449064353,-549.3401291649873,251.56190906389452,-123.93737740033747,22,120,22,20,747.04830119425,0.20047048287463679,1.0
tp_3_0x_sell_25pct,single_take_profit,3x触发后卖出25%当前已买入且未卖出的份额，剩余持有结算,train,haircut_0_9,0.9,entry_price_bin,5-10c,378,333,38,1,4447.489737516219,1155.9216269203189,0.25990428199748117,0.16666666666666666,-4.7724899999999995,-1.0,-146.52238799564745,0.3245671754540664,1.1867102650518826,1.8647121055601374,780.747409424522,-215.82243334149598,584.9554439573117,-126.66746456346236,20,92,20,43,863.9722772679249,0.15220298454210074,1.0
tp_3_0x_sell_25pct,single_take_profit,3x触发后卖出25%当前已买入且未卖出的份额，剩余持有结算,train,haircut_0_9,0.9,entry_price_bin,10-20c,473,416,43,1,7888.037368089418,3154.7386547459446,0.39993961837810893,0.23044397463002114,-7.45382,-1.0,-78.0104999947,0.10872920588230721,0.4534492491649853,0.7839607867103754,2811.7264260491997,1724.2247804396402,751.4878475951996,-107.3492661646376,8,76,8,101,1099.3060691629,0.21549836674708497,1.0
tp_3_0x_sell_25pct,single_take_profit,3x触发后卖出25%当前已买入且未卖出的份额，剩余持有结算,train,haircut_0_9,0.9,entry_price_bin,>=20c,387,355,43,1,13590.066672788022,5314.614222209729,0.3910660889435819,0.4909560723514212,-0.6993,-0.16647727272727278,-190.816699992179,0.06385135135268988,0.21930214475714618,0.36120875288836646,4975.268922203412,4149.107924722302,231.97442199344187,-188.06277200224983,0,11,0,79,371.204549195,0.1379372922940579,1.0
tp_3_0x_sell_25pct,single_take_profit,3x触发后卖出25%当前已买入且未卖出的份额，剩余持有结算,train,sampled_1_0,1.0,entry_price_bin,0-1c,208,179,33,1,449.42623652537225,841.2642520723778,1.8718627968326997,0.23076923076923078,-0.75605499638,-0.7515111456785358,-10.458383151321792,0.5374054571869575,1.159170071779629,1.2904606657508972,389.16425207237774,-133.90409138799623,93.25672038652118,65.65647459774999,44,122,44,4,285.0652922215,0.39053532419379355,1.0
tp_3_0x_sell_25pct,single_take_profit,3x触发后卖出25%当前已买入且未卖出的份额，剩余持有结算,train,sampled_1_0,1.0,entry_price_bin,1-2c,223,211,37,1,1117.8320031652593,-514.5336875308842,-0.4602960785466222,0.15695067264573992,-1.2372075000000002,-0.9526892430278885,-56.690879994303,nan,nan,nan,-656.6707784558841,-747.0185552407081,514.5336875308843,337.795415634375,32,114,32,3,52.70093228,0.19081279982554925,1.0
tp_3_0x_sell_25pct,single_take_profit,3x触发后卖出25%当前已买入且未卖出的份额，剩余持有结算,train,sampled_1_0,1.0,entry_price_bin,2-5c,354,314,43,1,2398.8221475200967,1404.8151771700282,0.5856270664427234,0.12429378531073447,-2.590277503856,-1.0,-65.54534000356,0.5204091768768873,1.317099654861295,1.7773812840856957,673.7364671548153,-445.4664078245248,238.581273041332,-9.797175309875113,24,138,24,20,730.8853532125001,0.2074328708118837,1.0
tp_3_0x_sell_25pct,single_take_profit,3x触发后卖出25%当前已买入且未卖出的份额，剩余持有结算,train,sampled_1_0,1.0,entry_price_bin,5-10c,378,333,38,1,4447.489737516219,1365.6804747606564,0.3070677068101219,0.1746031746031746,-4.458622934796532,-1.0,-86.32173318497472,0.27578293894975975,1.0250899210959254,1.6002662123129872,989.0490997648594,-34.2648153539908,480.2934946665364,83.09138327687505,23,106,23,43,838.7522221202499,0.151264894290614,1.0
tp_3_0x_sell_25pct,single_take_profit,3x触发后卖出25%当前已买入且未卖出的份额，剩余持有结算,train,sampled_1_0,1.0,entry_price_bin,10-20c,473,416,43,1,7888.037368089418,3491.948554367707,0.44268914958417604,0.226215644820296,-6.21248,-1.0,-78.0104999947,0.09882544708085808,0.4091278264644261,0.7144926884836883,3146.855177298962,2063.2952321936523,700.5435502857504,229.86063345712495,6,95,6,101,1025.59915561475,0.21162297719012443,1.0
tp_3_0x_sell_25pct,single_take_profit,3x触发后卖出25%当前已买入且未卖出的份额，剩余持有结算,train,sampled_1_0,1.0,entry_price_bin,>=20c,387,355,43,1,13590.066672788022,5461.263333917229,0.4018569934504113,0.4935400516795866,-0.58,-0.144128114061752,-190.816699992179,0.06213677664997561,0.21676823995438893,0.35398466173737186,5121.9180339109125,4277.434893096553,231.97442199344187,-41.41366029474988,1,19,1,94,339.77635349225005,0.13772983540680267,1.0
tp_3_0x_sell_25pct,single_take_profit,3x触发后卖出25%当前已买入且未卖出的份额，剩余持有结算,validation,haircut_0_8,0.8,entry_price_bin,0-1c,185,138,33,1,636.1571064361864,537.8380549049136,0.845448474069455,0.14594594594594595,-1.7816000011000002,-1.0,-23.666311002359,1.1020429664441127,1.8446765002561973,1.8683757807495096,-54.88259058902895,-454.29916592168297,402.1083516057047,-29.830452658899986,25,70,25,2,215.719751202,0.4819802448985043,1.0
tp_3_0x_sell_25pct,single_take_profit,3x触发后卖出25%当前已买入且未卖出的份额，剩余持有结算,validation,haircut_0_8,0.8,entry_price_bin,1-2c,129,124,28,1,807.2977190595084,-421.94280098620834,-0.5226607124293208,0.11627906976744186,-3.2,-1.0,-22.520412,nan,nan,nan,-504.39485098730836,-572.9848438180836,421.9428009862082,272.12871807330004,14,45,14,1,25.845950000000016,0.16444953486148117,1.0
tp_3_0x_sell_25pct,single_take_profit,3x触发后卖出25%当前已买入且未卖出的份额，剩余持有结算,validation,haircut_0_8,0.8,entry_price_bin,2-5c,206,180,34,1,2194.9256258967803,2135.43733008152,0.9728973523688507,0.14563106796116504,-5.055654997848,-1.0,-107.67054097996353,0.2853845951933305,1.3291054647331244,1.6814637702479533,1526.016412075479,-702.7840949249412,300.14641308974603,-221.07274902169965,17,60,17,13,701.2749761397996,0.19064854400324166,1.0
tp_3_0x_sell_25pct,single_take_profit,3x触发后卖出25%当前已买入且未卖出的份额，剩余持有结算,validation,haircut_0_8,0.8,entry_price_bin,5-10c,173,153,34,1,3491.0301600336625,713.7207765604378,0.20444417373740353,0.1329479768786127,-10.130000005,-1.0,-179.688812984796,0.6868067738733886,2.5021575644307545,3.68304475590138,223.53251256455388,-1072.121063401654,591.8599958230513,-327.7425634059,4,34,4,19,727.0692249867001,0.16708948528446374,1.0
tp_3_0x_sell_25pct,single_take_profit,3x触发后卖出25%当前已买入且未卖出的份额，剩余持有结算,validation,haircut_0_8,0.8,entry_price_bin,10-20c,209,196,34,1,5099.265653936283,2008.6603344498167,0.3939116866561499,0.215311004784689,-12.197599995,-1.0,-154.60567997874,0.3299996015508443,0.8831161286248991,1.2887368610902645,1345.8032244303915,234.77999616809961,616.069021974629,-524.2875946138997,2,22,2,43,823.4304203398998,0.2098630844488296,1.0
tp_3_0x_sell_25pct,single_take_profit,3x触发后卖出25%当前已买入且未卖出的份额，剩余持有结算,validation,haircut_0_8,0.8,entry_price_bin,>=20c,96,89,28,1,4143.755037987926,669.1982941210741,0.16149562123875336,0.3854166666666667,-14.627029999785002,-1.0,-340.113900006208,0.3890913983066596,1.695611970160342,2.6828905627690767,408.8189941170741,-465.5023438015004,600.4845079815649,-136.26335689099997,0,1,0,15,151.96335689099996,0.1071875119514319,1.0
tp_3_0x_sell_25pct,single_take_profit,3x触发后卖出25%当前已买入且未卖出的份额，剩余持有结算,validation,haircut_0_9,0.9,entry_price_bin,0-1c,185,138,33,1,636.1571064361864,584.7276430437761,0.9191560341430073,0.15675675675675677,-1.551540002208,-1.0,-23.666311002359,1.0131785422803494,1.7040843153469374,1.7347731293079964,-7.705857966341455,-411.69756221690545,367.0945540830172,17.05913547996245,27,87,27,2,215.30933471082506,0.5005894417048594,1.0
tp_3_0x_sell_25pct,single_take_profit,3x触发后卖出25%当前已买入且未卖出的份额，剩余持有结算,validation,haircut_0_9,0.9,entry_price_bin,1-2c,129,124,28,1,807.2977190595084,-441.97051499548337,-0.5474690495971838,0.13178294573643412,-3.1370000078999998,-1.0,-22.520412,nan,nan,nan,-524.6449462465833,-563.0386093651014,441.97051499548337,252.101004064025,16,52,16,1,25.623568750000004,0.15931904664766866,1.0
tp_3_0x_sell_25pct,single_take_profit,3x触发后卖出25%当前已买入且未卖出的份额，剩余持有结算,validation,haircut_0_9,0.9,entry_price_bin,2-5c,206,180,34,1,2194.9256258967803,2197.5239260639073,1.0011837759496136,0.1407766990291262,-4.867354856723829,-1.0,-107.67054097996353,0.271838489752429,1.2882516743297259,1.632680789461985,1600.1523408078663,-633.4399510675539,295.0611648766461,-158.98615303931214,16,68,16,13,703.5476211260246,0.19130772109742353,1.0
tp_3_0x_sell_25pct,single_take_profit,3x触发后卖出25%当前已买入且未卖出的份额，剩余持有结算,validation,haircut_0_9,0.9,entry_price_bin,5-10c,173,153,34,1,3491.0301600336625,872.1134254266128,0.24981549440930736,0.16184971098265896,-9.654640003536999,-1.0,-179.688812984796,0.5597007579686191,2.063988265689071,3.0450699524812985,383.9908801807289,-927.9184510038167,568.2273918499264,-169.349914539725,9,44,9,19,701.4443315975375,0.16669406347628002,1.0
tp_3_0x_sell_25pct,single_take_profit,3x触发后卖出25%当前已买入且未卖出的份额，剩余持有结算,validation,haircut_0_9,0.9,entry_price_bin,10-20c,209,196,34,1,5099.265653936283,2128.3228840543543,0.41737831062232167,0.21052631578947367,-12.035,-1.0,-154.60567997874,0.2788874332538852,0.8085842006099564,1.1992187021364717,1534.760377784929,407.3946262113873,612.335858724629,-404.625045009362,1,29,1,43,854.277372451112,0.20176542213529644,1.0
tp_3_0x_sell_25pct,single_take_profit,3x触发后卖出25%当前已买入且未卖出的份额，剩余持有结算,validation,haircut_0_9,0.9,entry_price_bin,>=20c,96,89,28,1,4143.755037987926,770.254527125574,0.18588321946260242,0.3854166666666667,-13.031179999585,-1.0,-340.113900006208,0.36978583698420053,1.5204819984961173,2.379523797912827,485.425312121574,-400.90361562900057,594.315476731565,-35.20712388650007,0,4,0,20,117.68495488587506,0.11144524629525791,1.0
tp_3_0x_sell_25pct,single_take_profit,3x触发后卖出25%当前已买入且未卖出的份额，剩余持有结算,validation,sampled_1_0,1.0,entry_price_bin,0-1c,185,138,33,1,636.1571064361864,626.9601990679386,0.985543025024479,0.16756756756756758,-1.36944996762,-0.9600403880571095,-23.666311002359,0.9458617826032559,1.6317818635188925,1.662014831267493,33.94250755624603,-396.10208291931804,348.6003576229297,59.291691504124984,29,96,29,2,193.09256798425002,0.4885188020480102,1.0
tp_3_0x_sell_25pct,single_take_profit,3x触发后卖出25%当前已买入且未卖出的份额，剩余持有结算,validation,sampled_1_0,1.0,entry_price_bin,1-2c,129,124,28,1,807.2977190595084,-408.5992077857584,-0.5061319983187507,0.14728682170542637,-2.99986,-1.0,-22.520412,nan,nan,nan,-491.0678327868584,-534.6726790281424,408.59920778575844,285.47231127375,18,59,18,1,25.829375,0.14395781353802703,1.0
tp_3_0x_sell_25pct,single_take_profit,3x触发后卖出25%当前已买入且未卖出的份额，剩余持有结算,validation,sampled_1_0,1.0,entry_price_bin,2-5c,206,180,34,1,2194.9256258967803,2231.39410827522,1.0166149057390224,0.15048543689320387,-4.836744997999,-1.0,-107.67054097996353,0.2684271641144642,1.2706976778513301,1.611179155638748,1632.427315769179,-604.0332034812413,290.15820361834596,-125.1159708279997,18,72,18,13,697.2225248547497,0.1930798844973404,1.0
tp_3_0x_sell_25pct,single_take_profit,3x触发后卖出25%当前已买入且未卖出的份额，剩余持有结算,validation,sampled_1_0,1.0,entry_price_bin,5-10c,173,153,34,1,3491.0301600336625,968.3600125095877,0.2773851751828607,0.15606936416184972,-8.09919,-1.0,-179.688812984796,0.5082183239066899,1.7944604686874526,2.691239854905748,476.2217100137038,-769.3237493965544,544.3306070268013,-73.10332745675002,8,54,8,19,748.691458351,0.17627328237585682,1.0
tp_3_0x_sell_25pct,single_take_profit,3x触发后卖出25%当前已买入且未卖出的份额，剩余持有结算,validation,sampled_1_0,1.0,entry_price_bin,10-20c,209,196,34,1,5099.265653936283,2251.270035201092,0.44148906685480604,0.21052631578947367,-11.0,-1.0,-154.60567997874,0.26525748940912103,0.7722918956649798,1.1408239701277603,1654.103797681667,512.6324320618749,599.692345474629,-281.67789386262456,1,37,1,43,818.4162176751246,0.2057260514625022,1.0
tp_3_0x_sell_25pct,single_take_profit,3x触发后卖出25%当前已买入且未卖出的份额，剩余持有结算,validation,sampled_1_0,1.0,entry_price_bin,>=20c,96,89,28,1,4143.755037987926,814.8958057645741,0.19665636561379876,0.3854166666666667,-11.3755499998,-1.0,-340.113900006208,0.3495247772649442,1.455310796422472,2.26977459694885,530.0695307605741,-371.0308583240003,590.485454481565,9.434154752500026,0,5,0,24,92.73074258499997,0.11383074574667809,1.0
tp_3_0x_sell_50pct,single_take_profit,3x触发后卖出50%当前已买入且未卖出的份额，剩余持有结算,train,haircut_0_8,0.8,entry_price_bin,0-1c,208,179,33,1,449.42623652537225,722.1250821590278,1.6067710860450855,0.38461538461538464,-0.81530973117745,-1.0,-10.458383151321792,0.422586069282658,0.9870920171163627,1.243365250937332,416.96508215902776,9.32117820035387,68.73389601422578,-53.4826953156,76,97,76,4,572.8629457232,0.3082582337484831,1.0
tp_3_0x_sell_50pct,single_take_profit,3x触发后卖出50%当前已买入且未卖出的份额，剩余持有结算,train,haircut_0_8,0.8,entry_price_bin,1-2c,223,211,37,1,1117.8320031652593,-392.24414734105915,-0.3508972244759306,0.34080717488789236,-1.594939997584,-1.0,-56.690879994303,nan,nan,nan,-495.5395464530592,-598.5159971172982,392.24414734105926,460.08495582420005,73,90,73,3,110.87178164799998,0.21897289851735888,1.0
tp_3_0x_sell_50pct,single_take_profit,3x触发后卖出50%当前已买入且未卖出的份额，剩余持有结算,train,haircut_0_8,0.8,entry_price_bin,2-5c,354,314,43,1,2398.8221475200967,861.6732529435034,0.359206810656764,0.288135593220339,-2.864453678098,-1.0,-65.54534000356,0.6329531665885105,1.5491605819660685,2.1331161130042324,316.27443892829035,-473.19698505104964,216.21151020845718,-552.9390995364,82,95,82,20,1528.686665012,0.1748310987024065,1.0
tp_3_0x_sell_50pct,single_take_profit,3x触发后卖出50%当前已买入且未卖出的份额，剩余持有结算,train,haircut_0_8,0.8,entry_price_bin,5-10c,378,333,38,1,4447.489737516219,656.1826554453816,0.14754000440073833,0.29365079365079366,-4.999138,-1.0,-146.52238799564745,0.4704205718242893,1.6703362366959826,2.5734642763449207,347.50083544958454,-439.86301183643366,668.5587102368867,-626.4064360383998,68,76,68,43,1835.6693221583998,0.14390580048528914,1.0
tp_3_0x_sell_50pct,single_take_profit,3x触发后卖出50%当前已买入且未卖出的份额，剩余持有结算,train,haircut_0_8,0.8,entry_price_bin,10-20c,473,416,43,1,7888.037368089418,2525.457099409582,0.3201629228616699,0.3298097251585624,-7.5992249991698015,-1.0,-78.0104999947,0.11492144822756896,0.5019791177245054,0.8602674107985163,2235.2279121088372,1257.7303727968715,712.1608606796503,-736.6308215009998,55,60,55,101,2327.2932146982,0.19773082866213637,1.0
tp_3_0x_sell_50pct,single_take_profit,3x触发后卖出50%当前已买入且未卖出的份额，剩余持有结算,train,haircut_0_8,0.8,entry_price_bin,>=20c,387,355,43,1,13590.066672788022,5027.716157313179,0.3699552237944787,0.5038759689922481,0.52725,0.01779673239721075,-190.816699992179,0.06749492003694632,0.22136236051596445,0.36178652022193647,4688.3708573068625,3914.7690407260798,231.97442199344187,-474.96083689879964,5,6,5,56,716.0196344187998,0.13702463121593902,1.0
tp_3_0x_sell_50pct,single_take_profit,3x触发后卖出50%当前已买入且未卖出的份额，剩余持有结算,train,haircut_0_9,0.9,entry_price_bin,0-1c,208,179,33,1,449.42623652537225,829.1096989618527,1.8448181961336063,0.4230769230769231,-0.41610725000000004,-0.7193203362832694,-10.458383151321792,0.3692876833830011,0.8719495220087496,1.1247047377942392,522.9296989618526,106.16789325924697,66.0017070082258,53.501921487224955,84,112,84,4,571.5727266987001,0.29438843917018637,1.0
tp_3_0x_sell_50pct,single_take_profit,3x触发后卖出50%当前已买入且未卖出的份额，剩余持有结算,train,haircut_0_9,0.9,entry_price_bin,1-2c,223,211,37,1,1117.8320031652593,-263.6404494886342,-0.2358497956241264,0.38565022421524664,-1.242299999865,-1.0,-56.690879994303,nan,nan,nan,-368.9929413296342,-486.6005908276232,298.5283588361529,588.688653676625,83,103,83,3,108.136823104,0.21450449069507854,1.0
tp_3_0x_sell_50pct,single_take_profit,3x触发后卖出50%当前已买入且未卖出的份额，剩余持有结算,train,haircut_0_9,0.9,entry_price_bin,2-5c,354,314,43,1,2398.8221475200967,1166.7375976792282,0.48637936700951423,0.3361581920903955,-2.429350500074664,-1.0,-65.54534000356,0.48085120693046907,1.1607894278786253,1.6178105988918399,605.7104156640153,-187.5990708153247,215.4755361083321,-247.8747548006751,99,120,99,20,1494.0966023885,0.2042114863187443,1.0
tp_3_0x_sell_50pct,single_take_profit,3x触发后卖出50%当前已买入且未卖出的份额，剩余持有结算,train,haircut_0_9,0.9,entry_price_bin,5-10c,378,333,38,1,4447.489737516219,1029.2541623568566,0.23142361716424378,0.3253968253968254,-4.514661999868002,-1.0,-146.52238799564745,0.3027397375613064,1.072720739169581,1.6973693403188976,717.6580273610596,-74.84812347995853,623.7636429313366,-253.33492912692486,80,92,80,43,1727.9445545358499,0.14493075876057174,1.0
tp_3_0x_sell_50pct,single_take_profit,3x触发后卖出50%当前已买入且未卖出的份额，剩余持有结算,train,haircut_0_9,0.9,entry_price_bin,10-20c,473,416,43,1,7888.037368089418,3047.3893885813072,0.3863304959620676,0.3572938689217759,-6.5944,-1.0,-78.0104999947,0.09660448551400805,0.40770759904841497,0.7058739146678366,2752.9979045365626,1804.945577597205,508.40336322014946,-214.69853232927483,68,76,68,101,2198.6121383258,0.19811123942661862,1.0
tp_3_0x_sell_50pct,single_take_profit,3x触发后卖出50%当前已买入且未卖出的份额，剩余持有结算,train,haircut_0_9,0.9,entry_price_bin,>=20c,387,355,43,1,13590.066672788022,5126.551450207478,0.3772278365986676,0.5167958656330749,2.07,0.1366350636543694,-190.816699992179,0.06619367879212103,0.22037822118307468,0.36048179656260154,4787.206150201162,3996.7711608072423,231.97442199344187,-376.1255440044999,10,11,10,79,742.40909839,0.13806323493157313,1.0
tp_3_0x_sell_50pct,single_take_profit,3x触发后卖出50%当前已买入且未卖出的份额，剩余持有结算,train,sampled_1_0,1.0,entry_price_bin,0-1c,208,179,33,1,449.42623652537225,906.9207266701277,2.01795234226146,0.4519230769230769,-0.24993074999999998,-0.5030222913570717,-10.458383151321792,0.3387286131698886,0.8174390904928079,1.066569407828004,599.7207266701278,165.56827271182203,62.468194252225786,131.31294919549993,90,122,90,4,570.1305844430001,0.2861951875708753,1.0
tp_3_0x_sell_50pct,single_take_profit,3x触发后卖出50%当前已买入且未卖出的份额，剩余持有结算,train,sampled_1_0,1.0,entry_price_bin,1-2c,223,211,37,1,1117.8320031652593,-176.73827189650922,-0.15810808010153238,0.4260089686098655,-1.0,-0.905378486055777,-56.690879994303,nan,nan,nan,-284.1478564665092,-416.3867047982482,261.32058699880776,675.59083126875,92,114,92,3,105.40186455999998,0.2024331131145161,1.0
tp_3_0x_sell_50pct,single_take_profit,3x触发后卖出50%当前已买入且未卖出的份额，剩余持有结算,train,sampled_1_0,1.0,entry_price_bin,2-5c,354,314,43,1,2398.8221475200967,1395.0180018601532,0.581542905672404,0.3757062146892655,-2.0,-1.0,-65.54534000356,0.4133678198032466,0.9880331943076434,1.3862461500317047,818.3624518449402,16.69390936560012,189.51426406320684,-19.594350619750138,113,138,113,20,1461.770706425,0.22386491422803137,1.0
tp_3_0x_sell_50pct,single_take_profit,3x触发后卖出50%当前已买入且未卖出的份额，剩余持有结算,train,sampled_1_0,1.0,entry_price_bin,5-10c,378,333,38,1,4447.489737516219,1448.7718580375313,0.3257504667895252,0.3544973544973545,-3.9090188991298467,-1.0,-86.32173318497472,0.2170876306375972,0.7928956169601334,1.2489516165714771,1134.2614080417343,300.0470018243841,414.4397443497867,166.18276655375004,91,106,91,43,1677.5044442404999,0.1462288686938182,1.0
tp_3_0x_sell_50pct,single_take_profit,3x触发后卖出50%当前已买入且未卖出的份额，剩余持有结算,train,sampled_1_0,1.0,entry_price_bin,10-20c,473,416,43,1,7888.037368089418,3721.809187824832,0.4718295583742019,0.39957716701902746,-5.23015,-1.0,-78.0104999947,0.08021737969947647,0.33322244053360967,0.5896684092370248,3423.2554070360875,2481.61884705743,406.5147686012483,459.72126691424995,88,95,88,101,2051.1983112295,0.19118356308993084,1.0
tp_3_0x_sell_50pct,single_take_profit,3x触发后卖出50%当前已买入且未卖出的份额，剩余持有结算,train,sampled_1_0,1.0,entry_price_bin,>=20c,387,355,43,1,13590.066672788022,5419.849673622479,0.3988096456123264,0.537467700258398,3.6968038236567793,0.2959421136341504,-190.816699992179,0.06261157051234356,0.21422613108698021,0.34675632876485746,5080.504373616162,4258.7762469693025,231.97442199344187,-82.8273205894999,18,19,18,94,679.5527069845001,0.1376385055574033,1.0
tp_3_0x_sell_50pct,single_take_profit,3x触发后卖出50%当前已买入且未卖出的份额，剩余持有结算,validation,haircut_0_8,0.8,entry_price_bin,0-1c,185,138,33,1,636.1571064361864,508.0076022460136,0.7985568299188252,0.2972972972972973,-1.7142400017339998,-1.0,-23.666311002359,0.7878520404466709,1.5988294427271716,1.697090771370398,107.772776254071,-304.209909354147,276.6518630626047,-59.66090531779997,53,70,53,2,431.439502404,0.40140416279677943,1.0
tp_3_0x_sell_50pct,single_take_profit,3x触发后卖出50%当前已买入且未卖出的份额，剩余持有结算,validation,haircut_0_8,0.8,entry_price_bin,1-2c,129,124,28,1,807.2977190595084,-149.8140829129083,-0.18557476303468293,0.2868217054263566,-3.006140006695,-1.0,-22.520412,nan,nan,nan,-265.55694260284963,-401.6749945685847,149.81408291290825,544.2574361466001,36,45,36,1,51.691900000000004,0.28454290830365786,1.0
tp_3_0x_sell_50pct,single_take_profit,3x触发后卖出50%当前已买入且未卖出的份额，剩余持有结算,validation,haircut_0_8,0.8,entry_price_bin,2-5c,206,180,34,1,2194.9256258967803,1914.3645810598198,0.8721774252727439,0.2961165048543689,-4.836744997999,-1.0,-107.67054097996353,0.2801355610643918,1.243396595171378,1.5243425605512233,1378.082985062828,-465.94982094664124,292.803541228146,-442.14549804339964,48,60,48,13,1402.5499522795997,0.1620118871288462,1.0
tp_3_0x_sell_50pct,single_take_profit,3x触发后卖出50%当前已买入且未卖出的份额，剩余持有结算,validation,haircut_0_8,0.8,entry_price_bin,5-10c,173,153,34,1,3491.0301600336625,385.97821315453785,0.110562841184625,0.27167630057803466,-9.654640003536999,-1.0,-179.688812984796,1.042733994459356,3.723111395884488,5.458549000018467,-16.494390822378193,-1051.0616708042542,557.3028626380512,-655.4851268117999,28,34,28,19,1454.1384499734,0.1358609401185457,1.0
tp_3_0x_sell_50pct,single_take_profit,3x触发后卖出50%当前已买入且未卖出的份额，剩余持有结算,validation,haircut_0_8,0.8,entry_price_bin,10-20c,209,196,34,1,5099.265653936283,1484.3727398359165,0.29109539305724985,0.291866028708134,-12.145000000000001,-1.0,-154.60567997874,0.41381669410563654,1.058865142052198,1.5325772764953247,870.1145198164915,-87.37781218885152,649.3360659812515,-1048.5751892277997,18,22,18,43,1646.8608406797998,0.200068089316756,1.0
tp_3_0x_sell_50pct,single_take_profit,3x触发后卖出50%当前已买入且未卖出的份额，剩余持有结算,validation,haircut_0_8,0.8,entry_price_bin,>=20c,96,89,28,1,4143.755037987926,532.9349372300742,0.12861159319129306,0.3958333333333333,-14.627029999785002,-1.0,-340.113900006208,0.4607170272498177,2.0157300503322175,3.176829908425553,287.40273723186624,-541.3180306165004,609.574588981565,-272.5267137819999,1,1,1,15,303.9267137819999,0.1243644168776235,1.0
tp_3_0x_sell_50pct,single_take_profit,3x触发后卖出50%当前已买入且未卖出的份额，剩余持有结算,validation,haircut_0_9,0.9,entry_price_bin,0-1c,185,138,33,1,636.1571064361864,601.7867785237387,0.9459719500659302,0.3675675675675676,-1.2597500063279998,-1.0,-23.666311002359,0.6641231600413554,1.3664199296629673,1.46461470656138,202.12624149944605,-220.506669058772,206.62426801722972,34.11827095992508,66,87,66,2,430.61866942164994,0.41580048579972867,1.0
tp_3_0x_sell_50pct,single_take_profit,3x触发后卖出50%当前已买入且未卖出的份额，剩余持有结算,validation,haircut_0_9,0.9,entry_price_bin,1-2c,129,124,28,1,807.2977190595084,-189.86951093145836,-0.23519143737040896,0.3178294573643411,-2.965825005408,-1.0,-22.520412,nan,nan,nan,-246.92037343255836,-355.41703540800364,189.86951093145834,504.20200812805,40,52,40,1,51.24713750000001,0.16405164169075623,1.0
tp_3_0x_sell_50pct,single_take_profit,3x触发后卖出50%当前已买入且未卖出的份额，剩余持有结算,validation,haircut_0_9,0.9,entry_price_bin,2-5c,206,180,34,1,2194.9256258967803,2038.5377730245948,0.9287502724342698,0.3300970873786408,-4.576429999302,-1.0,-107.67054097996353,0.2645931905871456,1.1605373898695561,1.428738105549544,1499.154559527603,-327.2615332318662,282.6330448019462,-317.97230607862474,55,68,55,13,1407.0952422520497,0.1622406477857815,1.0
tp_3_0x_sell_50pct,single_take_profit,3x触发后卖出50%当前已买入且未卖出的份额，剩余持有结算,validation,haircut_0_9,0.9,entry_price_bin,5-10c,173,153,34,1,3491.0301600336625,702.7635108868877,0.2013054825284326,0.3179190751445087,-8.09919,-1.0,-179.688812984796,0.6060377265121571,2.0852248789156773,3.074223545194691,276.8623104732967,-762.6564460085791,510.0376546918012,-338.69982907945,36,44,36,19,1402.888663195075,0.14590422888572166,1.0
tp_3_0x_sell_50pct,single_take_profit,3x触发后卖出50%当前已买入且未卖出的份额，剩余持有结算,validation,haircut_0_9,0.9,entry_price_bin,10-20c,209,196,34,1,5099.265653936283,1723.6978390449915,0.3380286409895933,0.3253588516746411,-11.19455,-1.0,-154.60567997874,0.27595846658540096,0.8541033490187839,1.2781850462687518,1248.0288265255663,251.48174202022346,637.7047394812516,-809.2500900187248,25,29,25,43,1708.554744902225,0.18001410032578194,1.0
tp_3_0x_sell_50pct,single_take_profit,3x触发后卖出50%当前已买入且未卖出的份额，剩余持有结算,validation,haircut_0_9,0.9,entry_price_bin,>=20c,96,89,28,1,4143.755037987926,735.047403239074,0.17738678963899115,0.4270833333333333,-11.3755499998,-1.0,-340.113900006208,0.3866868024449754,1.5606721042145608,2.4056292692272407,450.81427323507404,-412.12057427150046,597.236526481565,-70.41424777300008,4,4,4,20,235.3699097717501,0.11287494979021893,1.0
tp_3_0x_sell_50pct,single_take_profit,3x触发后卖出50%当前已买入且未卖出的份额，剩余持有结算,validation,sampled_1_0,1.0,entry_price_bin,0-1c,185,138,33,1,636.1571064361864,686.2518905720636,1.0787459318288735,0.3891891891891892,-1.1214975,-0.9200807761142187,-23.666311002359,0.5923889924166413,1.2764731085920022,1.365572251028539,279.7238245720636,-189.73019346359706,169.63587509705485,118.58338300825007,70,96,70,2,386.18513596849994,0.39368942288166714,1.0
tp_3_0x_sell_50pct,single_take_profit,3x触发后卖出50%当前已买入且未卖出的份额，剩余持有结算,validation,sampled_1_0,1.0,entry_price_bin,1-2c,129,124,28,1,807.2977190595084,-123.12689651200837,-0.1525173348135427,0.3643410852713178,-2.5316800028,-1.0,-22.520412,nan,nan,nan,-179.76614651310837,-308.71413371002865,123.12689651200839,570.9446225475,46,59,46,1,51.658750000000005,0.18277717791824355,1.0
tp_3_0x_sell_50pct,single_take_profit,3x触发后卖出50%当前已买入且未卖出的份额，剩余持有结算,validation,sampled_1_0,1.0,entry_price_bin,2-5c,206,180,34,1,2194.9256258967803,2106.2781374472197,0.9596125320130873,0.32524271844660196,-4.576429999302,-1.0,-107.67054097996353,0.2575561229793118,1.1274513718233796,1.3897394164054209,1563.7933064502276,-268.4480380592413,272.82712228534604,-250.23194165599972,54,72,54,13,1394.4450497094997,0.16603391432192657,1.0
tp_3_0x_sell_50pct,single_take_profit,3x触发后卖出50%当前已买入且未卖出的份额，剩余持有结算,validation,sampled_1_0,1.0,entry_price_bin,5-10c,173,153,34,1,3491.0301600336625,895.2566850528378,0.25644484407553936,0.3583815028901734,-6.329519998125,-1.0,-179.688812984796,0.40998116084910496,1.497585832344567,2.302510008101108,528.2183100569539,-445.4670427940541,462.2440850455515,-146.20665491349996,43,54,43,19,1497.3829167019999,0.16952213114180792,1.0
tp_3_0x_sell_50pct,single_take_profit,3x触发后卖出50%当前已买入且未卖出的份额，剩余持有结算,validation,sampled_1_0,1.0,entry_price_bin,10-20c,209,196,34,1,5099.265653936283,1969.5921413384667,0.386250153454562,0.3492822966507177,-10.62700000431,-1.0,-154.60567997874,0.24516571978769117,0.7721608515310467,1.1387471246835168,1486.7156663190417,448.75019631369855,622.2527129812515,-563.3557877252497,30,37,30,43,1636.8324353502496,0.18942342425840497,1.0
tp_3_0x_sell_50pct,single_take_profit,3x触发后卖出50%当前已买入且未卖出的份额，剩余持有结算,validation,sampled_1_0,1.0,entry_price_bin,>=20c,96,89,28,1,4143.755037987926,824.3299605170741,0.19893308194138384,0.4375,-10.7214,-1.0,-340.113900006208,0.34479791299313434,1.42746846110078,2.182092434249376,540.1027105130742,-352.3750596615005,589.5764819815649,18.868309505000045,5,5,5,24,185.46148516999995,0.11112682869005945,1.0
tp_3_0x_sell_75pct,single_take_profit,3x触发后卖出75%当前已买入且未卖出的份额，剩余持有结算,train,haircut_0_8,0.8,entry_price_bin,0-1c,208,179,33,1,449.42623652537225,695.3837345012278,1.5472700033656581,0.3942307692307692,-0.7377722,-1.0,-10.458383151321792,0.2289958653033735,0.7521791291130382,1.0711012329162928,536.1437345012278,172.33060268472207,54.644699990225774,-80.22404297340002,78,97,78,4,859.2944185848,0.24521122457545025,1.0
tp_3_0x_sell_75pct,single_take_profit,3x触发后卖出75%当前已买入且未卖出的份额，剩余持有结算,train,haircut_0_8,0.8,entry_price_bin,1-2c,223,211,37,1,1117.8320031652593,-162.20166942895918,-0.14510379821803995,0.3542600896860987,-1.594939997584,-1.0,-56.690879994303,nan,nan,nan,-228.71246945695918,-387.2948492161982,267.51651889640476,690.1274337363001,76,90,76,3,166.30767247199998,0.20406319922854663,1.0
tp_3_0x_sell_75pct,single_take_profit,3x触发后卖出75%当前已买入且未卖出的份额，剩余持有结算,train,haircut_0_8,0.8,entry_price_bin,2-5c,354,314,43,1,2398.8221475200967,585.2037031753034,0.24395460237862454,0.2937853107344633,-2.78499999975,-1.0,-65.54534000356,0.6413959514927646,1.5138185938114195,2.204125523488303,209.8564171600903,-300.68854385876966,195.98654655305768,-829.4086493045999,84,95,84,20,2293.029997518,0.19161610032684193,1.0
tp_3_0x_sell_75pct,single_take_profit,3x触发后卖出75%当前已买入且未卖出的份额，剩余持有结算,train,haircut_0_8,0.8,entry_price_bin,5-10c,378,333,38,1,4447.489737516219,342.9794374261815,0.07711753318574818,0.29894179894179895,-4.999138,-1.0,-146.52238799564745,0.7103824702267652,2.4609400498621476,3.804050708968487,99.33285743038448,-501.072396415097,729.7644428636868,-939.6096540575999,70,76,70,43,2753.5039832375996,0.13016405739815384,1.0
tp_3_0x_sell_75pct,single_take_profit,3x触发后卖出75%当前已买入且未卖出的份额，剩余持有结算,train,haircut_0_8,0.8,entry_price_bin,10-20c,473,416,43,1,7888.037368089418,2157.1416886590823,0.27347001389542974,0.3298097251585624,-7.5725999999999996,-1.0,-78.0104999947,0.11103920319005058,0.5095114364406556,0.8643545388200592,1917.6143943823377,1058.0533282643719,570.9551250343497,-1104.9462322514996,55,60,55,101,3490.9398220473,0.17441769797000628,1.0
tp_3_0x_sell_75pct,single_take_profit,3x触发后卖出75%当前已买入且未卖出的份额，剩余持有结算,train,haircut_0_8,0.8,entry_price_bin,>=20c,387,355,43,1,13590.066672788022,4790.235738863779,0.35248066504746994,0.5064599483204134,1.0152999999999999,0.0638297872340426,-190.816699992179,0.07084104384533006,0.22477216896563218,0.3648902303813417,4450.890438857463,3713.52406198268,231.97442199344187,-712.4412553481995,6,6,6,56,1074.0294516281997,0.13657376175856856,1.0
tp_3_0x_sell_75pct,single_take_profit,3x触发后卖出75%当前已买入且未卖出的份额，剩余持有结算,train,haircut_0_9,0.9,entry_price_bin,0-1c,208,179,33,1,449.42623652537225,855.8606597054652,1.9043406684984396,0.4519230769230769,-0.23624775001057102,-0.5789805044249042,-10.458383151321792,0.18784599826720297,0.6431434990161645,0.9309738977002756,695.0906597054652,305.41944035220945,50.546416481225776,80.25288223083743,90,112,90,4,857.35909004805,0.26534805774720155,1.0
tp_3_0x_sell_75pct,single_take_profit,3x触发后卖出75%当前已买入且未卖出的份额，剩余持有结算,train,haircut_0_9,0.9,entry_price_bin,1-2c,223,211,37,1,1117.8320031652593,30.70387734967832,0.027467345059666436,0.39461883408071746,-1.2,-1.0,-56.690879994303,2.2666987080779606,8.281958995938608,12.447993689808245,-38.892561771821676,-223.58437587668567,225.45671216295773,883.0329805149375,85,103,85,3,162.205234656,0.16610288011186633,1.0
tp_3_0x_sell_75pct,single_take_profit,3x触发后卖出75%当前已买入且未卖出的份额，剩余持有结算,train,haircut_0_9,0.9,entry_price_bin,2-5c,354,314,43,1,2398.8221475200967,1042.8002202788907,0.43471343690774994,0.3559322033898305,-2.0983850000184843,-1.0,-65.54534000356,0.3824220883925006,0.9026481305876574,1.3081407344951272,644.0103822636777,101.51855086775277,182.3971838061202,-371.8121322010126,106,120,106,20,2241.14490358275,0.20757840912321993,1.0
tp_3_0x_sell_75pct,single_take_profit,3x触发后卖出75%当前已买入且未卖出的份额，剩余持有结算,train,haircut_0_9,0.9,entry_price_bin,5-10c,378,333,38,1,4447.489737516219,902.586697793394,0.20294295233100637,0.3306878306878307,-4.5,-1.0,-146.52238799564745,0.2747858494947257,0.9841882979892614,1.5675077679421827,654.568645297597,14.271431904365727,662.5718419053617,-380.0023936903874,82,92,82,43,2591.916831803775,0.1545999595764418,1.0
tp_3_0x_sell_75pct,single_take_profit,3x触发后卖出75%当前已买入且未卖出的份额，剩余持有结算,train,haircut_0_9,0.9,entry_price_bin,10-20c,473,416,43,1,7888.037368089418,2940.04012241667,0.37272137354602625,0.36363636363636365,-6.459666,-1.0,-78.0104999947,0.0880602693340345,0.3688839324130589,0.6345837179085587,2681.1393973837903,1855.5065606074377,301.4065137836901,-322.04779849391235,71,76,71,101,3297.9182074887,0.17658062394311855,1.0
tp_3_0x_sell_75pct,single_take_profit,3x触发后卖出75%当前已买入且未卖出的份额，剩余持有结算,train,haircut_0_9,0.9,entry_price_bin,>=20c,387,355,43,1,13590.066672788022,4938.488678205229,0.3633895842537534,0.5193798449612403,2.6661339999999996,0.14696026448161395,-190.816699992179,0.06871440274915092,0.2234330331619535,0.36246854915991,4599.143378198913,3835.067173597868,231.97442199344187,-564.1883160067498,11,11,11,79,1113.6136475849999,0.13819841035888708,1.0
tp_3_0x_sell_75pct,single_take_profit,3x触发后卖出75%当前已买入且未卖出的份额，剩余持有结算,train,sampled_1_0,1.0,entry_price_bin,0-1c,208,179,33,1,449.42623652537225,972.5772012678777,2.1640418876902197,0.49038461538461536,-0.0939867803340249,-0.2545334370356075,-10.458383151321792,0.1668762127967028,0.6015893719134809,0.872906929007293,810.2772012678777,387.48509361976403,42.71626484722579,196.96942379324994,98,122,98,4,855.1958766645,0.2775380520084351,1.0
tp_3_0x_sell_75pct,single_take_profit,3x触发后卖出75%当前已买入且未卖出的份额，剩余持有结算,train,sampled_1_0,1.0,entry_price_bin,1-2c,223,211,37,1,1117.8320031652593,161.05714373786577,0.1440799183435574,0.43946188340807174,-1.0,-0.8580677290836652,-56.690879994303,0.45128130630018054,1.7601412771039966,2.69385225793969,88.37506552286577,-122.42618292762324,218.05662245355774,1013.386246903125,95,114,95,3,158.10279684,0.1484046356044439,1.0
tp_3_0x_sell_75pct,single_take_profit,3x触发后卖出75%当前已买入且未卖出的份额，剩余持有结算,train,sampled_1_0,1.0,entry_price_bin,2-5c,354,314,43,1,2398.8221475200967,1385.2208265502784,0.5774587449020847,0.3983050847457627,-1.7152499999999997,-1.0,-65.54534000356,0.3048123316675297,0.7264803015503982,1.0431901234749807,962.9884365350654,378.88518276414027,140.44725508508213,-29.391525929624986,121,138,121,20,2192.6560596375,0.2250182281383834,1.0
tp_3_0x_sell_75pct,single_take_profit,3x触发后卖出75%当前已买入且未卖出的份额，剩余持有结算,train,sampled_1_0,1.0,entry_price_bin,5-10c,378,333,38,1,4447.489737516219,1531.8632413144064,0.34443322676892857,0.36243386243386244,-3.6823736,-1.0,-86.32173318497472,0.16475982854659768,0.620578614524985,0.9593508860633376,1279.4737163186094,581.2216733777593,348.58599403303674,249.27414983062496,94,106,94,43,2516.25666636075,0.1687399982284684,1.0
tp_3_0x_sell_75pct,single_take_profit,3x触发后卖出75%当前已买入且未卖出的份额，剩余持有结算,train,sampled_1_0,1.0,entry_price_bin,10-20c,473,416,43,1,7888.037368089418,3951.669821281957,0.5009699671642277,0.40169133192389006,-5.2,-1.0,-78.0104999947,0.06377409953420375,0.27402216008216435,0.4955524839262576,3699.6556367732123,2868.8247209227748,290.79488453369004,689.581900371375,89,95,89,101,3076.79746684425,0.16599790695593095,1.0
tp_3_0x_sell_75pct,single_take_profit,3x触发后卖出75%当前已买入且未卖出的份额，剩余持有结算,train,sampled_1_0,1.0,entry_price_bin,>=20c,387,355,43,1,13590.066672788022,5378.436013327729,0.39576229777424154,0.5400516795865633,5.1625,0.2959421136341504,-190.816699992179,0.06309367614775385,0.21164487402377397,0.340789915985481,5039.090713321412,4240.1176008420525,231.97442199344187,-124.24098088424981,19,19,19,94,1019.32906047675,0.1375456404453415,1.0
tp_3_0x_sell_75pct,single_take_profit,3x触发后卖出75%当前已买入且未卖出的份额，剩余持有结算,validation,haircut_0_8,0.8,entry_price_bin,0-1c,185,138,33,1,636.1571064361864,478.1771495871137,0.7516651857681954,0.31891891891891894,-1.6800000000000002,-1.0,-23.666311002359,0.7081765830767873,1.3248608239544226,1.5081355330553794,139.5432896871137,-155.34102281104697,151.19537451950475,-89.4913579766999,57,70,57,2,647.159253606,0.35509686635635584,1.0
tp_3_0x_sell_75pct,single_take_profit,3x触发后卖出75%当前已买入且未卖出的份额，剩余持有结算,validation,haircut_0_8,0.8,entry_price_bin,1-2c,129,124,28,1,807.2977190595084,122.31463516039173,0.15151118635995495,0.29457364341085274,-2.967439990364,-1.0,-22.520412,1.5750955009064047,2.9190919306890644,3.7983611917995965,-70.34259637574962,-234.73302934148467,123.85757796765981,816.3861542199,37,45,37,1,77.53785,0.34637238715411617,1.0
tp_3_0x_sell_75pct,single_take_profit,3x触发后卖出75%当前已买入且未卖出的份额，剩余持有结算,validation,haircut_0_8,0.8,entry_price_bin,2-5c,206,180,34,1,2194.9256258967803,1693.29183203812,0.7714574981766373,0.3155339805825243,-4.6217650008244995,-1.0,-107.67054097996353,0.29103256548744627,1.135307773080419,1.3761151457640692,1200.488766041128,-229.11554696834105,285.460669366546,-663.2182470650997,52,60,52,13,2103.8249284194,0.17709198249898359,1.0
tp_3_0x_sell_75pct,single_take_profit,3x触发后卖出75%当前已买入且未卖出的份额，剩余持有结算,validation,haircut_0_8,0.8,entry_price_bin,5-10c,173,153,34,1,3491.0301600336625,58.23564974863784,0.01668150863184645,0.2832369942196532,-9.654640003536999,-1.0,-179.688812984796,6.3585532156319315,19.128319264270228,28.027140741627644,-312.0588282249782,-1055.7144512055252,522.7457294530514,-983.2276902177,30,34,30,19,2181.2076749601,0.1713928549420696,1.0
tp_3_0x_sell_75pct,single_take_profit,3x触发后卖出75%当前已买入且未卖出的份额，剩余持有结算,validation,haircut_0_8,0.8,entry_price_bin,10-20c,209,196,34,1,5099.265653936283,960.0851452220165,0.18827909945834978,0.291866028708134,-12.145000000000001,-1.0,-154.60567997874,0.5891762129999607,1.4380645142733608,2.0558971969274547,394.4258152025915,-420.5792328027517,689.9493099812516,-1572.8627838416999,18,22,18,43,2470.2912610197,0.18225873453556304,1.0
tp_3_0x_sell_75pct,single_take_profit,3x触发后卖出75%当前已买入且未卖出的份额，剩余持有结算,validation,haircut_0_8,0.8,entry_price_bin,>=20c,96,89,28,1,4143.755037987926,396.6715803390742,0.09572756514383272,0.3958333333333333,-14.627029999785002,-1.0,-340.113900006208,0.6189810719193128,2.5557800155584007,4.012972813430948,151.1393803408662,-617.1337174315004,618.6646699815649,-408.79007067299995,1,1,1,15,455.8900706729999,0.15005416993490864,1.0
tp_3_0x_sell_75pct,single_take_profit,3x触发后卖出75%当前已买入且未卖出的份额，剩余持有结算,validation,haircut_0_9,0.9,entry_price_bin,0-1c,185,138,33,1,636.1571064361864,618.8459140037012,0.9727878659888527,0.40540540540540543,-1.05,-1.0,-23.666311002359,0.5505838127307442,1.0481317912810948,1.2103353227840155,278.11937117870116,-29.786162367984502,97.51868689399089,51.17740643988758,73,87,73,2,645.9280041324749,0.32792254609058863,1.0
tp_3_0x_sell_75pct,single_take_profit,3x触发后卖出75%当前已买入且未卖出的份额，剩余持有结算,validation,haircut_0_9,0.9,entry_price_bin,1-2c,129,124,28,1,807.2977190595084,62.23149313256665,0.07708617485636594,0.3333333333333333,-2.8865125054079996,-1.0,-22.520412,1.1920195269912288,3.7272915616706843,5.604160100831039,-11.949661875273357,-169.72342609061616,111.40836794652228,756.303012192075,42,52,42,1,76.87070625000001,0.1828098699935031,1.0
tp_3_0x_sell_75pct,single_take_profit,3x触发后卖出75%当前已买入且未卖出的份额，剩余持有结算,validation,haircut_0_9,0.9,entry_price_bin,2-5c,206,180,34,1,2194.9256258967803,1879.5516199852823,0.856316768918926,0.33495145631067963,-4.089594999226,-1.0,-107.67054097996353,0.264667108345174,1.0112170983611208,1.2511861827230288,1382.0961277382903,-21.083115396178755,270.204924727246,-476.95845911793714,56,68,56,13,2110.6428633780747,0.18688249142657612,1.0
tp_3_0x_sell_75pct,single_take_profit,3x触发后卖出75%当前已买入且未卖出的份额，剩余持有结算,validation,haircut_0_9,0.9,entry_price_bin,5-10c,173,153,34,1,3491.0301600336625,533.4135963471628,0.15279547064755788,0.3352601156069364,-8.0,-1.0,-179.688812984796,0.7600806867411696,2.193130504198401,3.228784281571169,127.97622371853424,-636.4320331559726,451.8479175336762,-508.049743619175,39,44,39,19,2104.3329947926127,0.18876546285485807,1.0
tp_3_0x_sell_75pct,single_take_profit,3x触发后卖出75%当前已买入且未卖出的份额，剩余持有结算,validation,haircut_0_9,0.9,entry_price_bin,10-20c,209,196,34,1,5099.265653936283,1319.0727940356292,0.25867897135686496,0.3253588516746411,-11.0,-1.0,-154.60567997874,0.2712325812397593,0.9335062485501524,1.4201306444719697,961.2972752662041,87.71009851086114,672.5023202312517,-1213.8751350280872,25,29,25,43,2562.8321173533373,0.14357484906522436,1.0
tp_3_0x_sell_75pct,single_take_profit,3x触发后卖出75%当前已买入且未卖出的份额，剩余持有结算,validation,haircut_0_9,0.9,entry_price_bin,>=20c,96,89,28,1,4143.755037987926,699.840279352574,0.16889035981537992,0.4270833333333333,-11.3755499998,-1.0,-340.113900006208,0.4052882541519247,1.6049059269718404,2.434361335751442,416.20323434857403,-423.3375329140006,600.1575762315649,-105.62137165950006,4,4,4,20,353.05486465762505,0.1275644764624042,1.0
tp_3_0x_sell_75pct,single_take_profit,3x触发后卖出75%当前已买入且未卖出的份额，剩余持有结算,validation,sampled_1_0,1.0,entry_price_bin,0-1c,185,138,33,1,636.1571064361864,745.5435820761886,1.1719488386332675,0.44324324324324327,-0.859195125,-0.8801211641713281,-23.666311002359,0.5440651375073448,0.978031396931663,1.1162807225557818,339.91931057618865,16.37855102477795,70.7314130917909,177.87507451237497,80,96,80,2,579.27770395275,0.38435865073835446,1.0
tp_3_0x_sell_75pct,single_take_profit,3x触发后卖出75%当前已买入且未卖出的份额，剩余持有结算,validation,sampled_1_0,1.0,entry_price_bin,1-2c,129,124,28,1,807.2977190595084,162.34541476174164,0.2010973286916653,0.37209302325581395,-2.3801787500000002,-1.0,-22.520412,0.5098872064192568,1.6139321747394477,2.3262948332273967,79.56756475390162,-99.6690735436537,66.55576154614877,856.41693382125,47,59,47,1,77.488125,0.2158638310426812,1.0
tp_3_0x_sell_75pct,single_take_profit,3x触发后卖出75%当前已买入且未卖出的份额，剩余持有结算,validation,sampled_1_0,1.0,entry_price_bin,2-5c,206,180,34,1,2194.9256258967803,1981.1621666192198,0.9026101582871523,0.33980582524271846,-4.089594999226,-1.0,-107.67054097996353,0.2534410998539411,0.9661122504285826,1.215618027182516,1479.0542481222278,67.13712736275875,255.49604095234605,-375.3479124839998,57,72,57,13,2091.6675745642497,0.19443551864821149,1.0
tp_3_0x_sell_75pct,single_take_profit,3x触发后卖出75%当前已买入且未卖出的份额，剩余持有结算,validation,sampled_1_0,1.0,entry_price_bin,5-10c,173,153,34,1,3491.0301600336625,822.1533575960877,0.23550451296821798,0.3988439306358382,-6.1636000006,-1.0,-179.688812984796,0.31728322652827085,1.2187771609728706,1.9263891342325248,561.2978875969497,-179.86837745918524,380.15756306430137,-219.30998237024997,50,54,50,19,2246.074375053,0.1637913642388584,1.0
tp_3_0x_sell_75pct,single_take_profit,3x触发后卖出75%当前已买入且未卖出的份额，剩余持有结算,validation,sampled_1_0,1.0,entry_price_bin,10-20c,209,196,34,1,5099.265653936283,1687.9142474758416,0.3310112400543179,0.35406698564593303,-10.4599999955,-1.0,-154.60567997874,0.21836815055659425,0.7727296984875034,1.1626663404524362,1319.3275349564165,383.61277995107343,649.3242804812519,-845.0336815878749,31,37,31,43,2455.248653025375,0.1605946084353935,1.0
tp_3_0x_sell_75pct,single_take_profit,3x触发后卖出75%当前已买入且未卖出的份额，剩余持有结算,validation,sampled_1_0,1.0,entry_price_bin,>=20c,96,89,28,1,4143.755037987926,833.7641152695741,0.2012097982689689,0.4375,-10.7214,-1.0,-340.113900006208,0.3401780189499962,1.4002562054270011,2.0982350034263164,550.1358902655741,-333.71926099900054,588.6675094815649,28.302464257499995,5,5,5,24,278.192227755,0.10551369283444982,1.0
tp_5_0x_sell_100pct,single_take_profit,5x触发后卖出100%当前已买入且未卖出的份额，剩余持有结算,train,haircut_0_8,0.8,entry_price_bin,0-1c,208,179,33,1,449.42623652537225,671.0473145074277,1.4931200272050515,0.24519230769230768,-1.004799998625,-1.0,-12.219840025826,0.20270356169933854,0.8857792357306788,1.225206972581217,535.0236337879959,76.64753712391393,81.84542400644239,-104.56046296719998,47,55,47,4,1064.5589939256,0.2801723962907799,1.0
tp_5_0x_sell_100pct,single_take_profit,5x触发后卖出100%当前已买入且未卖出的份额，剩余持有结算,train,haircut_0_8,0.8,entry_price_bin,1-2c,223,211,37,1,1117.8320031652593,-85.39956984125915,-0.07639749944485509,0.21076233183856502,-2.3045844,-1.0,-56.690879994303,nan,nan,nan,-162.42966984096915,-357.7146982570063,359.81521503351416,766.9295333240001,44,48,44,3,220.31571841599998,0.1972100357803399,1.0
tp_5_0x_sell_100pct,single_take_profit,5x触发后卖出100%当前已买入且未卖出的份额，剩余持有结算,train,haircut_0_8,0.8,entry_price_bin,2-5c,354,314,43,1,2398.8221475200967,614.9180151199033,0.2563416449008551,0.192090395480226,-3.3544087389066783,-1.0,-65.54534000356,0.7182589372558851,1.6796709751240189,2.295194936963175,173.2476550803833,-417.9419269578708,356.96012864604245,-799.69433736,48,51,48,20,2842.1117338,0.14687776749551476,1.0
tp_5_0x_sell_100pct,single_take_profit,5x触发后卖出100%当前已买入且未卖出的份额，剩余持有结算,train,haircut_0_8,0.8,entry_price_bin,5-10c,378,333,38,1,4447.489737516219,284.8278278893816,0.06404238001647393,0.21957671957671956,-5.985103000032238,-1.0,-146.52238799564745,0.8485518383418941,2.733853997787818,4.3645062368103735,43.13665092291822,-493.8498680672248,663.6991358952866,-997.7612635943998,40,41,40,43,2974.8769466112,0.10867859209684429,1.0
tp_5_0x_sell_100pct,single_take_profit,5x触发后卖出100%当前已买入且未卖出的份额，剩余持有结算,train,haircut_0_8,0.8,entry_price_bin,10-20c,473,416,43,1,7888.037368089418,2492.4836444157822,0.3159827379240082,0.23678646934460887,-9.543889519302288,-1.0,-167.34550738032044,0.12991736003057294,0.5491726084650462,0.9442509367631031,2168.6667494139024,1123.6798998555023,747.7299848638713,-769.6042764947997,11,12,11,62,1881.5737029375998,0.16672728147600047,1.0
tp_5_0x_sell_100pct,single_take_profit,5x触发后卖出100%当前已买入且未卖出的份额，剩余持有结算,train,haircut_0_8,0.8,entry_price_bin,>=20c,387,355,43,1,13590.066672788022,5484.992881891979,0.40360308848777154,0.4909560723514212,-1.16168799999944,-1.0,-190.816699992179,0.061867956315243784,0.21997903752465406,0.3630527726311313,5145.6475818856625,4278.409426903803,231.97442199344187,-17.684112319999834,0,0,0,2,17.684112319999997,0.13823209973865025,1.0
tp_5_0x_sell_100pct,single_take_profit,5x触发后卖出100%当前已买入且未卖出的份额，剩余持有结算,train,haircut_0_9,0.9,entry_price_bin,0-1c,208,179,33,1,449.42623652537225,838.9936527883277,1.8668105789167975,0.27884615384615385,-1.0,-1.0,-12.219840025826,0.1828957182327406,0.7990510079638834,1.10750931436442,685.5453060688959,168.59492885251404,59.364147006442295,63.385875313699906,54,61,54,4,1044.4996164163001,0.27950005840441816,1.0
tp_5_0x_sell_100pct,single_take_profit,5x触发后卖出100%当前已买入且未卖出的份额，剩余持有结算,train,haircut_0_9,0.9,entry_price_bin,1-2c,223,211,37,1,1117.8320031652593,130.26551574329085,0.11653407253901328,0.22869955156950672,-2.1,-1.0,-56.690879994303,0.676120802172053,2.471307249944447,4.0588132254811,42.190290743580846,-191.6605977308563,325.9391672333047,982.59461890855,48,53,48,3,214.66732071799998,0.24294793633970083,1.0
tp_5_0x_sell_100pct,single_take_profit,5x触发后卖出100%当前已买入且未卖出的份额，剩余持有结算,train,haircut_0_9,0.9,entry_price_bin,2-5c,354,314,43,1,2398.8221475200967,1045.1344398840033,0.43568650596479763,0.22033898305084745,-3.24965,-1.0,-65.54534000356,0.4824325759425558,1.131273772978908,1.523523821738928,540.9275398444834,-137.19874119377073,312.5939109760427,-369.4779125959,58,60,58,20,2784.654447025,0.18897989714378044,1.0
tp_5_0x_sell_100pct,single_take_profit,5x触发后卖出100%当前已买入且未卖出的份额，剩余持有结算,train,haircut_0_9,0.9,entry_price_bin,5-10c,378,333,38,1,4447.489737516219,798.4666778916813,0.17953198883323326,0.23544973544973544,-5.8214074994125,-1.0,-146.52238799564745,0.34842375527686587,1.0647043630988013,1.6281615736613464,520.2619195172181,-51.66427784859707,644.8046598842868,-484.1224135921,46,47,46,43,2860.3756788697,0.13052233314520273,1.0
tp_5_0x_sell_100pct,single_take_profit,5x触发后卖出100%当前已买入且未卖出的份额，剩余持有结算,train,haircut_0_9,0.9,entry_price_bin,10-20c,473,416,43,1,7888.037368089418,2831.521680010182,0.35896402969196534,0.2558139534883721,-9.299594999148924,-1.0,-167.34550738032044,0.11436143939421128,0.4734621835403984,0.8129090167040502,2507.704785008302,1490.9032426505842,693.9287079774217,-430.56624090039986,20,21,20,86,2008.87166414005,0.14866938415407893,1.0
tp_5_0x_sell_100pct,single_take_profit,5x触发后卖出100%当前已买入且未卖出的份额，剩余持有结算,train,haircut_0_9,0.9,entry_price_bin,>=20c,387,355,43,1,13590.066672788022,5487.867238476979,0.403814592717604,0.4909560723514212,-1.16168799999944,-1.0,-190.816699992179,0.06183555200225523,0.2198638200517098,0.3628626180442276,5148.5219384706625,4281.283783488803,231.97442199344187,-14.809755734999833,0,0,0,2,14.809755734999996,0.1381648955668785,1.0
tp_5_0x_sell_100pct,single_take_profit,5x触发后卖出100%当前已买入且未卖出的份额，剩余持有结算,train,sampled_1_0,1.0,entry_price_bin,0-1c,208,179,33,1,449.42623652537225,987.5146658676277,2.1972786313107866,0.3125,-0.9975324999989333,-1.0,-12.219840025826,0.17303339244010438,0.7558345169814068,1.049315779765747,816.6416531481959,241.11699537951404,59.48367000644248,211.90688839299986,61,69,61,4,1024.440238907,0.2840551424957402,1.0
tp_5_0x_sell_100pct,single_take_profit,5x触发后卖出100%当前已买入且未卖出的份额，剩余持有结算,train,sampled_1_0,1.0,entry_price_bin,1-2c,223,211,37,1,1117.8320031652593,194.57302043874077,0.1740628465527796,0.24663677130044842,-2.0,-1.0,-56.690879994303,0.5094249437882215,1.8133690656270844,2.926313612680947,95.45267043903078,-158.2596758304982,319.17797338017175,1046.902123604,52,57,52,3,210.57657197999998,0.22973622389562076,1.0
tp_5_0x_sell_100pct,single_take_profit,5x触发后卖出100%当前已买入且未卖出的份额，剩余持有结算,train,sampled_1_0,1.0,entry_price_bin,2-5c,354,314,43,1,2398.8221475200967,1043.8772392934031,0.4351624151763664,0.2344632768361582,-3.124877500303872,-1.0,-65.54534000356,0.25655241817178825,0.9657700945177453,1.381015752258256,776.0680092781902,35.73181923609013,236.8631923210578,-370.7351131865001,63,67,63,20,2718.51229225,0.16360011169850358,1.0
tp_5_0x_sell_100pct,single_take_profit,5x触发后卖出100%当前已买入且未卖出的份额，剩余持有结算,train,sampled_1_0,1.0,entry_price_bin,5-10c,378,333,38,1,4447.489737516219,1047.3980632497814,0.23550319957224225,0.24603174603174602,-5.6415,-1.0,-146.52238799564745,0.21509673969937076,0.7487054646741941,1.2148528851902647,822.1061546773182,263.20540960550295,624.8725487192864,-235.191028234,50,51,50,43,2732.096231569,0.14791189478591021,1.0
tp_5_0x_sell_100pct,single_take_profit,5x触发后卖出100%当前已买入且未卖出的份额，剩余持有结算,train,sampled_1_0,1.0,entry_price_bin,10-20c,473,416,43,1,7888.037368089418,3971.878434146582,0.5035318988490822,0.2769556025369979,-8.594880001984,-1.0,-167.34550738032044,0.07700832959848632,0.34994022039662875,0.6138577487267267,3666.0107105647025,2581.9584195127104,521.1034710909717,709.7905132359999,30,31,30,101,1794.4531045775,0.16420921917551728,1.0
tp_5_0x_sell_100pct,single_take_profit,5x触发后卖出100%当前已买入且未卖出的份额，剩余持有结算,train,sampled_1_0,1.0,entry_price_bin,>=20c,387,355,43,1,13590.066672788022,5490.741595061979,0.40402609694743646,0.4909560723514212,-1.16168799999944,-1.0,-190.816699992179,0.06180318161603188,0.2197487232095023,0.36267266254594593,5151.396295055662,4284.158140073803,231.97442199344187,-11.935399149999832,0,0,0,2,11.935399149999995,0.1380977567085331,1.0
tp_5_0x_sell_100pct,single_take_profit,5x触发后卖出100%当前已买入且未卖出的份额，剩余持有结算,validation,haircut_0_8,0.8,entry_price_bin,0-1c,185,138,33,1,636.1571064361864,-96.0034041589863,-0.15091147011908215,0.1783783783783784,-2.25650001138,-1.0,-23.666311002359,nan,nan,nan,-133.3714041589863,-271.24470608598295,189.9994106377588,-663.6719117227999,31,36,31,2,1142.1627069816,0.15967682218962934,1.0
tp_5_0x_sell_100pct,single_take_profit,5x触发后卖出100%当前已买入且未卖出的份额，剩余持有结算,validation,haircut_0_8,0.8,entry_price_bin,1-2c,129,124,28,1,807.2977190595084,288.7571115200917,0.3576835468536813,0.20155038759689922,-3.5535199966419997,-1.0,-23.922313011565002,0.9335583181423552,1.7582892539935604,2.308334734085574,19.18550813775039,-218.96141467990566,138.34498399446977,982.8286305796001,25,28,25,1,99.4058,0.4329424751829905,1.0
tp_5_0x_sell_100pct,single_take_profit,5x触发后卖出100%当前已买入且未卖出的份额，剩余持有结算,validation,haircut_0_8,0.8,entry_price_bin,2-5c,206,180,34,1,2194.9256258967803,1414.7568473056199,0.6445579889421506,0.24271844660194175,-5.704629999489001,-1.0,-107.67054097996353,0.3428161672591789,0.7529356892850485,1.1061851768455628,929.7553273086279,349.5359253088209,326.32463265134606,-941.7532317975996,37,39,37,13,3156.8961994767997,0.20861895876710393,1.0
tp_5_0x_sell_100pct,single_take_profit,5x触发后卖出100%当前已买入且未卖出的份额，剩余持有结算,validation,haircut_0_8,0.8,entry_price_bin,5-10c,173,153,34,1,3491.0301600336625,207.17905676313785,0.05934610910412189,0.1907514450867052,-10.761999998555,-1.0,-179.688812984796,1.6320006339099962,5.688002273048448,9.034562320235327,-130.93729520717818,-971.2558890336236,573.2465123045704,-834.2842832032,14,14,14,19,2224.8358985868,0.17202123693397864,1.0
tp_5_0x_sell_100pct,single_take_profit,5x触发后卖出100%当前已买入且未卖出的份额，剩余持有结算,validation,haircut_0_8,0.8,entry_price_bin,10-20c,209,196,34,1,5099.265653936283,1530.5717198337168,0.3001553211200559,0.22009569377990432,-15.0,-1.0,-154.60567997874,0.3378217651085303,1.1400647989304655,1.6317312322609074,1013.5112798142917,-214.3792201871663,735.0991779812517,-1002.3762092299997,3,4,3,25,1284.83416531,0.1988278516433108,1.0
tp_5_0x_sell_100pct,single_take_profit,5x触发后卖出100%当前已买入且未卖出的份额，剩余持有结算,validation,haircut_0_8,0.8,entry_price_bin,>=20c,96,89,28,1,4143.755037987926,805.4616510120741,0.19437964928621368,0.3854166666666667,-15.124799999968001,-1.0,-340.113900006208,0.35436237050560887,1.4894052454271076,2.372499256287931,520.036351008074,-394.19715699568746,591.394426981565,0.0,0,0,0,0,0,0.11444267735980795,1.0
tp_5_0x_sell_100pct,single_take_profit,5x触发后卖出100%当前已买入且未卖出的份额，剩余持有结算,validation,haircut_0_9,0.9,entry_price_bin,0-1c,185,138,33,1,636.1571064361864,108.1335325256637,0.16997928881347912,0.22162162162162163,-2.0,-1.0,-23.666311002359,0.5541747187565691,2.081194847781834,3.432411705093194,48.2086625500997,-116.91341823919694,135.3866174156064,-459.5349750381499,39,46,39,2,1134.4548436042999,0.1598143036274443,1.0
tp_5_0x_sell_100pct,single_take_profit,5x触发后卖出100%当前已买入且未卖出的份额，剩余持有结算,validation,haircut_0_9,0.9,entry_price_bin,1-2c,129,124,28,1,807.2977190595084,538.6961568752416,0.6672831399831227,0.2248062015503876,-3.397599989296,-1.0,-22.520412,0.5718043193257432,1.085699694812882,1.4503947274465767,230.66736756980032,-46.16609624108071,92.44481295852381,1232.76767593475,28,31,28,1,98.61572500000001,0.4049020582597165,1.0
tp_5_0x_sell_100pct,single_take_profit,5x触发后卖出100%当前已买入且未卖出的份额，剩余持有结算,validation,haircut_0_9,0.9,entry_price_bin,2-5c,206,180,34,1,2194.9256258967803,1691.7057256333696,0.7707348739628432,0.27184466019417475,-5.1666250023485,-1.0,-107.67054097996353,0.2899047597733791,0.6469132777764275,0.9676809605297861,1201.2721836363776,597.3188296307367,326.1780511138461,-664.8043534698498,43,45,43,13,3185.9922599693,0.21677802920155348,1.0
tp_5_0x_sell_100pct,single_take_profit,5x触发后卖出100%当前已买入且未卖出的份额，剩余持有结算,validation,haircut_0_9,0.9,entry_price_bin,5-10c,173,153,34,1,3491.0301600336625,724.6159552482878,0.20756508022872558,0.21965317919075145,-10.151170005899,-1.0,-179.688812984796,0.5312794205749386,1.7505581346683479,2.748908164409788,339.64241040462184,-543.866399722078,490.0945337170706,-316.84738471804997,19,19,19,19,2021.83223441015,0.15734221277767332,1.0
tp_5_0x_sell_100pct,single_take_profit,5x触发后卖出100%当前已买入且未卖出的份额，剩余持有结算,validation,haircut_0_9,0.9,entry_price_bin,10-20c,209,196,34,1,5099.265653936283,1951.6257922983166,0.3827268325963358,0.23444976076555024,-14.781999999220002,-1.0,-154.60567997874,0.3052453740723905,0.9037012110847467,1.3101080274582577,1355.9010472788914,187.93920021409963,722.606397981252,-581.3221367653997,6,7,6,30,1113.7077100753997,0.1884039731423763,1.0
tp_5_0x_sell_100pct,single_take_profit,5x触发后卖出100%当前已买入且未卖出的份额，剩余持有结算,validation,haircut_0_9,0.9,entry_price_bin,>=20c,96,89,28,1,4143.755037987926,805.4616510120741,0.19437964928621368,0.3854166666666667,-15.124799999968001,-1.0,-340.113900006208,0.35436237050560887,1.4894052454271076,2.372499256287931,520.036351008074,-394.19715699568746,591.394426981565,0.0,0,0,0,0,0,0.11444267735980795,1.0
tp_5_0x_sell_100pct,single_take_profit,5x触发后卖出100%当前已买入且未卖出的份额，剩余持有结算,validation,sampled_1_0,1.0,entry_price_bin,0-1c,185,138,33,1,636.1571064361864,543.6506209503136,0.8545854718119821,0.2594594594594595,-1.999901,-1.0,-23.666311002359,0.5805139078997642,0.9655266376953777,1.2985491764354866,228.05387445031363,18.741464823153024,105.14847100399837,-24.017886613499883,46,54,46,2,829.8090938769999,0.33951182452585094,1.0
tp_5_0x_sell_100pct,single_take_profit,5x触发后卖出100%当前已买入且未卖出的份额，剩余持有结算,validation,sampled_1_0,1.0,entry_price_bin,1-2c,129,124,28,1,807.2977190595084,634.0557897769917,0.7854051545143205,0.24031007751937986,-3.253619991354,-1.0,-22.520412,0.5464597608207417,1.0221709216306627,1.3000771167077085,287.5698145484504,-14.057601224613677,108.92591295852378,1328.1273088365,30,34,30,1,97.29525000000001,0.39745666485597975,1.0
tp_5_0x_sell_100pct,single_take_profit,5x触发后卖出100%当前已买入且未卖出的份额，剩余持有结算,validation,sampled_1_0,1.0,entry_price_bin,2-5c,206,180,34,1,2194.9256258967803,2447.2005540902196,1.1149355245649235,0.2912621359223301,-4.982065000356,-1.0,-107.67054097996353,0.2045256140370013,0.5939772960444902,0.8594587415598869,1946.6853580932275,993.6189860931327,274.12379844034604,90.69047498700016,47,49,47,13,2788.4343637889997,0.17767948179284898,1.0
tp_5_0x_sell_100pct,single_take_profit,5x触发后卖出100%当前已买入且未卖出的份额，剩余持有结算,validation,sampled_1_0,1.0,entry_price_bin,5-10c,173,153,34,1,3491.0301600336625,730.4727721993378,0.2092427560672504,0.24277456647398843,-9.8,-1.0,-179.688812984796,0.5911660970152824,1.643683445039995,2.6156005389323127,298.6420344823217,-470.19323051718527,531.8757482580513,-310.99056776699996,23,23,23,19,2189.4903583585,0.15858441607049484,1.0
tp_5_0x_sell_100pct,single_take_profit,5x触发后卖出100%当前已买入且未卖出的份额，剩余持有结算,validation,sampled_1_0,1.0,entry_price_bin,10-20c,209,196,34,1,5099.265653936283,2054.1003529972168,0.40282277731727745,0.23923444976076555,-14.3650000025,-1.0,-154.60567997874,0.3283135845994078,0.887605701622329,1.2839884501003946,1379.7113029777915,230.86916797244862,687.526877981252,-478.84757606649976,7,10,7,42,1144.4970361864998,0.19847185077603988,1.0
tp_5_0x_sell_100pct,single_take_profit,5x触发后卖出100%当前已买入且未卖出的份额，剩余持有结算,validation,sampled_1_0,1.0,entry_price_bin,>=20c,96,89,28,1,4143.755037987926,805.4616510120741,0.19437964928621368,0.3854166666666667,-15.124799999968001,-1.0,-340.113900006208,0.35436237050560887,1.4894052454271076,2.372499256287931,520.036351008074,-394.19715699568746,591.394426981565,0.0,0,0,0,0,0,0.11444267735980795,1.0
tp_5_0x_sell_25pct,single_take_profit,5x触发后卖出25%当前已买入且未卖出的份额，剩余持有结算,train,haircut_0_8,0.8,entry_price_bin,0-1c,208,179,33,1,449.42623652537225,749.4676617328278,1.6676099453542177,0.23076923076923078,-1.069369999234,-1.0,-12.219840025826,0.6018671959201919,1.3150882946992701,1.444726051375441,298.3876617328278,-236.14848746764608,105.81144597566015,-26.140115741800063,44,55,44,4,266.13974848140003,0.3964469737933059,1.0
tp_5_0x_sell_25pct,single_take_profit,5x触发后卖出25%当前已买入且未卖出的份额，剩余持有结算,train,haircut_0_8,0.8,entry_price_bin,1-2c,223,211,37,1,1117.8320031652593,-660.5967198342593,-0.5909624326049978,0.18834080717488788,-2.399951000776775,-1.0,-56.690879994303,nan,nan,nan,-800.6767180302593,-887.4319545255541,660.596719834259,191.732383331,39,48,39,3,55.07892960400001,0.16855607955941485,1.0
tp_5_0x_sell_25pct,single_take_profit,5x触发后卖出25%当前已买入且未卖出的份额，剩余持有结算,train,haircut_0_8,0.8,entry_price_bin,2-5c,354,314,43,1,2398.8221475200967,1214.6887681399032,0.5063688316349959,0.17796610169491525,-3.3758107406500004,-1.0,-65.54534000356,0.5889988948451444,1.5262707967848952,2.0595586852918855,499.23842612469036,-639.2552258546498,281.3115800194571,-199.92358434000005,43,51,43,20,710.5279334500001,0.18488161507235498,1.0
tp_5_0x_sell_25pct,single_take_profit,5x触发后卖出25%当前已买入且未卖出的份额，剩余持有结算,train,haircut_0_8,0.8,entry_price_bin,5-10c,378,333,38,1,4447.489737516219,1033.1487755851815,0.23229930512715743,0.21693121693121692,-5.985103000032238,-1.0,-146.52238799564745,0.37914048709407994,1.3318953296333382,2.105896462216979,641.4402455691635,-342.8972534331235,575.5352177112866,-249.4403158985999,39,41,39,43,743.7192366528,0.1460729144682851,1.0
tp_5_0x_sell_25pct,single_take_profit,5x触发后卖出25%当前已买入且未卖出的份额，剩余持有结算,train,haircut_0_8,0.8,entry_price_bin,10-20c,473,416,43,1,7888.037368089418,3069.686851786882,0.38915724007661473,0.23678646934460887,-9.703925,-1.0,-167.34550738032044,0.11106379796567419,0.502953999963493,0.8677784433861696,2728.755771462137,1525.7755710453275,922.2437711262496,-192.40106912369998,11,12,11,62,470.39342573440007,0.21631207274465186,1.0
tp_5_0x_sell_25pct,single_take_profit,5x触发后卖出25%当前已买入且未卖出的份额，剩余持有结算,train,haircut_0_8,0.8,entry_price_bin,>=20c,387,355,43,1,13590.066672788022,5498.255966131978,0.404579028088315,0.4909560723514212,-1.16168799999944,-1.0,-190.816699992179,0.061718716279599725,0.2194483964407003,0.3621770041080518,5158.910666125662,4291.672511143803,231.97442199344187,-4.42102807999985,0,0,0,2,4.4210280800000135,0.13792254485111724,1.0
tp_5_0x_sell_25pct,single_take_profit,5x触发后卖出25%当前已买入且未卖出的份额，剩余持有结算,train,haircut_0_9,0.9,entry_price_bin,0-1c,208,179,33,1,449.42623652537225,791.4542463030527,1.7610325832821543,0.25,-1.000299998625,-1.0,-12.219840025826,0.5705825726621768,1.2570150039941248,1.3978567350129278,339.86424630305277,-203.41561627474607,103.82415547566029,15.846468828424905,48,61,48,4,261.1249041040751,0.387619759165266,1.0
tp_5_0x_sell_25pct,single_take_profit,5x触发后卖出25%当前已买入且未卖出的份额，剩余持有结算,train,haircut_0_9,0.9,entry_price_bin,1-2c,223,211,37,1,1117.8320031652593,-606.6804484381217,-0.5427295396090307,0.19730941704035873,-2.312181798740784,-1.0,-56.690879994303,nan,nan,nan,-747.7889929986218,-839.0541915539168,606.6804484381216,245.6486547271375,41,53,41,3,53.66683017949999,0.17083519703585878,1.0
tp_5_0x_sell_25pct,single_take_profit,5x触发后卖出25%当前已买入且未卖出的份额，剩余持有结算,train,haircut_0_9,0.9,entry_price_bin,2-5c,354,314,43,1,2398.8221475200967,1322.2428743309283,0.5512050469009816,0.2033898305084746,-3.2898364995855087,-1.0,-65.54534000356,0.5469982406834251,1.40443510221919,1.90141781521982,598.9783483157154,-534.7614320386247,280.5194922694575,-92.36947814897503,52,60,52,20,696.16361175625,0.1897362110420979,1.0
tp_5_0x_sell_25pct,single_take_profit,5x触发后卖出25%当前已买入且未卖出的份额，剩余持有结算,train,haircut_0_9,0.9,entry_price_bin,5-10c,378,333,38,1,4447.489737516219,1161.5584880857564,0.26117170733134726,0.2275132275132275,-5.8250999994125,-1.0,-146.52238799564745,0.34046764568674975,1.1905307361369128,1.8790083849700645,766.0854043197384,-221.3125938010587,570.8115987085366,-121.03060339802495,43,47,43,43,715.0939197174249,0.14513353589763814,1.0
tp_5_0x_sell_25pct,single_take_profit,5x触发后卖出25%当前已买入且未卖出的份额，剩余持有结算,train,haircut_0_9,0.9,entry_price_bin,10-20c,473,416,43,1,7888.037368089418,3154.446360685482,0.39990256301860405,0.2558139534883721,-9.299594999148924,-1.0,-167.34550738032044,0.10873928083602152,0.4865946538990293,0.8396753695710645,2811.434131988737,1619.5096255646774,886.1813995458751,-107.64156022510004,20,21,20,86,502.21791603501254,0.2110514938955256,1.0
tp_5_0x_sell_25pct,single_take_profit,5x触发后卖出25%当前已买入且未卖出的份额，剩余持有结算,train,haircut_0_9,0.9,entry_price_bin,>=20c,387,355,43,1,13590.066672788022,5498.974555278229,0.40463190414577316,0.4909560723514212,-1.16168799999944,-1.0,-190.816699992179,0.06171065106685993,0.21941971959663437,0.3621296759268505,5159.629255271912,4292.391100290053,231.97442199344187,-3.702438933749839,0,0,0,2,3.7024389337500025,0.13790581286644177,1.0
tp_5_0x_sell_25pct,single_take_profit,5x触发后卖出25%当前已买入且未卖出的份额，剩余持有结算,train,sampled_1_0,1.0,entry_price_bin,0-1c,208,179,33,1,449.42623652537225,828.5844995728778,1.8436495963806516,0.27884615384615385,-1.0,-1.0,-12.219840025826,0.5456293235428015,1.2118541639057137,1.3636555382247681,376.4844995728778,-175.5390763822461,104.01606497566002,52.97672209824998,54,69,54,4,256.11005972675,0.37805998002925195,1.0
tp_5_0x_sell_25pct,single_take_profit,5x触发后卖出25%当前已买入且未卖出的份额，剩余持有结算,train,sampled_1_0,1.0,entry_price_bin,1-2c,223,211,37,1,1117.8320031652593,-590.6035722642592,-0.5283473461055891,0.21076233183856502,-2.2510584000000002,-1.0,-56.690879994303,nan,nan,nan,-732.7406631892593,-828.1264115645542,590.6035722642592,261.725530901,44,57,44,3,52.644142994999996,0.1699753866879408,1.0
tp_5_0x_sell_25pct,single_take_profit,5x触发后卖出25%当前已买入且未卖出的份额，剩余持有结算,train,sampled_1_0,1.0,entry_price_bin,2-5c,354,314,43,1,2398.8221475200967,1321.9285741832782,0.5510740242038737,0.21468926553672316,-3.1925232,-1.0,-65.54534000356,0.5530394941851471,1.4162558781976855,1.9146478536597737,590.8498641680653,-550.2605395612748,263.49492108883214,-92.68377829662512,56,67,56,20,679.6280730625001,0.1852170531199895,1.0
tp_5_0x_sell_25pct,single_take_profit,5x触发后卖出25%当前已买入且未卖出的份额，剩余持有结算,train,sampled_1_0,1.0,entry_price_bin,5-10c,378,333,38,1,4447.489737516219,1223.7913344252813,0.2751645100160995,0.23544973544973544,-5.7601575,-1.0,-146.52238799564745,0.3123206520297143,1.1274877505239105,1.78419564131041,841.5760269092633,-156.01840433653365,565.8285709172869,-58.79775705850001,46,51,46,43,683.02405789225,0.14530475161849338,1.0
tp_5_0x_sell_25pct,single_take_profit,5x触发后卖出25%当前已买入且未卖出的份额，剩余持有结算,train,sampled_1_0,1.0,entry_price_bin,10-20c,473,416,43,1,7888.037368089418,3439.535549219582,0.4360445303078833,0.2748414376321353,-8.626060429640615,-1.0,-167.34550738032044,0.10033138838964613,0.44784457221006496,0.7758972903274501,3094.4421721508375,1899.1582225780276,836.5764165264995,177.447628309,29,31,29,101,448.613276144375,0.21309094829417505,1.0
tp_5_0x_sell_25pct,single_take_profit,5x触发后卖出25%当前已买入且未卖出的份额，剩余持有结算,train,sampled_1_0,1.0,entry_price_bin,>=20c,387,355,43,1,13590.066672788022,5499.693144424478,0.40468478020323123,0.4909560723514212,-1.16168799999944,-1.0,-190.816699992179,0.06170258796171931,0.2193910502463934,0.36208236011343653,5160.347844418162,4293.109689436302,231.97442199344187,-2.9838497874998424,0,0,0,2,2.983849787500006,0.13788908494093377,1.0
tp_5_0x_sell_25pct,single_take_profit,5x触发后卖出25%当前已买入且未卖出的份额，剩余持有结算,validation,haircut_0_8,0.8,entry_price_bin,0-1c,185,138,33,1,636.1571064361864,401.75052963311356,0.6315272211352929,0.14594594594594595,-2.271959993925,-1.0,-23.666311002359,1.488949604538961,2.304444213417744,2.3429648510551027,-196.435762587429,-524.061153617429,434.61536333410476,-165.91797793070003,25,36,25,2,285.54067674540005,0.49311511223593724,1.0
tp_5_0x_sell_25pct,single_take_profit,5x触发后卖出25%当前已买入且未卖出的份额，剩余持有结算,validation,haircut_0_8,0.8,entry_price_bin,1-2c,129,124,28,1,807.2977190595084,-448.36436141460837,-0.5553891096545487,0.18604651162790697,-3.5740000044,-1.0,-23.922313011565002,nan,nan,nan,-531.8109114157083,-604.4922112355267,448.36436141460837,245.70715764490004,23,28,23,1,24.85145,0.1650709562214003,1.0
tp_5_0x_sell_25pct,single_take_profit,5x触发后卖出25%当前已买入且未卖出的份额，剩余持有结算,validation,haircut_0_8,0.8,entry_price_bin,2-5c,206,180,34,1,2194.9256258967803,2121.0717711538196,0.9663524568342555,0.22815533980582525,-5.809174000347,-1.0,-107.67054097996353,0.2873174431407988,1.2807203991747724,1.6494795838061125,1511.6508531477784,-595.4281142766417,312.198121876346,-235.43830794939973,34,39,34,13,789.2240498691998,0.20322326160401308,1.0
tp_5_0x_sell_25pct,single_take_profit,5x触发后卖出25%当前已买入且未卖出的份额，剩余持有结算,validation,haircut_0_8,0.8,entry_price_bin,5-10c,173,153,34,1,3491.0301600336625,832.8922691655379,0.23858065699366707,0.17341040462427745,-10.761999998555,-1.0,-179.688812984796,0.6370298016182349,2.237265694432493,3.297950761964445,302.31507216965383,-1030.5090317965542,613.0524253330516,-208.57107080079987,11,14,11,19,556.2089746466999,0.17799099750615047,1.0
tp_5_0x_sell_25pct,single_take_profit,5x触发后卖出25%当前已买入且未卖出的份额，剩余持有结算,validation,haircut_0_8,0.8,entry_price_bin,10-20c,209,196,34,1,5099.265653936283,2282.353876756217,0.44758481547130147,0.22009569377990432,-15.0,-1.0,-154.60567997874,0.2904269652353417,0.843702756832348,1.2231325143224552,1619.4967667367916,356.72561886999983,624.203177974629,-250.59405230749965,3,4,3,25,321.20854132749974,0.21319753122939966,1.0
tp_5_0x_sell_25pct,single_take_profit,5x触发后卖出25%当前已买入且未卖出的份额，剩余持有结算,validation,haircut_0_8,0.8,entry_price_bin,>=20c,96,89,28,1,4143.755037987926,805.4616510120741,0.19437964928621368,0.3854166666666667,-15.124799999968001,-1.0,-340.113900006208,0.35436237050560887,1.4894052454271076,2.372499256287931,520.036351008074,-394.19715699568746,591.394426981565,0.0,0,0,0,0,0,0.11444267735980795,1.0
tp_5_0x_sell_25pct,single_take_profit,5x触发后卖出25%当前已买入且未卖出的份额，剩余持有结算,validation,haircut_0_9,0.9,entry_price_bin,0-1c,185,138,33,1,636.1571064361864,452.7847638042761,0.7117499108684333,0.1837837837837838,-2.005519994574,-1.0,-23.666311002359,1.324166918512498,2.0568143708506836,2.102097230593378,-146.77784163184145,-478.5094452905915,414.41557900726735,-114.88374375953751,32,46,32,2,283.613710901075,0.5103875877063146,1.0
tp_5_0x_sell_25pct,single_take_profit,5x触发后卖出25%当前已买入且未卖出的份额，剩余持有结算,validation,haircut_0_9,0.9,entry_price_bin,1-2c,129,124,28,1,807.2977190595084,-385.87960007582086,-0.4779892113721883,0.20930232558139536,-3.497053,-1.0,-22.520412,nan,nan,nan,-469.52366882692087,-558.3517816275141,385.8796000758209,308.1919189836875,26,31,26,1,24.65393125,0.19415756041925408,1.0
tp_5_0x_sell_25pct,single_take_profit,5x触发后卖出25%当前已买入且未卖出的份额，剩余持有结算,validation,haircut_0_9,0.9,entry_price_bin,2-5c,206,180,34,1,2194.9256258967803,2190.308990735757,0.9978966780894287,0.2524271844660194,-5.396115,-1.0,-107.67054097996353,0.27974212558485584,1.2402773961795766,1.5935465270954112,1577.5872979797161,-526.2817411227038,312.16147649197114,-166.2010883674623,39,45,39,13,796.4980649923248,0.20155732532885579,1.0
tp_5_0x_sell_25pct,single_take_profit,5x触发后卖出25%当前已买入且未卖出的份额，剩余持有结算,validation,haircut_0_9,0.9,entry_price_bin,5-10c,173,153,34,1,3491.0301600336625,962.2514937868253,0.275635399774818,0.2023121387283237,-10.151170005899,-1.0,-179.688812984796,0.5616013681040887,1.9714521814768864,2.903994982819093,421.84973841594126,-934.7813127686042,592.1619731861762,-79.21184617951242,16,19,16,19,505.4580586025374,0.17915411789136457,1.0
tp_5_0x_sell_25pct,single_take_profit,5x触发后卖出25%当前已买入且未卖出的份额，剩余持有结算,validation,haircut_0_9,0.9,entry_price_bin,10-20c,209,196,34,1,5099.265653936283,2387.6173948723667,0.46822769334037145,0.23444976076555024,-14.781999999220002,-1.0,-154.60567997874,0.2858595299796391,0.8089543347435453,1.1777452697231685,1705.0942086029418,456.1439535812747,621.3599829746289,-145.33053419134964,6,7,6,30,278.42692751884977,0.2104750112783674,1.0
tp_5_0x_sell_25pct,single_take_profit,5x触发后卖出25%当前已买入且未卖出的份额，剩余持有结算,validation,haircut_0_9,0.9,entry_price_bin,>=20c,96,89,28,1,4143.755037987926,805.4616510120741,0.19437964928621368,0.3854166666666667,-15.124799999968001,-1.0,-340.113900006208,0.35436237050560887,1.4894052454271076,2.372499256287931,520.036351008074,-394.19715699568746,591.394426981565,0.0,0,0,0,0,0,0.11444267735980795,1.0
tp_5_0x_sell_25pct,single_take_profit,5x触发后卖出25%当前已买入且未卖出的份额，剩余持有结算,validation,sampled_1_0,1.0,entry_price_bin,0-1c,185,138,33,1,636.1571064361864,561.6640359104385,0.882901456618059,0.21621621621621623,-2.0,-1.0,-23.666311002359,1.0699259347762773,1.8011732135606635,1.8471320578643964,-39.27488274125403,-449.990180591818,386.7366320829299,-6.004471653375027,38,54,38,2,207.45227346925003,0.4856616813855055,1.0
tp_5_0x_sell_25pct,single_take_profit,5x触发后卖出25%当前已买入且未卖出的份额，剩余持有结算,validation,sampled_1_0,1.0,entry_price_bin,1-2c,129,124,28,1,807.2977190595084,-362.03969185038335,-0.4484587077393889,0.2248062015503876,-3.397599989296,-1.0,-22.520412,nan,nan,nan,-446.01387935148335,-546.379672778565,362.03969185038335,332.031827209125,28,34,28,1,24.323812500000003,0.20491616072926822,1.0
tp_5_0x_sell_25pct,single_take_profit,5x触发后卖出25%当前已买入且未卖出的份额，剩余持有结算,validation,sampled_1_0,1.0,entry_price_bin,2-5c,206,180,34,1,2194.9256258967803,2379.18269784997,1.0839468407399488,0.2669902912621359,-5.1666250023485,-1.0,-107.67054097996353,0.25892188441969205,1.181674865930682,1.5083542684683917,1763.1602303439288,-432.2376976564915,299.14791332359596,22.672618746750324,42,49,42,13,697.1085909472497,0.19821703159120121,1.0
tp_5_0x_sell_25pct,single_take_profit,5x触发后卖出25%当前已买入且未卖出的份额，剩余持有结算,validation,sampled_1_0,1.0,entry_price_bin,5-10c,173,153,34,1,3491.0301600336625,963.7156980245877,0.27605481873444915,0.2254335260115607,-9.8,-1.0,-179.688812984796,0.5278154683362916,1.939212583887044,2.8823855018127813,455.0516455287038,-905.1339108741793,602.7817838205516,-77.74764194175008,20,23,20,19,547.372589589625,0.17734492853408262,1.0
tp_5_0x_sell_25pct,single_take_profit,5x触发后卖出25%当前已买入且未卖出的份额，剩余持有结算,validation,sampled_1_0,1.0,entry_price_bin,10-20c,209,196,34,1,5099.265653936283,2413.2360350470917,0.47325167952060687,0.23923444976076555,-14.3650000025,-1.0,-154.60567997874,0.2909741327916656,0.8055043765673483,1.1705950612079,1711.0467725276667,469.3638471266247,615.2501029746289,-119.71189401662456,7,10,7,42,286.12425904662456,0.2127898215586816,1.0
tp_5_0x_sell_25pct,single_take_profit,5x触发后卖出25%当前已买入且未卖出的份额，剩余持有结算,validation,sampled_1_0,1.0,entry_price_bin,>=20c,96,89,28,1,4143.755037987926,805.4616510120741,0.19437964928621368,0.3854166666666667,-15.124799999968001,-1.0,-340.113900006208,0.35436237050560887,1.4894052454271076,2.372499256287931,520.036351008074,-394.19715699568746,591.394426981565,0.0,0,0,0,0,0,0.11444267735980795,1.0
tp_5_0x_sell_50pct,single_take_profit,5x触发后卖出50%当前已买入且未卖出的份额，剩余持有结算,train,haircut_0_8,0.8,entry_price_bin,0-1c,208,179,33,1,449.42623652537225,723.3275459910277,1.6094466393044955,0.23557692307692307,-1.03017,-1.0,-12.219840025826,0.4218835597943415,1.041557668990556,1.3341542183220316,418.1675459910277,-30.05980672804617,91.12218197566017,-52.28023148360001,45,55,45,4,532.2794969628001,0.29400019643017006,1.0
tp_5_0x_sell_50pct,single_take_profit,5x触发后卖出50%当前已买入且未卖出的份额，剩余持有结算,train,haircut_0_8,0.8,entry_price_bin,1-2c,223,211,37,1,1117.8320031652593,-468.86433650325915,-0.4194407882182835,0.19282511210762332,-2.35633999623,-1.0,-56.690879994303,nan,nan,nan,-572.1597356152591,-678.6704369874063,492.77279374855135,383.46476666200005,40,48,40,3,110.15785920799999,0.1902510744010746,1.0
tp_5_0x_sell_50pct,single_take_profit,5x触发后卖出50%当前已买入且未卖出的份额，剩余持有结算,train,haircut_0_8,0.8,entry_price_bin,2-5c,354,314,43,1,2398.8221475200967,1014.7651837999033,0.423026436056949,0.18926553672316385,-3.3544087389066783,-1.0,-65.54534000356,0.5374630729573371,1.4087100098183418,1.9983395315210382,469.3663697846903,-414.74468823416987,274.9748780194574,-399.84716868,47,51,47,20,1421.0558669,0.164136080447274,1.0
tp_5_0x_sell_50pct,single_take_profit,5x触发后卖出50%当前已买入且未卖出的份额，剩余持有结算,train,haircut_0_8,0.8,entry_price_bin,5-10c,378,333,38,1,4447.489737516219,783.7084596865816,0.1762136634235963,0.21693121693121692,-5.985103000032238,-1.0,-146.52238799564745,0.3990099330318255,1.4088450233564829,2.267829566453853,471.00099967056354,-320.4153035052336,604.9231904392864,-498.8806317971998,39,41,39,43,1487.4384733056,0.12926937001174643,1.0
tp_5_0x_sell_50pct,single_take_profit,5x触发后卖出50%当前已买入且未卖出的份额，剩余持有结算,train,haircut_0_8,0.8,entry_price_bin,10-20c,473,416,43,1,7888.037368089418,2877.285782663182,0.36476573935907924,0.23678646934460887,-9.703925,-1.0,-167.34550738032044,0.11254248603076146,0.5101120685596386,0.8801023704582932,2553.4688876613022,1409.5475802316273,849.9152102822491,-384.80213824739985,11,12,11,62,940.7868514687999,0.20315612871521405,1.0
tp_5_0x_sell_50pct,single_take_profit,5x触发后卖出50%当前已买入且未卖出的份额，剩余持有结算,train,haircut_0_8,0.8,entry_price_bin,>=20c,387,355,43,1,13590.066672788022,5493.8349380519785,0.40425371488813383,0.4909560723514212,-1.16168799999944,-1.0,-190.816699992179,0.06176838289332409,0.21962499212180742,0.3624684571136748,5154.489638045662,4287.251483063803,231.97442199344187,-8.84205615999985,0,0,0,2,8.842056160000013,0.13802557565131537,1.0
tp_5_0x_sell_50pct,single_take_profit,5x触发后卖出50%当前已买入且未卖出的份额，剩余持有结算,train,haircut_0_9,0.9,entry_price_bin,0-1c,208,179,33,1,449.42623652537225,807.3007151314777,1.7962919151603685,0.2644230769230769,-1.0,-1.0,-12.219840025826,0.37926387808307005,0.9561428164324276,1.253756950665542,501.12071513147765,35.40593565775373,87.14760097566034,31.69293765684994,51,61,51,4,522.2498082081501,0.28043401853153754,1.0
tp_5_0x_sell_50pct,single_take_profit,5x触发后卖出50%当前已买入且未卖出的份额，剩余持有结算,train,haircut_0_9,0.9,entry_price_bin,1-2c,223,211,37,1,1117.8320031652593,-361.0317937109842,-0.32297500222634934,0.2242152466367713,-2.2510584000000002,-1.0,-56.690879994303,nan,nan,nan,-466.3842855519842,-587.2228532195813,458.839070810717,491.297309454275,47,53,47,3,107.33366035899999,0.18428205773790773,1.0
tp_5_0x_sell_50pct,single_take_profit,5x触发后卖出50%当前已买入且未卖出的份额，剩余持有结算,train,haircut_0_9,0.9,entry_price_bin,2-5c,354,314,43,1,2398.8221475200967,1229.8733961819532,0.5126988665889203,0.211864406779661,-3.24965,-1.0,-65.54534000356,0.4561666133740907,1.1953859532193416,1.6913776396487783,668.8462141667403,-240.2999858521198,273.39070251945736,-184.73895629795012,55,60,55,20,1392.3272235125,0.16470103079080664,1.0
tp_5_0x_sell_50pct,single_take_profit,5x触发后卖出50%当前已买入且未卖出的份额，剩余持有结算,train,haircut_0_9,0.9,entry_price_bin,5-10c,378,333,38,1,4447.489737516219,1040.5278846877313,0.2339584678319759,0.2328042328042328,-5.8214074994125,-1.0,-146.52238799564745,0.30776356138896066,1.0803724405292432,1.7311007816182704,720.2913171717133,-83.62976553108388,595.4759524337867,-242.06120679604996,45,47,45,43,1430.18783943485,0.1288846399120619,1.0
tp_5_0x_sell_50pct,single_take_profit,5x触发后卖出50%当前已买入且未卖出的份额，剩余持有结算,train,haircut_0_9,0.9,entry_price_bin,10-20c,473,416,43,1,7888.037368089418,3046.804800460382,0.3862563852430578,0.2558139534883721,-9.299594999148924,-1.0,-167.34550738032044,0.1062808142329794,0.4758391843714395,0.8196407566827926,2722.987905458502,1597.0156892703274,777.7904671214988,-215.28312045019987,20,21,20,86,1004.435832070025,0.19171553691172638,1.0
tp_5_0x_sell_50pct,single_take_profit,5x触发后卖出50%当前已买入且未卖出的份额，剩余持有结算,train,haircut_0_9,0.9,entry_price_bin,>=20c,387,355,43,1,13590.066672788022,5495.2721163444785,0.4043594670030501,0.4909560723514212,-1.16168799999944,-1.0,-190.816699992179,0.06175222861066481,0.2195675536065737,0.3623736607528667,5155.926816338162,4288.688661356302,231.97442199344187,-7.404877867499856,0,0,0,2,7.404877867500019,0.13799206573813685,1.0
tp_5_0x_sell_50pct,single_take_profit,5x触发后卖出50%当前已买入且未卖出的份额，剩余持有结算,train,sampled_1_0,1.0,entry_price_bin,0-1c,208,179,33,1,449.42623652537225,881.5612216711277,1.961525941357363,0.2932692307692308,-0.9999755000000001,-1.0,-12.219840025826,0.34847267829868656,0.9037126116296116,1.2016037491148028,574.3612216711276,84.88322772332197,87.53141997566024,105.9534441964999,57,69,57,4,512.2201194535,0.2664646192392476,1.0
tp_5_0x_sell_50pct,single_take_profit,5x触发后卖出50%当前已买入且未卖出的份额，剩余持有结算,train,sampled_1_0,1.0,entry_price_bin,1-2c,223,211,37,1,1117.8320031652593,-328.87804136325923,-0.29421061521946623,0.23318385650224216,-2.247800004191,-1.0,-56.690879994303,nan,nan,nan,-436.2876259332592,-568.5264742649982,442.6540987193048,523.451061802,49,57,49,3,105.28828598999999,0.19335656346674052,1.0
tp_5_0x_sell_50pct,single_take_profit,5x触发后卖出50%当前已买入且未卖出的份额，剩余持有结算,train,sampled_1_0,1.0,entry_price_bin,2-5c,354,314,43,1,2398.8221475200967,1229.244795886653,0.5124368211947046,0.22598870056497175,-3.124877500303872,-1.0,-65.54534000356,0.4691136801594282,1.154110794076014,1.6194806668496988,652.5892458714401,-189.43989160789988,239.34156015820713,-185.36755659325019,60,67,60,20,1359.2561461250002,0.16739809516682425,1.0
tp_5_0x_sell_50pct,single_take_profit,5x触发后卖出50%当前已买入且未卖出的份额，剩余持有结算,train,sampled_1_0,1.0,entry_price_bin,5-10c,378,333,38,1,4447.489737516219,1164.9935773667814,0.26194407320148044,0.24338624338624337,-5.6415,-1.0,-146.52238799564745,0.26056156522503116,0.9611195387640274,1.5500732663616796,861.4410273709844,45.2954876249662,585.5098968512866,-117.59551411699996,49,51,49,43,1366.0481157845,0.1320293892247322,1.0
tp_5_0x_sell_50pct,single_take_profit,5x触发后卖出50%当前已买入且未卖出的份额，剩余持有结算,train,sampled_1_0,1.0,entry_price_bin,10-20c,473,416,43,1,7888.037368089418,3616.983177528582,0.45854031982161625,0.2769556025369979,-8.594880001984,-1.0,-167.34550738032044,0.08704555532575237,0.4038366291848788,0.7028350374967492,3302.1408682367023,2156.3128832970274,678.5805010827489,354.89525661799996,30,31,30,101,897.22655228875,0.19736108245309864,1.0
tp_5_0x_sell_50pct,single_take_profit,5x触发后卖出50%当前已买入且未卖出的份额，剩余持有结算,train,sampled_1_0,1.0,entry_price_bin,>=20c,387,355,43,1,13590.066672788022,5496.7092946369785,0.4044652191179663,0.4909560723514212,-1.16168799999944,-1.0,-190.816699992179,0.06173608277545403,0.21951014512726982,0.362278913963271,5157.363994630662,4290.125839648803,231.97442199344187,-5.9676995749998625,0,0,0,2,5.967699575000026,0.13795857209211346,1.0
tp_5_0x_sell_50pct,single_take_profit,5x触发后卖出50%当前已买入且未卖出的份额，剩余持有结算,validation,haircut_0_8,0.8,entry_price_bin,0-1c,185,138,33,1,636.1571064361864,235.83255170241367,0.3707143240505013,0.17297297297297298,-2.25650001138,-1.0,-23.666311002359,1.7434663555859513,2.8397088769274528,3.0606623405770033,-175.33356774272895,-433.86323883538296,341.6658865194048,-331.83595586139995,30,36,30,2,571.0813534908,0.4539916977364671,1.0
tp_5_0x_sell_50pct,single_take_profit,5x触发后卖出50%当前已买入且未卖出的份额，剩余持有结算,validation,haircut_0_8,0.8,entry_price_bin,1-2c,129,124,28,1,807.2977190595084,-202.65720376970833,-0.2510315574851387,0.20155038759689922,-3.5535199966419997,-1.0,-23.922313011565002,nan,nan,nan,-318.4000634596497,-463.1081074368267,202.65720376970833,491.4143152898001,25,28,25,1,49.70290000000001,0.3082075634994532,1.0
tp_5_0x_sell_50pct,single_take_profit,5x触发后卖出50%当前已买入且未卖出的份额，剩余持有结算,validation,haircut_0_8,0.8,entry_price_bin,2-5c,206,180,34,1,2194.9256258967803,1885.6334632044197,0.8590876342035539,0.23786407766990292,-5.704629999489001,-1.0,-107.67054097996353,0.2938641569583348,1.1332379089322542,1.4499931280133889,1331.5133752074278,-251.2378596500414,316.90695880134604,-470.8766158987998,36,39,36,13,1578.4480997383998,0.18393177605536465,1.0
tp_5_0x_sell_50pct,single_take_profit,5x触发后卖出50%当前已买入且未卖出的份额，剩余持有结算,validation,haircut_0_8,0.8,entry_price_bin,5-10c,173,153,34,1,3491.0301600336625,624.3211983647377,0.17883580769715196,0.18497109826589594,-10.761999998555,-1.0,-179.688812984796,0.7110381085226928,2.5502238433182742,3.7611347998968365,180.4050343688537,-967.8376075940544,599.6877216580514,-417.14214160160003,13,14,13,19,1112.4179492934,0.15928366117538223,1.0
tp_5_0x_sell_50pct,single_take_profit,5x触发后卖出50%当前已买入且未卖出的份额，剩余持有结算,validation,haircut_0_8,0.8,entry_price_bin,10-20c,209,196,34,1,5099.265653936283,2031.7598244487167,0.39844165068755294,0.22009569377990432,-15.0,-1.0,-154.60567997874,0.3023281652820818,0.9173594744405589,1.3215473957285546,1417.5016044292915,167.90569970299975,654.6105779746287,-501.18810461499976,3,4,3,25,642.4170826549998,0.20908743927353585,1.0
tp_5_0x_sell_50pct,single_take_profit,5x触发后卖出50%当前已买入且未卖出的份额，剩余持有结算,validation,haircut_0_8,0.8,entry_price_bin,>=20c,96,89,28,1,4143.755037987926,805.4616510120741,0.19437964928621368,0.3854166666666667,-15.124799999968001,-1.0,-340.113900006208,0.35436237050560887,1.4894052454271076,2.372499256287931,520.036351008074,-394.19715699568746,591.394426981565,0.0,0,0,0,0,0,0.11444267735980795,1.0
tp_5_0x_sell_50pct,single_take_profit,5x触发后卖出50%当前已买入且未卖出的份额，剩余持有结算,validation,haircut_0_9,0.9,entry_price_bin,0-1c,185,138,33,1,636.1571064361864,337.9010200447387,0.531159703516782,0.21621621621621623,-2.0,-1.0,-23.666311002359,1.2249703946483768,2.03543945525318,2.2307165158808084,-76.01772583155395,-349.87604812461797,301.2663178657298,-229.76748751907493,38,46,38,2,567.2274218021499,0.45074261881289396,1.0
tp_5_0x_sell_50pct,single_take_profit,5x触发后卖出50%当前已买入且未卖出的份额，剩余持有结算,validation,haircut_0_9,0.9,entry_price_bin,1-2c,129,124,28,1,807.2977190595084,-77.68768109213335,-0.09623176092041795,0.2248062015503876,-3.397599989296,-1.0,-22.520412,nan,nan,nan,-212.65913374362466,-370.82724822080166,129.7992869944698,616.383837967375,28,31,28,1,49.307862500000006,0.3732514868660808,1.0
tp_5_0x_sell_50pct,single_take_profit,5x触发后卖出50%当前已买入且未卖出的份额，剩余持有结算,validation,haircut_0_9,0.9,entry_price_bin,2-5c,206,180,34,1,2194.9256258967803,2024.1079023682948,0.9221760767139003,0.2621359223300971,-5.1666250023485,-1.0,-107.67054097996353,0.2751019836173108,1.0557999468358457,1.3425889828862876,1467.271803371303,-112.945113342166,316.833668032596,-332.40217673492475,41,45,41,13,1592.9961299846498,0.17716127601413276,1.0
tp_5_0x_sell_50pct,single_take_profit,5x触发后卖出50%当前已买入且未卖出的份额，剩余持有结算,validation,haircut_0_9,0.9,entry_price_bin,5-10c,173,153,34,1,3491.0301600336625,883.0396476073126,0.2529452932594538,0.2138728323699422,-10.151170005899,-1.0,-179.688812984796,0.5249654214303537,1.8792155274588658,2.7701442313351103,419.4743668614287,-776.3821695381544,557.9068173643012,-158.4236923590251,18,19,18,19,1010.9161172050751,0.16722436427236617,1.0
tp_5_0x_sell_50pct,single_take_profit,5x触发后卖出50%当前已买入且未卖出的份额，剩余持有结算,validation,haircut_0_9,0.9,entry_price_bin,10-20c,209,196,34,1,5099.265653936283,2242.2868606810166,0.43972740642569286,0.23444976076555024,-14.781999999220002,-1.0,-154.60567997874,0.2914838346423347,0.8364427069718616,1.2120884939897498,1588.6964881615913,366.74236912554943,648.9241879746288,-290.6610683826996,6,7,6,30,556.8538550376996,0.2037478853199657,1.0
tp_5_0x_sell_50pct,single_take_profit,5x触发后卖出50%当前已买入且未卖出的份额，剩余持有结算,validation,haircut_0_9,0.9,entry_price_bin,>=20c,96,89,28,1,4143.755037987926,805.4616510120741,0.19437964928621368,0.3854166666666667,-15.124799999968001,-1.0,-340.113900006208,0.35436237050560887,1.4894052454271076,2.372499256287931,520.036351008074,-394.19715699568746,591.394426981565,0.0,0,0,0,0,0,0.11444267735980795,1.0
tp_5_0x_sell_50pct,single_take_profit,5x触发后卖出50%当前已买入且未卖出的份额，剩余持有结算,validation,sampled_1_0,1.0,entry_price_bin,0-1c,185,138,33,1,636.1571064361864,555.6595642570636,0.8734627950160334,0.24324324324324326,-1.999901,-1.0,-23.666311002359,0.7498680831032701,1.5280479229548565,1.664870979494997,138.98819194962095,-293.41487877594307,245.9084240170547,-12.008943306749941,43,54,43,2,414.90454693849995,0.38980919721423035,1.0
tp_5_0x_sell_50pct,single_take_profit,5x触发后卖出50%当前已买入且未卖出的份额，剩余持有结算,validation,sampled_1_0,1.0,entry_price_bin,1-2c,129,124,28,1,807.2977190595084,-30.00786464125836,-0.03717075365481912,0.24031007751937986,-3.253619991354,-1.0,-22.520412,nan,nan,nan,-184.20791025429966,-345.6272241400287,142.5710289944698,664.06365441825,30,34,30,1,48.647625000000005,0.385828462196958,1.0
tp_5_0x_sell_50pct,single_take_profit,5x触发后卖出50%当前已买入且未卖出的份额，剩余持有结算,validation,sampled_1_0,1.0,entry_price_bin,2-5c,206,180,34,1,2194.9256258967803,2401.8553165967196,1.0942764020149403,0.2766990291262136,-4.982065000356,-1.0,-107.67054097996353,0.23393454306529038,0.9687146127949408,1.213281722003361,1839.9783905997276,75.1429735902584,290.8065416958461,45.345237493500136,44,49,44,13,1394.2171818944998,0.1662895665357479,1.0
tp_5_0x_sell_50pct,single_take_profit,5x触发后卖出50%当前已买入且未卖出的份额，剩余持有结算,validation,sampled_1_0,1.0,entry_price_bin,5-10c,173,153,34,1,3491.0301600336625,885.9680560828377,0.25378413117871623,0.23121387283236994,-9.8,-1.0,-179.688812984796,0.507162525516895,1.8093828675040364,2.7142735601225634,436.6382592325717,-717.0873657493042,579.1464386330516,-155.4952838835001,21,23,21,19,1094.74517917925,0.1602388784250579,1.0
tp_5_0x_sell_50pct,single_take_profit,5x触发后卖出50%当前已买入且未卖出的份额，剩余持有结算,validation,sampled_1_0,1.0,entry_price_bin,10-20c,209,196,34,1,5099.265653936283,2293.5241410304666,0.4497753787861637,0.23923444976076555,-14.3650000025,-1.0,-154.60567997874,0.3021213130584704,0.828568555620437,1.2021909582208508,1600.6016160110416,393.1821562162495,636.7044279746289,-239.42378803324962,7,10,7,42,572.2485180932496,0.20850762510735013,1.0
tp_5_0x_sell_50pct,single_take_profit,5x触发后卖出50%当前已买入且未卖出的份额，剩余持有结算,validation,sampled_1_0,1.0,entry_price_bin,>=20c,96,89,28,1,4143.755037987926,805.4616510120741,0.19437964928621368,0.3854166666666667,-15.124799999968001,-1.0,-340.113900006208,0.35436237050560887,1.4894052454271076,2.372499256287931,520.036351008074,-394.19715699568746,591.394426981565,0.0,0,0,0,0,0,0.11444267735980795,1.0
tp_5_0x_sell_75pct,single_take_profit,5x触发后卖出75%当前已买入且未卖出的份额，剩余持有结算,train,haircut_0_8,0.8,entry_price_bin,0-1c,208,179,33,1,449.42623652537225,697.1874302492278,1.5512833332547737,0.23557692307692307,-1.004799998625,-1.0,-12.219840025826,0.22840342939498426,0.8330993499832238,1.2152908975326315,537.9474302492278,116.36103529212198,76.43291797566008,-78.42034722540004,45,55,45,4,798.4192454442,0.20874233639635462,1.0
tp_5_0x_sell_75pct,single_take_profit,5x触发后卖出75%当前已买入且未卖出的份额，剩余持有结算,train,haircut_0_8,0.8,entry_price_bin,1-2c,223,211,37,1,1117.8320031652593,-277.13195317225916,-0.24791914383156932,0.20179372197309417,-2.312181798740784,-1.0,-56.690879994303,nan,nan,nan,-343.64275320025916,-506.2970835542063,421.69301754591413,575.197149993,42,48,42,3,165.236788812,0.18361863265121112,1.0
tp_5_0x_sell_75pct,single_take_profit,5x触发后卖出75%当前已买入且未卖出的份额，剩余持有结算,train,haircut_0_8,0.8,entry_price_bin,2-5c,354,314,43,1,2398.8221475200967,814.8415994599034,0.3396840404789021,0.192090395480226,-3.3544087389066783,-1.0,-65.54534000356,0.4606383452489445,1.3884978611597592,2.0135476547822537,439.49431344469025,-316.5642185741697,281.3597269860426,-599.7707530199999,48,51,48,20,2131.58380035,0.1546532440040205,1.0
tp_5_0x_sell_75pct,single_take_profit,5x触发后卖出75%当前已买入且未卖出的份额，剩余持有结算,train,haircut_0_8,0.8,entry_price_bin,5-10c,378,333,38,1,4447.489737516219,534.2681437879814,0.12012802172003507,0.21693121693121692,-5.985103000032238,-1.0,-146.52238799564745,0.4374327624309225,1.650715743932247,2.7279112302299957,300.5617537719634,-347.6566926442971,634.3111631672866,-748.3209476957999,39,41,39,43,2231.1577099584,0.11610249624626241,1.0
tp_5_0x_sell_75pct,single_take_profit,5x触发后卖出75%当前已买入且未卖出的份额，剩余持有结算,train,haircut_0_8,0.8,entry_price_bin,10-20c,473,416,43,1,7888.037368089418,2684.884713539482,0.34037423864154376,0.23678646934460887,-9.703925,-1.0,-167.34550738032044,0.12060737407789554,0.5193053254075137,0.8941925832353649,2361.0678185376023,1290.6097836932022,777.5866494382494,-577.2032073710997,11,12,11,62,1411.1802772032,0.18681488542495997,1.0
tp_5_0x_sell_75pct,single_take_profit,5x触发后卖出75%当前已买入且未卖出的份额，剩余持有结算,train,haircut_0_8,0.8,entry_price_bin,>=20c,387,355,43,1,13590.066672788022,5489.413909971979,0.4039284016879527,0.4909560723514212,-1.16168799999944,-1.0,-190.816699992179,0.06181812950739003,0.21980187225385145,0.36276037957630836,5150.068609965662,4282.830454983803,231.97442199344187,-13.26308423999982,0,0,0,2,13.263084239999984,0.13812876049857806,1.0
tp_5_0x_sell_75pct,single_take_profit,5x触发后卖出75%当前已买入且未卖出的份额，剩余持有结算,train,haircut_0_9,0.9,entry_price_bin,0-1c,208,179,33,1,449.42623652537225,823.1471839599027,1.831551247038583,0.27403846153846156,-1.0,-1.0,-12.219840025826,0.19531136488444997,0.7610079820789926,1.1152053180590358,662.3771839599027,196.7256065405719,70.47104647566016,47.53940648527493,53,61,53,4,783.374712312225,0.2161687039545553,1.0
tp_5_0x_sell_75pct,single_take_profit,5x触发后卖出75%当前已买入且未卖出的份额，剩余持有结算,train,haircut_0_9,0.9,entry_price_bin,1-2c,223,211,37,1,1117.8320031652593,-115.38313898384669,-0.10322046484366806,0.2242152466367713,-2.1999999999999997,-1.0,-56.690879994303,nan,nan,nan,-184.9795781053467,-376.9963266080938,391.59131619417974,736.9459641814126,47,53,47,3,161.0004905385,0.1666307020577604,1.0
tp_5_0x_sell_75pct,single_take_profit,5x触发后卖出75%当前已买入且未卖出的份额，剩余持有结算,train,haircut_0_9,0.9,entry_price_bin,2-5c,354,314,43,1,2398.8221475200967,1137.5039180329782,0.4741926862768589,0.2175141242937853,-3.24965,-1.0,-65.54534000356,0.3505832654227846,1.0555742162717168,1.5282169891083057,738.7140800177651,-63.21588875068983,274.05291341855786,-277.1084344469251,57,60,57,20,2088.4908352687503,0.1480720159736122,1.0
tp_5_0x_sell_75pct,single_take_profit,5x触发后卖出75%当前已买入且未卖出的份额，剩余持有结算,train,haircut_0_9,0.9,entry_price_bin,5-10c,378,333,38,1,4447.489737516219,919.4972812897065,0.2067452283326046,0.2328042328042328,-5.8214074994125,-1.0,-146.52238799564745,0.2664500007247175,1.0304118046981603,1.6539470935440443,674.4972300236884,-27.963571739071995,620.1403061590368,-363.09181019407487,45,47,45,43,2145.281759152275,0.12272468960045697,1.0
tp_5_0x_sell_75pct,single_take_profit,5x触发后卖出75%当前已买入且未卖出的份额，剩余持有结算,train,haircut_0_9,0.9,entry_price_bin,10-20c,473,416,43,1,7888.037368089418,2939.163240235282,0.37261020746751156,0.2558139534883721,-9.299594999148924,-1.0,-167.34550738032044,0.11017315764195458,0.46429591544226856,0.7989597164941684,2615.346345233402,1574.5217529759775,697.6869437219343,-322.92468067529984,20,21,20,86,1506.6537481050373,0.1713858195700186,1.0
tp_5_0x_sell_75pct,single_take_profit,5x触发后卖出75%当前已买入且未卖出的份额，剩余持有结算,train,haircut_0_9,0.9,entry_price_bin,>=20c,387,355,43,1,13590.066672788022,5491.569677410728,0.404087029860327,0.4909560723514212,-1.16168799999944,-1.0,-190.816699992179,0.06179386221797283,0.21971558695711194,0.3626179745700356,5152.224377404412,4284.986222422553,231.97442199344187,-11.10731680124983,0,0,0,2,11.107316801249993,0.13807842657067398,1.0
tp_5_0x_sell_75pct,single_take_profit,5x触发后卖出75%当前已买入且未卖出的份额，剩余持有结算,train,sampled_1_0,1.0,entry_price_bin,0-1c,208,179,33,1,449.42623652537225,934.5379437693776,2.0794022863340746,0.2980769230769231,-0.9999755000000001,-1.0,-12.219840025826,0.17871426044905073,0.723532077634312,1.057924617111891,767.5226862870568,258.3697636858219,71.04677497566024,158.9301662947499,58,69,58,4,768.3301791802501,0.21960687711274993,1.0
tp_5_0x_sell_75pct,single_take_profit,5x触发后卖出75%当前已买入且未卖出的份额，剩余持有结算,train,sampled_1_0,1.0,entry_price_bin,1-2c,223,211,37,1,1117.8320031652593,-67.15251046225922,-0.06007388433334329,0.23766816143497757,-2.1172,-1.0,-56.690879994303,nan,nan,nan,-139.8345886772592,-350.6734311777482,369.70726654055477,785.176592703,50,57,50,3,157.932428985,0.17535593051662882,1.0
tp_5_0x_sell_75pct,single_take_profit,5x触发后卖出75%当前已买入且未卖出的份额，剩余持有结算,train,sampled_1_0,1.0,entry_price_bin,2-5c,354,314,43,1,2398.8221475200967,1136.5610175900283,0.47379961818553556,0.23163841807909605,-3.124877500303872,-1.0,-65.54534000356,0.3714999753471375,0.9371968693702746,1.4397578471337724,714.3286275748153,71.37959005636026,218.9918695016827,-278.0513348898751,62,67,62,20,2038.8842191875,0.1594089326810441,1.0
tp_5_0x_sell_75pct,single_take_profit,5x触发后卖出75%当前已买入且未卖出的份额，剩余持有结算,train,sampled_1_0,1.0,entry_price_bin,5-10c,378,333,38,1,4447.489737516219,1106.1958203082813,0.24872363638686132,0.24338624338624337,-5.6415,-1.0,-146.52238799564745,0.21330100029671084,0.8109205065625603,1.3505118560970941,870.2431453124843,209.15894534650283,605.1912227852865,-176.3932711755,49,51,49,43,2049.07217367675,0.13537355759303635,1.0
tp_5_0x_sell_75pct,single_take_profit,5x触发后卖出75%当前已买入且未卖出的份额，剩余持有结算,train,sampled_1_0,1.0,entry_price_bin,10-20c,473,416,43,1,7888.037368089418,3794.4308058375823,0.4810361093353493,0.2769556025369979,-8.594880001984,-1.0,-167.34550738032044,0.08179224561412762,0.3639447739294645,0.642827562348109,3484.0757894007024,2413.4675440160277,568.0680160570969,532.3428849270001,30,31,30,101,1345.839828433125,0.18132454636373624,1.0
tp_5_0x_sell_75pct,single_take_profit,5x触发后卖出75%当前已买入且未卖出的份额，剩余持有结算,train,sampled_1_0,1.0,entry_price_bin,>=20c,387,355,43,1,13590.066672788022,5493.725444849479,0.4042456580327014,0.4909560723514212,-1.16168799999944,-1.0,-190.816699992179,0.061769613973785636,0.2196293693780023,0.3624756813247449,5154.380144843162,4287.141989861302,231.97442199344187,-8.951549362499826,0,0,0,2,8.95154936249999,0.1380281293126339,1.0
tp_5_0x_sell_75pct,single_take_profit,5x触发后卖出75%当前已买入且未卖出的份额，剩余持有结算,validation,haircut_0_8,0.8,entry_price_bin,0-1c,185,138,33,1,636.1571064361864,69.91457377171373,0.10990142696570968,0.1783783783783784,-2.25650001138,-1.0,-23.666311002359,3.2059974705935828,5.9251956129352585,7.199375357813454,-154.23137289802895,-344.34295202068296,248.71640970470474,-497.7539337920999,31,36,31,2,856.6220302361999,0.34635304785774707,1.0
tp_5_0x_sell_75pct,single_take_profit,5x触发后卖出75%当前已买入且未卖出的份额，剩余持有结算,validation,haircut_0_8,0.8,entry_price_bin,1-2c,129,124,28,1,807.2977190595084,43.04995387519173,0.053325994684271356,0.20155038759689922,-3.5535199966419997,-1.0,-23.922313011565002,4.475201810777395,8.473271738475091,11.312758657974204,-149.60727766094962,-321.72400363812665,157.3095839944698,737.1214729347001,25,28,25,1,74.55435,0.3969469251042583,1.0
tp_5_0x_sell_75pct,single_take_profit,5x触发后卖出75%当前已买入且未卖出的份额，剩余持有结算,validation,haircut_0_8,0.8,entry_price_bin,2-5c,206,180,34,1,2194.9256258967803,1650.1951552550197,0.7518228115728522,0.24271844660194175,-5.704629999489001,-1.0,-107.67054097996353,0.3148480968099191,0.9436718774257982,1.2414821194738996,1130.634351258028,92.95239497655871,321.61579572634605,-706.3149238481999,37,39,37,13,2367.6721496075997,0.17515339149090314,1.0
tp_5_0x_sell_75pct,single_take_profit,5x触发后卖出75%当前已买入且未卖出的份额，剩余持有结算,validation,haircut_0_8,0.8,entry_price_bin,5-10c,173,153,34,1,3491.0301600336625,415.75012756393784,0.11909095840063695,0.18497109826589594,-10.761999998555,-1.0,-179.688812984796,0.8906659395231786,3.177187987157862,4.8506090916473115,45.4556495903218,-905.1661833915541,586.3230179830514,-625.7132124023999,13,14,13,19,1668.6269239401,0.14273480071867514,1.0
tp_5_0x_sell_75pct,single_take_profit,5x触发后卖出75%当前已买入且未卖出的份额，剩余持有结算,validation,haircut_0_8,0.8,entry_price_bin,10-20c,209,196,34,1,5099.265653936283,1781.1657721412166,0.34929848590380436,0.22009569377990432,-15.0,-1.0,-154.60567997874,0.3175781495842588,1.0117418714142807,1.45307674450439,1215.5064421217917,-20.914219464000325,693.3517779812519,-751.7821569224998,3,4,3,25,963.6256239824999,0.20433491322811068,1.0
tp_5_0x_sell_75pct,single_take_profit,5x触发后卖出75%当前已买入且未卖出的份额，剩余持有结算,validation,haircut_0_8,0.8,entry_price_bin,>=20c,96,89,28,1,4143.755037987926,805.4616510120741,0.19437964928621368,0.3854166666666667,-15.124799999968001,-1.0,-340.113900006208,0.35436237050560887,1.4894052454271076,2.372499256287931,520.036351008074,-394.19715699568746,591.394426981565,0.0,0,0,0,0,0,0.11444267735980795,1.0
tp_5_0x_sell_75pct,single_take_profit,5x触发后卖出75%当前已买入且未卖出的份额，剩余持有结算,validation,haircut_0_9,0.9,entry_price_bin,0-1c,185,138,33,1,636.1571064361864,223.01727628520118,0.35056949616513056,0.21621621621621623,-2.0,-1.0,-23.666311002359,1.0235749001998522,1.9933370843421996,2.500265841801273,-5.257610031266466,-221.5313309830805,194.41400152725882,-344.6512312786125,38,46,38,2,850.841132703225,0.31468527029865306,1.0
tp_5_0x_sell_75pct,single_take_profit,5x触发后卖出75%当前已买入且未卖出的份额，剩余持有结算,validation,haircut_0_9,0.9,entry_price_bin,1-2c,129,124,28,1,807.2977190595084,230.5042378915541,0.2855256895313524,0.2248062015503876,-3.397599989296,-1.0,-22.520412,0.960937304253278,1.8140623260024655,2.4538927256462846,9.004116913087813,-187.6448160514242,103.1815879585238,924.5757569510624,28,31,28,1,73.96179375,0.4147881785899939,1.0
tp_5_0x_sell_75pct,single_take_profit,5x触发后卖出75%当前已买入且未卖出的份额，剩余持有结算,validation,haircut_0_9,0.9,entry_price_bin,2-5c,206,180,34,1,2194.9256258967803,1857.9068140008324,0.8464554753383717,0.27184466019417475,-5.1666250023485,-1.0,-107.67054097996353,0.2818412724206508,0.83831723304168,1.1103832167373742,1334.2719935038403,300.39151443837136,321.5058595732211,-498.60326510238724,43,45,43,13,2389.494194976975,0.18326776089728017,1.0
tp_5_0x_sell_75pct,single_take_profit,5x触发后卖出75%当前已买入且未卖出的份额，剩余持有结算,validation,haircut_0_9,0.9,entry_price_bin,5-10c,173,153,34,1,3491.0301600336625,803.8278014278003,0.2302551867440897,0.2138728323699422,-10.151170005899,-1.0,-179.688812984796,0.50438336657238,1.7688002644472,2.669410945612721,398.3904287991718,-617.9830263077042,523.6516615424263,-237.63553853853747,18,19,18,19,1516.3741758076126,0.1629017125335392,1.0
tp_5_0x_sell_75pct,single_take_profit,5x触发后卖出75%当前已买入且未卖出的份额，剩余持有结算,validation,haircut_0_9,0.9,entry_price_bin,10-20c,209,196,34,1,5099.265653936283,2096.9563264896665,0.4112271195110143,0.23444976076555024,-14.781999999220002,-1.0,-154.60567997874,0.2978877294097538,0.8677412680625081,1.2577016160299266,1472.2987677202414,277.34078466982464,683.982192981252,-435.99160257404975,6,7,6,30,835.2807825565499,0.19643492908079468,1.0
tp_5_0x_sell_75pct,single_take_profit,5x触发后卖出75%当前已买入且未卖出的份额，剩余持有结算,validation,haircut_0_9,0.9,entry_price_bin,>=20c,96,89,28,1,4143.755037987926,805.4616510120741,0.19437964928621368,0.3854166666666667,-15.124799999968001,-1.0,-340.113900006208,0.35436237050560887,1.4894052454271076,2.372499256287931,520.036351008074,-394.19715699568746,591.394426981565,0.0,0,0,0,0,0,0.11444267735980795,1.0
tp_5_0x_sell_75pct,single_take_profit,5x触发后卖出75%当前已买入且未卖出的份额，剩余持有结算,validation,sampled_1_0,1.0,entry_price_bin,0-1c,185,138,33,1,636.1571064361864,549.6550926036887,0.8640241334140079,0.24864864864864866,-1.999901,-1.0,-23.666311002359,0.616352833228942,1.248955351822296,1.4836011310476271,210.87361897868868,-136.83957696006803,136.53267049030288,-18.01341496012499,44,54,44,2,622.35682040775,0.32195125398571106,1.0
tp_5_0x_sell_75pct,single_take_profit,5x触发后卖出75%当前已买入且未卖出的份额，剩余持有结算,validation,sampled_1_0,1.0,entry_price_bin,1-2c,129,124,28,1,807.2977190595084,302.02396256786665,0.37411720042975066,0.24031007751937986,-3.253619991354,-1.0,-22.520412,0.8288845967463184,1.5270746891158278,1.976896989139678,51.68095214707532,-159.1891861759887,122.74118397875878,996.0954816273751,30,34,30,1,72.97143750000001,0.42564891368303054,1.0
tp_5_0x_sell_75pct,single_take_profit,5x触发后卖出75%当前已买入且未卖出的份额，剩余持有结算,validation,sampled_1_0,1.0,entry_price_bin,2-5c,206,180,34,1,2194.9256258967803,2424.52793534347,1.1046059632899319,0.28640776699029125,-4.982065000356,-1.0,-107.67054097996353,0.21909257189966766,0.7597372930436103,0.9896228815270176,1893.331874346478,582.5236448370088,282.4651700680961,68.0178562402502,46,49,46,13,2091.3257728417498,0.16219031416970153,1.0
tp_5_0x_sell_75pct,single_take_profit,5x触发后卖出75%当前已买入且未卖出的份额，剩余持有结算,validation,sampled_1_0,1.0,entry_price_bin,5-10c,173,153,34,1,3491.0301600336625,808.2204141410878,0.23151344362298332,0.23699421965317918,-9.8,-1.0,-179.688812984796,0.5451239037952964,1.6589723577312752,2.586224888784484,367.6401468574468,-532.5949118731003,555.5110934455513,-233.24292582524998,22,23,22,19,1642.117768768875,0.1359853084601021,1.0
tp_5_0x_sell_75pct,single_take_profit,5x触发后卖出75%当前已买入且未卖出的份额，剩余持有结算,validation,sampled_1_0,1.0,entry_price_bin,10-20c,209,196,34,1,5099.265653936283,2173.8122470138414,0.4262990780517205,0.23923444976076555,-14.3650000025,-1.0,-154.60567997874,0.31449624430930534,0.8541730244912655,1.2398642628425023,1490.1564594944164,317.0004653058745,658.1587529746289,-359.13568204987484,7,10,7,42,858.3727771398749,0.20385884492947826,1.0
tp_5_0x_sell_75pct,single_take_profit,5x触发后卖出75%当前已买入且未卖出的份额，剩余持有结算,validation,sampled_1_0,1.0,entry_price_bin,>=20c,96,89,28,1,4143.755037987926,805.4616510120741,0.19437964928621368,0.3854166666666667,-15.124799999968001,-1.0,-340.113900006208,0.35436237050560887,1.4894052454271076,2.372499256287931,520.036351008074,-394.19715699568746,591.394426981565,0.0,0,0,0,0,0,0.11444267735980795,1.0
