rule_id,rule_family,rule_description,split,price_scenario,haircut,group_type,group,positions,events,cities,price_bins,buy_usd,net_pnl,roi_on_buy_usd,win_rate,median_pnl,median_roi,max_single_loss,top1_profit_share_of_net,top5_profit_share_of_net,top10_profit_share_of_net,leave_top1_out_net_pnl,leave_top5_out_net_pnl,weather_date_sequence_drawdown,delta_vs_hold_pnl,saved_loser_to_profit_count,roundtrip_2x_loss_improved_count,roundtrip_2x_loss_saved_to_profit_count,premature_correct_sell_loss_count,premature_correct_sell_loss_usd,max_city_abs_pnl_share,max_price_bin_abs_pnl_share
actual_huskyvs_exit,baseline,huskyvs实际退出结果,train,haircut_0_8,0.8,entry_lead_bin,0-6h,19,16,10,5,109.53368637221331,-0.2722840000000002,-0.002485847130851917,0.21052631578947367,-1.0,-0.9999825391559427,-22.1387,nan,nan,nan,-53.369524,-63.637467,51.93047,109.26140237221331,4,6,3,0,0,0.441821050377557,0.49872127230240604
actual_huskyvs_exit,baseline,huskyvs实际退出结果,train,haircut_0_8,0.8,entry_lead_bin,6-12h,662,453,43,6,8427.230616539093,3428.347183,0.4068177719346618,0.2930513595166163,-1.7126895,-0.7626770542111722,-41.086569,0.09684087733188018,0.3183176355100206,0.5336843380602273,3096.343034,2337.0438139999997,208.33867700000064,383.57769453909316,81,161,53,94,2524.288915400177,0.14359794331880432,0.32958743256896095
actual_huskyvs_exit,baseline,huskyvs实际退出结果,train,haircut_0_8,0.8,entry_lead_bin,12-24h,852,535,46,6,12427.48385300822,6077.11744,0.48900626320499796,0.3204225352112676,-1.80085,-0.6899191191993814,-130.082041,0.09813863330572727,0.32250266896273766,0.4796804733133477,5480.71744,4117.230846,206.3352789999999,-152.46302099177987,141,308,98,125,5281.937332187264,0.1592805514288332,0.28665728172275795
actual_huskyvs_exit,baseline,huskyvs实际退出结果,train,haircut_0_8,0.8,entry_lead_bin,24-48h,401,275,39,6,7137.275051321499,2001.3117169999998,0.28040277313250633,0.3491271820448878,-1.183832,-0.3807992292638312,-81.7951,0.07196668853560707,0.31921360254545494,0.5662696032674055,1857.2839399999998,1362.4657939999997,304.47511499999973,-282.90701167850136,72,132,45,70,3051.6714822662325,0.1889577658881444,0.42266289836615994
actual_huskyvs_exit,baseline,huskyvs实际退出结果,train,haircut_0_8,0.8,entry_lead_bin,48-72h,54,42,21,6,1202.8701166934209,-341.520206,-0.28392109942743243,0.2037037037037037,-1.6146159999999998,-0.3454309366002748,-55.663916,nan,nan,nan,-381.27885399999997,-436.867391,390.04575400000004,403.18439069342094,5,24,4,6,200.43884525871601,0.435968856563378,0.6402316756795008
actual_huskyvs_exit,baseline,huskyvs实际退出结果,train,haircut_0_8,0.8,entry_lead_bin,72h+,35,31,17,4,587.28084166994,475.700189,0.8100046098002124,0.42857142857142855,-0.35009999999999997,-0.09936660202787397,-11.0,0.2823115506477127,0.9409449971860322,1.130155321422418,341.404531,28.092476000000033,8.777976999999993,-205.21444933006006,5,9,5,9,390.4054522046769,0.3146964173001726,0.4343876829438091
actual_huskyvs_exit,baseline,huskyvs实际退出结果,train,haircut_0_9,0.9,entry_lead_bin,0-6h,19,16,10,5,109.53368637221331,-0.2722840000000002,-0.002485847130851917,0.21052631578947367,-1.0,-0.9999825391559427,-22.1387,nan,nan,nan,-53.369524,-63.637467,51.93047,109.26140237221331,4,7,3,0,0,0.441821050377557,0.49872127230240604
actual_huskyvs_exit,baseline,huskyvs实际退出结果,train,haircut_0_9,0.9,entry_lead_bin,6-12h,662,453,43,6,8427.230616539093,3428.347183,0.4068177719346618,0.2930513595166163,-1.7126895,-0.7626770542111722,-41.086569,0.09684087733188018,0.3183176355100206,0.5336843380602273,3096.343034,2337.0438139999997,208.33867700000064,383.57769453909316,81,185,59,94,2524.288915400177,0.14359794331880432,0.32958743256896095
actual_huskyvs_exit,baseline,huskyvs实际退出结果,train,haircut_0_9,0.9,entry_lead_bin,12-24h,852,535,46,6,12427.48385300822,6077.11744,0.48900626320499796,0.3204225352112676,-1.80085,-0.6899191191993814,-130.082041,0.09813863330572727,0.32250266896273766,0.4796804733133477,5480.71744,4117.230846,206.3352789999999,-152.46302099177987,141,342,104,125,5281.937332187264,0.1592805514288332,0.28665728172275795
actual_huskyvs_exit,baseline,huskyvs实际退出结果,train,haircut_0_9,0.9,entry_lead_bin,24-48h,401,275,39,6,7137.275051321499,2001.3117169999998,0.28040277313250633,0.3491271820448878,-1.183832,-0.3807992292638312,-81.7951,0.07196668853560707,0.31921360254545494,0.5662696032674055,1857.2839399999998,1362.4657939999997,304.47511499999973,-282.90701167850136,72,146,50,70,3051.6714822662325,0.1889577658881444,0.42266289836615994
actual_huskyvs_exit,baseline,huskyvs实际退出结果,train,haircut_0_9,0.9,entry_lead_bin,48-72h,54,42,21,6,1202.8701166934209,-341.520206,-0.28392109942743243,0.2037037037037037,-1.6146159999999998,-0.3454309366002748,-55.663916,nan,nan,nan,-381.27885399999997,-436.867391,390.04575400000004,403.18439069342094,5,27,4,6,200.43884525871601,0.435968856563378,0.6402316756795008
actual_huskyvs_exit,baseline,huskyvs实际退出结果,train,haircut_0_9,0.9,entry_lead_bin,72h+,35,31,17,4,587.28084166994,475.700189,0.8100046098002124,0.42857142857142855,-0.35009999999999997,-0.09936660202787397,-11.0,0.2823115506477127,0.9409449971860322,1.130155321422418,341.404531,28.092476000000033,8.777976999999993,-205.21444933006006,5,11,5,9,390.4054522046769,0.3146964173001726,0.4343876829438091
actual_huskyvs_exit,baseline,huskyvs实际退出结果,train,sampled_1_0,1.0,entry_lead_bin,0-6h,19,16,10,5,109.53368637221331,-0.2722840000000002,-0.002485847130851917,0.21052631578947367,-1.0,-0.9999825391559427,-22.1387,nan,nan,nan,-53.369524,-63.637467,51.93047,109.26140237221331,4,8,3,0,0,0.441821050377557,0.49872127230240604
actual_huskyvs_exit,baseline,huskyvs实际退出结果,train,sampled_1_0,1.0,entry_lead_bin,6-12h,662,453,43,6,8427.230616539093,3428.347183,0.4068177719346618,0.2930513595166163,-1.7126895,-0.7626770542111722,-41.086569,0.09684087733188018,0.3183176355100206,0.5336843380602273,3096.343034,2337.0438139999997,208.33867700000064,383.57769453909316,81,205,60,94,2524.288915400177,0.14359794331880432,0.32958743256896095
actual_huskyvs_exit,baseline,huskyvs实际退出结果,train,sampled_1_0,1.0,entry_lead_bin,12-24h,852,535,46,6,12427.48385300822,6077.11744,0.48900626320499796,0.3204225352112676,-1.80085,-0.6899191191993814,-130.082041,0.09813863330572727,0.32250266896273766,0.4796804733133477,5480.71744,4117.230846,206.3352789999999,-152.46302099177987,141,377,114,125,5281.937332187264,0.1592805514288332,0.28665728172275795
actual_huskyvs_exit,baseline,huskyvs实际退出结果,train,sampled_1_0,1.0,entry_lead_bin,24-48h,401,275,39,6,7137.275051321499,2001.3117169999998,0.28040277313250633,0.3491271820448878,-1.183832,-0.3807992292638312,-81.7951,0.07196668853560707,0.31921360254545494,0.5662696032674055,1857.2839399999998,1362.4657939999997,304.47511499999973,-282.90701167850136,72,169,58,70,3051.6714822662325,0.1889577658881444,0.42266289836615994
actual_huskyvs_exit,baseline,huskyvs实际退出结果,train,sampled_1_0,1.0,entry_lead_bin,48-72h,54,42,21,6,1202.8701166934209,-341.520206,-0.28392109942743243,0.2037037037037037,-1.6146159999999998,-0.3454309366002748,-55.663916,nan,nan,nan,-381.27885399999997,-436.867391,390.04575400000004,403.18439069342094,5,28,4,6,200.43884525871601,0.435968856563378,0.6402316756795008
actual_huskyvs_exit,baseline,huskyvs实际退出结果,train,sampled_1_0,1.0,entry_lead_bin,72h+,35,31,17,4,587.28084166994,475.700189,0.8100046098002124,0.42857142857142855,-0.35009999999999997,-0.09936660202787397,-11.0,0.2823115506477127,0.9409449971860322,1.130155321422418,341.404531,28.092476000000033,8.777976999999993,-205.21444933006006,5,12,5,9,390.4054522046769,0.3146964173001726,0.4343876829438091
actual_huskyvs_exit,baseline,huskyvs实际退出结果,validation,haircut_0_8,0.8,entry_lead_bin,0-6h,20,15,8,5,198.75227100923254,-21.695797000000002,-0.10915999545480504,0.05,-5.29405,-0.9999811367153293,-62.9927,nan,nan,nan,-192.3766,-192.3766,167.8466,0.006474009232521727,0,8,0,0,0,0.46251978582883824,0.4639377548388844
actual_huskyvs_exit,baseline,huskyvs实际退出结果,validation,haircut_0_8,0.8,entry_lead_bin,6-12h,286,177,32,6,3614.2570460061756,351.93031900000005,0.09737279737446729,0.10839160839160839,-5.3403675,-0.9999525529843589,-88.0554,2.2288581706425807,4.3348567646426615,6.049527929419459,-432.472448,-1173.637205,482.39498399999997,256.3169710061757,8,87,6,19,357.7597369932996,0.3416630980553326,0.3200147681412046
actual_huskyvs_exit,baseline,huskyvs实际退出结果,validation,haircut_0_8,0.8,entry_lead_bin,12-24h,527,282,36,6,8404.734643040209,4802.307121,0.5713811708471598,0.14231499051233396,-4.9999,-0.9999528245341255,-97.127,0.15313708025547165,0.5738445421262761,0.8566492382401714,4066.89583,2046.5293899999997,456.4831079999997,300.3575080402081,13,210,7,32,1156.908765969552,0.1600900576881426,0.3962474877683753
actual_huskyvs_exit,baseline,huskyvs实际退出结果,validation,haircut_0_8,0.8,entry_lead_bin,24-48h,144,82,23,6,3483.3991933362913,1486.137097,0.4266341623558293,0.16666666666666666,-6.350899999999999,-0.9999179311773347,-168.4104,0.30444300792526413,1.387893761055882,2.0984457546314785,1033.693049,-576.4633080000001,386.4342000000001,-108.1814456637086,6,67,5,12,817.0405429842224,0.25975251072388755,0.44093074694402046
actual_huskyvs_exit,baseline,huskyvs实际退出结果,validation,haircut_0_8,0.8,entry_lead_bin,48-72h,21,13,6,6,671.2881499584394,-8.994236999999995,-0.013398474262590282,0.2857142857142857,-4.9126,-0.9999322808357175,-103.1082,nan,nan,nan,-173.37468,-399.173539,328.719139,-448.79499204156065,3,11,3,2,643.1206890231788,0.4840741507968481,0.4857888264319827
actual_huskyvs_exit,baseline,huskyvs实际退出结果,validation,haircut_0_9,0.9,entry_lead_bin,0-6h,20,15,8,5,198.75227100923254,-21.695797000000002,-0.10915999545480504,0.05,-5.29405,-0.9999811367153293,-62.9927,nan,nan,nan,-192.3766,-192.3766,167.8466,0.006474009232521727,0,10,0,0,0,0.46251978582883824,0.4639377548388844
actual_huskyvs_exit,baseline,huskyvs实际退出结果,validation,haircut_0_9,0.9,entry_lead_bin,6-12h,286,177,32,6,3614.2570460061756,351.93031900000005,0.09737279737446729,0.10839160839160839,-5.3403675,-0.9999525529843589,-88.0554,2.2288581706425807,4.3348567646426615,6.049527929419459,-432.472448,-1173.637205,482.39498399999997,256.3169710061757,8,101,7,19,357.7597369932996,0.3416630980553326,0.3200147681412046
actual_huskyvs_exit,baseline,huskyvs实际退出结果,validation,haircut_0_9,0.9,entry_lead_bin,12-24h,527,282,36,6,8404.734643040209,4802.307121,0.5713811708471598,0.14231499051233396,-4.9999,-0.9999528245341255,-97.127,0.15313708025547165,0.5738445421262761,0.8566492382401714,4066.89583,2046.5293899999997,456.4831079999997,300.3575080402081,13,244,8,32,1156.908765969552,0.1600900576881426,0.3962474877683753
actual_huskyvs_exit,baseline,huskyvs实际退出结果,validation,haircut_0_9,0.9,entry_lead_bin,24-48h,144,82,23,6,3483.3991933362913,1486.137097,0.4266341623558293,0.16666666666666666,-6.350899999999999,-0.9999179311773347,-168.4104,0.30444300792526413,1.387893761055882,2.0984457546314785,1033.693049,-576.4633080000001,386.4342000000001,-108.1814456637086,6,75,5,12,817.0405429842224,0.25975251072388755,0.44093074694402046
actual_huskyvs_exit,baseline,huskyvs实际退出结果,validation,haircut_0_9,0.9,entry_lead_bin,48-72h,21,13,6,6,671.2881499584394,-8.994236999999995,-0.013398474262590282,0.2857142857142857,-4.9126,-0.9999322808357175,-103.1082,nan,nan,nan,-173.37468,-399.173539,328.719139,-448.79499204156065,3,12,3,2,643.1206890231788,0.4840741507968481,0.4857888264319827
actual_huskyvs_exit,baseline,huskyvs实际退出结果,validation,sampled_1_0,1.0,entry_lead_bin,0-6h,20,15,8,5,198.75227100923254,-21.695797000000002,-0.10915999545480504,0.05,-5.29405,-0.9999811367153293,-62.9927,nan,nan,nan,-192.3766,-192.3766,167.8466,0.006474009232521727,0,10,0,0,0,0.46251978582883824,0.4639377548388844
actual_huskyvs_exit,baseline,huskyvs实际退出结果,validation,sampled_1_0,1.0,entry_lead_bin,6-12h,286,177,32,6,3614.2570460061756,351.93031900000005,0.09737279737446729,0.10839160839160839,-5.3403675,-0.9999525529843589,-88.0554,2.2288581706425807,4.3348567646426615,6.049527929419459,-432.472448,-1173.637205,482.39498399999997,256.3169710061757,8,113,7,19,357.7597369932996,0.3416630980553326,0.3200147681412046
actual_huskyvs_exit,baseline,huskyvs实际退出结果,validation,sampled_1_0,1.0,entry_lead_bin,12-24h,527,282,36,6,8404.734643040209,4802.307121,0.5713811708471598,0.14231499051233396,-4.9999,-0.9999528245341255,-97.127,0.15313708025547165,0.5738445421262761,0.8566492382401714,4066.89583,2046.5293899999997,456.4831079999997,300.3575080402081,13,270,10,32,1156.908765969552,0.1600900576881426,0.3962474877683753
actual_huskyvs_exit,baseline,huskyvs实际退出结果,validation,sampled_1_0,1.0,entry_lead_bin,24-48h,144,82,23,6,3483.3991933362913,1486.137097,0.4266341623558293,0.16666666666666666,-6.350899999999999,-0.9999179311773347,-168.4104,0.30444300792526413,1.387893761055882,2.0984457546314785,1033.693049,-576.4633080000001,386.4342000000001,-108.1814456637086,6,90,5,12,817.0405429842224,0.25975251072388755,0.44093074694402046
actual_huskyvs_exit,baseline,huskyvs实际退出结果,validation,sampled_1_0,1.0,entry_lead_bin,48-72h,21,13,6,6,671.2881499584394,-8.994236999999995,-0.013398474262590282,0.2857142857142857,-4.9126,-0.9999322808357175,-103.1082,nan,nan,nan,-173.37468,-399.173539,328.719139,-448.79499204156065,3,13,3,2,643.1206890231788,0.4840741507968481,0.4857888264319827
combo_2x_sell50_hold,combo_take_profit,2x卖50%，剩余持有结算,train,haircut_0_8,0.8,entry_lead_bin,0-6h,19,16,10,5,109.53368637221331,-57.064824795213305,-0.5209796792677801,0.5263157894736842,0.030000000000000002,0.20039983165951522,-29.190754998012668,nan,nan,nan,-61.701410832719304,-71.45926543445063,59.09482479521331,52.468861577000006,10,11,10,0,0,0.4303923670113094,0.6326570567970176
combo_2x_sell50_hold,combo_take_profit,2x卖50%，剩余持有结算,train,haircut_0_8,0.8,entry_lead_bin,6-12h,662,453,43,6,8427.230616539093,2035.5978256535072,0.24155003206610828,0.3867069486404834,-1.497494,-1.0,-146.89645500141265,0.1516418499301049,0.49866209257092,0.814234311637015,1726.9160056577102,1020.5223542803146,365.11313195636717,-1009.1716628073997,132,181,132,90,2259.1729974565997,0.15519617303443556,0.38598885953511647
combo_2x_sell50_hold,combo_take_profit,2x卖50%，剩余持有结算,train,haircut_0_8,0.8,entry_lead_bin,12-24h,852,535,46,6,12427.48385300822,5496.29521994618,0.44226935113786014,0.4823943661971831,-0.5171169499999998,-0.1927890670437153,-190.816699992179,0.14157176332002638,0.3463607168286195,0.5369418147330864,4718.175013930967,3592.594467663906,294.6364839846433,-733.2852410455997,269,352,269,116,4237.26304064,0.1556006263511045,0.3905287405844943
combo_2x_sell50_hold,combo_take_profit,2x卖50%，剩余持有结算,train,haircut_0_8,0.8,entry_lead_bin,24-48h,401,275,39,6,7137.275051321499,2049.6516419449013,0.28717565558376495,0.4688279301745636,-0.581794,-0.21119100947131245,-85.18662199687677,0.13152684997739972,0.46375603069035704,0.7273095885097172,1780.0674179288833,1099.113332178561,557.9142713551046,-234.56708673359987,110,159,110,63,1853.5582873242,0.12536451626517683,0.42946130289418294
combo_2x_sell50_hold,combo_take_profit,2x卖50%，剩余持有结算,train,haircut_0_8,0.8,entry_lead_bin,48-72h,54,42,21,6,1202.8701166934209,-400.9713034020209,-0.3333454691718954,0.4444444444444444,-0.84965,-0.6140401026314102,-127.94685020933491,nan,nan,nan,-475.5916022619209,-582.4996222607369,430.0511714006169,343.73329329140006,17,25,17,4,93.50064839999997,0.233095077207528,0.42596849840096473
combo_2x_sell50_hold,combo_take_profit,2x卖50%，剩余持有结算,train,haircut_0_8,0.8,entry_lead_bin,72h+,35,31,17,4,587.28084166994,498.07176235406007,0.8480980938145151,0.4857142857142857,-0.06940000000000002,-0.1116832957837142,-30.329778200069565,0.48266920185349743,1.0938124125453306,1.260718842547646,257.66786235286105,-46.72531364713893,24.627137871999878,-182.84287597600002,7,11,7,7,238.15692,0.3956942827106017,0.5144761361244069
combo_2x_sell50_hold,combo_take_profit,2x卖50%，剩余持有结算,train,haircut_0_9,0.9,entry_lead_bin,0-6h,19,16,10,5,109.53368637221331,-51.77631329808831,-0.47269762401809395,0.5789473684210527,0.06630000000000003,0.11761363637265203,-29.190754998012668,nan,nan,nan,-57.71962758559431,-68.74094588559431,54.84219919707367,57.757373074125,11,12,11,0,0,0.4244577557251717,0.5951390360803377
combo_2x_sell50_hold,combo_take_profit,2x卖50%，剩余持有结算,train,haircut_0_9,0.9,entry_lead_bin,6-12h,662,453,43,6,8427.230616539093,2473.402215993132,0.29350119019395154,0.4229607250755287,-1.079262031479613,-0.970535932720668,-146.89645500141265,0.12597875629810718,0.43048615911968163,0.6946704547005463,2161.806080997335,1408.6367960721393,281.2651581299333,-571.3672724677748,156,207,156,97,2159.7656517249247,0.14058471663813035,0.35555080816977674
combo_2x_sell50_hold,combo_take_profit,2x卖50%，剩余持有结算,train,haircut_0_9,0.9,entry_lead_bin,12-24h,852,535,46,6,12427.48385300822,6112.32242413218,0.49183909602526815,0.5129107981220657,0.015000000000000069,0.006528183397076641,-190.816699992179,0.12720256165570357,0.3161012159254005,0.4857300683595159,5334.819354116967,4180.209873735906,288.61022148464326,-117.25803685960008,295,403,295,120,4153.077580404175,0.1481154397138367,0.3756561793065543
combo_2x_sell50_hold,combo_take_profit,2x卖50%，剩余持有结算,train,haircut_0_9,0.9,entry_lead_bin,24-48h,401,275,39,6,7137.275051321499,2376.1938223634015,0.3329273154358033,0.513715710723192,0.01475437500000032,0.0050000000000001085,-85.18662199687677,0.11435217298299259,0.4359871316626973,0.6554669918834545,2104.4708953473837,1340.2038934765612,527.5839215924289,91.97509368490016,128,182,128,67,1735.495191684875,0.12010213711669687,0.40334964080111074
combo_2x_sell50_hold,combo_take_profit,2x卖50%，剩余持有结算,train,haircut_0_9,0.9,entry_lead_bin,48-72h,54,42,21,6,1202.8701166934209,-396.1225176643459,-0.3293144556232307,0.48148148148148145,-0.28300000000000003,-0.19376523127785494,-127.94685020933491,nan,nan,nan,-470.30106064424587,-576.9208931430619,424.2773072893459,348.58207902907503,19,28,19,4,94.23059178,0.2348239149959304,0.4459808451508531
combo_2x_sell50_hold,combo_take_profit,2x卖50%，剩余持有结算,train,haircut_0_9,0.9,entry_lead_bin,72h+,35,31,17,4,587.28084166994,540.4156496100601,0.9201996919793635,0.5714285714285714,0.011943489930434481,0.002272727272727305,-19.65,0.44484999680276427,1.0117942021030255,1.1669454030665387,300.01174960886107,-6.373771391138916,23.1992986059999,-140.49898872,10,15,10,7,235.981635,0.37882033928571346,0.4902800382103711
combo_2x_sell50_hold,combo_take_profit,2x卖50%，剩余持有结算,train,sampled_1_0,1.0,entry_lead_bin,0-6h,19,16,10,5,109.53368637221331,-44.44103222721331,-0.40572935778127145,0.631578947368421,0.14317750000000018,0.1785714285714286,-29.190754998012668,nan,nan,nan,-51.69107476471931,-64.28421564645062,55.15695994707366,65.092654145,12,14,12,0,0,0.39861130518588256,0.5455781281219176
combo_2x_sell50_hold,combo_take_profit,2x卖50%，剩余持有结算,train,sampled_1_0,1.0,entry_lead_bin,6-12h,662,453,43,6,8427.230616539093,2880.212617353407,0.3417745103238028,0.4471299093655589,-0.9891664858245008,-0.6563700033236437,-146.89645500141265,0.10919695584307136,0.36780609844244566,0.5914362160204265,2565.70216735761,1820.8528518799458,259.77478477382783,-164.55687110750003,172,236,172,104,2131.17702798,0.13761885181135464,0.3366162420206016
combo_2x_sell50_hold,combo_take_profit,2x卖50%，剩余持有结算,train,sampled_1_0,1.0,entry_lead_bin,12-24h,852,535,46,6,12427.48385300822,6962.43826401478,0.5602452070239012,0.5492957746478874,0.07552999959999962,0.025003082136591137,-190.816699992179,0.11184154752794805,0.28114142222089206,0.43149147044034,6183.748393999566,5005.008468344506,289.26528398464325,732.8578030229997,326,459,326,123,4043.62019342375,0.13492594142863207,0.37336759709428996
combo_2x_sell50_hold,combo_take_profit,2x卖50%，剩余持有结算,train,sampled_1_0,1.0,entry_lead_bin,24-48h,401,275,39,6,7137.275051321499,2575.0278432910013,0.3607858496099605,0.5411471321695761,0.07499999999999973,0.019707544226836144,-85.18662199687677,0.10679803725076373,0.4246687182775294,0.63005384114821,2300.019923761455,1481.494069551661,544.5411623377549,290.8091146125001,139,209,139,71,1708.74117635,0.12097900214473267,0.40871456534004097
combo_2x_sell50_hold,combo_take_profit,2x卖50%，剩余持有结算,train,sampled_1_0,1.0,entry_lead_bin,48-72h,54,42,21,6,1202.8701166934209,-268.12287349142093,-0.2229025975210574,0.46296296296296297,-0.28300000000000003,-0.15768187897381022,-63.12247961296016,nan,nan,nan,-342.37504245132095,-449.96749245013694,298.451954741421,476.581723202,18,29,18,4,93.1843483,0.17868785201239396,0.49745617887774224
combo_2x_sell50_hold,combo_take_profit,2x卖50%，剩余持有结算,train,sampled_1_0,1.0,entry_lead_bin,72h+,35,31,17,4,587.28084166994,575.16708413256,0.9793731436855078,0.6,0.18162940000000027,0.03252406052484002,-19.65,0.417972284286339,0.9547343392040136,1.1056962172371219,334.763184131361,26.03531813136101,21.771459339999893,-105.74755419750001,11,18,11,7,230.9394,0.3823237799804195,0.4846844878538361
combo_2x_sell50_hold,combo_take_profit,2x卖50%，剩余持有结算,validation,haircut_0_8,0.8,entry_lead_bin,0-6h,20,15,8,5,198.75227100923254,14.877388687767464,0.0748539305348434,0.35,-1.927892,-0.8334852027843509,-17.728519999577,6.169573970930096,7.117021960100782,7.182941054452626,-76.90976131569253,-91.00531331202853,68.92824327085097,36.57965969699999,6,10,6,1,78.89348000000001,0.5064863502183083,0.5473306785133001
combo_2x_sell50_hold,combo_take_profit,2x卖50%，剩余持有结算,validation,haircut_0_8,0.8,entry_lead_bin,6-12h,286,177,32,6,3614.2570460061756,-105.67447615397556,-0.029238229270590457,0.2937062937062937,-4.052345000299001,-1.0,-88.055799999736,nan,nan,nan,-504.1666321751182,-1053.5696808196333,454.0119057657565,-201.2878241477999,59,84,59,23,1024.8619123347999,0.2816953739221452,0.3094797789140113
combo_2x_sell50_hold,combo_take_profit,2x卖50%，剩余持有结算,validation,haircut_0_8,0.8,entry_lead_bin,12-24h,527,282,36,6,8404.734643040209,3003.855094519792,0.35740034898153794,0.40037950664136623,-2.214640004136,-0.818722613570921,-165.367399998335,0.17853111389273724,0.7238040596452721,1.034505952095853,2467.5734985228,829.6525825202343,588.9988744005119,-1498.0945184399998,144,219,144,63,3563.8532521715997,0.1314847648348936,0.4972683462459339
combo_2x_sell50_hold,combo_take_profit,2x卖50%，剩余持有结算,validation,haircut_0_8,0.8,entry_lead_bin,24-48h,144,82,23,6,3483.3991933362913,1028.1670734167087,0.2951620002047375,0.3819444444444444,-2.720757998093619,-0.6024322113611276,-340.113900006208,0.637209528436737,1.923008576064767,2.7302229109866,373.0092174106678,-949.0070263910352,656.3388736762017,-566.1514692469999,36,67,36,19,1278.2387042888,0.2579893876718239,0.25600901281129096
combo_2x_sell50_hold,combo_take_profit,2x卖50%，剩余持有结算,validation,haircut_0_8,0.8,entry_lead_bin,48-72h,21,13,6,6,671.2881499584394,229.7176684459608,0.34220426572431384,0.47619047619047616,-2.9997410012963828,-0.584770632840681,-103.11460799797787,1.942477402970834,2.6264594896225244,2.6373481601224102,-216.50371157346424,-373.6264817778937,341.8950612024171,-210.08308659559987,7,12,7,3,363.86033645999987,0.44350598488335635,0.6739117984880126
combo_2x_sell50_hold,combo_take_profit,2x卖50%，剩余持有结算,validation,haircut_0_9,0.9,entry_lead_bin,0-6h,20,15,8,5,198.75227100923254,43.09839814989247,0.21684480851990082,0.55,0.021192498990500352,0.007084526102291287,-17.728519999577,2.1576460842012066,2.614360719403864,2.6360677443795786,-49.892691853567534,-69.57636104241456,55.72991029607898,64.800669159125,10,12,10,1,77.68954000000001,0.5843289198303353,0.6359076251483149
combo_2x_sell50_hold,combo_take_profit,2x卖50%，剩余持有结算,validation,haircut_0_9,0.9,entry_lead_bin,6-12h,286,177,32,6,3614.2570460061756,124.05307206344938,0.03432325661522344,0.32867132867132864,-3.3236110019180005,-1.0,-88.055799999736,3.2216899620178565,7.863827289983216,11.92654648849152,-275.60746496084323,-851.4788614353583,355.8609797147385,28.43972406962502,69,98,69,24,964.97619275165,0.3034742343091176,0.35360126669322156
combo_2x_sell50_hold,combo_take_profit,2x卖50%，剩余持有结算,validation,haircut_0_9,0.9,entry_lead_bin,12-24h,527,282,36,6,8404.734643040209,3361.192141222592,0.3999165094410122,0.46110056925996207,-0.8042538580691172,-0.31500920547212713,-165.367399998335,0.1604737815734622,0.6461382398715221,0.9267915900475163,2821.8089277256,1189.397367223034,625.1026945910618,-1140.7574717371997,176,255,176,64,3607.7560447205,0.13833484477939026,0.4958862538772432
combo_2x_sell50_hold,combo_take_profit,2x卖50%，剩余持有结算,validation,haircut_0_9,0.9,entry_lead_bin,24-48h,144,82,23,6,3483.3991933362913,1384.9751011786589,0.3975929901540147,0.4166666666666667,-2.346261498093619,-0.4132448254104265,-340.113900006208,0.47344000801748476,1.5738475748067347,2.1942690397261617,729.2724781726179,-794.7646029790853,656.0543920035768,-209.34344148504974,41,72,41,19,1038.8124215439498,0.23614716544677156,0.28403742617137506
combo_2x_sell50_hold,combo_take_profit,2x卖50%，剩余持有结算,validation,haircut_0_9,0.9,entry_lead_bin,48-72h,21,13,6,6,671.2881499584394,221.09418562298578,0.32935809404154404,0.47619047619047616,-0.3200000000000003,-0.022076578130389806,-103.11460799797787,1.8921652952592714,2.5801033107098053,2.5922003014696458,-197.25255939643927,-349.35165468156805,321.06752199191715,-218.7065694185749,7,13,7,3,392.8358223537499,0.44911315406029084,0.6767356299800169
combo_2x_sell50_hold,combo_take_profit,2x卖50%，剩余持有结算,validation,sampled_1_0,1.0,entry_lead_bin,0-6h,20,15,8,5,198.75227100923254,-1.359341150482525,-0.006839374179625752,0.5,-0.797295,-0.2848907884637269,-42.03272558749896,nan,nan,nan,-95.55437115394253,-109.47236113326953,103.65200609107895,20.34292985875,9,12,9,1,76.4856,0.4852853567794367,0.4967356048299363
combo_2x_sell50_hold,combo_take_profit,2x卖50%，剩余持有结算,validation,sampled_1_0,1.0,entry_lead_bin,6-12h,286,177,32,6,3614.2570460061756,440.27060608382425,0.12181496791168515,0.36713286713286714,-2.9803350019574997,-0.9857944431734054,-88.055799999736,1.01086220916417,2.3763122923569986,3.5967427902853757,-4.782311412118361,-605.9498471166332,316.43616091253847,344.6572580899999,80,115,80,25,869.4108003000001,0.3336189637045553,0.37847638607003414
combo_2x_sell50_hold,combo_take_profit,2x卖50%，剩余持有结算,validation,sampled_1_0,1.0,entry_lead_bin,12-24h,527,282,36,6,8404.734643040209,4124.7584876155415,0.49076605779947746,0.4819734345351044,-0.15583899947904503,-0.15402120104842246,-154.60567997874,0.12801006836699103,0.5248807668376032,0.7588908029208324,3596.7478716185497,1959.7520896159836,501.37491397157373,-377.19112534424994,187,287,187,65,3390.0087337669997,0.13736994839098635,0.4424365512990876
combo_2x_sell50_hold,combo_take_profit,2x卖50%，剩余持有结算,validation,sampled_1_0,1.0,entry_lead_bin,24-48h,144,82,23,6,3483.3991933362913,2139.956908286209,0.6143300809106018,0.4305555555555556,-1.689045008367,-0.27370743979248985,-168.41334300134858,0.306663833960843,1.0809965380750877,1.4896815768482659,1483.7095182801681,-173.3291012010509,246.37962299120045,545.6383656225001,43,86,43,19,904.5176647199999,0.24788504614784473,0.2631257241716165
combo_2x_sell50_hold,combo_take_profit,2x卖50%，剩余持有结算,validation,sampled_1_0,1.0,entry_lead_bin,48-72h,21,13,6,6,671.2881499584394,497.9543367915609,0.7417892552138603,0.42857142857142855,-2.9997410012963828,-0.5422266403038655,-103.11460799797787,1.4246908754534784,1.7272730590660772,1.729837146961037,-211.47666322786426,-362.14877379361815,319.437781466917,58.1535817500002,6,14,6,3,102.12638043749982,0.6961122171669646,0.7645322360173848
combo_3x_sell50_hold,combo_take_profit,3x卖50%，剩余持有结算,train,haircut_0_8,0.8,entry_lead_bin,0-6h,19,16,10,5,109.53368637221331,-57.6893011402133,-0.5266809056729421,0.47368421052631576,-0.999997,-0.9465141964366953,-29.190754998012668,nan,nan,nan,-70.28446022194461,-82.42521585945062,63.38602822194463,51.84438523200001,9,9,9,0,0,0.41005138152595283,0.6192365832177453
combo_3x_sell50_hold,combo_take_profit,3x卖50%，剩余持有结算,train,haircut_0_8,0.8,entry_lead_bin,6-12h,662,453,43,6,8427.230616539093,2237.330413554107,0.26548821497339503,0.31419939577039274,-2.913945002359,-1.0,-146.89645500141265,0.1379688123514314,0.4864088955213563,0.7862039303139085,1928.64859355831,1149.0729981809145,462.78217202864744,-807.4390749067998,84,103,84,68,1718.5735366882,0.13048276781314833,0.3896753116412408
combo_3x_sell50_hold,combo_take_profit,3x卖50%，剩余持有结算,train,haircut_0_8,0.8,entry_lead_bin,12-24h,852,535,46,6,12427.48385300822,5212.23448564338,0.419411889590321,0.38028169014084506,-2.4,-1.0,-190.816699992179,0.10463819605918802,0.3344672786256975,0.5360293044452744,4666.835671628167,3468.9126016712266,420.194564331332,-1017.3459753483996,182,209,182,99,3765.0235259506,0.1494108560269073,0.4795346020354323
combo_3x_sell50_hold,combo_take_profit,3x卖50%，剩余持有结算,train,haircut_0_8,0.8,entry_lead_bin,24-48h,401,275,39,6,7137.275051321499,1917.3179545591013,0.2686344495304411,0.3740648379052369,-3.456230679966482,-1.0,-146.52238799564745,0.14470249097511695,0.5709432487946781,0.8841699975643684,1639.8772705430833,822.638212610761,726.3556557654997,-366.9007741193999,72,90,72,49,1330.1651126198,0.11630728187943416,0.44566327158812163
combo_3x_sell50_hold,combo_take_profit,3x卖50%，剩余持有结算,train,haircut_0_8,0.8,entry_lead_bin,48-72h,54,42,21,6,1202.8701166934209,-429.1579696728209,-0.35677831190331394,0.25925925925925924,-4.68124,-1.0,-127.94685020933491,nan,nan,nan,-518.503464532721,-659.3413761318164,467.137804671417,315.5466270206,7,8,7,4,58.27309239999999,0.22790822757880677,0.7216306357798744
combo_3x_sell50_hold,combo_take_profit,3x卖50%，剩余持有结算,train,haircut_0_8,0.8,entry_lead_bin,72h+,35,31,17,4,587.28084166994,520.87451698606,0.8869257772907205,0.42857142857142855,-1.213396411669104,-1.0,-30.329778200069565,0.4615389929080229,1.078359677204618,1.255898672167493,280.470616984861,-40.815559015139,19.650000000000006,-160.040121344,5,5,5,7,219.36829600000002,0.36384253001863104,0.4902522418702232
combo_3x_sell50_hold,combo_take_profit,3x卖50%，剩余持有结算,train,haircut_0_9,0.9,entry_lead_bin,0-6h,19,16,10,5,109.53368637221331,-45.53892398621331,-0.4157526829825176,0.5263157894736842,0.03437500000000001,0.6155715602758207,-29.190754998012668,nan,nan,nan,-61.012182267944624,-76.20681485545063,54.84219919707367,63.994762386,10,10,10,0,0,0.40678708191011326,0.5463725045882067
combo_3x_sell50_hold,combo_take_profit,3x卖50%，剩余持有结算,train,haircut_0_9,0.9,entry_lead_bin,6-12h,662,453,43,6,8427.230616539093,2555.0615219120573,0.30319112389039776,0.3413897280966767,-2.54281294248,-1.0,-146.89645500141265,0.12195249794322637,0.42082094196164754,0.6913451851233663,2243.4653869162603,1479.8381254910646,346.89823935094773,-489.7079665488498,102,126,102,78,1676.0346689686999,0.13421377015207092,0.35575377464307495
combo_3x_sell50_hold,combo_take_profit,3x卖50%，剩余持有结算,train,haircut_0_9,0.9,entry_lead_bin,12-24h,852,535,46,6,12427.48385300822,6102.35591801088,0.4910371230563886,0.4131455399061033,-1.9133344994027153,-1.0,-190.816699992179,0.09193616195990172,0.2919337118905455,0.4670505897129175,5541.328735995667,4320.8725035887255,327.6095219086319,-127.22454298089991,210,249,210,106,3558.145521950875,0.14313970650415775,0.4310661713118699
combo_3x_sell50_hold,combo_take_profit,3x卖50%，剩余持有结算,train,haircut_0_9,0.9,entry_lead_bin,24-48h,401,275,39,6,7137.275051321499,2171.9517565061265,0.30431106281997355,0.4089775561097257,-2.266344000215031,-1.0,-146.52238799564745,0.12754704918568324,0.48754136046868196,0.7725190077538713,1894.9257189901084,1113.035442266786,672.8665971725304,-112.26697217237495,86,111,86,55,1334.986432283275,0.11432701257112576,0.4428104967302587
combo_3x_sell50_hold,combo_take_profit,3x卖50%，剩余持有结算,train,haircut_0_9,0.9,entry_lead_bin,48-72h,54,42,21,6,1202.8701166934209,-386.354863251821,-0.3211941654298262,0.2962962962962963,-4.457390000208,-1.0,-127.94685020933491,nan,nan,nan,-481.40637156172096,-634.9799007017571,435.08230825041693,358.3497334416,9,11,9,4,51.85244145,0.20838574066633703,0.7956674724361683
combo_3x_sell50_hold,combo_take_profit,3x卖50%，剩余持有结算,train,haircut_0_9,0.9,entry_lead_bin,72h+,35,31,17,4,587.28084166994,537.9264391070601,0.9159611568078059,0.4857142857142857,-0.6214000000000001,-1.0,-30.329778200069565,0.44690850369850094,1.041990837876707,1.216657359279605,297.5225391058611,-22.58798189413892,19.650000000000006,-142.988199223,7,7,7,7,221.75287879,0.35466358179531154,0.47474194540763615
combo_3x_sell50_hold,combo_take_profit,3x卖50%，剩余持有结算,train,sampled_1_0,1.0,entry_lead_bin,0-6h,19,16,10,5,109.53368637221331,-51.55972243221331,-0.47072023356362697,0.5263157894736842,0.03875000000000001,0.5004997895743939,-29.190754998012668,nan,nan,nan,-58.80976496971931,-74.86467385145062,54.34847243221331,57.97396394,10,10,10,0,0,0.4544789237419315,0.580553311858193
combo_3x_sell50_hold,combo_take_profit,3x卖50%，剩余持有结算,train,sampled_1_0,1.0,entry_lead_bin,6-12h,662,453,43,6,8427.230616539093,2884.312973024907,0.34226107060179645,0.3640483383685801,-2.2247678,-1.0,-146.89645500141265,0.10904172083168767,0.38868888915790745,0.6310924019926039,2569.80252302911,1763.2125675561144,303.43988963979587,-160.4565154359999,117,144,117,83,1571.84216146175,0.13078002479901127,0.3521175903493393
combo_3x_sell50_hold,combo_take_profit,3x卖50%，剩余持有结算,train,sampled_1_0,1.0,entry_lead_bin,12-24h,852,535,46,6,12427.48385300822,6736.10928361678,0.5420332356325069,0.4460093896713615,-1.106055375,-0.9870513897759041,-190.816699992179,0.08560662034057628,0.26146783983670796,0.42280877465305716,6159.453733601567,4974.8333403255065,336.1747537315332,506.5288226249998,238,285,238,110,3456.986095602,0.13336234197376898,0.41805284559420464
combo_3x_sell50_hold,combo_take_profit,3x卖50%，剩余持有结算,train,sampled_1_0,1.0,entry_lead_bin,24-48h,401,275,39,6,7137.275051321499,2891.578230873501,0.4051375644179654,0.45885286783042395,-1.3575,-0.7499311659335486,-85.18662199687677,0.09674784933330637,0.3772092382625413,0.5976287057708659,2611.824255857483,1800.848209029161,517.9869661877551,607.359502195,106,131,106,61,1238.24582541875,0.11756701366672227,0.38135647828526925
combo_3x_sell50_hold,combo_take_profit,3x卖50%，剩余持有结算,train,sampled_1_0,1.0,entry_lead_bin,48-72h,54,42,21,6,1202.8701166934209,-300.89481860942095,-0.25014738867780095,0.37037037037037035,-3.189579,-1.0,-127.94685020933491,nan,nan,nan,-389.87218356932095,-573.3639053228569,355.314313608017,443.809778084,13,16,13,4,61.6055023,0.16321787207068858,0.7725985567965513
combo_3x_sell50_hold,combo_take_profit,3x卖50%，剩余持有结算,train,sampled_1_0,1.0,entry_lead_bin,72h+,35,31,17,4,587.28084166994,556.08522964506,0.9468812707457392,0.5142857142857142,0.5,0.34479924618436836,-30.329778200069565,0.43231484525248914,1.0126716840881327,1.1831414644381424,315.68132964386103,-7.046536356138972,19.650000000000006,-124.82940868499999,8,8,8,7,216.8790331,0.3610746644389778,0.4598255805417932
combo_3x_sell50_hold,combo_take_profit,3x卖50%，剩余持有结算,validation,haircut_0_8,0.8,entry_lead_bin,0-6h,20,15,8,5,198.75227100923254,-68.04329705223253,-0.34235229970817166,0.2,-3.610644027102285,-1.0,-62.99319799999896,nan,nan,nan,-159.83044705569253,-172.57897905930054,151.84892901085095,-46.34102604300001,3,5,3,1,78.89348000000001,0.3276109696876402,0.3921559797094259
combo_3x_sell50_hold,combo_take_profit,3x卖50%，剩余持有结算,validation,haircut_0_8,0.8,entry_lead_bin,6-12h,286,177,32,6,3614.2570460061756,39.380744320424384,0.010895944538294771,0.23076923076923078,-5.386836496071019,-1.0,-88.055799999736,10.163211307927597,25.78122049638082,39.58466300054276,-360.8540816715182,-975.9029083160333,560.6869329332994,-56.23260367339998,41,49,41,14,793.914960364,0.27973797587707233,0.3568895280263977
combo_3x_sell50_hold,combo_take_profit,3x卖50%，剩余持有结算,validation,haircut_0_8,0.8,entry_lead_bin,12-24h,527,282,36,6,8404.734643040209,3212.0478727599925,0.3821712414704044,0.3225806451612903,-3.96202001691,-1.0,-165.367399998335,0.16695940323460537,0.6970241156697882,1.021377448263843,2675.7662767630004,973.1730447604345,623.16637736169,-1289.9017401997996,103,128,103,56,2971.6441535962,0.13270076468434935,0.48786361758992836
combo_3x_sell50_hold,combo_take_profit,3x卖50%，剩余持有结算,validation,haircut_0_8,0.8,entry_lead_bin,24-48h,144,82,23,6,3483.3991933362913,1154.3013694135088,0.3313721182521016,0.3611111111111111,-3.5675950011895003,-1.0,-340.113900006208,0.3770004329347269,1.65523912576786,2.4196841749046563,719.1292534074678,-756.3434201671512,624.3645585018019,-440.01717325019973,33,43,33,19,1270.0698676685997,0.14837607757057045,0.26024479554402863
combo_3x_sell50_hold,combo_take_profit,3x卖50%，剩余持有结算,validation,haircut_0_8,0.8,entry_lead_bin,48-72h,21,13,6,6,671.2881499584394,338.15730117176076,0.5037438858300964,0.3333333333333333,-7.292709997262802,-1.0,-103.11460799797787,1.816486640657875,2.3692122192053953,2.377501053988165,-276.1009188476643,-463.00910877789374,432.358161772417,-101.64345386979991,4,7,4,3,176.08489748999992,0.5073148693909625,0.7000320051452243
combo_3x_sell50_hold,combo_take_profit,3x卖50%，剩余持有结算,validation,haircut_0_9,0.9,entry_lead_bin,0-6h,20,15,8,5,198.75227100923254,28.794438691142457,0.14487602352883244,0.35,-2.4174105,-1.0,-17.728519999577,3.2294809077860327,4.437929104175529,4.5549444773439065,-64.19665131231754,-98.99323881467657,58.28381726210098,50.49670970037498,6,8,6,1,77.68954000000001,0.4574480382702059,0.5894167501799583
combo_3x_sell50_hold,combo_take_profit,3x卖50%，剩余持有结算,validation,haircut_0_9,0.9,entry_lead_bin,6-12h,286,177,32,6,3614.2570460061756,237.81193128989935,0.06579828945832343,0.25874125874125875,-5.1719700026085,-1.0,-88.055799999736,1.6805739512585487,4.412660996683047,6.720294110469499,-161.8486057343933,-811.5715024589083,468.73592750738146,142.198583296075,49,57,49,19,768.11009075165,0.2990621140603429,0.39202095828116085
combo_3x_sell50_hold,combo_take_profit,3x卖50%，剩余持有结算,validation,haircut_0_9,0.9,entry_lead_bin,12-24h,527,282,36,6,8404.734643040209,3691.291107527592,0.43919186795317516,0.36242884250474383,-3.2,-1.0,-165.367399998335,0.14612318502787175,0.6124830136368914,0.895382482023927,3151.9078940306,1430.438005778034,603.8205960319619,-810.6585054321998,124,154,124,56,2890.520373246925,0.14588924117004373,0.47412253965147355
combo_3x_sell50_hold,combo_take_profit,3x卖50%，剩余持有结算,validation,haircut_0_9,0.9,entry_lead_bin,24-48h,144,82,23,6,3483.3991933362913,1418.4610166433088,0.4072059898724243,0.4305555555555556,-1.9670899156198838,-0.8014579622201896,-340.113900006208,0.3002558374296794,1.3592823982079016,2.0000096700321235,992.5598162297177,-509.62807582402615,621.9920848506018,-175.85752602039986,43,56,43,19,1188.5849121766748,0.1520472352357104,0.33072314788690227
combo_3x_sell50_hold,combo_take_profit,3x卖50%，剩余持有结算,validation,haircut_0_9,0.9,entry_lead_bin,48-72h,21,13,6,6,671.2881499584394,235.60529963588587,0.3509749124135032,0.3333333333333333,-6.524572497262802,-0.9955435021548179,-103.11460799797787,2.0189232298872035,2.825957182065728,2.841834191223761,-240.06371288353924,-430.2051890028937,399.6401969974172,-204.1954554056748,4,9,4,3,310.86945086749984,0.41208663024876746,0.6732136699920843
combo_3x_sell50_hold,combo_take_profit,3x卖50%，剩余持有结算,validation,sampled_1_0,1.0,entry_lead_bin,0-6h,20,15,8,5,198.75227100923254,31.836171112017468,0.16018016272397007,0.35,-2.4174105,-1.0,-17.728519999577,2.9587424213806734,4.089415816493228,4.206919582114273,-62.35885889144254,-98.35517057005157,58.51470883585095,53.53844212124999,6,8,6,1,76.4856,0.47239476686060744,0.5905104969379027
combo_3x_sell50_hold,combo_take_profit,3x卖50%，剩余持有结算,validation,sampled_1_0,1.0,entry_lead_bin,6-12h,286,177,32,6,3614.2570460061756,445.41003546032437,0.12323695569813196,0.27972027972027974,-4.9992125000000005,-1.0,-88.055799999736,0.8999099394183881,2.370312017646494,3.5947074209518117,44.58111743288174,-610.3507243716334,415.65891842478845,349.7966874665,55,68,55,20,749.3977961685,0.30525804985465627,0.42794400564221385
combo_3x_sell50_hold,combo_take_profit,3x卖50%，剩余持有结算,validation,sampled_1_0,1.0,entry_lead_bin,12-24h,527,282,36,6,8404.734643040209,4108.485419842043,0.48882987914962867,0.38519924098671726,-2.8663019999999997,-1.0,-165.367399998335,0.1320401012930572,0.5547018006911114,0.8108006582901611,3566.0005888450505,1829.5011593424847,554.9502738425899,-393.46419311774974,136,176,136,59,2790.34158601825,0.15390198863163085,0.4463105107670581
combo_3x_sell50_hold,combo_take_profit,3x卖50%，剩余持有结算,validation,sampled_1_0,1.0,entry_lead_bin,24-48h,144,82,23,6,3483.3991933362913,1486.389813610459,0.4267067112072335,0.4513888888888889,-1.1994237493254998,-0.4857152156722232,-340.113900006208,0.27870472551193626,1.2525334161740005,1.8803180005760594,1072.125948604418,-375.3630973972852,619.9943156090019,-107.92872905324967,46,61,46,19,1229.0606449384998,0.18259958139054705,0.3680214605091569
combo_3x_sell50_hold,combo_take_profit,3x卖50%，剩余持有结算,validation,sampled_1_0,1.0,entry_lead_bin,48-72h,21,13,6,6,671.2881499584394,286.46047839081086,0.426732511826026,0.38095238095238093,-5.7835480017780005,-0.9326812619166839,-103.11460799797787,1.6856652538318002,2.3768322036550282,2.410096740018051,-196.41599662861427,-394.4080117228938,370.4603247174171,-153.34027665074984,5,10,5,3,306.68014577499986,0.4521748446178013,0.6997786579078238
hold_to_settlement,baseline,完全不卖，持有到结算,train,haircut_0_8,0.8,entry_lead_bin,0-6h,19,16,10,5,109.53368637221331,-109.53368637221331,-1.0,0.0,-1.50426,-1.0,-29.190754998012668,nan,nan,nan,-109.53368637221331,-109.53368637221331,109.53368637221331,0.0,0,0,0,0,0,0.3388837829476095,0.5233093296230072
hold_to_settlement,baseline,完全不卖，持有到结算,train,haircut_0_8,0.8,entry_lead_bin,6-12h,662,453,43,6,8427.230616539093,3044.769488460907,0.3613013132078421,0.18731117824773413,-4.0,-1.0,-146.89645500141265,0.14410033391972174,0.4622454226254846,0.7854400328313678,2606.01718846511,1637.3387294701142,396.94430100824775,0.0,0,0,0,0,0,0.15604596189397124,0.35114236887732003
hold_to_settlement,baseline,完全不卖，持有到结算,train,haircut_0_8,0.8,entry_lead_bin,12-24h,852,535,46,6,12427.48385300822,6229.58046099178,0.5012744763682663,0.16666666666666666,-4.526065000000001,-1.0,-190.816699992179,0.1421447038945921,0.4372426603045616,0.6919476892614425,5344.078590976566,3505.7421276464165,398.9222979076012,0.0,0,0,0,0,0,0.18264629706661265,0.4068711433536685
hold_to_settlement,baseline,完全不卖，持有到结算,train,haircut_0_8,0.8,entry_lead_bin,24-48h,401,275,39,6,7137.275051321499,2284.218728678501,0.3200407315471985,0.19451371571072318,-5.8253,-1.0,-146.52238799564745,0.20607028307150765,0.6772409166828404,0.9991745672389116,1813.509128662483,737.2523429641608,886.7314800309005,0.0,0,0,0,0,0,0.12774225739522704,0.35158817026743777
hold_to_settlement,baseline,完全不卖，持有到结算,train,haircut_0_8,0.8,entry_lead_bin,48-72h,54,42,21,6,1202.8701166934209,-744.704596693421,-0.619106407548427,0.12962962962962962,-6.669849999049999,-1.0,-167.34550738032044,nan,nan,nan,-862.027963953321,-1019.733563952137,789.177191692017,0.0,0,0,0,0,0,0.46294890030645863,0.4969591213968036
hold_to_settlement,baseline,完全不卖，持有到结算,train,haircut_0_8,0.8,entry_lead_bin,72h+,35,31,17,4,587.28084166994,680.91463833006,1.1594361505031754,0.2857142857142857,-3.0,-1.0,-30.329778200069565,0.4185546674381405,1.1251515844682272,1.27138234585147,395.91463833006003,-85.21754587461692,36.0498519999999,0.0,0,0,0,0,0,0.31611484688965136,0.49961154460676954
hold_to_settlement,baseline,完全不卖，持有到结算,train,haircut_0_9,0.9,entry_lead_bin,0-6h,19,16,10,5,109.53368637221331,-109.53368637221331,-1.0,0.0,-1.50426,-1.0,-29.190754998012668,nan,nan,nan,-109.53368637221331,-109.53368637221331,109.53368637221331,0.0,0,0,0,0,0,0.3388837829476095,0.5233093296230072
hold_to_settlement,baseline,完全不卖，持有到结算,train,haircut_0_9,0.9,entry_lead_bin,6-12h,662,453,43,6,8427.230616539093,3044.769488460907,0.3613013132078421,0.18731117824773413,-4.0,-1.0,-146.89645500141265,0.14410033391972174,0.4622454226254846,0.7854400328313678,2606.01718846511,1637.3387294701142,396.94430100824775,0.0,0,0,0,0,0,0.15604596189397124,0.35114236887732003
hold_to_settlement,baseline,完全不卖，持有到结算,train,haircut_0_9,0.9,entry_lead_bin,12-24h,852,535,46,6,12427.48385300822,6229.58046099178,0.5012744763682663,0.16666666666666666,-4.526065000000001,-1.0,-190.816699992179,0.1421447038945921,0.4372426603045616,0.6919476892614425,5344.078590976566,3505.7421276464165,398.9222979076012,0.0,0,0,0,0,0,0.18264629706661265,0.4068711433536685
hold_to_settlement,baseline,完全不卖，持有到结算,train,haircut_0_9,0.9,entry_lead_bin,24-48h,401,275,39,6,7137.275051321499,2284.218728678501,0.3200407315471985,0.19451371571072318,-5.8253,-1.0,-146.52238799564745,0.20607028307150765,0.6772409166828404,0.9991745672389116,1813.509128662483,737.2523429641608,886.7314800309005,0.0,0,0,0,0,0,0.12774225739522704,0.35158817026743777
hold_to_settlement,baseline,完全不卖，持有到结算,train,haircut_0_9,0.9,entry_lead_bin,48-72h,54,42,21,6,1202.8701166934209,-744.704596693421,-0.619106407548427,0.12962962962962962,-6.669849999049999,-1.0,-167.34550738032044,nan,nan,nan,-862.027963953321,-1019.733563952137,789.177191692017,0.0,0,0,0,0,0,0.46294890030645863,0.4969591213968036
hold_to_settlement,baseline,完全不卖，持有到结算,train,haircut_0_9,0.9,entry_lead_bin,72h+,35,31,17,4,587.28084166994,680.91463833006,1.1594361505031754,0.2857142857142857,-3.0,-1.0,-30.329778200069565,0.4185546674381405,1.1251515844682272,1.27138234585147,395.91463833006003,-85.21754587461692,36.0498519999999,0.0,0,0,0,0,0,0.31611484688965136,0.49961154460676954
hold_to_settlement,baseline,完全不卖，持有到结算,train,sampled_1_0,1.0,entry_lead_bin,0-6h,19,16,10,5,109.53368637221331,-109.53368637221331,-1.0,0.0,-1.50426,-1.0,-29.190754998012668,nan,nan,nan,-109.53368637221331,-109.53368637221331,109.53368637221331,0.0,0,0,0,0,0,0.3388837829476095,0.5233093296230072
hold_to_settlement,baseline,完全不卖，持有到结算,train,sampled_1_0,1.0,entry_lead_bin,6-12h,662,453,43,6,8427.230616539093,3044.769488460907,0.3613013132078421,0.18731117824773413,-4.0,-1.0,-146.89645500141265,0.14410033391972174,0.4622454226254846,0.7854400328313678,2606.01718846511,1637.3387294701142,396.94430100824775,0.0,0,0,0,0,0,0.15604596189397124,0.35114236887732003
hold_to_settlement,baseline,完全不卖，持有到结算,train,sampled_1_0,1.0,entry_lead_bin,12-24h,852,535,46,6,12427.48385300822,6229.58046099178,0.5012744763682663,0.16666666666666666,-4.526065000000001,-1.0,-190.816699992179,0.1421447038945921,0.4372426603045616,0.6919476892614425,5344.078590976566,3505.7421276464165,398.9222979076012,0.0,0,0,0,0,0,0.18264629706661265,0.4068711433536685
hold_to_settlement,baseline,完全不卖，持有到结算,train,sampled_1_0,1.0,entry_lead_bin,24-48h,401,275,39,6,7137.275051321499,2284.218728678501,0.3200407315471985,0.19451371571072318,-5.8253,-1.0,-146.52238799564745,0.20607028307150765,0.6772409166828404,0.9991745672389116,1813.509128662483,737.2523429641608,886.7314800309005,0.0,0,0,0,0,0,0.12774225739522704,0.35158817026743777
hold_to_settlement,baseline,完全不卖，持有到结算,train,sampled_1_0,1.0,entry_lead_bin,48-72h,54,42,21,6,1202.8701166934209,-744.704596693421,-0.619106407548427,0.12962962962962962,-6.669849999049999,-1.0,-167.34550738032044,nan,nan,nan,-862.027963953321,-1019.733563952137,789.177191692017,0.0,0,0,0,0,0,0.46294890030645863,0.4969591213968036
hold_to_settlement,baseline,完全不卖，持有到结算,train,sampled_1_0,1.0,entry_lead_bin,72h+,35,31,17,4,587.28084166994,680.91463833006,1.1594361505031754,0.2857142857142857,-3.0,-1.0,-30.329778200069565,0.4185546674381405,1.1251515844682272,1.27138234585147,395.91463833006003,-85.21754587461692,36.0498519999999,0.0,0,0,0,0,0,0.31611484688965136,0.49961154460676954
hold_to_settlement,baseline,完全不卖，持有到结算,validation,haircut_0_8,0.8,entry_lead_bin,0-6h,20,15,8,5,198.75227100923254,-21.702271009232526,-0.10919256871396654,0.05,-5.2943105000070005,-1.0,-62.99319799999896,nan,nan,nan,-192.38290101269254,-192.38290101269254,167.85191101085096,0.0,0,0,0,0,0,0.4625088331121301,0.46392750066452426
hold_to_settlement,baseline,完全不卖，持有到结算,validation,haircut_0_8,0.8,entry_lead_bin,6-12h,286,177,32,6,3614.2570460061756,95.61334799382436,0.026454495841539267,0.08741258741258741,-6.117888502218,-1.0,-88.055799999736,8.212310116435404,16.6719062186327,24.069008347506553,-689.5931170021182,-1498.4434230087084,696.8116969252993,0.0,0,0,0,0,0,0.31204565160022346,0.2909538048890781
hold_to_settlement,baseline,完全不卖，持有到结算,validation,haircut_0_8,0.8,entry_lead_bin,12-24h,527,282,36,6,8404.734643040209,4501.949612959792,0.5356444675725445,0.127134724857685,-6.315099999999999,-1.0,-165.367399998335,0.16421671576949362,0.6544528240649308,0.985050305367863,3762.654232959792,1555.6359749602339,528.8842379538237,0.0,0,0,0,0,0,0.15308332157955382,0.4039087813653025
hold_to_settlement,baseline,完全不卖，持有到结算,validation,haircut_0_8,0.8,entry_lead_bin,24-48h,144,82,23,6,3483.3991933362913,1594.3185426637085,0.4576904495223012,0.13194444444444445,-7.3941000049305,-1.0,-340.113900006208,0.4915389861154876,1.7168061888148076,2.4058408318983044,810.6488226576676,-1142.8173983235513,687.0330080250019,0.0,0,0,0,0,0,0.21812726919355993,0.34272135496283623
hold_to_settlement,baseline,完全不卖，持有到结算,validation,haircut_0_8,0.8,entry_lead_bin,48-72h,21,13,6,6,671.2881499584394,439.8007550415607,0.6551594200922354,0.14285714285714285,-15.171399995290002,-1.0,-103.11460799797787,1.617677986824268,2.173824123910004,2.173824123910004,-271.6552449778643,-516.2487359816181,436.53297997241714,0.0,0,0,0,0,0,0.5282188078153872,0.7076550797721355
hold_to_settlement,baseline,完全不卖，持有到结算,validation,haircut_0_9,0.9,entry_lead_bin,0-6h,20,15,8,5,198.75227100923254,-21.702271009232526,-0.10919256871396654,0.05,-5.2943105000070005,-1.0,-62.99319799999896,nan,nan,nan,-192.38290101269254,-192.38290101269254,167.85191101085096,0.0,0,0,0,0,0,0.4625088331121301,0.46392750066452426
hold_to_settlement,baseline,完全不卖，持有到结算,validation,haircut_0_9,0.9,entry_lead_bin,6-12h,286,177,32,6,3614.2570460061756,95.61334799382436,0.026454495841539267,0.08741258741258741,-6.117888502218,-1.0,-88.055799999736,8.212310116435404,16.6719062186327,24.069008347506553,-689.5931170021182,-1498.4434230087084,696.8116969252993,0.0,0,0,0,0,0,0.31204565160022346,0.2909538048890781
hold_to_settlement,baseline,完全不卖，持有到结算,validation,haircut_0_9,0.9,entry_lead_bin,12-24h,527,282,36,6,8404.734643040209,4501.949612959792,0.5356444675725445,0.127134724857685,-6.315099999999999,-1.0,-165.367399998335,0.16421671576949362,0.6544528240649308,0.985050305367863,3762.654232959792,1555.6359749602339,528.8842379538237,0.0,0,0,0,0,0,0.15308332157955382,0.4039087813653025
hold_to_settlement,baseline,完全不卖，持有到结算,validation,haircut_0_9,0.9,entry_lead_bin,24-48h,144,82,23,6,3483.3991933362913,1594.3185426637085,0.4576904495223012,0.13194444444444445,-7.3941000049305,-1.0,-340.113900006208,0.4915389861154876,1.7168061888148076,2.4058408318983044,810.6488226576676,-1142.8173983235513,687.0330080250019,0.0,0,0,0,0,0,0.21812726919355993,0.34272135496283623
hold_to_settlement,baseline,完全不卖，持有到结算,validation,haircut_0_9,0.9,entry_lead_bin,48-72h,21,13,6,6,671.2881499584394,439.8007550415607,0.6551594200922354,0.14285714285714285,-15.171399995290002,-1.0,-103.11460799797787,1.617677986824268,2.173824123910004,2.173824123910004,-271.6552449778643,-516.2487359816181,436.53297997241714,0.0,0,0,0,0,0,0.5282188078153872,0.7076550797721355
hold_to_settlement,baseline,完全不卖，持有到结算,validation,sampled_1_0,1.0,entry_lead_bin,0-6h,20,15,8,5,198.75227100923254,-21.702271009232526,-0.10919256871396654,0.05,-5.2943105000070005,-1.0,-62.99319799999896,nan,nan,nan,-192.38290101269254,-192.38290101269254,167.85191101085096,0.0,0,0,0,0,0,0.4625088331121301,0.46392750066452426
hold_to_settlement,baseline,完全不卖，持有到结算,validation,sampled_1_0,1.0,entry_lead_bin,6-12h,286,177,32,6,3614.2570460061756,95.61334799382436,0.026454495841539267,0.08741258741258741,-6.117888502218,-1.0,-88.055799999736,8.212310116435404,16.6719062186327,24.069008347506553,-689.5931170021182,-1498.4434230087084,696.8116969252993,0.0,0,0,0,0,0,0.31204565160022346,0.2909538048890781
hold_to_settlement,baseline,完全不卖，持有到结算,validation,sampled_1_0,1.0,entry_lead_bin,12-24h,527,282,36,6,8404.734643040209,4501.949612959792,0.5356444675725445,0.127134724857685,-6.315099999999999,-1.0,-165.367399998335,0.16421671576949362,0.6544528240649308,0.985050305367863,3762.654232959792,1555.6359749602339,528.8842379538237,0.0,0,0,0,0,0,0.15308332157955382,0.4039087813653025
hold_to_settlement,baseline,完全不卖，持有到结算,validation,sampled_1_0,1.0,entry_lead_bin,24-48h,144,82,23,6,3483.3991933362913,1594.3185426637085,0.4576904495223012,0.13194444444444445,-7.3941000049305,-1.0,-340.113900006208,0.4915389861154876,1.7168061888148076,2.4058408318983044,810.6488226576676,-1142.8173983235513,687.0330080250019,0.0,0,0,0,0,0,0.21812726919355993,0.34272135496283623
hold_to_settlement,baseline,完全不卖，持有到结算,validation,sampled_1_0,1.0,entry_lead_bin,48-72h,21,13,6,6,671.2881499584394,439.8007550415607,0.6551594200922354,0.14285714285714285,-15.171399995290002,-1.0,-103.11460799797787,1.617677986824268,2.173824123910004,2.173824123910004,-271.6552449778643,-516.2487359816181,436.53297997241714,0.0,0,0,0,0,0,0.5282188078153872,0.7076550797721355
ladder_1_5x25_2x25_3x25_hold,ladder_take_profit,1.5x卖25%，2x再卖25%，3x再卖25%，剩余持有结算,train,haircut_0_8,0.8,entry_lead_bin,0-6h,19,16,10,5,109.53368637221331,-42.916089886338305,-0.39180722668734475,0.47368421052631576,-0.1145419999999997,-0.03333333333333324,-29.190754998012668,nan,nan,nan,-49.18608623634431,-62.99310486307562,49.35040558657967,66.61759648587501,9,12,9,0,0,0.4710529020841144,0.6303395390649779
ladder_1_5x25_2x25_3x25_hold,ladder_take_profit,1.5x卖25%，2x再卖25%，3x再卖25%，剩余持有结算,train,haircut_0_8,0.8,entry_lead_bin,6-12h,662,453,43,6,8427.230616539093,1925.7592474935072,0.2285162629481215,0.3429003021148036,-1.5793300000000001,-0.6226048707614741,-146.89645500141265,0.1497374647797293,0.49603587204696165,0.8026017201282577,1637.4009399977103,970.5135798105647,327.7364014977479,-1119.0102409673998,103,196,103,105,2661.560787482331,0.14141445969415514,0.36025313504873013
ladder_1_5x25_2x25_3x25_hold,ladder_take_profit,1.5x卖25%，2x再卖25%，3x再卖25%，剩余持有结算,train,haircut_0_8,0.8,entry_lead_bin,12-24h,852,535,46,6,12427.48385300822,5005.789014714824,0.402799880806372,0.392018779342723,-1.1849547500000002,-0.24617932475505672,-190.816699992179,0.12776652834051758,0.33570975521608365,0.5202747551537489,4366.216730699611,3325.2968099215495,295.78703460964334,-1223.7914462769559,192,381,192,125,5145.631662975375,0.1364480540120163,0.41854774696733543
ladder_1_5x25_2x25_3x25_hold,ladder_take_profit,1.5x卖25%，2x再卖25%，3x再卖25%，剩余持有结算,train,haircut_0_8,0.8,entry_lead_bin,24-48h,401,275,39,6,7137.275051321499,1894.9403879644826,0.26549913998531216,0.38902743142144636,-1.3176799974079998,-0.3269291951309654,-85.18662199687677,0.1260871655428014,0.4931273816400484,0.751395710146841,1656.0127255734646,960.4933960835799,585.4558886056607,-389.27834071401855,78,166,78,73,2130.7637177786064,0.1136087390311789,0.43346806659486653
ladder_1_5x25_2x25_3x25_hold,ladder_take_profit,1.5x卖25%，2x再卖25%，3x再卖25%，剩余持有结算,train,haircut_0_8,0.8,entry_lead_bin,48-72h,54,42,21,6,1202.8701166934209,-365.22924334670216,-0.3036314879537316,0.25925925925925924,-3.6155290002080003,-0.5584226315889493,-72.83070133733492,nan,nan,nan,-434.07910602410215,-539.3876641479181,391.1545839717021,379.47535334671875,7,25,7,4,100.8705464575,0.22367834042866222,0.5595349013280018
ladder_1_5x25_2x25_3x25_hold,ladder_take_profit,1.5x卖25%，2x再卖25%，3x再卖25%，剩余持有结算,train,haircut_0_8,0.8,entry_lead_bin,72h+,35,31,17,4,587.28084166994,487.04343704393506,0.829319471173317,0.42857142857142855,-0.2931809999999997,-0.23636363636363633,-19.65,0.4935984795530932,1.0411272874937785,1.2045426654707296,246.63953704273604,-20.03077545726393,19.650000000000006,-193.871201286125,5,11,5,9,281.28164584,0.4122285132369899,0.5278856163546872
ladder_1_5x25_2x25_3x25_hold,ladder_take_profit,1.5x卖25%，2x再卖25%，3x再卖25%，剩余持有结算,train,haircut_0_9,0.9,entry_lead_bin,0-6h,19,16,10,5,109.53368637221331,-33.470536994353935,-0.3055729986172071,0.5263157894736842,0.040527343750000014,0.5444799558205401,-29.190754998012668,nan,nan,nan,-41.25143788342243,-57.522948078278745,47.152687505329666,76.06314937785938,10,13,10,0,0,0.44919069886880175,0.5773857268791324
ladder_1_5x25_2x25_3x25_hold,ladder_take_profit,1.5x卖25%，2x再卖25%，3x再卖25%，剩余持有结算,train,haircut_0_9,0.9,entry_lead_bin,6-12h,662,453,43,6,8427.230616539093,2407.0698992880775,0.28563000216987255,0.37009063444108764,-1.1675843747499999,-0.5943297616677172,-146.89645500141265,0.12119630771870371,0.41214528152417745,0.6577356319230492,2115.3419150735303,1415.0073979976194,254.7117638193822,-637.6995891728295,121,226,121,110,2571.2630924975997,0.13883898485884447,0.32067086682329543
ladder_1_5x25_2x25_3x25_hold,ladder_take_profit,1.5x卖25%，2x再卖25%，3x再卖25%，剩余持有结算,train,haircut_0_9,0.9,entry_lead_bin,12-24h,852,535,46,6,12427.48385300822,5802.32756102484,0.46689479782508975,0.4225352112676056,-0.8569805004,-0.2041738001712845,-190.816699992179,0.11126012625546931,0.2914621187652446,0.4582661373087934,5156.759864009628,4111.168876318567,292.8159729690183,-427.25289996693954,218,424,218,129,5008.938890730856,0.13320442693831475,0.382408880607179
ladder_1_5x25_2x25_3x25_hold,ladder_take_profit,1.5x卖25%，2x再卖25%，3x再卖25%，剩余持有结算,train,haircut_0_9,0.9,entry_lead_bin,24-48h,401,275,39,6,7137.275051321499,2200.3690079075614,0.3082925895507072,0.4239401496259352,-0.8935818749999997,-0.21627720336573442,-85.18662199687677,0.11784651812605582,0.44116349207877903,0.6641239693016666,1941.0631817331714,1229.646532517143,560.9049836150225,-83.84972077093981,92,192,92,75,2084.8111212702647,0.11330902426840077,0.4089338789932433
ladder_1_5x25_2x25_3x25_hold,ladder_take_profit,1.5x卖25%，2x再卖25%，3x再卖25%，剩余持有结算,train,haircut_0_9,0.9,entry_lead_bin,48-72h,54,42,21,6,1202.8701166934209,-340.1227220945865,-0.2827593082364973,0.2962962962962963,-2.3343912421875004,-0.47345548546687605,-65.94118272833492,nan,nan,nan,-409.454604859799,-516.123105014865,370.0931599525575,404.5818745988345,9,29,9,4,99.02858433843747,0.22517898581354998,0.6236574455425407
ladder_1_5x25_2x25_3x25_hold,ladder_take_profit,1.5x卖25%，2x再卖25%，3x再卖25%，剩余持有结算,train,haircut_0_9,0.9,entry_lead_bin,72h+,35,31,17,4,587.28084166994,496.69946038176323,0.8457613889964339,0.45714285714285713,-0.1293224390441039,-0.12556324428709367,-19.65,0.4369425373129869,0.9850509024055929,1.1481461697913884,279.6703378805642,7.425208708336299,19.650000000000006,-184.21517794829685,6,16,6,10,298.89066746875,0.3734972286352408,0.4834996936400418
ladder_1_5x25_2x25_3x25_hold,ladder_take_profit,1.5x卖25%，2x再卖25%，3x再卖25%，剩余持有结算,train,sampled_1_0,1.0,entry_lead_bin,0-6h,19,16,10,5,109.53368637221331,-31.04597832674456,-0.283437719983652,0.5789473684210527,0.04558593750000001,0.2757482047135741,-29.190754998012668,nan,nan,nan,-40.33778375487556,-55.29065903035687,47.61756636157966,78.48770804546875,11,14,11,0,0,0.4668819062704746,0.5718037836691525
ladder_1_5x25_2x25_3x25_hold,ladder_take_profit,1.5x卖25%，2x再卖25%，3x再卖25%，剩余持有结算,train,sampled_1_0,1.0,entry_lead_bin,6-12h,662,453,43,6,8427.230616539093,2846.1925634300474,0.33773759054892527,0.3987915407854985,-1.0,-0.5284853739764674,-146.89645500141265,0.10368155153130762,0.35909549765747945,0.5610719909762333,2551.0949024967504,1824.1376284361174,224.0206027006243,-198.5769250308594,140,251,140,114,2498.2387024189297,0.13988795632702208,0.325570238879902
ladder_1_5x25_2x25_3x25_hold,ladder_take_profit,1.5x卖25%，2x再卖25%，3x再卖25%，剩余持有结算,train,sampled_1_0,1.0,entry_lead_bin,12-24h,852,535,46,6,12427.48385300822,6649.866409503709,0.5350935465423301,0.4565727699530516,-0.4415532836929996,-0.11826120266125262,-190.816699992179,0.09825801148146338,0.2569697268133249,0.4072572239772543,5996.463759488496,4941.052054908436,288.5015511721431,420.2859485119297,247,472,247,136,4902.918952409742,0.13142290502707535,0.3712618674342826
ladder_1_5x25_2x25_3x25_hold,ladder_take_profit,1.5x卖25%，2x再卖25%，3x再卖25%，剩余持有结算,train,sampled_1_0,1.0,entry_lead_bin,24-48h,401,275,39,6,7137.275051321499,2580.950716568095,0.36161570039117663,0.4488778054862843,-0.46838749882499986,-0.139220460617209,-85.18662199687677,0.10315728280139717,0.38965897835455154,0.584809488109087,2314.7068536026113,1575.2600971667232,485.76392248905904,296.7319878895936,102,218,102,76,2039.6545487634141,0.12030645273489889,0.3933699599842216
ladder_1_5x25_2x25_3x25_hold,ladder_take_profit,1.5x卖25%，2x再卖25%，3x再卖25%，剩余持有结算,train,sampled_1_0,1.0,entry_lead_bin,48-72h,54,42,21,6,1202.8701166934209,-284.81783206001467,-0.23678186705889132,0.35185185185185186,-0.9391359374999999,-0.30167223436649604,-63.51075081296016,nan,nan,nan,-353.16841856053964,-460.1051665031057,333.80496846486074,459.88676463340624,12,32,12,5,100.541728878125,0.21386923581362893,0.5877079467470875
ladder_1_5x25_2x25_3x25_hold,ladder_take_profit,1.5x卖25%，2x再卖25%，3x再卖25%，剩余持有结算,train,sampled_1_0,1.0,entry_lead_bin,72h+,35,31,17,4,587.28084166994,537.6056274713101,0.9154148906724459,0.4857142857142857,-0.008869775419103831,-0.007309874443177964,-19.65,0.4470008082533017,0.9560622157589046,1.1145523773949493,297.29547747011105,23.62120006663315,19.650000000000006,-143.30901085874999,7,18,7,10,271.16859764375,0.39525117631883855,0.5059325676573411
ladder_1_5x25_2x25_3x25_hold,ladder_take_profit,1.5x卖25%，2x再卖25%，3x再卖25%，剩余持有结算,validation,haircut_0_8,0.8,entry_lead_bin,0-6h,20,15,8,5,198.75227100923254,-19.10398299145126,-0.09611957083279735,0.25,-2.2499605000000003,-0.5687307482875419,-28.075745557498962,nan,nan,nan,-98.56402674491127,-112.11944886213728,97.80546369335096,2.5982880177812633,4,10,4,1,91.22058625,0.42341424631018487,0.4455840055434098
ladder_1_5x25_2x25_3x25_hold,ladder_take_profit,1.5x卖25%，2x再卖25%，3x再卖25%，剩余持有结算,validation,haircut_0_8,0.8,entry_lead_bin,6-12h,286,177,32,6,3614.2570460061756,-25.360615780844274,-0.007016826821675079,0.24125874125874125,-3.7196680620999985,-0.9267969781546614,-88.055799999736,nan,nan,nan,-375.86801053788696,-902.7866043424019,404.8022815045564,-120.97396377466863,44,89,44,25,1155.3858817514,0.2903557226136545,0.325998831494797
ladder_1_5x25_2x25_3x25_hold,ladder_take_profit,1.5x卖25%，2x再卖25%，3x再卖25%，剩余持有结算,validation,haircut_0_8,0.8,entry_lead_bin,12-24h,527,282,36,6,8404.734643040209,2796.472846227617,0.3327258937964591,0.3377609108159393,-2.214640004136,-0.55,-154.60567997874,0.18484172663048948,0.7353539682000112,1.0378983979082579,2279.567976855625,740.0754417905591,609.8689877959558,-1705.4767667321746,111,227,111,65,4172.153259736887,0.1383641722833582,0.541010116378501
ladder_1_5x25_2x25_3x25_hold,ladder_take_profit,1.5x卖25%，2x再卖25%，3x再卖25%，剩余持有结算,validation,haircut_0_8,0.8,entry_lead_bin,24-48h,144,82,23,6,3483.3991933362913,1177.4554120775276,0.3380190861644535,0.3680555555555556,-2.4036026512439994,-0.4549997644578001,-213.41036000620798,0.4435100888106128,1.5560455368964736,2.2222938106102785,655.2420576964867,-654.7188267803074,486.6973660818019,-416.8631305861809,34,68,34,19,1513.3861820146121,0.20077781735100758,0.25796850541824395
ladder_1_5x25_2x25_3x25_hold,ladder_take_profit,1.5x卖25%，2x再卖25%，3x再卖25%，剩余持有结算,validation,haircut_0_8,0.8,entry_lead_bin,48-72h,21,13,6,6,671.2881499584394,300.37776353164827,0.4474647192122268,0.3333333333333333,-5.7835480017780005,-0.5177453027240554,-103.11460799797787,1.8029499875491442,2.2704110932825836,2.2741638396551735,-241.18832148777676,-381.6032429660187,352.921556898042,-139.42299150991244,4,12,4,3,284.78595241656245,0.5468200305707565,0.7054745073731891
ladder_1_5x25_2x25_3x25_hold,ladder_take_profit,1.5x卖25%，2x再卖25%，3x再卖25%，剩余持有结算,validation,haircut_0_9,0.9,entry_lead_bin,0-6h,20,15,8,5,198.75227100923254,31.784315434794816,0.15991925663741652,0.35,-1.4049017353844997,-0.13712047081979462,-17.728519999577,2.543773501881053,3.1034881740220737,3.1758646689152648,-49.06778394366519,-66.85793163647816,54.713781685265054,53.48658644402734,6,13,6,1,89.828530625,0.593607295704459,0.6011361578467507
ladder_1_5x25_2x25_3x25_hold,ladder_take_profit,1.5x卖25%，2x再卖25%，3x再卖25%，剩余持有结算,validation,haircut_0_9,0.9,entry_lead_bin,6-12h,286,177,32,6,3614.2570460061756,155.7416122125221,0.04309090643805194,0.2692307692307692,-3.311924070581,-0.6179343641599904,-88.055799999736,2.2543672279928857,5.762624380167366,8.675250206427837,-195.3571743941643,-741.7387993299294,340.1294336151385,60.128264218697765,52,108,52,25,1123.7405359736313,0.30103382567327813,0.3590540943652929
ladder_1_5x25_2x25_3x25_hold,ladder_take_profit,1.5x卖25%，2x再卖25%，3x再卖25%，剩余持有结算,validation,haircut_0_9,0.9,entry_lead_bin,12-24h,527,282,36,6,8404.734643040209,3288.9503367005673,0.39132113937994234,0.3927893738140417,-1.363352504136,-0.3233853341657401,-154.60567997874,0.15803443367825096,0.6260843937658751,0.8828908817548071,2769.1829328442004,1229.7898590213217,607.7540196502387,-1212.9992762592246,140,264,140,67,4150.938761730634,0.1494409709365929,0.5159608330470835
ladder_1_5x25_2x25_3x25_hold,ladder_take_profit,1.5x卖25%，2x再卖25%，3x再卖25%，剩余持有结算,validation,haircut_0_9,0.9,entry_lead_bin,24-48h,144,82,23,6,3483.3991933362913,1386.4844266910281,0.3980262811518586,0.4236111111111111,-1.8213704194152012,-0.3448241015717749,-212.73640500620797,0.37902530006745194,1.3665036250419007,1.9563831259360092,860.9717508256122,-508.1515684464032,472.231034742105,-207.83411597268037,42,76,42,19,1410.6425863426484,0.19642099817286368,0.2920330283122033
ladder_1_5x25_2x25_3x25_hold,ladder_take_profit,1.5x卖25%，2x再卖25%，3x再卖25%，剩余持有结算,validation,haircut_0_9,0.9,entry_lead_bin,48-72h,21,13,6,6,671.2881499584394,253.59836416648898,0.37777869932932634,0.3333333333333333,-3.5839140577900004,-0.23622830186420732,-103.11460799797787,1.8738714833347512,2.415108997633348,2.421810743531674,-221.61237866543615,-358.86932691709694,330.2925819428702,-186.2023908750717,4,13,4,3,350.24412053851546,0.5117078362768585,0.6958325805358605
ladder_1_5x25_2x25_3x25_hold,ladder_take_profit,1.5x卖25%，2x再卖25%，3x再卖25%，剩余持有结算,validation,sampled_1_0,1.0,entry_lead_bin,0-6h,20,15,8,5,198.75227100923254,25.29846277291591,0.12728640857512885,0.35,-1.0933726555275003,-0.14618037227003944,-17.728519999577,3.2509546426476614,4.056501011962776,4.097738201327376,-56.9456922305441,-77.3247770665201,65.94468861030408,47.00073378214844,6,13,6,1,88.436475,0.5557231946164979,0.5612665512115135
ladder_1_5x25_2x25_3x25_hold,ladder_take_profit,1.5x卖25%，2x再卖25%，3x再卖25%，剩余持有结算,validation,sampled_1_0,1.0,entry_lead_bin,6-12h,286,177,32,6,3614.2570460061756,446.0637009680353,0.12341781320200906,0.3076923076923077,-2.999974998,-0.5812910345453952,-74.430799999736,0.8267534897666883,2.1380623577113487,3.180715032508582,77.27897953446762,-507.6483072131323,318.34140398460096,350.45035297421094,63,124,63,25,1053.828902349875,0.31888327607924977,0.4112974849094698
ladder_1_5x25_2x25_3x25_hold,ladder_take_profit,1.5x卖25%，2x再卖25%，3x再卖25%，剩余持有结算,validation,sampled_1_0,1.0,entry_lead_bin,12-24h,527,282,36,6,8404.734643040209,3907.5345901276514,0.46492063772214415,0.3889943074003795,-1.2704450081709986,-0.20559662538045498,-147.5248999936,0.1318596472613464,0.5273564118367448,0.7526446634180981,3392.2884574119093,1846.8711695499683,489.1399679219712,-594.4150228321406,138,297,138,67,4021.1620281300156,0.14899996496511705,0.4678408838367434
ladder_1_5x25_2x25_3x25_hold,ladder_take_profit,1.5x卖25%，2x再卖25%，3x再卖25%，剩余持有结算,validation,sampled_1_0,1.0,entry_lead_bin,24-48h,144,82,23,6,3483.3991933362913,1894.693783250365,0.54392094563118,0.4444444444444444,-0.6602201037424842,-0.13973088266163886,-151.66365673479598,0.2714036845733087,1.033572068470887,1.4787009572915706,1380.466909338074,-63.60878942264503,282.8407013536894,300.3752405866564,45,93,45,19,1322.6933597905,0.2576252467992445,0.2874863571583706
ladder_1_5x25_2x25_3x25_hold,ladder_take_profit,1.5x卖25%，2x再卖25%，3x再卖25%，剩余持有结算,validation,sampled_1_0,1.0,entry_lead_bin,48-72h,21,13,6,6,671.2881499584394,386.1374976200922,0.5752187010064138,0.38095238095238093,-3.5654404017780004,-0.2206429197548857,-103.11460799797787,1.5425311755929099,1.9050429737010117,1.913886190337111,-209.491630524333,-349.47102910355557,322.91912323460457,-53.663257421468536,5,14,5,3,229.13763929453103,0.6306843588743098,0.743800221749609
recover_principal_keep_free,principal_recovery,首次可收回累计本金时卖出足够份额，剩余作为免费仓位持有结算,train,haircut_0_8,0.8,entry_lead_bin,0-6h,19,16,10,5,109.53368637221331,-30.45949591733152,-0.27808336344880413,0.05263157894736842,0.0,0.0,-18.096549988567,nan,nan,nan,-30.45949591733152,-30.45949591733152,30.459495917331523,79.07419045488179,1,12,0,0,0,0.594118498798597,0.8031841713653113
recover_principal_keep_free,principal_recovery,首次可收回累计本金时卖出足够份额，剩余作为免费仓位持有结算,train,haircut_0_8,0.8,entry_lead_bin,6-12h,662,453,43,6,8427.230616539093,1545.5981834661686,0.1834052316585252,0.20996978851963746,0.0,0.0,-54.535000005,0.22881284041180366,0.6651214598094201,1.0655858165392702,1191.9454729719505,517.5876634003628,284.5336060472906,-1499.1713049947382,15,207,4,117,4481.963425687765,0.16146272635735004,0.45011369213066865
recover_principal_keep_free,principal_recovery,首次可收回累计本金时卖出足够份额，剩余作为免费仓位持有结算,train,haircut_0_8,0.8,entry_lead_bin,12-24h,852,535,46,6,12427.48385300822,3198.8075229720434,0.25739784181636527,0.19483568075117372,0.0,0.0,-190.816699992179,0.22581934497959935,0.680754239944166,0.9865904143685067,2476.454903418682,1021.2057389435299,263.4988773193968,-3030.772938019736,26,389,17,139,7717.521493135069,0.26594866568678255,0.28562806467873403
recover_principal_keep_free,principal_recovery,首次可收回累计本金时卖出足够份额，剩余作为免费仓位持有结算,train,haircut_0_8,0.8,entry_lead_bin,24-48h,401,275,39,6,7137.275051321499,904.3949195912267,0.126714315069555,0.22194513715710723,0.0,0.0,-141.72238799564744,0.326727542912375,1.05275167832561,1.489502629013189,608.9041896907502,-47.70834987759224,510.48285195859125,-1379.8238090872746,13,171,4,78,3747.2601273893565,0.1501980535417185,0.45536075231340417
recover_principal_keep_free,principal_recovery,首次可收回累计本金时卖出足够份额，剩余作为免费仓位持有结算,train,haircut_0_8,0.8,entry_lead_bin,48-72h,54,42,21,6,1202.8701166934209,-659.6992434556693,-0.5484376362005914,0.14814814814814814,-1.4115000000000018,-0.3830927058940149,-159.98960338032043,nan,nan,nan,-701.3733434544853,-757.2088100388455,705.5635944344613,85.00535323775169,2,26,2,6,191.15677392205137,0.43064718179572187,0.43260817953157715
recover_principal_keep_free,principal_recovery,首次可收回累计本金时卖出足够份额，剩余作为免费仓位持有结算,train,haircut_0_8,0.8,entry_lead_bin,72h+,35,31,17,4,587.28084166994,396.55441772504867,0.6752381306998565,0.3142857142857143,-0.14139999999999997,-0.15110515757723642,-29.279778200069565,0.6013556506028473,1.1901633874212725,1.3065195479625842,158.08417785456874,-75.41013137146558,25.851,-284.3602206050114,1,11,1,10,347.59675161598057,0.46260440307805417,0.6405929935653146
recover_principal_keep_free,principal_recovery,首次可收回累计本金时卖出足够份额，剩余作为免费仓位持有结算,train,haircut_0_9,0.9,entry_lead_bin,0-6h,19,16,10,5,109.53368637221331,-53.83049591733152,-0.4914515132304296,0.10526315789473684,0.0,0.0,-23.371,nan,nan,nan,-53.83049591733152,-53.83049591733152,53.83049591733152,55.70319045488179,2,14,2,0,0,0.5524570133195649,0.8886335556341333
recover_principal_keep_free,principal_recovery,首次可收回累计本金时卖出足够份额，剩余作为免费仓位持有结算,train,haircut_0_9,0.9,entry_lead_bin,6-12h,662,453,43,6,8427.230616539093,2233.0943173126666,0.26498554731966706,0.19637462235649547,0.0,0.0,-54.535000005,0.16336214425280415,0.48477527947673105,0.8038882697932513,1868.2912413177175,1150.5453955395187,268.20973449996416,-811.6751711482405,7,242,2,121,4036.79581542632,0.20230008477137007,0.3863295801758471
recover_principal_keep_free,principal_recovery,首次可收回累计本金时卖出足够份额，剩余作为免费仓位持有结算,train,haircut_0_9,0.9,entry_lead_bin,12-24h,852,535,46,6,12427.48385300822,3581.8041561482155,0.28821635968420084,0.18544600938967137,0.0,0.0,-74.06669999467898,0.20705923003697996,0.6173289857767712,0.9304456143658357,2840.1585454329115,1370.6526291822138,245.54112553797268,-2647.776304843564,16,434,8,141,7186.270484495417,0.24752647260012603,0.26305138420690916
recover_principal_keep_free,principal_recovery,首次可收回累计本金时卖出足够份额，剩余作为免费仓位持有结算,train,haircut_0_9,0.9,entry_lead_bin,24-48h,401,275,39,6,7137.275051321499,1306.4138131123468,0.18304097904570155,0.20947630922693267,0.0,0.0,-145.92238799564745,0.22381110588309108,0.8178670329677914,1.1708425905059003,1014.0238928587266,237.94102395401296,532.8069982124609,-977.8049155661545,6,197,2,78,3220.555566524798,0.1435850219263702,0.3707267097445563
recover_principal_keep_free,principal_recovery,首次可收回累计本金时卖出足够份额，剩余作为免费仓位持有结算,train,haircut_0_9,0.9,entry_lead_bin,48-72h,54,42,21,6,1202.8701166934209,-670.8032061297272,-0.5576688595221764,0.14814814814814814,-1.863023999954624,-0.433636580086996,-159.98960338032043,nan,nan,nan,-708.4001394618765,-779.3873266794528,696.264497686352,73.9013905636938,1,30,1,7,180.134854572771,0.4591345241111413,0.4752030011735946
recover_principal_keep_free,principal_recovery,首次可收回累计本金时卖出足够份额，剩余作为免费仓位持有结算,train,haircut_0_9,0.9,entry_lead_bin,72h+,35,31,17,4,587.28084166994,398.09158717577867,0.6778555657354676,0.3142857142857143,-0.9828569999285639,-0.20894161989154797,-29.279778200069565,0.6004245947037872,1.2610893204722482,1.3566279857121044,159.0676072907744,-103.93746198144277,34.11666332119512,-282.8230511542814,1,16,1,10,325.6406621654656,0.46376426687060895,0.6219431919167541
recover_principal_keep_free,principal_recovery,首次可收回累计本金时卖出足够份额，剩余作为免费仓位持有结算,train,sampled_1_0,1.0,entry_lead_bin,0-6h,19,16,10,5,109.53368637221331,-53.83049591733152,-0.4914515132304296,0.05263157894736842,0.0,0.0,-23.371,nan,nan,nan,-53.83049591733152,-53.83049591733152,53.83049591733152,55.70319045488179,1,15,1,0,0,0.5524570133195649,0.8886335556341333
recover_principal_keep_free,principal_recovery,首次可收回累计本金时卖出足够份额，剩余作为免费仓位持有结算,train,sampled_1_0,1.0,entry_lead_bin,6-12h,662,453,43,6,8427.230616539093,2437.3827467254755,0.2892270139067896,0.21299093655589124,0.0,0.0,-109.31645500101264,0.1533297833085985,0.4517282117320482,0.7468812943172533,2063.659378329942,1336.3481972406287,254.4252584628906,-607.3867417354314,17,271,12,124,3788.0523311578095,0.19759612501927837,0.347471958296335
recover_principal_keep_free,principal_recovery,首次可收回累计本金时卖出足够份额，剩余作为免费仓位持有结算,train,sampled_1_0,1.0,entry_lead_bin,12-24h,852,535,46,6,12427.48385300822,4507.414680636298,0.36269728723447303,0.18544600938967137,0.0,0.0,-124.066699994679,0.1679632466249996,0.5073848215728299,0.8015655527230084,3750.3346769914397,2220.4208871468954,242.14512268183125,-1722.1657803554824,17,484,10,142,6062.212763216866,0.22140701910331376,0.2594196638308332
recover_principal_keep_free,principal_recovery,首次可收回累计本金时卖出足够份额，剩余作为免费仓位持有结算,train,sampled_1_0,1.0,entry_lead_bin,24-48h,401,275,39,6,7137.275051321499,1834.8270116879346,0.25707668521871074,0.20698254364089774,0.0,0.0,-145.92238799564745,0.15988407960478743,0.6013182369434853,0.8725872280104038,1541.4673836902066,731.5120679234622,515.9209164939302,-449.3917169905666,9,222,6,78,2504.378103044066,0.11308188095287125,0.3574180748214068
recover_principal_keep_free,principal_recovery,首次可收回累计本金时卖出足够份额，剩余作为免费仓位持有结算,train,sampled_1_0,1.0,entry_lead_bin,48-72h,54,42,21,6,1202.8701166934209,-646.5427435967678,-0.5375000464506128,0.12962962962962962,-1.6680239999546242,-0.37656156763076976,-165.01520338032043,nan,nan,nan,-684.9634572691314,-767.9734709741497,672.6379888803173,98.16185309665315,1,32,1,7,167.14816422419122,0.5179873561843942,0.5014208263265341
recover_principal_keep_free,principal_recovery,首次可收回累计本金时卖出足够份额，剩余作为免费仓位持有结算,train,sampled_1_0,1.0,entry_lead_bin,72h+,35,31,17,4,587.28084166994,429.42029815456385,0.7312009309438772,0.2857142857142857,-1.0446310000000003,-0.22755069198583855,-29.279778200069565,0.555572014239829,1.2277234558912993,1.3420178354274466,190.84639815336487,-97.78907432562937,33.51750000000001,-251.49434017549618,0,18,0,10,289.4131511866804,0.43585451032164696,0.5899741559632852
recover_principal_keep_free,principal_recovery,首次可收回累计本金时卖出足够份额，剩余作为免费仓位持有结算,validation,haircut_0_8,0.8,entry_lead_bin,0-6h,20,15,8,5,198.75227100923254,-1.7275336442590608,-0.008691893861070964,0.1,-0.15397000000000083,-0.03995940982081779,-62.23159799999896,nan,nan,nan,-120.23552999958996,-120.23552999958996,114.51822999958995,19.974737364973464,1,11,0,1,52.17263364812911,0.4962701953994131,0.49632922203373325
recover_principal_keep_free,principal_recovery,首次可收回累计本金时卖出足够份额，剩余作为免费仓位持有结算,validation,haircut_0_8,0.8,entry_lead_bin,6-12h,286,177,32,6,3614.2570460061756,-502.6950970485998,-0.13908670320061703,0.10139860139860139,-0.334911,-0.08640967019491386,-65.743199997048,nan,nan,nan,-849.603433130972,-1292.5388740733226,737.9850809831655,-598.3084450424242,4,98,1,25,1962.1106210175071,0.19384328526423897,0.21827888392226089
recover_principal_keep_free,principal_recovery,首次可收回累计本金时卖出足够份额，剩余作为免费仓位持有结算,validation,haircut_0_8,0.8,entry_lead_bin,12-24h,527,282,36,6,8404.734643040209,1184.029707537734,0.140876512802008,0.14231499051233396,0.0,0.0,-147.5248999936,0.402739782316323,1.5783092036990571,2.1263343570662157,707.1738408679275,-684.7352773221744,609.186171815644,-3317.9199054220576,8,234,4,67,7321.946512570253,0.15963088743101533,0.7122970932569748
recover_principal_keep_free,principal_recovery,首次可收回累计本金时卖出足够份额，剩余作为免费仓位持有结算,validation,haircut_0_8,0.8,entry_lead_bin,24-48h,144,82,23,6,3483.3991933362913,1241.9807798344798,0.3565427649550981,0.16666666666666666,-0.40481599849999994,-0.13501663668764347,-314.4523000016,0.5300342021404626,1.7279916909276496,2.1912379340183312,583.6884881211217,-904.1516880113438,529.7670983993119,-352.33776282922884,6,71,5,19,1746.4176585541686,0.2843462318916363,0.28577376892795997
recover_principal_keep_free,principal_recovery,首次可收回累计本金时卖出足够份额，剩余作为免费仓位持有结算,validation,haircut_0_8,0.8,entry_lead_bin,48-72h,21,13,6,6,671.2881499584394,469.51570577694685,0.6994249873262554,0.14285714285714285,-6.893807001010175,-0.5328765903903322,-83.862120006993,1.5062722957246588,1.7635760371244822,1.7635760371244822,-237.70279424247832,-358.5109419848654,306.82352180319583,29.714950735386132,0,12,0,3,128.02284326136655,0.7018697499378106,0.7399266450481572
recover_principal_keep_free,principal_recovery,首次可收回累计本金时卖出足够份额，剩余作为免费仓位持有结算,validation,haircut_0_9,0.9,entry_lead_bin,0-6h,20,15,8,5,198.75227100923254,4.777133427370824,0.024035616816418234,0.1,-0.15397000000000005,-0.03995940982081776,-62.23159799999896,26.16897043542776,26.16897043542776,26.16897043542776,-120.23552999958996,-120.23552999958996,114.51822999958995,26.47940443660335,1,13,0,1,45.667966576499225,0.5100322146664722,0.5098777189480496
recover_principal_keep_free,principal_recovery,首次可收回累计本金时卖出足够份额，剩余作为免费仓位持有结算,validation,haircut_0_9,0.9,entry_lead_bin,6-12h,286,177,32,6,3614.2570460061756,-145.80960037998932,-0.04034289717747435,0.1258741258741259,-0.05216999999999983,-0.0036875403951074385,-65.743199997048,nan,nan,nan,-542.1092063421869,-998.714501773182,480.3205682787493,-241.42294837381368,11,115,3,25,1748.9040083451557,0.26453117016882377,0.2390227988225071
recover_principal_keep_free,principal_recovery,首次可收回累计本金时卖出足够份额，剩余作为免费仓位持有结算,validation,haircut_0_9,0.9,entry_lead_bin,12-24h,527,282,36,6,8404.734643040209,1788.0977551330438,0.21274886490482262,0.14041745730550284,0.0,0.0,-78.68599999999999,0.2721503409143823,1.082947094083801,1.468998928206716,1301.4663414853444,-148.31751272605425,358.1952411453369,-2713.851857826748,7,274,5,67,6934.663508977843,0.1321503663774175,0.702763235422248
recover_principal_keep_free,principal_recovery,首次可收回累计本金时卖出足够份额，剩余作为免费仓位持有结算,validation,haircut_0_9,0.9,entry_lead_bin,24-48h,144,82,23,6,3483.3991933362913,1392.0841889944204,0.39963383802162666,0.1597222222222222,-0.5254904985,-0.14777972264605155,-314.4523000016,0.5595530222664991,1.6551365870292825,2.1115122408631057,613.1392737931842,-912.0052844352313,563.6881195682308,-202.23435366928817,4,79,4,19,1482.037182458605,0.321573367292752,0.29851067951073096
recover_principal_keep_free,principal_recovery,首次可收回累计本金时卖出足够份额，剩余作为免费仓位持有结算,validation,haircut_0_9,0.9,entry_lead_bin,48-72h,21,13,6,6,671.2881499584394,457.8315602321783,0.6820194282597174,0.14285714285714285,-6.893807001010175,-0.5328765903903322,-96.20100799797787,1.5458509085608811,1.8139242253109198,1.8139242253109198,-249.90777312058026,-372.6401979848654,318.5129613780752,18.030805190617567,0,13,0,3,125.5777328061351,0.6973930420895017,0.7378303753584408
recover_principal_keep_free,principal_recovery,首次可收回累计本金时卖出足够份额，剩余作为免费仓位持有结算,validation,sampled_1_0,1.0,entry_lead_bin,0-6h,20,15,8,5,198.75227100923254,27.80958808425175,0.13992085696952827,0.1,0.0,0.0,-62.23159799999896,4.682428113992985,4.682428113992985,4.682428113992985,-102.40680900001297,-102.40680900001297,96.68950900001295,49.511859093484276,1,13,0,1,40.4642329191953,0.5616717157955651,0.5606696566626561
recover_principal_keep_free,principal_recovery,首次可收回累计本金时卖出足够份额，剩余作为免费仓位持有结算,validation,sampled_1_0,1.0,entry_lead_bin,6-12h,286,177,32,6,3614.2570460061756,-11.052343079641547,-0.0030579847916059545,0.11888111888111888,-0.0075000000000018385,-0.001600000000000075,-65.743199997048,nan,nan,nan,-446.8649649456994,-881.9770906302134,348.8733158704191,-106.6656910734659,9,128,3,25,1624.709128003233,0.32941721713140176,0.2644556901944406
recover_principal_keep_free,principal_recovery,首次可收回累计本金时卖出足够份额，剩余作为免费仓位持有结算,validation,sampled_1_0,1.0,entry_lead_bin,12-24h,527,282,36,6,8404.734643040209,2604.232105266399,0.30985298357074376,0.1442125237191651,0.0,0.0,-78.68599999999999,0.19121418074676194,0.7670435823682551,1.1003508799957553,2106.2659967834693,606.6725819244375,268.6567263355096,-1897.717507693393,9,308,8,67,6121.019305842915,0.1224041733621967,0.5696825375663174
recover_principal_keep_free,principal_recovery,首次可收回累计本金时卖出足够份额，剩余作为免费仓位持有结算,validation,sampled_1_0,1.0,entry_lead_bin,24-48h,144,82,23,6,3483.3991933362913,1565.9487859957885,0.44954617575597805,0.14583333333333334,-0.84615,-0.21880015625468785,-314.4523000016,0.4977336440706643,1.4907342311980116,1.9532068720205054,786.5233903140719,-768.4646735911028,562.5752163351276,-28.369756667920118,2,94,2,19,1272.871029926987,0.30013471503968214,0.27976414752387635
recover_principal_keep_free,principal_recovery,首次可收回累计本金时卖出足够份额，剩余作为免费仓位持有结算,validation,sampled_1_0,1.0,entry_lead_bin,48-72h,21,13,6,6,671.2881499584394,465.2760839382557,0.6931093360832629,0.14285714285714285,-6.893807001010175,-0.5556499226793059,-96.20100799797787,1.5220124662874372,1.8061710002616136,1.8061710002616136,-242.87991608116948,-375.0920859863101,316.6859082379786,25.475328896694986,0,14,0,3,115.68132109861303,0.6929956087950931,0.739533937438956
tp_1_5x_sell_100pct,single_take_profit,1.5x触发后卖出100%当前已买入且未卖出的份额，剩余持有结算,train,haircut_0_8,0.8,entry_lead_bin,0-6h,19,16,10,5,109.53368637221331,19.9084738197867,0.18175663103435105,0.8421052631578947,2.8474634308935673,0.6666666666666671,-29.190754998012668,0.7579893955762643,2.247441502761898,3.1232863156274107,4.818061782280697,-24.834656499450624,46.84730498657967,129.44216019200002,16,12,12,0,0,0.2517481730772164,0.4091236951110492
tp_1_5x_sell_100pct,single_take_profit,1.5x触发后卖出100%当前已买入且未卖出的份额，剩余持有结算,train,haircut_0_8,0.8,entry_lead_bin,6-12h,662,453,43,6,8427.230616539093,1013.4397506477075,0.1202577450127867,0.49395770392749244,-0.12098650800000005,-0.11683804706981998,-146.89645500141265,0.1762426822923053,0.7062681616584925,1.0458490769739808,834.8284106519104,297.6795210061101,337.55046155992716,-2031.3297378131995,203,196,153,105,5254.443247377199,0.11181887179589373,0.22342595245011868
tp_1_5x_sell_100pct,single_take_profit,1.5x触发后卖出100%当前已买入且未卖出的份额，剩余持有结算,train,haircut_0_8,0.8,entry_lead_bin,12-24h,852,535,46,6,12427.48385300822,4001.91855766338,0.3220216260184211,0.613849765258216,1.5223136063485472,0.5200000000000002,-190.816699992179,0.16670271031320885,0.38064261333937927,0.554977525245845,3334.787887648167,2478.6178195030316,282.91212398464336,-2227.6619033283996,381,381,297,125,9464.224007694,0.14664259469989713,0.31123362500990065
tp_1_5x_sell_100pct,single_take_profit,1.5x触发后卖出100%当前已买入且未卖出的份额，剩余持有结算,train,haircut_0_8,0.8,entry_lead_bin,24-48h,401,275,39,6,7137.275051321499,1490.1426440241016,0.20878313268145593,0.6309226932668329,2.04,0.5187026843932594,-85.18662199687677,0.1324624175619214,0.4488988632745598,0.6729255926320363,1292.7547468845555,821.2193050047354,431.5920233993047,-794.0760846543997,175,166,122,73,4146.702029628,0.16472157494460307,0.42084515809112794
tp_1_5x_sell_100pct,single_take_profit,1.5x触发后卖出100%当前已买入且未卖出的份额，剩余持有结算,train,haircut_0_8,0.8,entry_lead_bin,48-72h,54,42,21,6,1202.8701166934209,-212.53745490622086,-0.17669194034886057,0.48148148148148145,-0.17480499999999957,-0.05855822517767188,-73.59090292032043,nan,nan,nan,-305.05520018488596,-401.04742032360195,223.9167719062209,532.1671417872001,19,25,16,4,188.13186928,0.2076004955912528,0.45579823959509924
tp_1_5x_sell_100pct,single_take_profit,1.5x触发后卖出100%当前已买入且未卖出的份额，剩余持有结算,train,haircut_0_8,0.8,entry_lead_bin,72h+,35,31,17,4,587.28084166994,355.94453033406006,0.606089123087904,0.7428571428571429,1.7779430000714358,0.5200000000000002,-19.65,0.6753970900341574,0.9379079637248248,1.0664964496716345,115.54063033286104,22.101320689452677,22.526045883324002,-324.970107996,16,11,9,9,513.93278,0.5947645043799811,0.7271362346696278
tp_1_5x_sell_100pct,single_take_profit,1.5x触发后卖出100%当前已买入且未卖出的份额，剩余持有结算,train,haircut_0_9,0.9,entry_lead_bin,0-6h,19,16,10,5,109.53368637221331,36.088743843786695,0.32947620991364485,0.8421052631578947,3.7917577268935654,0.8750000000000001,-29.190754998012668,0.4905648313540298,1.5188236990596788,2.095362464753272,18.384875306280694,-18.723695575450627,46.71730498657966,145.622430216,16,13,13,0,0,0.25554456818646565,0.4320090467836957
tp_1_5x_sell_100pct,single_take_profit,1.5x触发后卖出100%当前已买入且未卖出的份额，剩余持有结算,train,haircut_0_9,0.9,entry_lead_bin,6-12h,662,453,43,6,8427.230616539093,1888.0580902407573,0.22404253261270637,0.5226586102719033,0.17132675,0.25456579123207884,-146.89645500141265,0.09969390180728473,0.41192477737325517,0.6134035458969457,1699.8302123858457,1110.32018175056,267.78871793632743,-1156.7113982201495,222,226,177,110,5064.61045793335,0.12068645635072568,0.28264265684342715
tp_1_5x_sell_100pct,single_take_profit,1.5x触发后卖出100%当前已买入且未卖出的份额，剩余持有结算,train,haircut_0_9,0.9,entry_lead_bin,12-24h,852,535,46,6,12427.48385300822,5237.00636218918,0.4214052035095987,0.6443661971830986,1.9418917919941985,0.5363970525638359,-190.816699992179,0.1268416412115134,0.3155817099487023,0.4624882800393746,4572.735880173967,3584.3029393972856,282.4685414846431,-992.5740988025996,407,424,314,129,9145.48789922055,0.1379497508898965,0.2683667463546825
tp_1_5x_sell_100pct,single_take_profit,1.5x触发后卖出100%当前已买入且未卖出的份额，剩余持有结算,train,haircut_0_9,0.9,entry_lead_bin,24-48h,401,275,39,6,7137.275051321499,1931.8838831741014,0.270675274426534,0.6658354114713217,2.48951244470405,0.53,-85.18662199687677,0.15345037104014714,0.3943145192944216,0.5747017225011893,1635.4355844945553,1170.114018447665,416.6620303050047,-352.3348455043998,189,192,141,75,4053.8023536875,0.1946256408551649,0.3965701695216372
tp_1_5x_sell_100pct,single_take_profit,1.5x触发后卖出100%当前已买入且未卖出的份额，剩余持有结算,train,haircut_0_9,0.9,entry_lead_bin,48-72h,54,42,21,6,1202.8701166934209,-199.06349921032088,-0.16549043529115853,0.5185185185185185,0.09820462500000011,0.08030579430298466,-62.69964811296016,nan,nan,nan,-319.13931892498596,-425.27199259934247,222.13829534665433,545.6410974831,21,29,17,4,190.63836024,0.22376460281012206,0.36324032615381247
tp_1_5x_sell_100pct,single_take_profit,1.5x触发后卖出100%当前已买入且未卖出的份额，剩余持有结算,train,haircut_0_9,0.9,entry_lead_bin,72h+,35,31,17,4,587.28084166994,272.8930430660601,0.46467213589002077,0.7142857142857143,1.5899999999999999,0.5244095810728334,-19.65,0.5383236903024946,0.9379911213883294,1.1267530244740396,125.98825306486106,16.92179158145271,19.650000000000006,-408.0215952639999,15,16,13,10,588.1944182499999,0.43841511659878823,0.6552028599903693
tp_1_5x_sell_100pct,single_take_profit,1.5x触发后卖出100%当前已买入且未卖出的份额，剩余持有结算,train,sampled_1_0,1.0,entry_lead_bin,0-6h,19,16,10,5,109.53368637221331,39.80859451778669,0.36343700131218626,0.7368421052631579,3.7226150000000007,1.006195402905396,-29.190754998012668,0.5103753418982957,1.539469686422997,2.128193988518669,19.49126948028069,-21.475530001450622,46.58730498657967,149.34228088999998,14,14,12,0,0,0.2835638752839815,0.4302882500102601
tp_1_5x_sell_100pct,single_take_profit,1.5x触发后卖出100%当前已买入且未卖出的份额，剩余持有结算,train,sampled_1_0,1.0,entry_lead_bin,6-12h,662,453,43,6,8427.230616539093,2595.747195045407,0.30801900566848756,0.5725075528700906,1.0847341636160004,0.5114224137931034,-146.89645500141265,0.08196676947455575,0.3150971675577558,0.47985222639238706,2382.9821830948954,1777.8346061906097,183.83498836882745,-449.0222934154998,255,251,193,114,4916.407181275,0.1300204221196851,0.32507072801606723
tp_1_5x_sell_100pct,single_take_profit,1.5x触发后卖出100%当前已买入且未卖出的份额，剩余持有结算,train,sampled_1_0,1.0,entry_lead_bin,12-24h,852,535,46,6,12427.48385300822,6264.70003259428,0.5041004363146153,0.6924882629107981,2.7133999999999996,0.5545622080490897,-190.816699992179,0.10631994294216658,0.26443466167536156,0.39338327924831057,5598.637482579067,4608.096198977585,278.7925589846436,35.119571602499725,448,472,354,136,9040.018354374,0.12952624416997624,0.27541193352851395
tp_1_5x_sell_100pct,single_take_profit,1.5x触发后卖出100%当前已买入且未卖出的份额，剩余持有结算,train,sampled_1_0,1.0,entry_lead_bin,24-48h,401,275,39,6,7137.275051321499,2168.3411082975013,0.30380517672441715,0.685785536159601,2.964945999909082,0.5357142857142853,-129.78554924564745,0.13665437418755577,0.3516017542982607,0.5193519652655667,1872.027811117955,1405.948570703065,361.6271929275049,-115.87762038100011,197,218,157,76,4072.75850995,0.20131104953542914,0.4023832162178171
tp_1_5x_sell_100pct,single_take_profit,1.5x触发后卖出100%当前已买入且未卖出的份额，剩余持有结算,train,sampled_1_0,1.0,entry_lead_bin,48-72h,54,42,21,6,1202.8701166934209,-328.15814073142093,-0.2728126139117143,0.5370370370370371,0.5664500000000001,0.26587933316638646,-109.34273005933491,nan,nan,nan,-370.4797907302369,-454.08089875013695,407.8775582300169,416.54645596200004,22,32,17,5,184.6098311,0.21145795401086742,0.4896641407300126
tp_1_5x_sell_100pct,single_take_profit,1.5x触发后卖出100%当前已买入且未卖出的份额，剩余持有结算,train,sampled_1_0,1.0,entry_lead_bin,72h+,35,31,17,4,587.28084166994,392.3471850300601,0.6680742111634635,0.7142857142857143,1.5398073283308964,0.5333333333333333,-19.65,0.6117767863755896,0.9189288567905843,1.0683854025676054,152.31828502886106,31.808034825383118,19.650000000000006,-288.5674533,15,18,12,10,478.2355525,0.5258746739579684,0.7210570380839678
tp_1_5x_sell_100pct,single_take_profit,1.5x触发后卖出100%当前已买入且未卖出的份额，剩余持有结算,validation,haircut_0_8,0.8,entry_lead_bin,0-6h,20,15,8,5,198.75227100923254,-28.729502935232517,-0.14454930647759975,0.5,-0.10550399999999993,0.07640847184933244,-31.886641839998962,nan,nan,nan,-49.572202935232525,-84.76818293084654,79.14364684357896,-7.027231926000008,9,10,7,1,157.78696000000002,0.3108796973342367,0.40761449319053283
tp_1_5x_sell_100pct,single_take_profit,1.5x触发后卖出100%当前已买入且未卖出的份额，剩余持有结算,validation,haircut_0_8,0.8,entry_lead_bin,6-12h,286,177,32,6,3614.2570460061756,-114.5054589021755,-0.031681603561845795,0.3986013986013986,-2.25725000569,-0.8763673281474669,-88.055799999736,nan,nan,nan,-280.8695389087355,-693.3803479104432,262.76370799949575,-210.11880689599982,89,89,62,25,2133.49078448,0.2130802012618169,0.4125128548434856
tp_1_5x_sell_100pct,single_take_profit,1.5x触发后卖出100%当前已买入且未卖出的份额，剩余持有结算,validation,haircut_0_8,0.8,entry_lead_bin,12-24h,527,282,36,6,8404.734643040209,1465.5072331621925,0.1743668652734622,0.5502846299810247,1.0481629800000003,0.5000000000000001,-154.60567997874,0.3153237251555734,1.1004853620353634,1.4573300443118962,1003.3980331590525,-147.26202488974673,712.9997984234898,-3036.4423797975996,223,227,168,65,7757.3042411296,0.16598368984260062,0.727351820731183
tp_1_5x_sell_100pct,single_take_profit,1.5x触发后卖出100%当前已买入且未卖出的份额，剩余持有结算,validation,haircut_0_8,0.8,entry_lead_bin,24-48h,144,82,23,6,3483.3991933362913,1564.7272788089087,0.4491955104663906,0.5416666666666666,0.5839440000000001,0.2211826601600907,-168.41334300134858,0.33657366311586956,1.2574152935373744,1.5878772367150713,1038.081286802868,-402.7847317805322,245.13526799120052,-29.591263854799745,59,68,42,19,2152.3228772919997,0.19865712095759128,0.2546388175530645
tp_1_5x_sell_100pct,single_take_profit,1.5x触发后卖出100%当前已买入且未卖出的份额，剩余持有结算,validation,haircut_0_8,0.8,entry_lead_bin,48-72h,21,13,6,6,671.2881499584394,459.8593067415608,0.6850401079924194,0.47619047619047616,-2.9997410012963828,-0.2675626244861846,-103.11460799797787,1.5377224939297203,1.693303013122,1.734405888996452,-247.2766932778643,-318.8218429761181,300.559730966917,20.05855170000011,7,12,6,3,227.21756779999993,0.8393424019909516,0.7540867097151704
tp_1_5x_sell_100pct,single_take_profit,1.5x触发后卖出100%当前已买入且未卖出的份额，剩余持有结算,validation,haircut_0_9,0.9,entry_lead_bin,0-6h,20,15,8,5,198.75227100923254,7.961030271517485,0.04005504053409118,0.55,1.2616395011700017,0.3768223068543308,-27.998322319998955,3.0903914645347004,8.637450198076788,11.217445159999084,-16.64166972848252,-60.80197222409652,53.44676831598195,29.663301280750005,10,13,10,1,155.37908000000002,0.38805329898329866,0.45828064969934523
tp_1_5x_sell_100pct,single_take_profit,1.5x触发后卖出100%当前已买入且未卖出的份额，剩余持有结算,validation,haircut_0_9,0.9,entry_lead_bin,6-12h,286,177,32,6,3614.2570460061756,44.49248567327446,0.012310271545970844,0.4825174825174825,-0.8212949941549995,-0.11432283707940662,-88.055799999736,3.3851862223196933,11.6474602348817,17.606549860616365,-106.1228638246506,-473.73197195723355,294.3095985827104,-51.12086232054992,113,108,81,25,2126.62392754,0.23523856300664922,0.41050497080771675
tp_1_5x_sell_100pct,single_take_profit,1.5x触发后卖出100%当前已买入且未卖出的份额，剩余持有结算,validation,haircut_0_9,0.9,entry_lead_bin,12-24h,527,282,36,6,8404.734643040209,2368.3739761105426,0.2817904522508328,0.5901328273244781,1.9827480029940006,0.5079679059221047,-154.60567997874,0.1953763234483128,0.6834980063925443,0.9170211638119578,1905.6497761074024,749.5950850470033,705.3553018064049,-2133.57563684925,244,264,190,67,7625.6221679178,0.17498591149465345,0.6381624937341698
tp_1_5x_sell_100pct,single_take_profit,1.5x触发后卖出100%当前已买入且未卖出的份额，剩余持有结算,validation,haircut_0_9,0.9,entry_lead_bin,24-48h,144,82,23,6,3483.3991933362913,1808.0082290045589,0.5190356110959837,0.5486111111111112,1.018501750389,0.333698920084332,-168.41334300134858,0.2918877898562431,1.0915093223198293,1.3923915733514343,1280.272702998518,-165.44960778488212,244.72048299120047,213.6896863408502,60,76,44,19,2094.6079443935,0.21522441374273002,0.2599182318604807
tp_1_5x_sell_100pct,single_take_profit,1.5x触发后卖出100%当前已买入且未卖出的份额，剩余持有结算,validation,haircut_0_9,0.9,entry_lead_bin,48-72h,21,13,6,6,671.2881499584394,467.38299399006087,0.696247943627483,0.5238095238095238,0.43828749999999994,0.5187400698152211,-103.11460799797787,1.513054623537423,1.6920749632302554,1.7419878898854948,-239.79300602936428,-323.4640683801181,305.3342078709172,27.582238948500176,8,13,7,3,226.21783108499983,0.838121807272561,0.7490270646081713
tp_1_5x_sell_100pct,single_take_profit,1.5x触发后卖出100%当前已买入且未卖出的份额，剩余持有结算,validation,sampled_1_0,1.0,entry_lead_bin,0-6h,20,15,8,5,198.75227100923254,26.210652518267473,0.13187599007132816,0.65,1.4758278799999998,0.5299999999999999,-31.40060189999896,1.0821058338869154,3.108939197100169,3.9363760561066674,-2.1520474817325272,-55.27667247734653,55.60425289598196,47.91292352749999,12,13,10,1,152.9712,0.4198277998496404,0.49059761693404225
tp_1_5x_sell_100pct,single_take_profit,1.5x触发后卖出100%当前已买入且未卖出的份额，剩余持有结算,validation,sampled_1_0,1.0,entry_lead_bin,6-12h,286,177,32,6,3614.2570460061756,369.0813896598243,0.10211819053314607,0.5244755244755245,0.32334999935099984,0.1980150888517283,-68.951105,0.45640110749875956,1.6428307304546026,2.4159535656146973,200.63223466189928,-237.25685931222466,139.19433491029577,273.468041666,125,124,94,25,2001.1858256,0.2380103153400178,0.35018807672922025
tp_1_5x_sell_100pct,single_take_profit,1.5x触发后卖出100%当前已买入且未卖出的份额，剩余持有结算,validation,sampled_1_0,1.0,entry_lead_bin,12-24h,527,282,36,6,8404.734643040209,3297.171857522792,0.3922993404976936,0.6223908918406073,2.7198799950240016,0.5249999999999998,-147.5248999936,0.14002582211471776,0.5250208604456902,0.7043717162762146,2835.482657519652,1566.0878518488612,510.75693300995454,-1204.777755437,261,297,209,67,7468.7467939825,0.17053394029026697,0.5307801620402091
tp_1_5x_sell_100pct,single_take_profit,1.5x触发后卖出100%当前已买入且未卖出的份额，剩余持有结算,validation,sampled_1_0,1.0,entry_lead_bin,24-48h,144,82,23,6,3483.3991933362913,2350.1485950702086,0.6746710510716142,0.5972222222222222,2.4067744972205003,0.4999999999999999,-115.63131298479598,0.22501771212055754,0.8384486100678136,1.1305097642091997,1821.3235350641676,379.6697720807674,120.20271764018912,755.8300524065002,67,93,55,19,2070.27191434,0.3151674173037874,0.3161545079115326
tp_1_5x_sell_100pct,single_take_profit,1.5x触发后卖出100%当前已买入且未卖出的份额，剩余持有结算,validation,sampled_1_0,1.0,entry_lead_bin,48-72h,21,13,6,6,671.2881499584394,482.2090769165608,0.7183339627645969,0.5238095238095238,0.3904000000000001,0.5125260960018261,-103.11460799797787,1.4664406662377776,1.6084842936851012,1.6661565954608393,-224.9219231028643,-293.41664957611806,279.5788885669171,42.40832187500009,8,14,7,3,219.5528006499999,0.8908170707167464,0.7707286437120136
tp_1_5x_sell_25pct,single_take_profit,1.5x触发后卖出25%当前已买入且未卖出的份额，剩余持有结算,train,haircut_0_8,0.8,entry_lead_bin,0-6h,19,16,10,5,109.53368637221331,-77.1731463242133,-0.7045608422414122,0.3157894736842105,-0.60834826,-0.5833333333333333,-29.190754998012668,nan,nan,nan,-78.92299712421331,-79.99510517044878,77.6856463242133,32.360540048000004,6,12,6,0,0,0.4466831582861011,0.7022320206941765
tp_1_5x_sell_25pct,single_take_profit,1.5x触发后卖出25%当前已买入且未卖出的份额，剩余持有结算,train,haircut_0_8,0.8,entry_lead_bin,6-12h,662,453,43,6,8427.230616539093,2536.937054007607,0.30104042115907825,0.20694864048338368,-2.896549999802,-0.7792095117674549,-146.89645500141265,0.1473103400044692,0.46387297758254264,0.7853469762391303,2163.21999401181,1360.1205088256145,326.86362663884756,-507.83243445329987,13,196,13,105,1313.6108118442999,0.1529426278908423,0.3446247871713485
tp_1_5x_sell_25pct,single_take_profit,1.5x触发后卖出25%当前已买入且未卖出的份额，剩余持有结算,train,haircut_0_8,0.8,entry_lead_bin,12-24h,852,535,46,6,12427.48385300822,5672.664985159679,0.456461263780805,0.19014084507042253,-2.9985894999999996,-0.6155466375765415,-190.816699992179,0.14647596362361665,0.39890111055336125,0.6328072555662209,4841.755915144467,3409.832622782317,332.0169234275327,-556.9154758321,20,381,20,125,2366.0560019235,0.16699829188519902,0.39762375612359596
tp_1_5x_sell_25pct,single_take_profit,1.5x触发后卖出25%当前已买入且未卖出的份额，剩余持有结算,train,haircut_0_8,0.8,entry_lead_bin,24-48h,401,275,39,6,7137.275051321499,2085.699707514901,0.29222633183076285,0.20698254364089774,-3.73813,-0.6167037966548676,-108.36965708064744,0.17677835389607918,0.6264232123957403,0.9073657951964964,1716.993146498883,779.1689966405609,757.7977288181005,-198.5190211636,5,166,5,73,1036.6755074070002,0.12201148508692025,0.36876061533119603
tp_1_5x_sell_25pct,single_take_profit,1.5x触发后卖出25%当前已买入且未卖出的份额，剩余持有结算,train,haircut_0_8,0.8,entry_lead_bin,48-72h,54,42,21,6,1202.8701166934209,-611.6628112466209,-0.5085027907485353,0.12962962962962962,-5.1685749937339995,-0.7646395562944179,-143.90685626532044,nan,nan,nan,-704.3951011865208,-839.6588111853368,645.294818745217,133.04178544680002,0,25,0,4,47.03296732,0.4134635333802645,0.46095790361888195
tp_1_5x_sell_25pct,single_take_profit,1.5x触发后卖出25%当前已买入且未卖出的份额，剩余持有结算,train,haircut_0_8,0.8,entry_lead_bin,72h+,35,31,17,4,587.28084166994,599.67211133106,1.0210993936493575,0.3142857142857143,-1.6399999999999997,-0.6133333333333333,-19.65,0.4008922467106022,1.0842594009607394,1.2293712535143746,359.268211329861,-50.528012873616944,30.338494935999876,-81.242526999,1,11,1,9,128.483195,0.3349666950636378,0.43234694261582196
tp_1_5x_sell_25pct,single_take_profit,1.5x触发后卖出25%当前已买入且未卖出的份额，剩余持有结算,train,haircut_0_9,0.9,entry_lead_bin,0-6h,19,16,10,5,109.53368637221331,-73.12807881821331,-0.6676309475215888,0.3684210526315789,-0.5593921675,-0.53125,-29.190754998012668,nan,nan,nan,-75.16721946821332,-76.86258551644879,73.8302663182133,36.405607554,7,13,7,0,0,0.4618983127242129,0.7357315708077861
tp_1_5x_sell_25pct,single_take_profit,1.5x触发后卖出25%当前已买入且未卖出的份额，剩余持有结算,train,haircut_0_9,0.9,entry_lead_bin,6-12h,662,453,43,6,8427.230616539093,2755.5916389058693,0.32698661805905815,0.20996978851963746,-2.9280625000000002,-0.6584629460853395,-146.89645500141265,0.13615015091451035,0.4302619624280234,0.7287316727109988,2380.417421410072,1569.9653726999768,293.56707522355873,-289.1778495550374,15,226,15,110,1266.1526144833374,0.15279113456069965,0.3474446534835087
tp_1_5x_sell_25pct,single_take_profit,1.5x触发后卖出25%当前已买入且未卖出的份额，剩余持有结算,train,haircut_0_9,0.9,entry_lead_bin,12-24h,852,535,46,6,12427.48385300822,5981.43693629113,0.4813071581535994,0.1936619718309859,-2.9254807633654996,-0.6064608217086389,-190.816699992179,0.13879508082383726,0.3949119024947941,0.6118304651680309,5151.242913275917,3619.2962961277676,308.5325238901464,-248.14352470065,23,424,23,129,2286.3719748051376,0.1715750261337996,0.38322348149931834
tp_1_5x_sell_25pct,single_take_profit,1.5x触发后卖出25%当前已买入且未卖出的份额，剩余持有结算,train,haircut_0_9,0.9,entry_lead_bin,24-48h,401,275,39,6,7137.275051321499,2196.135017302401,0.30769936726703234,0.20698254364089774,-3.636611375,-0.610783022062629,-107.56258008052245,0.16829378236271064,0.6063530844992344,0.8753110190722247,1826.539148661383,864.5017755843107,738.9337378130263,-88.08371137609997,5,192,5,75,1013.450588421875,0.12194101495138329,0.3594299436281111
tp_1_5x_sell_25pct,single_take_profit,1.5x触发后卖出25%当前已买入且未卖出的份额，剩余持有结算,train,haircut_0_9,0.9,entry_lead_bin,48-72h,54,42,21,6,1202.8701166934209,-608.2943223226459,-0.5057024144841099,0.12962962962962962,-4.6788975937499995,-0.7299235514242539,-140.97702487594543,nan,nan,nan,-700.069474522546,-835.6636995213619,644.511454633742,136.410274370775,0,29,0,4,47.659590059999985,0.4254636715741149,0.46912194704521926
tp_1_5x_sell_25pct,single_take_profit,1.5x触发后卖出25%当前已买入且未卖出的份额，剩余持有结算,train,haircut_0_9,0.9,entry_lead_bin,72h+,35,31,17,4,587.28084166994,578.9092395140601,0.9857451468498869,0.3142857142857143,-1.8525,-0.6082112998946547,-19.65,0.37499401492058504,1.0849376401936364,1.241393635806227,361.82173951406014,-49.17118469061688,29.624575302999887,-102.00539881599998,1,16,1,10,147.0486045625,0.30733229009642465,0.45253257703952676
tp_1_5x_sell_25pct,single_take_profit,1.5x触发后卖出25%当前已买入且未卖出的份额，剩余持有结算,train,sampled_1_0,1.0,entry_lead_bin,0-6h,19,16,10,5,109.53368637221331,-72.19811614971331,-0.6591407496719535,0.3157894736842105,-0.746010912264522,-0.498451149273651,-29.190754998012668,nan,nan,nan,-74.52654664971331,-77.13181043721931,73.08999114971331,37.335570222499996,6,14,6,0,0,0.4710729884785586,0.753084404016487
tp_1_5x_sell_25pct,single_take_profit,1.5x触发后卖出25%当前已买入且未卖出的份额，剩余持有结算,train,sampled_1_0,1.0,entry_lead_bin,6-12h,662,453,43,6,8427.230616539093,2932.513915107032,0.34798073632300347,0.21601208459214502,-2.730040002873001,-0.614096983751901,-146.89645500141265,0.12843293702906455,0.4084046169602166,0.694635809713262,2555.882540111235,1734.8616928772394,265.9582210285457,-112.2555733538748,19,251,19,114,1229.1017953187497,0.15268441264793173,0.35860443552870847
tp_1_5x_sell_25pct,single_take_profit,1.5x触发后卖出25%当前已买入且未卖出的份额，剩余持有结算,train,sampled_1_0,1.0,entry_lead_bin,12-24h,852,535,46,6,12427.48385300822,6238.360353892404,0.5019809663548536,0.19483568075117372,-2.775335468758457,-0.5993785964059601,-190.816699992179,0.13315069872437502,0.37918696118434614,0.5869292531409198,5407.718313877192,3872.8554485270415,306.751082990771,8.779892900624745,24,472,24,136,2260.0045885935,0.17183680200903043,0.38014239549710377
tp_1_5x_sell_25pct,single_take_profit,1.5x触发后卖出25%当前已买入且未卖出的份额，剩余持有结算,train,sampled_1_0,1.0,entry_lead_bin,24-48h,401,275,39,6,7137.275051321499,2255.249323583251,0.31598184284150316,0.20947630922693267,-3.435881896907022,-0.607831098758735,-142.33817830814746,0.164276815158234,0.5899307685160815,0.8541722323576397,1884.7641473172332,924.8083569264109,723.8634598811504,-28.969405095249968,6,218,6,76,1018.1896274874999,0.12080231988369058,0.36500192356666067
tp_1_5x_sell_25pct,single_take_profit,1.5x触发后卖出25%当前已买入且未卖出的份额，剩余持有结算,train,sampled_1_0,1.0,entry_lead_bin,48-72h,54,42,21,6,1202.8701166934209,-640.567982702921,-0.5325329591392488,0.12962962962962962,-4.2898334375000005,-0.6594669216032303,-146.14775608032045,nan,nan,nan,-733.042581712821,-869.4489567116369,693.5372433265171,104.13661399049998,0,32,0,5,46.152457775000016,0.44731427274731395,0.4820016584343405
tp_1_5x_sell_25pct,single_take_profit,1.5x触发后卖出25%当前已买入且未卖出的份额，剩余持有结算,train,sampled_1_0,1.0,entry_lead_bin,72h+,35,31,17,4,587.28084166994,608.7727750050601,1.0365956656682476,0.3142857142857143,-1.6378810000000001,-0.6083333333333334,-19.65,0.3947452315015263,1.0711424869472141,1.225652645313311,368.4626250038611,-43.30960919961683,28.910655669999898,-72.14186332499999,1,18,1,10,119.55888812499998,0.3249464923078847,0.43358941019871067
tp_1_5x_sell_25pct,single_take_profit,1.5x触发后卖出25%当前已买入且未卖出的份额，剩余持有结算,validation,haircut_0_8,0.8,entry_lead_bin,0-6h,20,15,8,5,198.75227100923254,-23.4590789907325,-0.11803175315487473,0.05,-4.044781008857285,-0.7308978820376668,-55.21655895999896,nan,nan,nan,-154.69296899419254,-154.69296899419254,143.07381497085098,-1.7568079814999746,0,10,0,1,39.44673999999998,0.45259588977970244,0.4541744401256302
tp_1_5x_sell_25pct,single_take_profit,1.5x触发后卖出25%当前已买入且未卖出的份额，剩余持有结算,validation,haircut_0_8,0.8,entry_lead_bin,6-12h,286,177,32,6,3614.2570460061756,43.083646269824335,0.011920470990692985,0.12237762237762238,-5.035564997508001,-0.9690918320368667,-88.055799999736,14.25946903723958,29.964852691325408,43.66300735307002,-571.2662737261182,-1247.9114676106333,535.3792493514994,-52.52970172400002,10,89,10,25,533.37269612,0.30812288139030913,0.29104881476143213
tp_1_5x_sell_25pct,single_take_profit,1.5x触发后卖出25%当前已买入且未卖出的份额，剩余持有结算,validation,haircut_0_8,0.8,entry_lead_bin,12-24h,527,282,36,6,8404.734643040209,3742.8390180103925,0.4453250669977739,0.14231499051233396,-4.508044368748332,-0.625,-154.60567997874,0.15335162352296455,0.6799400748345228,0.9941496550747844,3168.8685780134006,1197.9327760108345,539.8615046032121,-759.1105949493996,8,227,8,65,1939.3260602823998,0.13859142590153414,0.4538285427669186
tp_1_5x_sell_25pct,single_take_profit,1.5x触发后卖出25%当前已买入且未卖出的份额，剩余持有结算,validation,haircut_0_8,0.8,entry_lead_bin,24-48h,144,82,23,6,3483.3991933362913,1586.920726700009,0.45556671475832367,0.1527777777777778,-5.346727509752,-0.6947043349599773,-213.41036000620798,0.4533394617020708,1.5676330118647042,2.168606093337334,867.506938693968,-900.7885916872513,519.3906623910019,-7.397815963699576,3,68,3,19,538.0807193229996,0.22208223274137215,0.3063429054930548
tp_1_5x_sell_25pct,single_take_profit,1.5x触发后卖出25%当前已买入且未卖出的份额，剩余持有结算,validation,haircut_0_8,0.8,entry_lead_bin,48-72h,21,13,6,6,671.2881499584394,444.8153929665608,0.6626295920672816,0.14285714285714285,-11.783359997262801,-0.8168906561215461,-103.11460799797787,1.597013078350973,2.0216141646446575,2.0216141646446575,-265.56060705286427,-454.429706106618,389.84653609741684,5.014637925000113,0,12,0,3,56.80439194999989,0.5930192787315122,0.7252363476082039
tp_1_5x_sell_25pct,single_take_profit,1.5x触发后卖出25%当前已买入且未卖出的份额，剩余持有结算,validation,haircut_0_9,0.9,entry_lead_bin,0-6h,20,15,8,5,198.75227100923254,-14.286445689045003,-0.07188066640195201,0.05,-4.073583876832,-0.6557944232864172,-54.24447907999896,nan,nan,nan,-146.12230569250502,-146.12230569250502,135.63758546585098,7.415825320187522,0,13,0,1,38.84476999999998,0.4707078393770095,0.4716569457004436
tp_1_5x_sell_25pct,single_take_profit,1.5x触发后卖出25%当前已买入且未卖出的份额，剩余持有结算,validation,haircut_0_9,0.9,entry_lead_bin,6-12h,286,177,32,6,3614.2570460061756,82.83313241368678,0.022918439767647132,0.12237762237762238,-4.540640957303519,-0.7785807092698516,-88.055799999736,7.4203781320405735,15.5841182794285,22.6151849465357,-531.8200319572558,-1208.0482005767708,510.070943449094,-12.780215580137577,10,108,10,25,531.6559818850001,0.3153998834154262,0.2925468712853748
tp_1_5x_sell_25pct,single_take_profit,1.5x触发后卖出25%当前已买入且未卖出的份额，剩余持有结算,validation,haircut_0_9,0.9,entry_lead_bin,12-24h,527,282,36,6,8404.734643040209,3968.5557037474796,0.47218096374211654,0.14231499051233396,-4.444959369175,-0.6215909090909091,-154.60567997874,0.14483796648090758,0.6406337764388179,0.9368473563366825,3393.7581657504875,1426.1648762479213,529.3578339540993,-533.3939092123121,8,264,8,67,1906.4055419794497,0.13964262238159958,0.4408161742029658
tp_1_5x_sell_25pct,single_take_profit,1.5x触发后卖出25%当前已买入且未卖出的份额，剩余持有结算,validation,haircut_0_9,0.9,entry_lead_bin,24-48h,144,82,23,6,3483.3991933362913,1647.7409642489215,0.47302673991572197,0.1527777777777778,-5.4801294375000005,-0.6665752699789169,-212.73640500620797,0.43677142652946704,1.5108235416402405,2.0968588627787472,928.0547927428805,-841.7048750633389,505.92598892418937,53.42242158521299,3,76,3,19,523.6519860983746,0.22029155087869964,0.3076796807467023
tp_1_5x_sell_25pct,single_take_profit,1.5x触发后卖出25%当前已买入且未卖出的份额，剩余持有结算,validation,haircut_0_9,0.9,entry_lead_bin,48-72h,21,13,6,6,671.2881499584394,446.6963147786858,0.6654315509760474,0.14285714285714285,-10.956250000499995,-0.6203149825461948,-103.11460799797787,1.5903108588916464,2.013661191043362,2.013661191043362,-263.68968524073927,-452.7987184732431,388.1746644640422,6.89555973712511,0,13,0,3,56.5544577712499,0.5950927130260463,0.7263622652912526
tp_1_5x_sell_25pct,single_take_profit,1.5x触发后卖出25%当前已买入且未卖出的份额，剩余持有结算,validation,sampled_1_0,1.0,entry_lead_bin,0-6h,20,15,8,5,198.75227100923254,-9.724040127357512,-0.048925429017642796,0.1,-3.670368751832,-0.6174999999999999,-55.09504897499896,nan,nan,nan,-142.16187013081753,-142.32457013081753,133.23784654585097,11.978230881875014,1,13,1,1,38.24279999999999,0.48030338621911667,0.48090735502977705
tp_1_5x_sell_25pct,single_take_profit,1.5x触发后卖出25%当前已买入且未卖出的份额，剩余持有结算,validation,sampled_1_0,1.0,entry_lead_bin,6-12h,286,177,32,6,3614.2570460061756,163.98035841032427,0.04537041951444094,0.13286713286713286,-4.22201999716,-0.7004962277870679,-74.430799999736,3.7501833433437883,8.027568979063647,11.596466685284927,-450.9760503356183,-1152.3832799401334,500.39915390563147,68.36701041649992,13,124,13,25,500.29645640000007,0.3263357633290343,0.31131271747151973
tp_1_5x_sell_25pct,single_take_profit,1.5x触发后卖出25%当前已买入且未卖出的份额，剩余持有结算,validation,sampled_1_0,1.0,entry_lead_bin,12-24h,527,282,36,6,8404.734643040209,4200.755174100543,0.49980818580383185,0.14800759013282733,-4.111010008170998,-0.6171265780228534,-147.5248999936,0.13656322190207734,0.6049721818276889,0.8954283055641717,3627.0865131035507,1659.4151511009845,477.35459721269876,-301.19443885924954,11,297,11,67,1867.1866984956246,0.1490079921194195,0.43426644462019076
tp_1_5x_sell_25pct,single_take_profit,1.5x触发后卖出25%当前已买入且未卖出的份额，剩余持有结算,validation,sampled_1_0,1.0,entry_lead_bin,24-48h,144,82,23,6,3483.3991933362913,1783.276055765334,0.5119355999096296,0.1527777777777778,-5.623317554624499,-0.625,-198.58335000620798,0.40372804461676814,1.3951926068560776,1.9399610099055762,1063.317500759293,-704.7375132219265,482.0782463686269,188.95751310162544,3,93,3,19,517.5679785849995,0.21852736500106354,0.33048727225789587
tp_1_5x_sell_25pct,single_take_profit,1.5x触发后卖出25%当前已买入且未卖出的份额，剩余持有结算,validation,sampled_1_0,1.0,entry_lead_bin,48-72h,21,13,6,6,671.2881499584394,450.40283551031087,0.670953055760326,0.14285714285714285,-11.369747497262802,-0.6218684759995434,-103.11460799797787,1.5771986630913715,2.0007895595054466,2.0007895595054466,-259.9719145091143,-450.7584553503681,387.273779341167,10.602080468750197,0,14,0,3,54.8882001624998,0.5946057315134664,0.7253369567578778
tp_1_5x_sell_50pct,single_take_profit,1.5x触发后卖出50%当前已买入且未卖出的份额，剩余持有结算,train,haircut_0_8,0.8,entry_lead_bin,0-6h,19,16,10,5,109.53368637221331,-44.8126062762133,-0.40912168448282443,0.42105263157894735,-0.21669951999999992,-0.16666666666666646,-29.190754998012668,nan,nan,nan,-49.4491923137193,-58.3351819137193,51.409982315719304,64.72108009600001,8,12,8,0,0,0.504540389906674,0.731712634153822
tp_1_5x_sell_50pct,single_take_profit,1.5x触发后卖出50%当前已买入且未卖出的份额，剩余持有结算,train,haircut_0_8,0.8,entry_lead_bin,6-12h,662,453,43,6,8427.230616539093,2029.1046195543072,0.2407795291103144,0.33081570996978854,-1.2595984058203076,-0.55841902353491,-146.89645500141265,0.1521271091796139,0.49031561349231534,0.7958877579685908,1720.4227995585102,1034.2029431774458,296.71273709068237,-1015.6648689065997,95,196,95,105,2627.2216236885997,0.14547244873456305,0.33426919709061836
tp_1_5x_sell_50pct,single_take_profit,1.5x触发后卖出50%当前已买入且未卖出的份额，剩余持有结算,train,haircut_0_8,0.8,entry_lead_bin,12-24h,852,535,46,6,12427.48385300822,5115.74950932758,0.41164805119334374,0.3028169014084507,-1.258551842994938,-0.2310932751530829,-190.816699992179,0.1517502505937303,0.3708897028626539,0.5689223222768256,4339.433239312367,3218.3706938933065,297.44148759452173,-1113.8309516641998,116,381,116,125,4732.112003847,0.16455405111982,0.385291600623365
tp_1_5x_sell_50pct,single_take_profit,1.5x触发后卖出50%当前已买入且未卖出的份额，剩余持有结算,train,haircut_0_8,0.8,entry_lead_bin,24-48h,401,275,39,6,7137.275051321499,1887.1806863513013,0.26441193211432723,0.28428927680798005,-1.3577488350320213,-0.23340759330973518,-85.18662199687677,0.14160584918671631,0.5649141302391886,0.8092139650822296,1619.9448626917551,821.0856503169609,628.8639776053008,-397.03804232719983,36,166,36,73,2073.351014814,0.11312254775825706,0.3891572493659918
tp_1_5x_sell_50pct,single_take_profit,1.5x触发后卖出50%当前已买入且未卖出的份额，剩余持有结算,train,haircut_0_8,0.8,entry_lead_bin,48-72h,54,42,21,6,1202.8701166934209,-478.6210257998209,-0.39789917394864377,0.16666666666666666,-4.77148840749285,-0.5292791125888359,-120.46820515032044,nan,nan,nan,-546.7622384197209,-660.1995504185369,501.5206657998208,266.08357089360004,2,25,2,4,94.06593464000001,0.32958728163247797,0.45155329283394924
tp_1_5x_sell_50pct,single_take_profit,1.5x触发后卖出50%当前已买入且未卖出的份额，剩余持有结算,train,haircut_0_8,0.8,entry_lead_bin,72h+,35,31,17,4,587.28084166994,518.42958433206,0.8827626367955397,0.34285714285714286,-0.8027431199999997,-0.2266666666666666,-19.65,0.4637156274770338,1.0305508797169112,1.1741931375096342,278.025684330861,-15.838479872616972,24.627137871999878,-162.485053998,2,11,2,9,256.96639,0.40221044690625846,0.498773052071188
tp_1_5x_sell_50pct,single_take_profit,1.5x触发后卖出50%当前已买入且未卖出的份额，剩余持有结算,train,haircut_0_9,0.9,entry_lead_bin,0-6h,19,16,10,5,109.53368637221331,-36.722471264213304,-0.33526189504317755,0.47368421052631576,-0.11878733499999994,-0.062499999999999944,-29.190754998012668,nan,nan,nan,-42.6657855517193,-53.10800735171931,49.048553086579666,72.811215108,9,13,9,0,0,0.47263909607439786,0.710554036019421
tp_1_5x_sell_50pct,single_take_profit,1.5x触发后卖出50%当前已买入且未卖出的份额，剩余持有结算,train,haircut_0_9,0.9,entry_lead_bin,6-12h,662,453,43,6,8427.230616539093,2466.4137893508323,0.2926719229102743,0.33534743202416917,-1.14065,-0.31692589217067896,-146.89645500141265,0.12633570909357025,0.41552466266048016,0.6691784111990782,2154.8176543550353,1441.558031549671,263.2810559900772,-578.3556991100749,98,226,98,110,2532.305228966675,0.14702462407279432,0.33969703481375085
tp_1_5x_sell_50pct,single_take_profit,1.5x触发后卖出50%当前已买入且未卖出的份额，剩余持有结算,train,haircut_0_9,0.9,entry_lead_bin,12-24h,852,535,46,6,12427.48385300822,5733.29341159048,0.46133983993893246,0.31572769953051644,-1.1623232499999998,-0.21292164341727773,-190.816699992179,0.13515550668463885,0.35386079476570065,0.5322880968218203,4958.407235575267,3704.5056483401177,295.4948057957713,-496.2870494013001,127,424,127,129,4572.743949610275,0.15994488534293602,0.3547077946566363
tp_1_5x_sell_50pct,single_take_profit,1.5x触发后卖出50%当前已买入且未卖出的份额，剩余持有结算,train,haircut_0_9,0.9,entry_lead_bin,24-48h,401,275,39,6,7137.275051321499,2108.0513059263017,0.2953580029868663,0.2967581047381546,-1.3369999860000004,-0.22156604412525796,-85.18662199687677,0.1502648552903012,0.5295412377220702,0.7542193586049178,1791.2852814967555,991.7512082044614,603.7112701657543,-176.16742275219977,41,192,41,75,2026.90117684375,0.11184219207430382,0.36488899383081835
tp_1_5x_sell_50pct,single_take_profit,1.5x触发后卖出50%当前已买入且未卖出的份额，剩余持有结算,train,haircut_0_9,0.9,entry_lead_bin,48-72h,54,42,21,6,1202.8701166934209,-471.8840479518709,-0.39229842141979276,0.2037037037037037,-3.3522682362499987,-0.45984710284850766,-114.60854237157044,nan,nan,nan,-538.1109850917709,-652.2026445905869,499.84571757546684,272.82054874155,4,29,4,4,95.31918012,0.35810048924624915,0.4342743325924876
tp_1_5x_sell_50pct,single_take_profit,1.5x触发后卖出50%当前已买入且未卖出的份额，剩余持有结算,train,haircut_0_9,0.9,entry_lead_bin,72h+,35,31,17,4,587.28084166994,476.9038406980601,0.8120541431965982,0.37142857142857144,-1.0111024999999993,-0.21642259978930953,-19.65,0.4060658113336657,1.0282492524843105,1.199950352396071,283.24949569686106,-13.472177006616903,23.1992986059999,-204.01079763199996,3,16,3,10,294.09720912499995,0.3374795292823446,0.45702302666553885
tp_1_5x_sell_50pct,single_take_profit,1.5x触发后卖出50%当前已买入且未卖出的份额，剩余持有结算,train,sampled_1_0,1.0,entry_lead_bin,0-6h,19,16,10,5,109.53368637221331,-34.86254592721331,-0.31828149934390687,0.5263157894736842,0.01458054289356614,0.003097701452698104,-29.190754998012668,nan,nan,nan,-42.11258846471931,-54.11104246471931,50.28993346671931,74.67114044499999,10,14,10,0,0,0.459529619676231,0.7039770213929066
tp_1_5x_sell_50pct,single_take_profit,1.5x触发后卖出50%当前已买入且未卖出的份额，剩余持有结算,train,sampled_1_0,1.0,entry_lead_bin,6-12h,662,453,43,6,8427.230616539093,2820.258341753157,0.33466015943816485,0.338368580060423,-1.105,-0.2281939675038019,-146.89645500141265,0.11151831211331083,0.3716810114855812,0.6000404744862441,2505.74789175736,1772.0218686396956,221.30419120632723,-224.51114670774993,100,251,100,114,2458.2035906375,0.14719364529750686,0.3520639488715603
tp_1_5x_sell_50pct,single_take_profit,1.5x触发后卖出50%当前已买入且未卖出的份额，剩余持有结算,train,sampled_1_0,1.0,entry_lead_bin,12-24h,852,535,46,6,12427.48385300822,6247.140246793029,0.5026874563414407,0.3333333333333333,-1.0,-0.1987571928119204,-190.816699992179,0.12418197437034664,0.3252274496234269,0.4889079901719657,5471.358036777816,4215.398756888667,291.93192399702184,17.559785801249646,142,472,142,136,4520.009177187,0.15944541569812667,0.35000569746626986
tp_1_5x_sell_50pct,single_take_profit,1.5x触发后卖出50%当前已买入且未卖出的份额，剩余持有结算,train,sampled_1_0,1.0,entry_lead_bin,24-48h,401,275,39,6,7137.275051321499,2226.2799184880014,0.31192295413580784,0.3092269326683292,-1.1675,-0.21566219751746998,-138.15396862064745,0.14225458400336058,0.5003483786332971,0.7171408513979278,1909.5813948084551,1112.3643708886611,576.193851477005,-57.93881019049997,46,218,46,76,2036.379254975,0.1188448473734203,0.3765343886180626
tp_1_5x_sell_50pct,single_take_profit,1.5x触发后卖出50%当前已买入且未卖出的份额，剩余持有结算,train,sampled_1_0,1.0,entry_lead_bin,48-72h,54,42,21,6,1202.8701166934209,-536.431368712421,-0.4459595107300707,0.18518518518518517,-2.860091500208,-0.31893384320646034,-124.95000478032044,nan,nan,nan,-604.0571994723209,-719.784277421137,597.897294961017,208.27322798100002,3,32,3,5,92.30491555,0.410390562813888,0.46338466815436874
tp_1_5x_sell_50pct,single_take_profit,1.5x触发后卖出50%当前已买入且未卖出的份额，剩余持有结算,train,sampled_1_0,1.0,entry_lead_bin,72h+,35,31,17,4,587.28084166994,536.6309116800601,0.9137551808333195,0.4,-1.0279409999999551,-0.2166666666666667,-19.65,0.44763802228451627,1.0044191705565235,1.170098210031997,296.41451167886106,-2.3714635246168427,21.771459339999893,-144.28372665,4,18,4,10,239.11777625,0.3747268077271674,0.502774115190782
tp_1_5x_sell_50pct,single_take_profit,1.5x触发后卖出50%当前已买入且未卖出的份额，剩余持有结算,validation,haircut_0_8,0.8,entry_lead_bin,0-6h,20,15,8,5,198.75227100923254,-25.215886972232532,-0.1268709375957832,0.2,-1.8173469992774995,-0.4617957640753338,-47.439919919998964,nan,nan,nan,-117.00303697569254,-123.78644096431054,118.29571893085095,-3.5136159630000057,3,10,3,1,78.89348000000001,0.43863032837898,0.4402768989651125
tp_1_5x_sell_50pct,single_take_profit,1.5x触发后卖出50%当前已买入且未卖出的份额，剩余持有结算,validation,haircut_0_8,0.8,entry_lead_bin,6-12h,286,177,32,6,3614.2570460061756,-9.446055454175646,-0.002613553860153284,0.22727272727272727,-3.261666391677,-0.9381836640737335,-88.055799999736,nan,nan,nan,-452.9394304501182,-1006.4047122146333,387.8700855129885,-105.059403448,40,89,40,25,1066.74539224,0.30062163207882153,0.29121083937683956
tp_1_5x_sell_50pct,single_take_profit,1.5x触发后卖出50%当前已买入且未卖出的份额，剩余持有结算,validation,haircut_0_8,0.8,entry_lead_bin,12-24h,527,282,36,6,8404.734643040209,2983.728423060992,0.3550056664230033,0.24857685009487665,-2.3427999999999987,-0.24999999999999992,-154.60567997874,0.17585455162125732,0.7183960944409791,1.0250826789068368,2459.026199064,840.2295770614342,584.2798892103116,-1518.2211898987998,64,227,64,65,3878.6521205648,0.1288997420771295,0.5335081321739423
tp_1_5x_sell_50pct,single_take_profit,1.5x触发后卖出50%当前已买入且未卖出的份额，剩余持有结算,validation,haircut_0_8,0.8,entry_lead_bin,24-48h,144,82,23,6,3483.3991933362913,1579.5229107363089,0.45344297999434596,0.20833333333333334,-3.212199054470772,-0.38940866991995465,-168.41334300134858,0.41478211651936925,1.4336638426686836,1.929149140810183,924.365054730268,-684.9819750531319,351.7483167570019,-14.795631927399805,11,68,11,19,1076.1614386459999,0.2172488940748421,0.2462048507358916
tp_1_5x_sell_50pct,single_take_profit,1.5x触发后卖出50%当前已买入且未卖出的份额，剩余持有结算,validation,haircut_0_8,0.8,entry_lead_bin,48-72h,21,13,6,6,671.2881499584394,449.83003089156085,0.6700997640423276,0.14285714285714285,-5.7835480017780005,-0.6337813122430923,-103.11460799797787,1.5768089084972918,1.872797833113689,1.872797833113689,-259.4659691278643,-392.61067623161813,343.16009222241706,10.029275850000175,0,12,0,3,113.60878389999984,0.676693922171149,0.7455636238501993
tp_1_5x_sell_50pct,single_take_profit,1.5x触发后卖出50%当前已买入且未卖出的份额，剩余持有结算,validation,haircut_0_9,0.9,entry_lead_bin,0-6h,20,15,8,5,198.75227100923254,-6.870620368857523,-0.0345687640899377,0.35,-1.3664412481959998,-0.3115888465728346,-45.49576015999896,nan,nan,nan,-99.86171037231753,-109.80913486093553,103.42325992085097,14.831650640375,6,13,6,1,77.68954000000001,0.4812906083183952,0.483097267292915
tp_1_5x_sell_50pct,single_take_profit,1.5x触发后卖出50%当前已买入且未卖出的份额，剩余持有结算,validation,haircut_0_9,0.9,entry_lead_bin,6-12h,286,177,32,6,3614.2570460061756,70.05291683354939,0.01938238369375505,0.23076923076923078,-2.937256999999999,-0.5571614185397034,-88.055799999736,6.339491399068433,14.228259721843706,20.630900365083065,-374.04694691239325,-926.6781781469083,335.2670119498064,-25.56043116027497,41,108,41,25,1063.3119637700001,0.31586104722636277,0.29539392475188114
tp_1_5x_sell_50pct,single_take_profit,1.5x触发后卖出50%当前已买入且未卖出的份额，剩余持有结算,validation,haircut_0_9,0.9,entry_lead_bin,12-24h,527,282,36,6,8404.734643040209,3435.1617945351672,0.4087174599116887,0.2675521821631879,-2.1109812454989987,-0.24318181818181814,-154.60567997874,0.15322609282460783,0.6225232303181595,0.8870222278745318,2908.8053745381753,1296.6937775356091,563.2725479120868,-1066.7878184246247,74,264,74,67,3812.8110839589,0.13554674763384048,0.49485057891913
tp_1_5x_sell_50pct,single_take_profit,1.5x触发后卖出50%当前已买入且未卖出的份额，剩余持有结算,validation,haircut_0_9,0.9,entry_lead_bin,24-48h,144,82,23,6,3483.3991933362913,1701.1633858341338,0.4883630303091425,0.2222222222222222,-2.9448947440935,-0.333150539957834,-168.41334300134858,0.3854436490146591,1.3328983081643422,1.8072831013803143,1045.4607628280928,-566.3144130553073,324.81896982337685,106.8448431704252,13,76,13,19,1047.3039721967498,0.2209372166043997,0.24207981113102786
tp_1_5x_sell_50pct,single_take_profit,1.5x触发后卖出50%当前已买入且未卖出的份额，剩余持有结算,validation,haircut_0_9,0.9,entry_lead_bin,48-72h,21,13,6,6,671.2881499584394,453.5918745158109,0.6757036818598594,0.19047619047619047,-3.469999999999999,-0.24062996509238946,-103.11460799797787,1.5637758078814536,1.8628598150752929,1.8628598150752929,-255.72412550361423,-391.3862009643681,339.816348955667,13.791119474250186,1,13,1,3,113.10891554249983,0.6831400444028491,0.7447083449200276
tp_1_5x_sell_50pct,single_take_profit,1.5x触发后卖出50%当前已买入且未卖出的份额，剩余持有结算,validation,sampled_1_0,1.0,entry_lead_bin,0-6h,20,15,8,5,198.75227100923254,2.2541907545174684,0.011341710678680776,0.4,-0.5249913100000001,-0.23500000000000004,-47.196899949998965,41.78662777969887,47.960901164253805,48.53786542463797,-91.94083924894254,-105.85882922826954,98.92111707357898,23.956461763749992,7,13,7,1,76.4856,0.497849191407196,0.5054059006128849
tp_1_5x_sell_50pct,single_take_profit,1.5x触发后卖出50%当前已买入且未卖出的份额，剩余持有结算,validation,sampled_1_0,1.0,entry_lead_bin,6-12h,286,177,32,6,3614.2570460061756,232.34736882682424,0.06428634318734264,0.24825174825174826,-2.4698455050861874,-0.4009924555741358,-68.951105,1.9139719754149493,4.509178266104395,6.463886650749189,-212.35898366911837,-815.3483368736335,361.79513141228847,136.73402083299987,46,124,46,25,1000.5929128000001,0.34296089455533063,0.34739339748568726
tp_1_5x_sell_50pct,single_take_profit,1.5x触发后卖出50%当前已买入且未卖出的份额，剩余持有结算,validation,sampled_1_0,1.0,entry_lead_bin,12-24h,527,282,36,6,8404.734643040209,3899.5607352412917,0.463971904035119,0.27893738140417457,-1.9120500000000016,-0.23425315604570693,-147.5248999936,0.13439941100559946,0.5653010618250316,0.8060506090149511,3375.4620692442995,1695.1349109581888,453.0526234769586,-602.3888777185001,80,297,80,67,3734.37339699125,0.14419154628719325,0.4743220168777352
tp_1_5x_sell_50pct,single_take_profit,1.5x触发后卖出50%当前已买入且未卖出的份额，剩余持有结算,validation,sampled_1_0,1.0,entry_lead_bin,24-48h,144,82,23,6,3483.3991933362913,1972.2335688669589,0.5661807502969578,0.25,-3.079736409070772,-0.25000000000000006,-147.66006298479599,0.33274324114818343,1.1489451998787565,1.5633520470622004,1315.9861788609178,-293.75472312248235,277.12348471225187,377.91502620325025,17,93,17,19,1035.1359571699998,0.23568305332232112,0.2404953067128858
tp_1_5x_sell_50pct,single_take_profit,1.5x触发后卖出50%当前已买入且未卖出的份额，剩余持有结算,validation,sampled_1_0,1.0,entry_lead_bin,48-72h,21,13,6,6,671.2881499584394,461.0049159790608,0.6867466914284163,0.14285714285714285,-5.8375000005,-0.24373695199908696,-103.11460799797787,1.5385812069119926,1.8357138099078694,1.8357138099078694,-248.2885840403643,-385.26817471911806,338.01457870991703,21.20416093750012,0,14,0,3,109.77640032499988,0.6819202029667973,0.7452603627832327
tp_1_5x_sell_75pct,single_take_profit,1.5x触发后卖出75%当前已买入且未卖出的份额，剩余持有结算,train,haircut_0_8,0.8,entry_lead_bin,0-6h,19,16,10,5,109.53368637221331,-12.452066228213301,-0.1136825267242367,0.7894736842105263,0.9588748388935668,0.25000000000000017,-29.190754998012668,nan,nan,nan,-22.3155652657193,-38.3740536657193,47.33972578657967,97.08162014400001,15,12,11,0,0,0.360727880943383,0.5746270293507476
tp_1_5x_sell_75pct,single_take_profit,1.5x触发后卖出75%当前已买入且未卖出的份额，剩余持有结算,train,haircut_0_8,0.8,entry_lead_bin,6-12h,662,453,43,6,8427.230616539093,1521.2721851010072,0.18051863706155052,0.4773413897280967,-0.31792137099999995,-0.33762853530236503,-146.89645500141265,0.16015975469874233,0.5473394138295588,0.841256790570857,1277.62560510521,688.6199590326098,308.5120406388278,-1523.4973033598997,192,196,145,105,3940.8324355328996,0.13364101410516,0.2993066246276254
tp_1_5x_sell_75pct,single_take_profit,1.5x触发后卖出75%当前已买入且未卖出的份额，剩余持有结算,train,haircut_0_8,0.8,entry_lead_bin,12-24h,852,535,46,6,12427.48385300822,4558.83403349548,0.3668348386058824,0.5727699530516432,0.4927440000000003,0.15293173593674103,-190.816699992179,0.15831317058538155,0.35843187634503865,0.5317362820740238,3837.110563480267,2924.8025969240744,288.07693898464345,-1670.7464274963,346,381,268,125,7098.1680057705,0.16047536711101976,0.36746741950359874
tp_1_5x_sell_75pct,single_take_profit,1.5x触发后卖出75%当前已买入且未卖出的份额，剩余持有结算,train,haircut_0_8,0.8,entry_lead_bin,24-48h,401,275,39,6,7137.275051321499,1688.6616651877014,0.23659753239789155,0.5960099750623441,0.6361140029200005,0.1487804878048781,-85.18662199687677,0.13757158416557275,0.49271305102008184,0.729729005731571,1456.3498047881553,856.6360239924171,521.3841450561047,-595.5570634907998,161,166,109,73,3110.026522221,0.12528034571314164,0.41738592360820026
tp_1_5x_sell_75pct,single_take_profit,1.5x触发后卖出75%当前已买入且未卖出的份额，剩余持有结算,train,haircut_0_8,0.8,entry_lead_bin,48-72h,54,42,21,6,1202.8701166934209,-345.5792403530209,-0.2872955571487522,0.42592592592592593,-1.312933,-0.29391866888325396,-97.02955403532043,nan,nan,nan,-392.9086103518369,-509.640342058402,362.66190285302093,399.12535634040006,16,25,14,4,141.09890196,0.21453590504288106,0.4543571363492638
tp_1_5x_sell_75pct,single_take_profit,1.5x触发后卖出75%当前已买入且未卖出的份额，剩余持有结算,train,haircut_0_8,0.8,entry_lead_bin,72h+,35,31,17,4,587.28084166994,437.18705733306007,0.7444258799417218,0.7142857142857143,0.6364300000000016,0.16,-19.65,0.5498879620721555,0.9700737592549181,1.107325497386595,196.78315733186105,13.083365128383093,19.650000000000006,-243.727580997,15,11,8,9,385.449585,0.4890176298595089,0.5938792481061143
tp_1_5x_sell_75pct,single_take_profit,1.5x触发后卖出75%当前已买入且未卖出的份额，剩余持有结算,train,haircut_0_9,0.9,entry_lead_bin,0-6h,19,16,10,5,109.53368637221331,-0.31686371021330595,-0.0028928425647663444,0.7894736842105263,1.667095560893566,0.4062500000000001,-29.190754998012668,nan,nan,nan,-12.140455122719308,-32.801813072719305,47.00980498657967,109.216822662,15,13,12,0,0,0.31246104510254313,0.5016995669665227
tp_1_5x_sell_75pct,single_take_profit,1.5x触发后卖出75%当前已买入且未卖出的份额，剩余持有结算,train,haircut_0_9,0.9,entry_lead_bin,6-12h,662,453,43,6,8427.230616539093,2177.235939795795,0.25835722776149034,0.5045317220543807,0.013175133500000095,0.017243583703298922,-146.89645500141265,0.11391418263978266,0.4026807100856798,0.616846069581086,1929.2178872999978,1300.505025534762,265.534886963203,-867.5335486651122,210,226,167,110,3798.457843450012,0.137494618159682,0.31495879263669324
tp_1_5x_sell_75pct,single_take_profit,1.5x触发后卖出75%当前已买入且未卖出的份额，剩余持有结算,train,haircut_0_9,0.9,entry_lead_bin,12-24h,852,535,46,6,12427.48385300822,5485.14988688983,0.44137252172426555,0.602112676056338,0.7340437500000032,0.17849228921804478,-190.816699992179,0.1311866300563804,0.32483382736627153,0.47465371940905543,4765.571557874617,3703.387655453735,287.7442521096432,-744.4305741019498,371,424,283,129,6859.115924415412,0.15348302085659454,0.31584970243150684
tp_1_5x_sell_75pct,single_take_profit,1.5x触发后卖出75%当前已买入且未卖出的份额，剩余持有结算,train,haircut_0_9,0.9,entry_lead_bin,24-48h,401,275,39,6,7137.275051321499,2019.9675945502015,0.2830166387067002,0.6234413965087282,0.8638436610000002,0.16437500000000005,-85.18662199687677,0.15178815857331623,0.45000351549151724,0.6478241301779739,1713.3604329956554,1110.975075823667,510.18665023537915,-264.2511341282997,172,192,125,75,3040.3517652656246,0.1498077134181493,0.39658066310008044
tp_1_5x_sell_75pct,single_take_profit,1.5x触发后卖出75%当前已买入且未卖出的份额，剩余持有结算,train,haircut_0_9,0.9,entry_lead_bin,48-72h,54,42,21,6,1202.8701166934209,-335.47377358109594,-0.2788944283554757,0.46296296296296297,-0.44944325020800036,-0.18977065427276155,-88.24005986719544,nan,nan,nan,-393.543925814761,-518.313539143477,355.17998051719195,409.230823112325,18,29,14,4,142.97877018,0.2553989920900275,0.39569619486417074
tp_1_5x_sell_75pct,single_take_profit,1.5x触发后卖出75%当前已买入且未卖出的份额，剩余持有结算,train,haircut_0_9,0.9,entry_lead_bin,72h+,35,31,17,4,587.28084166994,374.8984418820601,0.6383631395433095,0.6857142857142857,0.5836611434999996,0.17536610031603567,-19.65,0.45420185436451493,0.9847006154557785,1.146406840095149,204.6188743808611,5.735715427383127,19.650000000000006,-306.01619644799996,14,16,13,10,441.1458136875,0.38038833035614933,0.5284064050126612
tp_1_5x_sell_75pct,single_take_profit,1.5x触发后卖出75%当前已买入且未卖出的份额，剩余持有结算,train,sampled_1_0,1.0,entry_lead_bin,0-6h,19,16,10,5,109.53368637221331,2.473024295286689,0.022577750984139708,0.7368421052631579,1.7123464817313128,0.5046465521790472,-29.190754998012668,5.5736143853403215,15.789538081743475,20.85566967636757,-11.310659492219312,-36.574886992219305,46.91230498657967,112.0067106675,14,14,12,0,0,0.31284293493037435,0.48762293357375497
tp_1_5x_sell_75pct,single_take_profit,1.5x触发后卖出75%当前已买入且未卖出的份额，剩余持有结算,train,sampled_1_0,1.0,entry_lead_bin,6-12h,662,453,43,6,8427.230616539093,2708.002768399282,0.32133958255332623,0.5498489425981873,0.370625001999999,0.1482282055346356,-146.89645500141265,0.09320135412748712,0.3407199268683517,0.5217683862039957,2455.6132434034853,1785.3322631909848,202.56958978757757,-336.7667200616248,240,251,179,114,3687.3053859562497,0.1384553746282497,0.3391268170970781
tp_1_5x_sell_75pct,single_take_profit,1.5x触发后卖出75%当前已买入且未卖出的份额，剩余持有结算,train,sampled_1_0,1.0,entry_lead_bin,12-24h,852,535,46,6,12427.48385300822,6255.920139693654,0.503393946328028,0.653755868544601,1.09110875,0.2003036858736284,-190.816699992179,0.11523842439115851,0.28527978294206435,0.4169598787918272,5534.997759678441,4471.232600138959,284.9872652346435,26.33967870187476,415,472,325,136,6780.0137657805,0.1459442004837397,0.3053598646064377
tp_1_5x_sell_75pct,single_take_profit,1.5x触发后卖出75%当前已买入且未卖出的份额，剩余持有结算,train,sampled_1_0,1.0,entry_lead_bin,24-48h,401,275,39,6,7137.275051321499,2197.310513392751,0.30786406543011247,0.655860349127182,1.1353000002960023,0.17499999999999985,-133.96975893314743,0.13949139575921227,0.41231975318039416,0.5982643329267228,1890.804602963205,1291.3159848499668,468.9105222022549,-86.90821528574993,185,218,147,76,3054.5688824625,0.1584853441388055,0.40544673521452906
tp_1_5x_sell_75pct,single_take_profit,1.5x触发后卖出75%当前已买入且未卖出的份额，剩余持有结算,train,sampled_1_0,1.0,entry_lead_bin,48-72h,54,42,21,6,1202.8701166934209,-432.2947547219209,-0.35938606232089243,0.5,-0.034525000000000014,0.021599235190309422,-113.9937600968349,nan,nan,nan,-481.79341722073696,-574.4736681556369,502.2573465955168,312.40984197150004,20,32,15,5,138.457373325,0.33256695755540966,0.4757424057850135
tp_1_5x_sell_75pct,single_take_profit,1.5x触发后卖出75%当前已买入且未卖出的份额，剩余持有结算,train,sampled_1_0,1.0,entry_lead_bin,72h+,35,31,17,4,587.28084166994,464.4890483550601,0.7909146959983916,0.6571428571428571,0.83,0.17500000000000004,-19.65,0.5169608429984917,0.955012856117094,1.1060993967761867,224.3663983538611,20.89603565038317,19.650000000000006,-216.42558997499998,13,18,11,10,358.676664375,0.44174307001946994,0.5948573693308321
tp_1_5x_sell_75pct,single_take_profit,1.5x触发后卖出75%当前已买入且未卖出的份额，剩余持有结算,validation,haircut_0_8,0.8,entry_lead_bin,0-6h,20,15,8,5,198.75227100923254,-26.972694953732532,-0.1357101220366915,0.5,-0.5666980000000001,-0.19269364611300077,-39.663280879998965,nan,nan,nan,-79.31310495719252,-102.51023093651952,97.21835288357896,-5.270423944500008,9,10,7,1,118.34022000000002,0.39288963082645134,0.4099253639955987
tp_1_5x_sell_75pct,single_take_profit,1.5x触发后卖出75%当前已买入且未卖出的份额，剩余持有结算,validation,haircut_0_8,0.8,entry_lead_bin,6-12h,286,177,32,6,3614.2570460061756,-61.97575717817547,-0.01714757871099951,0.3881118881118881,-2.9278100059089995,-0.9072754961106002,-88.055799999736,nan,nan,nan,-334.6125871741182,-803.3641068245283,287.2548863120885,-157.5891051719998,86,89,59,25,1600.1180883599998,0.27238390898151316,0.3507898371333598
tp_1_5x_sell_75pct,single_take_profit,1.5x触发后卖出75%当前已买入且未卖出的份额，剩余持有结算,validation,haircut_0_8,0.8,entry_lead_bin,12-24h,527,282,36,6,8404.734643040209,2224.617828111592,0.26468626584823274,0.50853889943074,0.056232652792257726,0.12500000000000017,-154.60567997874,0.21841018887077224,0.8004412289460106,1.1261402902169393,1738.7386281084523,443.9419998427445,642.5989138163899,-2277.3317848481997,201,227,149,65,5817.9781808472,0.14504987855752266,0.6808607011261966
tp_1_5x_sell_75pct,single_take_profit,1.5x触发后卖出75%当前已买入且未卖出的份额，剩余持有结算,validation,haircut_0_8,0.8,entry_lead_bin,24-48h,144,82,23,6,3483.3991933362913,1572.125094772609,0.4513192452303683,0.4652777777777778,-0.3683670468130007,-0.08411300487993201,-168.41334300134858,0.3758618992666793,1.3459542470413266,1.6874386036644609,981.2231707665679,-543.883353416832,278.02370811238336,-22.19344789109978,48,68,35,19,1614.242157969,0.2104826418378363,0.2478549566325263
tp_1_5x_sell_75pct,single_take_profit,1.5x触发后卖出75%当前已买入且未卖出的份额，剩余持有结算,validation,haircut_0_8,0.8,entry_lead_bin,48-72h,21,13,6,6,671.2881499584394,454.84466881656084,0.6775699360173736,0.47619047619047616,-2.9997410012963828,-0.4506719683646385,-103.11460799797787,1.5570502384079807,1.7626386429539882,1.7813198666381482,-253.37133120286427,-346.88212098111813,316.22224796691705,15.043913775000155,7,12,6,3,170.41317584999985,0.7812711209286303,0.7503187660845431
tp_1_5x_sell_75pct,single_take_profit,1.5x触发后卖出75%当前已买入且未卖出的份额，剩余持有结算,validation,haircut_0_9,0.9,entry_lead_bin,0-6h,20,15,8,5,198.75227100923254,0.5452049513299617,0.0027431382220766453,0.5,-0.3937502500000002,0.032616730140748076,-36.747041239998964,99.31369821821423,154.79642410572515,174.92321030870835,-53.60111505213003,-83.85057191928404,77.42343561857898,22.247475960562486,9,13,9,1,116.53431000000002,0.45362236147111085,0.4791195477268373
tp_1_5x_sell_75pct,single_take_profit,1.5x触发后卖出75%当前已买入且未卖出的份额，剩余持有结算,validation,haircut_0_9,0.9,entry_lead_bin,6-12h,286,177,32,6,3614.2570460061756,57.272701253412045,0.01584632761986298,0.45104895104895104,-1.9159681280991645,-0.3357421278095549,-88.055799999736,4.776212002129829,12.769817957930762,18.389481352949115,-216.27386186753068,-674.0892677116127,241.756024403877,-38.34064674041231,104,108,73,25,1594.9679456549998,0.2953910679349552,0.30162505784307325
tp_1_5x_sell_75pct,single_take_profit,1.5x触发后卖出75%当前已买入且未卖出的份额，剩余持有结算,validation,haircut_0_9,0.9,entry_lead_bin,12-24h,527,282,36,6,8404.734643040209,2901.767885322855,0.34525395608126075,0.5521821631878557,0.544625509636,0.13522727272727278,-154.60567997874,0.16760143099765162,0.6134970191988589,0.86473427685497,2415.427435319715,1121.5419372703072,611.6402768690525,-1600.1817276369372,224,264,174,67,5719.21662593835,0.15507643778354294,0.5742868862493655
tp_1_5x_sell_75pct,single_take_profit,1.5x触发后卖出75%当前已买入且未卖出的份额，剩余持有结算,validation,haircut_0_9,0.9,entry_lead_bin,24-48h,144,82,23,6,3483.3991933362913,1754.585807419346,0.5036993207025631,0.5,-0.04498737499999997,0.0002741900632491547,-168.41334300134858,0.3372414572168143,1.208528992354176,1.535701145797122,1162.866732913305,-365.8820104200945,245.6537492412005,160.26726475563757,53,76,39,19,1570.9559582951251,0.22135064622428252,0.2499683207247369
tp_1_5x_sell_75pct,single_take_profit,1.5x触发后卖出75%当前已买入且未卖出的份额，剩余持有结算,validation,haircut_0_9,0.9,entry_lead_bin,48-72h,21,13,6,6,671.2881499584394,460.4874342529358,0.6859758127436711,0.5238095238095238,0.157065625,0.13905505236141583,-103.11460799797787,1.5380354540367345,1.7596665272780736,1.783749492403764,-247.75856576648926,-349.81689003411805,319.8031056449171,20.686679211375157,8,13,7,3,169.66337331374987,0.7968965463312693,0.746753080620751
tp_1_5x_sell_75pct,single_take_profit,1.5x触发后卖出75%当前已买入且未卖出的份额，剩余持有结算,validation,sampled_1_0,1.0,entry_lead_bin,0-6h,20,15,8,5,198.75227100923254,14.232421636392456,0.07160885037500439,0.6,0.4064557849999997,0.14749999999999985,-39.29875092499896,3.931321839172438,6.600353836160314,7.434468146817786,-41.71980836706753,-79.70659710922153,72.66044010857894,35.93469264562498,11,13,9,1,114.72840000000002,0.47642269139554605,0.5098734753000067
tp_1_5x_sell_75pct,single_take_profit,1.5x触发后卖出75%当前已买入且未卖出的份额，剩余持有结算,validation,sampled_1_0,1.0,entry_lead_bin,6-12h,286,177,32,6,3614.2570460061756,300.7143792433244,0.08320226686024439,0.4825174825174825,-0.887298743786665,-0.10148868336120369,-68.951105,0.9126809863118157,2.6755958181126918,3.8399777279869474,26.258082997381678,-503.87575630646836,248.14245516103853,205.10103124950007,113,124,83,25,1500.8893692,0.32030903884970346,0.419635573006532
tp_1_5x_sell_75pct,single_take_profit,1.5x触发后卖出75%当前已买入且未卖出的份额，剩余持有结算,validation,sampled_1_0,1.0,entry_lead_bin,12-24h,527,282,36,6,8404.734643040209,3598.366296382042,0.42813562226640633,0.5901328273244781,0.8863049999999999,0.14862026593143962,-147.5248999936,0.13494018118481935,0.5256882638165606,0.731821534887199,3112.802096378902,1706.747365460939,452.0478487521016,-903.5833165777498,244,297,194,67,5601.560095486875,0.15340784859810985,0.5179824300750373
tp_1_5x_sell_75pct,single_take_profit,1.5x触发后卖出75%当前已买入且未卖出的份额，剩余持有结算,validation,sampled_1_0,1.0,entry_lead_bin,24-48h,144,82,23,6,3483.3991933362913,2161.1910819685836,0.6204259006842859,0.5347222222222222,0.5786656253890002,0.12500000000000006,-131.64568798479598,0.27417114106648643,0.9801232177767393,1.2725018737075262,1568.6548569625425,42.95752447914265,150.902383439289,566.872539304875,58,93,47,19,1552.703935755,0.2808593678000034,0.22258740824306794
tp_1_5x_sell_75pct,single_take_profit,1.5x触发后卖出75%当前已买入且未卖出的份额，剩余持有结算,validation,sampled_1_0,1.0,entry_lead_bin,48-72h,21,13,6,6,671.2881499584394,471.6069964478109,0.7025403270965068,0.5238095238095238,0.2508062499999999,0.13439457200136973,-103.11460799797787,1.5017000497315514,1.6965566330904311,1.7243378826057185,-236.60525357161424,-328.5009815875781,300.4866161669171,31.80624140625019,8,14,7,3,164.66460048749983,0.7888992580325896,0.762305482424838
tp_2_0x_sell_100pct,single_take_profit,2x触发后卖出100%当前已买入且未卖出的份额，剩余持有结算,train,haircut_0_8,0.8,entry_lead_bin,0-6h,19,16,10,5,109.53368637221331,-4.595963218213301,-0.04195935853556019,0.5789473684210527,3.3872600942354785,1.4007996633190305,-29.190754998012668,nan,nan,nan,-19.686375255719305,-54.63244697745062,45.887304986579665,104.93772315400001,11,11,11,0,0,0.295614697287516,0.3665761847982915
tp_2_0x_sell_100pct,single_take_profit,2x触发后卖出100%当前已买入且未卖出的份额，剩余持有结算,train,haircut_0_8,0.8,entry_lead_bin,6-12h,662,453,43,6,8427.230616539093,1026.4261628461074,0.12179875092437445,0.41389728096676737,-1.2529300000000005,-1.0,-146.89645500141265,0.17401284813370085,0.6708930837578843,1.0595055233098507,847.8148228503104,337.8039492045101,400.82777493836716,-2018.3433256147994,150,181,150,90,4518.345994913199,0.1420467542886132,0.5095113421475143
tp_2_0x_sell_100pct,single_take_profit,2x触发后卖出100%当前已买入且未卖出的份额，剩余持有结算,train,haircut_0_8,0.8,entry_lead_bin,12-24h,852,535,46,6,12427.48385300822,4763.009978900581,0.3832642259074541,0.5328638497652582,0.8380899980780002,0.4574194622587905,-190.816699992179,0.14082240956590142,0.3226496208908864,0.4788833235417044,4092.2714368853676,3226.2266149087995,285.7015839846433,-1466.5704820911992,312,352,311,116,8474.52608128,0.13132305532664923,0.3285740115809724
tp_2_0x_sell_100pct,single_take_profit,2x触发后卖出100%当前已买入且未卖出的份额，剩余持有结算,train,haircut_0_8,0.8,entry_lead_bin,24-48h,401,275,39,6,7137.275051321499,1815.0845552113014,0.2543105796203315,0.5336658354114713,0.7819871998425452,0.4476763043353736,-85.18662199687677,0.07437670030985642,0.3043401249657183,0.4974268677790436,1680.0845552113014,1262.6814948549488,325.06803268370504,-469.13417346719973,136,159,134,63,3707.1165746484,0.13051985549691164,0.5274371386974773
tp_2_0x_sell_100pct,single_take_profit,2x触发后卖出100%当前已买入且未卖出的份额，剩余持有结算,train,haircut_0_8,0.8,entry_lead_bin,48-72h,54,42,21,6,1202.8701166934209,-57.23801011062089,-0.04758453079536377,0.48148148148148145,-0.28300000000000003,-0.22808020526282033,-127.94685020933491,nan,nan,nan,-154.74246959310045,-329.4554006440663,223.85547615870505,687.4665865828,19,25,19,4,187.00129679999998,0.24984105302570128,0.5646823714115909
tp_2_0x_sell_100pct,single_take_profit,2x触发后卖出100%当前已买入且未卖出的份额，剩余持有结算,train,haircut_0_8,0.8,entry_lead_bin,72h+,35,31,17,4,587.28084166994,315.2288863780601,0.5367600371258546,0.5714285714285714,0.52725,0.7766334084325716,-30.329778200069565,0.7626328372485445,1.1363888770493376,1.308109817087652,74.82498637686109,-42.99371382661684,19.650000000000006,-365.685751952,10,11,10,7,476.31383999999997,0.5754813103291696,0.8062500515050119
tp_2_0x_sell_100pct,single_take_profit,2x触发后卖出100%当前已买入且未卖出的份额，剩余持有结算,train,haircut_0_9,0.9,entry_lead_bin,0-6h,19,16,10,5,109.53368637221331,5.981059776036692,0.054604751963812086,0.631578947368421,3.9249871022354776,1.235227272745304,-29.190754998012668,2.959988563972746,9.04748867622007,12.853637244646585,-11.72280876146931,-48.13251081945062,45.637304986579665,115.51474614825,12,12,12,0,0,0.2718094254080428,0.3957580770131981
tp_2_0x_sell_100pct,single_take_profit,2x触发后卖出100%当前已买入且未卖出的份额，剩余持有结算,train,haircut_0_9,0.9,entry_lead_bin,6-12h,662,453,43,6,8427.230616539093,1902.0349435253574,0.22570106718006108,0.4486404833836858,-0.8621369999999999,-0.9410718654413359,-146.89645500141265,0.0989613142995352,0.4121678103383434,0.6372185573091411,1713.8070656704458,1118.0773656654962,291.87981635782785,-1142.7345449355496,173,207,172,97,4319.5313034498495,0.10789623250163718,0.324294340079379
tp_2_0x_sell_100pct,single_take_profit,2x触发后卖出100%当前已买入且未卖出的份额，剩余持有结算,train,haircut_0_9,0.9,entry_lead_bin,12-24h,852,535,46,6,12427.48385300822,5995.0643872725805,0.48240371568227014,0.5751173708920188,1.9582669484473922,0.8732360354251562,-190.816699992179,0.11167590984286327,0.2700094009809976,0.39865983587698556,5325.560117257368,4376.340643222599,273.6490589846435,-234.51607371919965,348,403,348,120,8306.15516080835,0.12078878442016983,0.29600620373747155
tp_2_0x_sell_100pct,single_take_profit,2x触发后卖出100%当前已买入且未卖出的份额，剩余持有结算,train,haircut_0_9,0.9,entry_lead_bin,24-48h,401,275,39,6,7137.275051321499,2468.1689160483015,0.345813899324408,0.5760598503740648,2.075,0.9022696106723296,-85.18662199687677,0.08312234696562851,0.2658176536840639,0.43210182056680074,2263.0089230387553,1812.0860458884026,264.40733315835496,183.95018736980018,153,182,152,67,3470.99038336975,0.146712395321207,0.4123931178217245
tp_2_0x_sell_100pct,single_take_profit,2x触发后卖出100%当前已买入且未卖出的份额，剩余持有结算,train,haircut_0_9,0.9,entry_lead_bin,48-72h,54,42,21,6,1202.8701166934209,-47.540438635270874,-0.039522503698034464,0.5370370370370371,0.6465738555487313,0.34722689697861253,-127.94685020933491,nan,nan,nan,-178.15114397560043,-310.6562277025663,205.85866461720505,697.1641580581501,22,28,22,4,188.46118356,0.2359775348800399,0.5526046874675183
tp_2_0x_sell_100pct,single_take_profit,2x触发后卖出100%当前已买入且未卖出的份额，剩余持有结算,train,haircut_0_9,0.9,entry_lead_bin,72h+,35,31,17,4,587.28084166994,399.9166608900601,0.6809632334555515,0.6857142857142857,2.1299999999999994,1.0,-19.65,0.6011349951416196,0.9363583766457545,1.1005624214931198,159.51276088886107,25.451345505452707,19.650000000000006,-280.99797744,14,15,14,7,471.96327,0.49599759918516323,0.6719221198244317
tp_2_0x_sell_100pct,single_take_profit,2x触发后卖出100%当前已买入且未卖出的份额，剩余持有结算,train,sampled_1_0,1.0,entry_lead_bin,0-6h,19,16,10,5,109.53368637221331,20.651621917786688,0.1885412844374571,0.7368421052631579,4.370939750000002,1.3571428571428572,-29.190754998012668,0.9838125605043753,2.842280841326198,3.963128684526004,0.3342968802806894,-38.04608740145062,46.58730498657967,130.18530829,14,14,14,0,0,0.2361894486029218,0.4253304910624155
tp_2_0x_sell_100pct,single_take_profit,2x触发后卖出100%当前已买入且未卖出的份额，剩余持有结算,train,sampled_1_0,1.0,entry_lead_bin,6-12h,662,453,43,6,8427.230616539093,2715.6557462459073,0.3222477074397635,0.48942598187311176,-0.12899750000000018,-0.31274000664728735,-146.89645500141265,0.07834756384149043,0.3039716006330827,0.45741080890275965,2502.8907342953958,1890.1735222911102,260.7761755038273,-329.1137422149998,200,236,199,104,4262.35405596,0.11221130786630441,0.30051202335182553
tp_2_0x_sell_100pct,single_take_profit,2x触发后卖出100%当前已买入且未卖出的份额，剩余持有结算,train,sampled_1_0,1.0,entry_lead_bin,12-24h,852,535,46,6,12427.48385300822,7695.29606703778,0.6192159376795362,0.6255868544600939,2.84793790268096,1.0155000000268801,-190.816699992179,0.08731020407299872,0.2214720950807329,0.32541982707084227,7023.418197022566,5991.002724804399,274.95918398464346,1465.7156060459997,391,459,390,123,8087.2403868475,0.12103436700586107,0.30049301251047167
tp_2_0x_sell_100pct,single_take_profit,2x触发后卖出100%当前已买入且未卖出的份额，剩余持有结算,train,sampled_1_0,1.0,entry_lead_bin,24-48h,401,275,39,6,7137.275051321499,2865.836957903501,0.40153096767272245,0.6334164588528678,3.1632918784540642,1.010323683145131,-85.18662199687677,0.07430014058975506,0.2643017966044288,0.4090001392494912,2652.904869023955,2108.391101154235,298.3218146490053,581.618229225,176,209,176,71,3417.4823527,0.14123501843021155,0.40728831899606904
tp_2_0x_sell_100pct,single_take_profit,2x触发后卖出100%当前已买入且未卖出的份额，剩余持有结算,train,sampled_1_0,1.0,entry_lead_bin,48-72h,54,42,21,6,1202.8701166934209,208.45884971057902,0.17330121250631214,0.5370370370370371,0.9864025999999999,0.32047775264607126,-62.31584721296016,0.7853681982102537,1.994890920780162,2.602719159292021,44.7418985123995,-207.39381693333135,104.44503379956099,953.163446404,22,29,22,4,186.3686966,0.22526884133239714,0.44755348805040596
tp_2_0x_sell_100pct,single_take_profit,2x触发后卖出100%当前已买入且未卖出的份额，剩余持有结算,train,sampled_1_0,1.0,entry_lead_bin,72h+,35,31,17,4,587.28084166994,469.41952993506004,0.7993101368678401,0.7714285714285715,3.8000000000000016,1.033333333333333,-19.65,0.5121301621908588,0.805156600337643,0.9721454915466421,229.01562993386102,91.46329708045266,19.650000000000006,-211.49510839500002,17,18,17,7,461.8788,0.47692467772646957,0.6212738647211868
tp_2_0x_sell_100pct,single_take_profit,2x触发后卖出100%当前已买入且未卖出的份额，剩余持有结算,validation,haircut_0_8,0.8,entry_lead_bin,0-6h,20,15,8,5,198.75227100923254,51.45704838476747,0.2589004297836534,0.45,-1.8348320429112852,-0.6669704055687017,-17.728519999577,1.2209109432440473,2.4282696229577314,2.755782928085564,-11.367425095233557,-73.49453909502958,34.529944007597,73.15931939399998,8,10,8,1,157.78696000000002,0.3767336451325697,0.34740564486207387
tp_2_0x_sell_100pct,single_take_profit,2x触发后卖出100%当前已买入且未卖出的份额，剩余持有结算,validation,haircut_0_8,0.8,entry_lead_bin,6-12h,286,177,32,6,3614.2570460061756,-306.9623003017755,-0.08493095438272018,0.32867132867132864,-3.923670000765,-1.0,-88.055799999736,nan,nan,nan,-473.3263803083355,-869.4617406936488,438.8518114583607,-402.57564829559976,69,84,69,23,2049.7238246695997,0.22706711540241392,0.43100870081501386
tp_2_0x_sell_100pct,single_take_profit,2x触发后卖出100%当前已买入且未卖出的份额，剩余持有结算,validation,haircut_0_8,0.8,entry_lead_bin,12-24h,527,282,36,6,8404.734643040209,1505.7605760797924,0.1791562303905314,0.4667931688804554,-1.0077900028229987,-0.6374452271418419,-165.367399998335,0.30761145388003236,1.0489357611636234,1.4129836939390055,1042.5713760766523,-73.68553992064062,709.4177688038898,-2996.1890368799995,179,219,179,63,7127.706504343199,0.1733023778300773,0.7724171822482231
tp_2_0x_sell_100pct,single_take_profit,2x触发后卖出100%当前已买入且未卖出的份额，剩余持有结算,validation,haircut_0_8,0.8,entry_lead_bin,24-48h,144,82,23,6,3483.3991933362913,462.01560416970875,0.13263355088717368,0.4930555555555556,-0.14577450000000003,-0.20486442272225505,-340.113900006208,1.1398878896146374,3.296160678461832,4.032155180516894,-64.6303878363322,-1060.8620631302717,746.9224815689263,-1132.3029384939998,52,67,51,19,2556.4774085776,0.3091100929934162,0.2793530270863681
tp_2_0x_sell_100pct,single_take_profit,2x触发后卖出100%当前已买入且未卖出的份额，剩余持有结算,validation,haircut_0_8,0.8,entry_lead_bin,48-72h,21,13,6,6,671.2881499584394,19.63458185036083,0.0292491113563921,0.47619047619047616,-2.9997410012963828,-0.1695412656813619,-103.11460799797787,9.217754745110552,16.43475027288775,18.476494798451625,-161.35217816906425,-303.0548675728937,276.89721056691707,-420.16617319119985,7,12,7,3,727.7206729199999,0.3818760197051028,0.537482502014311
tp_2_0x_sell_100pct,single_take_profit,2x触发后卖出100%当前已买入且未卖出的份额，剩余持有结算,validation,haircut_0_9,0.9,entry_lead_bin,0-6h,20,15,8,5,198.75227100923254,107.89906730901748,0.5428821857537683,0.55,2.4843125,1.0141690522045825,-17.728519999577,0.7280107638931946,1.3321418154707392,1.6184553468169476,29.347384894016443,-35.83779210361655,16.882590997659996,129.60133831825,10,12,10,1,155.37908000000002,0.3570512614531924,0.4265712573478854
tp_2_0x_sell_100pct,single_take_profit,2x触发后卖出100%当前已买入且未卖出的份额，剩余持有结算,validation,haircut_0_9,0.9,entry_lead_bin,6-12h,286,177,32,6,3614.2570460061756,152.49279613307448,0.04219201738890763,0.36363636363636365,-3.0820000038940005,-1.0,-88.055799999736,1.2479923303425038,4.2119468163464635,6.612123733177012,-37.81704387348549,-489.7987510553989,284.241298847577,56.87944813925015,79,98,79,24,1929.9523855032999,0.21148703162785065,0.3119007209819611
tp_2_0x_sell_100pct,single_take_profit,2x触发后卖出100%当前已买入且未卖出的份额，剩余持有结算,validation,haircut_0_9,0.9,entry_lead_bin,12-24h,527,282,36,6,8404.734643040209,2220.434669485392,0.26418855130948,0.5199240986717267,0.34432399999999996,0.36998158905574574,-165.367399998335,0.2087583149251442,0.7264316438430771,0.9598147994724958,1756.900469482252,607.4406624849591,781.9516591849897,-2281.5149434743994,207,255,206,64,7215.512089441,0.18675031252893645,0.677822542430432
tp_2_0x_sell_100pct,single_take_profit,2x触发后卖出100%当前已买入且未卖出的份额，剩余持有结算,validation,haircut_0_9,0.9,entry_lead_bin,24-48h,144,82,23,6,3483.3991933362913,1175.6316596936088,0.3374955307857281,0.5138888888888888,0.31337786249999994,0.17351034917914693,-340.113900006208,0.4488952995222828,1.5797050062551508,1.9861424618448376,647.8961336875678,-681.5195586364366,708.9350344715333,-418.68688297009993,55,72,53,19,2077.6248430879,0.24326062416502167,0.23481092522094418
tp_2_0x_sell_100pct,single_take_profit,2x触发后卖出100%当前已买入且未卖出的份额，剩余持有结算,validation,haircut_0_9,0.9,entry_lead_bin,48-72h,21,13,6,6,671.2881499584394,2.3876162044107794,0.003556767990852514,0.5238095238095238,0.7808000000000004,0.9558468437392204,-103.11460799797787,52.4529402121106,108.54448470514781,133.96513964037598,-122.84987381501428,-256.7749543770181,278.9252450169171,-437.41313883714986,8,13,8,3,785.6716447074999,0.3491505254498568,0.3762751242187423
tp_2_0x_sell_100pct,single_take_profit,2x触发后卖出100%当前已买入且未卖出的份额，剩余持有结算,validation,sampled_1_0,1.0,entry_lead_bin,0-6h,20,15,8,5,198.75227100923254,18.983588708267472,0.09551382035471502,0.5,0.6980399463387146,0.43021842307254626,-21.072253174998963,1.494064185432329,4.2925142473259426,5.712725694515822,-9.379111291732528,-62.50373628734653,60.93558517223597,40.685859717499994,9,12,9,1,152.9712,0.407104561147105,0.4848252850015312
tp_2_0x_sell_100pct,single_take_profit,2x触发后卖出100%当前已买入且未卖出的份额，剩余持有结算,validation,sampled_1_0,1.0,entry_lead_bin,6-12h,286,177,32,6,3614.2570460061756,784.9278641738243,0.2171754399818311,0.4090909090909091,-2.25725000569,-0.9715888863468107,-88.055799999736,0.2729621533210248,0.9213785597618775,1.495631061099663,570.6722641672643,61.712159164379386,161.03257048251373,689.3145161799999,92,115,92,25,1738.8216006,0.2766561927380312,0.29585476441686487
tp_2_0x_sell_100pct,single_take_profit,2x触发后卖出100%当前已买入且未卖出的份额，剩余持有结算,validation,sampled_1_0,1.0,entry_lead_bin,12-24h,527,282,36,6,8404.734643040209,3747.5673622712916,0.4458876480264105,0.5502846299810247,1.9179750007219998,0.691957597903155,-154.60567997874,0.12363732395255027,0.4385070039464415,0.6171317546934372,3284.2281622681517,2104.232826154239,606.9320590099549,-754.3822506885,223,287,222,65,6780.0174675339995,0.16518683057646083,0.4560000422265007
tp_2_0x_sell_100pct,single_take_profit,2x触发后卖出100%当前已买入且未卖出的份额，剩余持有结算,validation,sampled_1_0,1.0,entry_lead_bin,24-48h,144,82,23,6,3483.3991933362913,2685.595273908709,0.7709697122989023,0.5833333333333334,1.9036707445005094,0.4525851204150204,-168.41334300134858,0.19691167360313774,0.7805746246820706,1.1168968160448685,2156.770213902668,589.2877509294758,244.30569799120053,1091.2767312450003,65,86,65,19,1809.03532944,0.3391151633866958,0.2744929998580968
tp_2_0x_sell_100pct,single_take_profit,2x触发后卖出100%当前已买入且未卖出的份额，剩余持有结算,validation,sampled_1_0,1.0,entry_lead_bin,48-72h,21,13,6,6,671.2881499584394,556.1079185415609,0.8284190903354849,0.47619047619047616,-2.6886890037243276,-0.08445328060773091,-103.11460799797787,1.2720660440776603,1.50164793680288,1.5726668859814616,-151.29808147786423,-278.9703899761181,275.6657639669171,116.30716350000021,7,14,7,3,204.2527608749998,0.7278349013060934,0.7928385986395625
tp_2_0x_sell_25pct,single_take_profit,2x触发后卖出25%当前已买入且未卖出的份额，剩余持有结算,train,haircut_0_8,0.8,entry_lead_bin,0-6h,19,16,10,5,109.53368637221331,-83.2992555837133,-0.76048983963389,0.3157894736842105,-0.999997,-0.3998000841702424,-29.190754998012668,nan,nan,nan,-85.04910638371331,-86.12121442994878,83.8117555837133,26.234430788500003,6,11,6,0,0,0.4050602243604115,0.6455658504659411
tp_2_0x_sell_25pct,single_take_profit,2x触发后卖出25%当前已买入且未卖出的份额，剩余持有结算,train,haircut_0_8,0.8,entry_lead_bin,6-12h,662,453,43,6,8427.230616539093,2540.1836570572073,0.3014256726369752,0.21450151057401812,-2.9378798382355082,-1.0,-146.89645500141265,0.14712206298844815,0.4706190876634987,0.7927115319711437,2166.46659706141,1344.7247418752147,375.4605432875478,-504.5858314036998,18,181,18,90,1129.5864987282998,0.15599929263317389,0.34371283802212
tp_2_0x_sell_25pct,single_take_profit,2x触发后卖出25%当前已买入且未卖出的份额，剩余持有结算,train,haircut_0_8,0.8,entry_lead_bin,12-24h,852,535,46,6,12427.48385300822,5862.93784046898,0.4717719137530632,0.1960093896713615,-2.9051753404101874,-0.5963945335218577,-190.816699992179,0.14187614821252753,0.3867142936688549,0.6163830699266671,5031.126802453767,3595.6559746676166,313.1756220525331,-366.6426205227998,25,352,25,116,2118.6315203199997,0.16284926888251094,0.3996283522609268
tp_2_0x_sell_25pct,single_take_profit,2x触发后卖出25%当前已买入且未卖出的份额，剩余持有结算,train,haircut_0_8,0.8,entry_lead_bin,24-48h,401,275,39,6,7137.275051321499,2166.9351853117014,0.30360819356548174,0.2119700748129676,-4.0014,-0.6055955047356563,-88.99980907764746,0.170815866817343,0.5762758185869387,0.8682810873855066,1796.7882732956832,918.182837571361,713.6285491552012,-117.28354336679992,7,159,7,63,926.7791436621,0.1268251074325412,0.3858890614399554
tp_2_0x_sell_25pct,single_take_profit,2x触发后卖出25%当前已买入且未卖出的份额，剩余持有结算,train,haircut_0_8,0.8,entry_lead_bin,48-72h,54,42,21,6,1202.8701166934209,-572.8379500477209,-0.4762259383601612,0.12962962962962962,-5.673353193734,-0.8070200513157051,-127.94685020933491,nan,nan,nan,-668.8097831076209,-801.116593106437,609.6040375463169,171.8666466457,0,25,0,4,46.750324199999994,0.3898691696741373,0.4735067334557733
tp_2_0x_sell_25pct,single_take_profit,2x触发后卖出25%当前已买入且未卖出的份额，剩余持有结算,train,haircut_0_8,0.8,entry_lead_bin,72h+,35,31,17,4,587.28084166994,589.49320034206,1.0037671221588451,0.3142857142857143,-1.56,-0.5558416478918571,-30.329778200069565,0.40781454283391555,1.109474314250224,1.2665530149820894,349.08930034086103,-64.53436386261694,30.338494935999876,-91.421437988,1,11,1,7,119.07845999999999,0.33332069456623475,0.44134826839665364
tp_2_0x_sell_25pct,single_take_profit,2x触发后卖出25%当前已买入且未卖出的份额，剩余持有结算,train,haircut_0_9,0.9,entry_lead_bin,0-6h,19,16,10,5,109.53368637221331,-80.6549998351508,-0.7363488120090469,0.3684210526315789,-0.6013455000000003,-0.441193181813674,-29.190754998012668,nan,nan,nan,-82.6941404851508,-84.38950653338628,81.35718733515083,28.878686537062503,7,12,7,0,0,0.410498409362644,0.6612367395886369
tp_2_0x_sell_25pct,single_take_profit,2x触发后卖出25%当前已买入且未卖出的份额，剩余持有结算,train,haircut_0_9,0.9,entry_lead_bin,6-12h,662,453,43,6,8427.230616539093,2759.0858522270196,0.32740125170089684,0.2175226586102719,-2.6964541260640003,-0.985267966360334,-146.89645500141265,0.13597772508346267,0.44228558109959276,0.7405653145855456,2383.9116347312224,1538.7819627711272,314.45317354630834,-285.6836362338874,20,207,20,97,1079.8828258624624,0.14965101186704982,0.35495529972424283
tp_2_0x_sell_25pct,single_take_profit,2x触发后卖出25%当前已买入且未卖出的份额，剩余持有结算,train,haircut_0_9,0.9,entry_lead_bin,12-24h,852,535,46,6,12427.48385300822,6170.95144256198,0.49655678619676724,0.20187793427230047,-2.778477062805491,-0.4967359083014617,-190.816699992179,0.13474461397965562,0.36783891189820844,0.5870739937201923,5339.4489725467665,3901.0353785533016,307.28049523800837,-58.62901842980001,30,403,30,120,2076.5387902020875,0.15900651377126773,0.39238674683782176
tp_2_0x_sell_25pct,single_take_profit,2x触发后卖出25%当前已买入且未卖出的份额，剩余持有结算,train,haircut_0_9,0.9,entry_lead_bin,24-48h,401,275,39,6,7137.275051321499,2330.2062755209513,0.32648402349150085,0.2144638403990025,-3.4000000000000004,-0.49749999999999994,-85.18662199687677,0.15930618135213256,0.554233404513453,0.8223902767625939,1958.9900120049333,1038.728118220361,698.9232140813624,45.98754684245002,8,182,8,67,867.7475958424376,0.12461429633128407,0.3762482137449468
tp_2_0x_sell_25pct,single_take_profit,2x触发后卖出25%当前已买入且未卖出的份额，剩余持有结算,train,haircut_0_9,0.9,entry_lead_bin,48-72h,54,42,21,6,1202.8701166934209,-570.4135571788835,-0.4742104315858289,0.12962962962962962,-5.1685749937339995,-0.5968826156389275,-127.94685020933491,nan,nan,nan,-666.1645122987835,-798.3272285475995,604.1336124899793,174.29103951453752,0,28,0,4,47.11529589,0.39192950442835417,0.48137659878245576
tp_2_0x_sell_25pct,single_take_profit,2x触发后卖出25%当前已买入且未卖出的份额，剩余持有结算,train,haircut_0_9,0.9,entry_lead_bin,72h+,35,31,17,4,587.28084166994,610.6651439700601,1.0398179212412695,0.3142857142857143,-1.4699999999999998,-0.49886363636363634,-19.65,0.39367549036495464,1.0726762542006045,1.2244223206250922,370.26124396886104,-44.38085523461689,29.624575302999887,-70.24949436,1,15,1,7,117.9908175,0.32729019059618014,0.43184880118525987
tp_2_0x_sell_25pct,single_take_profit,2x触发后卖出25%当前已买入且未卖出的份额，剩余持有结算,train,sampled_1_0,1.0,entry_lead_bin,0-6h,19,16,10,5,109.53368637221331,-76.98735929971332,-0.7028646788906358,0.3684210526315789,-0.510436075,-0.4107142857142857,-29.190754998012668,nan,nan,nan,-79.31578979971331,-81.92105358721932,77.8792342997133,32.5463270725,7,14,7,0,0,0.4269193386298326,0.6994060227811819
tp_2_0x_sell_25pct,single_take_profit,2x触发后卖出25%当前已买入且未卖出的份额，剩余持有结算,train,sampled_1_0,1.0,entry_lead_bin,6-12h,662,453,43,6,8427.230616539093,2962.491052907157,0.35153791176582244,0.22356495468277945,-2.570739253976,-0.8281850016618219,-146.89645500141265,0.12713333754247136,0.4069495909689672,0.6869867387363087,2585.85967791136,1756.9065306773646,290.5663925847957,-82.27843555374992,24,236,24,104,1065.58851399,0.14807116185522035,0.35044419755909884
tp_2_0x_sell_25pct,single_take_profit,2x触发后卖出25%当前已买入且未卖出的份额，剩余持有结算,train,sampled_1_0,1.0,entry_lead_bin,12-24h,852,535,46,6,12427.48385300822,6596.00936250328,0.5307598416960837,0.2112676056338028,-2.5415812439026295,-0.4874067467520906,-190.816699992179,0.12615140826595503,0.34614918283017276,0.5519208802650003,5763.913492488066,4312.806111732601,304.66781062202153,366.4289015114999,38,459,38,123,2021.810096711875,0.15821059886104888,0.39037529188945214
tp_2_0x_sell_25pct,single_take_profit,2x触发后卖出25%当前已买入且未卖出的份额，剩余持有结算,train,sampled_1_0,1.0,entry_lead_bin,24-48h,401,275,39,6,7137.275051321499,2429.6232859847514,0.3404132905785795,0.2144638403990025,-3.0199999860000006,-0.4901462278865819,-96.63035526064746,0.15248667495210336,0.5433970308659308,0.8002865669196839,2059.138109718733,1109.373206257911,693.7768317490263,145.40455730624998,8,209,8,71,854.3705881750001,0.12293492206245132,0.3806416519568123
tp_2_0x_sell_25pct,single_take_profit,2x触发后卖出25%当前已买入且未卖出的份额，剩余持有结算,train,sampled_1_0,1.0,entry_lead_bin,48-72h,54,42,21,6,1202.8701166934209,-506.41373509242095,-0.4210045025347422,0.12962962962962962,-5.1685749937339995,-0.5788409394869051,-84.57989273569545,nan,nan,nan,-602.201503202321,-734.850528201137,541.6047832160169,238.29086160100002,0,29,0,4,46.59217414999999,0.36765212767514727,0.49927003614028076
tp_2_0x_sell_25pct,single_take_profit,2x触发后卖出25%当前已买入且未卖出的份额，剩余持有结算,train,sampled_1_0,1.0,entry_lead_bin,72h+,35,31,17,4,587.28084166994,628.04086123131,1.0694046470943417,0.3142857142857143,-1.4384909999999551,-0.48373796973758,-19.65,0.38278385188166486,1.0449701599319425,1.194561049314215,387.636961230111,-28.243097973366957,28.910655669999898,-52.87377709875001,1,18,1,7,115.4697,0.328544424595336,0.4270277982135369
tp_2_0x_sell_25pct,single_take_profit,2x触发后卖出25%当前已买入且未卖出的份额，剩余持有结算,validation,haircut_0_8,0.8,entry_lead_bin,0-6h,20,15,8,5,198.75227100923254,-3.4124411607325014,-0.01716931908956142,0.05,-3.1559905036359996,-0.9167426013921753,-31.538780129998965,nan,nan,nan,-134.64633116419253,-134.64633116419253,118.39007714085096,18.289829848500023,0,10,0,1,39.44673999999998,0.49191875017973513,0.492548912785397
tp_2_0x_sell_25pct,single_take_profit,2x触发后卖出25%当前已买入且未卖出的份额，剩余持有结算,validation,haircut_0_8,0.8,entry_lead_bin,6-12h,286,177,32,6,3614.2570460061756,-5.030564080075721,-0.001391866714525629,0.1258741258741259,-5.332024996005,-1.0,-88.055799999736,nan,nan,nan,-596.8798745886182,-1271.4939519131333,569.9135164835992,-100.64391207390008,11,84,11,23,512.4309561674002,0.29949884818813316,0.29831670327729404
tp_2_0x_sell_25pct,single_take_profit,2x触发后卖出25%当前已买入且未卖出的份额，剩余持有结算,validation,haircut_0_8,0.8,entry_lead_bin,12-24h,527,282,36,6,8404.734643040209,3752.902353739792,0.4465224082770412,0.1461100569259962,-4.592099998065,-0.9093613067854605,-165.367399998335,0.15448313634359742,0.6822074846813544,1.0048426663692898,3173.1422277428,1192.6442787402339,542.2209971983119,-749.0472592199998,10,219,10,63,1781.9266260857999,0.13961556781498627,0.44023390264767387
tp_2_0x_sell_25pct,single_take_profit,2x触发后卖出25%当前已买入且未卖出的份额，剩余持有结算,validation,haircut_0_8,0.8,entry_lead_bin,24-48h,144,82,23,6,3483.3991933362913,1311.2428080402087,0.37642622486351934,0.16666666666666666,-4.708257774342673,-0.8012161056805638,-340.113900006208,0.5486503213552654,1.7862036307077604,2.5313026292510723,591.8290200341677,-1030.9038564206512,671.6859408506018,-283.07573462349984,5,67,5,19,639.1193521443998,0.2351586840222844,0.3048049352071471
tp_2_0x_sell_25pct,single_take_profit,2x触发后卖出25%当前已买入且未卖出的份额，剩余持有结算,validation,haircut_0_8,0.8,entry_lead_bin,48-72h,21,13,6,6,671.2881499584394,334.7592117437609,0.49868184290827483,0.14285714285714285,-7.1450000000000005,-0.7923853164203405,-103.11460799797787,1.7291195274485627,2.3124660819960443,2.3124660819960443,-244.07947827566426,-439.3601110494181,388.79330058991707,-105.04154329779979,0,12,0,3,181.93016822999982,0.5002256750133067,0.6946939575355535
tp_2_0x_sell_25pct,single_take_profit,2x触发后卖出25%当前已买入且未卖出的份额，剩余持有结算,validation,haircut_0_9,0.9,entry_lead_bin,0-6h,20,15,8,5,198.75227100923254,10.698063570329994,0.053826119902967255,0.05,-3.1686507518319997,-0.49645773694885437,-27.606977896248964,12.323338624486544,12.323338624486544,12.323338624486544,-121.13779643313003,-121.13779643313003,111.13262190710097,32.40033457956252,0,12,0,1,38.84476999999998,0.524350321162107,0.5232884375737689
tp_2_0x_sell_25pct,single_take_profit,2x触发后卖出25%当前已买入且未卖出的份额，剩余持有结算,validation,haircut_0_9,0.9,entry_lead_bin,6-12h,286,177,32,6,3614.2570460061756,109.83321002863673,0.03038887622838131,0.12937062937062938,-5.109310001515,-1.0,-88.055799999736,5.3939377794353165,11.656599601485066,17.177254406965638,-482.60029098148084,-1170.4485422209957,499.07703110213686,14.219862034812373,12,98,12,24,482.48809637582514,0.31061594528311015,0.31693636836640454
tp_2_0x_sell_25pct,single_take_profit,2x触发后卖出25%当前已买入且未卖出的份额，剩余持有结算,validation,haircut_0_9,0.9,entry_lead_bin,12-24h,527,282,36,6,8404.734643040209,3931.570877091192,0.46778048850677834,0.14800759013282733,-4.150658736239999,-0.6575046027360636,-165.367399998335,0.1478571677632021,0.6508986575597225,0.9585180663955647,3350.2599423441998,1372.5166710916342,560.2729072935867,-570.3787358685997,11,255,11,64,1803.8780223602498,0.14009792491652723,0.44115262956890294
tp_2_0x_sell_25pct,single_take_profit,2x触发后卖出25%当前已买入且未卖出的份额，剩余持有结算,validation,haircut_0_9,0.9,entry_lead_bin,24-48h,144,82,23,6,3483.3991933362913,1489.6468219211838,0.42764171983815796,0.1597222222222222,-4.6424807481695,-0.7066224127052132,-340.113900006208,0.48312536966169495,1.6402395545542523,2.305978611574743,769.9606504151428,-953.7308177099762,671.5437000142894,-104.67172074252471,4,72,4,19,519.4062107719748,0.22692542631098617,0.3149397909727156
tp_2_0x_sell_25pct,single_take_profit,2x触发后卖出25%当前已买入且未卖出的份额，剩余持有结算,validation,haircut_0_9,0.9,entry_lead_bin,48-72h,21,13,6,6,671.2881499584394,330.4474703322733,0.4922587570668899,0.14285714285714285,-8.6933546821875,-0.5110382890651949,-103.11460799797787,1.7095043032146755,2.2987967772380737,2.2987967772380737,-234.45390218715175,-429.1841095140306,374.3863676671046,-109.35328470928737,0,13,0,3,196.41791117687487,0.5038978380736854,0.6980079053708798
tp_2_0x_sell_25pct,single_take_profit,2x触发后卖出25%当前已买入且未卖出的份额，剩余持有结算,validation,sampled_1_0,1.0,entry_lead_bin,0-6h,20,15,8,5,198.75227100923254,-11.530806079857514,-0.05801597144679609,0.1,-3.3708325115447852,-0.6424453942318634,-52.512961793748964,nan,nan,nan,-143.96863608331753,-144.13133608331754,135.57744105460097,10.17146492937501,1,12,1,1,38.24279999999999,0.4766301210567417,0.4773471284678034
tp_2_0x_sell_25pct,single_take_profit,2x触发后卖出25%当前已买入且未卖出的份额，剩余持有结算,validation,sampled_1_0,1.0,entry_lead_bin,6-12h,286,177,32,6,3614.2570460061756,267.94197703882435,0.07413473187661222,0.14335664335664336,-4.315708751743999,-0.9928972215867027,-88.055799999736,2.295757081604318,4.910115341538386,7.214470166114773,-347.18771420711823,-1047.684035061633,452.7683224136635,172.32862904499996,16,115,16,25,434.70540015000006,0.32827652065548063,0.33694087317294424
tp_2_0x_sell_25pct,single_take_profit,2x触发后卖出25%当前已买入且未卖出的份额，剩余持有结算,validation,sampled_1_0,1.0,entry_lead_bin,12-24h,527,282,36,6,8404.734643040209,4313.354050287668,0.5132052626860111,0.14990512333965844,-3.998830001168,-0.5770106005242112,-154.60567997874,0.13345174759271203,0.5924994767886292,0.8743614404911013,3737.729414290676,1757.6940322881096,515.1295759626985,-188.5955626721247,12,287,12,65,1695.0043668834996,0.13954389266503356,0.42108122824911526
tp_2_0x_sell_25pct,single_take_profit,2x触发后卖出25%当前已买入且未卖出的份额，剩余持有结算,validation,sampled_1_0,1.0,entry_lead_bin,24-48h,144,82,23,6,3483.3991933362913,1867.1377254749589,0.5360102652164516,0.1527777777777778,-4.4442024997145,-0.636853719896245,-168.41334300134858,0.3855947770660032,1.3524502990773763,1.8796240150765502,1147.1791704689178,-658.0732497623014,451.77949659450184,272.8191828112503,3,86,3,19,452.2588323599997,0.21057838686834923,0.33891715867972017
tp_2_0x_sell_25pct,single_take_profit,2x触发后卖出25%当前已买入且未卖出的份额，剩余持有结算,validation,sampled_1_0,1.0,entry_lead_bin,48-72h,21,13,6,6,671.2881499584394,468.8775459165608,0.6984743376530479,0.14285714285714285,-9.512500000499996,-0.7711133201519327,-103.11460799797787,1.5152005170788285,1.9301122621160365,1.9301122621160365,-241.56595410286428,-436.1087548878681,375.0962313786671,29.07679087500011,0,14,0,3,51.063190218749895,0.6007306083429198,0.7378037580339448
tp_2_0x_sell_50pct,single_take_profit,2x触发后卖出50%当前已买入且未卖出的份额，剩余持有结算,train,haircut_0_8,0.8,entry_lead_bin,0-6h,19,16,10,5,109.53368637221331,-57.064824795213305,-0.5209796792677801,0.5263157894736842,0.030000000000000002,0.20039983165951522,-29.190754998012668,nan,nan,nan,-61.701410832719304,-71.45926543445063,59.09482479521331,52.468861577000006,10,11,10,0,0,0.4303923670113094,0.6326570567970176
tp_2_0x_sell_50pct,single_take_profit,2x触发后卖出50%当前已买入且未卖出的份额，剩余持有结算,train,haircut_0_8,0.8,entry_lead_bin,6-12h,662,453,43,6,8427.230616539093,2035.5978256535072,0.24155003206610828,0.3867069486404834,-1.497494,-1.0,-146.89645500141265,0.1516418499301049,0.49866209257092,0.814234311637015,1726.9160056577102,1020.5223542803146,365.11313195636717,-1009.1716628073997,132,181,132,90,2259.1729974565997,0.15519617303443556,0.38598885953511647
tp_2_0x_sell_50pct,single_take_profit,2x触发后卖出50%当前已买入且未卖出的份额，剩余持有结算,train,haircut_0_8,0.8,entry_lead_bin,12-24h,852,535,46,6,12427.48385300822,5496.29521994618,0.44226935113786014,0.4823943661971831,-0.5171169499999998,-0.1927890670437153,-190.816699992179,0.14157176332002638,0.3463607168286195,0.5369418147330864,4718.175013930967,3592.594467663906,294.6364839846433,-733.2852410455997,269,352,269,116,4237.26304064,0.1556006263511045,0.3905287405844943
tp_2_0x_sell_50pct,single_take_profit,2x触发后卖出50%当前已买入且未卖出的份额，剩余持有结算,train,haircut_0_8,0.8,entry_lead_bin,24-48h,401,275,39,6,7137.275051321499,2049.6516419449013,0.28717565558376495,0.4688279301745636,-0.581794,-0.21119100947131245,-85.18662199687677,0.13152684997739972,0.46375603069035704,0.7273095885097172,1780.0674179288833,1099.113332178561,557.9142713551046,-234.56708673359987,110,159,110,63,1853.5582873242,0.12536451626517683,0.42946130289418294
tp_2_0x_sell_50pct,single_take_profit,2x触发后卖出50%当前已买入且未卖出的份额，剩余持有结算,train,haircut_0_8,0.8,entry_lead_bin,48-72h,54,42,21,6,1202.8701166934209,-400.9713034020209,-0.3333454691718954,0.4444444444444444,-0.84965,-0.6140401026314102,-127.94685020933491,nan,nan,nan,-475.5916022619209,-582.4996222607369,430.0511714006169,343.73329329140006,17,25,17,4,93.50064839999997,0.233095077207528,0.42596849840096473
tp_2_0x_sell_50pct,single_take_profit,2x触发后卖出50%当前已买入且未卖出的份额，剩余持有结算,train,haircut_0_8,0.8,entry_lead_bin,72h+,35,31,17,4,587.28084166994,498.07176235406007,0.8480980938145151,0.4857142857142857,-0.06940000000000002,-0.1116832957837142,-30.329778200069565,0.48266920185349743,1.0938124125453306,1.260718842547646,257.66786235286105,-46.72531364713893,24.627137871999878,-182.84287597600002,7,11,7,7,238.15692,0.3956942827106017,0.5144761361244069
tp_2_0x_sell_50pct,single_take_profit,2x触发后卖出50%当前已买入且未卖出的份额，剩余持有结算,train,haircut_0_9,0.9,entry_lead_bin,0-6h,19,16,10,5,109.53368637221331,-51.77631329808831,-0.47269762401809395,0.5789473684210527,0.06630000000000003,0.11761363637265203,-29.190754998012668,nan,nan,nan,-57.71962758559431,-68.74094588559431,54.84219919707367,57.757373074125,11,12,11,0,0,0.4244577557251717,0.5951390360803377
tp_2_0x_sell_50pct,single_take_profit,2x触发后卖出50%当前已买入且未卖出的份额，剩余持有结算,train,haircut_0_9,0.9,entry_lead_bin,6-12h,662,453,43,6,8427.230616539093,2473.402215993132,0.29350119019395154,0.4229607250755287,-1.079262031479613,-0.970535932720668,-146.89645500141265,0.12597875629810718,0.43048615911968163,0.6946704547005463,2161.806080997335,1408.6367960721393,281.2651581299333,-571.3672724677748,156,207,156,97,2159.7656517249247,0.14058471663813035,0.35555080816977674
tp_2_0x_sell_50pct,single_take_profit,2x触发后卖出50%当前已买入且未卖出的份额，剩余持有结算,train,haircut_0_9,0.9,entry_lead_bin,12-24h,852,535,46,6,12427.48385300822,6112.32242413218,0.49183909602526815,0.5129107981220657,0.015000000000000069,0.006528183397076641,-190.816699992179,0.12720256165570357,0.3161012159254005,0.4857300683595159,5334.819354116967,4180.209873735906,288.61022148464326,-117.25803685960008,295,403,295,120,4153.077580404175,0.1481154397138367,0.3756561793065543
tp_2_0x_sell_50pct,single_take_profit,2x触发后卖出50%当前已买入且未卖出的份额，剩余持有结算,train,haircut_0_9,0.9,entry_lead_bin,24-48h,401,275,39,6,7137.275051321499,2376.1938223634015,0.3329273154358033,0.513715710723192,0.01475437500000032,0.0050000000000001085,-85.18662199687677,0.11435217298299259,0.4359871316626973,0.6554669918834545,2104.4708953473837,1340.2038934765612,527.5839215924289,91.97509368490016,128,182,128,67,1735.495191684875,0.12010213711669687,0.40334964080111074
tp_2_0x_sell_50pct,single_take_profit,2x触发后卖出50%当前已买入且未卖出的份额，剩余持有结算,train,haircut_0_9,0.9,entry_lead_bin,48-72h,54,42,21,6,1202.8701166934209,-396.1225176643459,-0.3293144556232307,0.48148148148148145,-0.28300000000000003,-0.19376523127785494,-127.94685020933491,nan,nan,nan,-470.30106064424587,-576.9208931430619,424.2773072893459,348.58207902907503,19,28,19,4,94.23059178,0.2348239149959304,0.4459808451508531
tp_2_0x_sell_50pct,single_take_profit,2x触发后卖出50%当前已买入且未卖出的份额，剩余持有结算,train,haircut_0_9,0.9,entry_lead_bin,72h+,35,31,17,4,587.28084166994,540.4156496100601,0.9201996919793635,0.5714285714285714,0.011943489930434481,0.002272727272727305,-19.65,0.44484999680276427,1.0117942021030255,1.1669454030665387,300.01174960886107,-6.373771391138916,23.1992986059999,-140.49898872,10,15,10,7,235.981635,0.37882033928571346,0.4902800382103711
tp_2_0x_sell_50pct,single_take_profit,2x触发后卖出50%当前已买入且未卖出的份额，剩余持有结算,train,sampled_1_0,1.0,entry_lead_bin,0-6h,19,16,10,5,109.53368637221331,-44.44103222721331,-0.40572935778127145,0.631578947368421,0.14317750000000018,0.1785714285714286,-29.190754998012668,nan,nan,nan,-51.69107476471931,-64.28421564645062,55.15695994707366,65.092654145,12,14,12,0,0,0.39861130518588256,0.5455781281219176
tp_2_0x_sell_50pct,single_take_profit,2x触发后卖出50%当前已买入且未卖出的份额，剩余持有结算,train,sampled_1_0,1.0,entry_lead_bin,6-12h,662,453,43,6,8427.230616539093,2880.212617353407,0.3417745103238028,0.4471299093655589,-0.9891664858245008,-0.6563700033236437,-146.89645500141265,0.10919695584307136,0.36780609844244566,0.5914362160204265,2565.70216735761,1820.8528518799458,259.77478477382783,-164.55687110750003,172,236,172,104,2131.17702798,0.13761885181135464,0.3366162420206016
tp_2_0x_sell_50pct,single_take_profit,2x触发后卖出50%当前已买入且未卖出的份额，剩余持有结算,train,sampled_1_0,1.0,entry_lead_bin,12-24h,852,535,46,6,12427.48385300822,6962.43826401478,0.5602452070239012,0.5492957746478874,0.07552999959999962,0.025003082136591137,-190.816699992179,0.11184154752794805,0.28114142222089206,0.43149147044034,6183.748393999566,5005.008468344506,289.26528398464325,732.8578030229997,326,459,326,123,4043.62019342375,0.13492594142863207,0.37336759709428996
tp_2_0x_sell_50pct,single_take_profit,2x触发后卖出50%当前已买入且未卖出的份额，剩余持有结算,train,sampled_1_0,1.0,entry_lead_bin,24-48h,401,275,39,6,7137.275051321499,2575.0278432910013,0.3607858496099605,0.5411471321695761,0.07499999999999973,0.019707544226836144,-85.18662199687677,0.10679803725076373,0.4246687182775294,0.63005384114821,2300.019923761455,1481.494069551661,544.5411623377549,290.8091146125001,139,209,139,71,1708.74117635,0.12097900214473267,0.40871456534004097
tp_2_0x_sell_50pct,single_take_profit,2x触发后卖出50%当前已买入且未卖出的份额，剩余持有结算,train,sampled_1_0,1.0,entry_lead_bin,48-72h,54,42,21,6,1202.8701166934209,-268.12287349142093,-0.2229025975210574,0.46296296296296297,-0.28300000000000003,-0.15768187897381022,-63.12247961296016,nan,nan,nan,-342.37504245132095,-449.96749245013694,298.451954741421,476.581723202,18,29,18,4,93.1843483,0.17868785201239396,0.49745617887774224
tp_2_0x_sell_50pct,single_take_profit,2x触发后卖出50%当前已买入且未卖出的份额，剩余持有结算,train,sampled_1_0,1.0,entry_lead_bin,72h+,35,31,17,4,587.28084166994,575.16708413256,0.9793731436855078,0.6,0.18162940000000027,0.03252406052484002,-19.65,0.417972284286339,0.9547343392040136,1.1056962172371219,334.763184131361,26.03531813136101,21.771459339999893,-105.74755419750001,11,18,11,7,230.9394,0.3823237799804195,0.4846844878538361
tp_2_0x_sell_50pct,single_take_profit,2x触发后卖出50%当前已买入且未卖出的份额，剩余持有结算,validation,haircut_0_8,0.8,entry_lead_bin,0-6h,20,15,8,5,198.75227100923254,14.877388687767464,0.0748539305348434,0.35,-1.927892,-0.8334852027843509,-17.728519999577,6.169573970930096,7.117021960100782,7.182941054452626,-76.90976131569253,-91.00531331202853,68.92824327085097,36.57965969699999,6,10,6,1,78.89348000000001,0.5064863502183083,0.5473306785133001
tp_2_0x_sell_50pct,single_take_profit,2x触发后卖出50%当前已买入且未卖出的份额，剩余持有结算,validation,haircut_0_8,0.8,entry_lead_bin,6-12h,286,177,32,6,3614.2570460061756,-105.67447615397556,-0.029238229270590457,0.2937062937062937,-4.052345000299001,-1.0,-88.055799999736,nan,nan,nan,-504.1666321751182,-1053.5696808196333,454.0119057657565,-201.2878241477999,59,84,59,23,1024.8619123347999,0.2816953739221452,0.3094797789140113
tp_2_0x_sell_50pct,single_take_profit,2x触发后卖出50%当前已买入且未卖出的份额，剩余持有结算,validation,haircut_0_8,0.8,entry_lead_bin,12-24h,527,282,36,6,8404.734643040209,3003.855094519792,0.35740034898153794,0.40037950664136623,-2.214640004136,-0.818722613570921,-165.367399998335,0.17853111389273724,0.7238040596452721,1.034505952095853,2467.5734985228,829.6525825202343,588.9988744005119,-1498.0945184399998,144,219,144,63,3563.8532521715997,0.1314847648348936,0.4972683462459339
tp_2_0x_sell_50pct,single_take_profit,2x触发后卖出50%当前已买入且未卖出的份额，剩余持有结算,validation,haircut_0_8,0.8,entry_lead_bin,24-48h,144,82,23,6,3483.3991933362913,1028.1670734167087,0.2951620002047375,0.3819444444444444,-2.720757998093619,-0.6024322113611276,-340.113900006208,0.637209528436737,1.923008576064767,2.7302229109866,373.0092174106678,-949.0070263910352,656.3388736762017,-566.1514692469999,36,67,36,19,1278.2387042888,0.2579893876718239,0.25600901281129096
tp_2_0x_sell_50pct,single_take_profit,2x触发后卖出50%当前已买入且未卖出的份额，剩余持有结算,validation,haircut_0_8,0.8,entry_lead_bin,48-72h,21,13,6,6,671.2881499584394,229.7176684459608,0.34220426572431384,0.47619047619047616,-2.9997410012963828,-0.584770632840681,-103.11460799797787,1.942477402970834,2.6264594896225244,2.6373481601224102,-216.50371157346424,-373.6264817778937,341.8950612024171,-210.08308659559987,7,12,7,3,363.86033645999987,0.44350598488335635,0.6739117984880126
tp_2_0x_sell_50pct,single_take_profit,2x触发后卖出50%当前已买入且未卖出的份额，剩余持有结算,validation,haircut_0_9,0.9,entry_lead_bin,0-6h,20,15,8,5,198.75227100923254,43.09839814989247,0.21684480851990082,0.55,0.021192498990500352,0.007084526102291287,-17.728519999577,2.1576460842012066,2.614360719403864,2.6360677443795786,-49.892691853567534,-69.57636104241456,55.72991029607898,64.800669159125,10,12,10,1,77.68954000000001,0.5843289198303353,0.6359076251483149
tp_2_0x_sell_50pct,single_take_profit,2x触发后卖出50%当前已买入且未卖出的份额，剩余持有结算,validation,haircut_0_9,0.9,entry_lead_bin,6-12h,286,177,32,6,3614.2570460061756,124.05307206344938,0.03432325661522344,0.32867132867132864,-3.3236110019180005,-1.0,-88.055799999736,3.2216899620178565,7.863827289983216,11.92654648849152,-275.60746496084323,-851.4788614353583,355.8609797147385,28.43972406962502,69,98,69,24,964.97619275165,0.3034742343091176,0.35360126669322156
tp_2_0x_sell_50pct,single_take_profit,2x触发后卖出50%当前已买入且未卖出的份额，剩余持有结算,validation,haircut_0_9,0.9,entry_lead_bin,12-24h,527,282,36,6,8404.734643040209,3361.192141222592,0.3999165094410122,0.46110056925996207,-0.8042538580691172,-0.31500920547212713,-165.367399998335,0.1604737815734622,0.6461382398715221,0.9267915900475163,2821.8089277256,1189.397367223034,625.1026945910618,-1140.7574717371997,176,255,176,64,3607.7560447205,0.13833484477939026,0.4958862538772432
tp_2_0x_sell_50pct,single_take_profit,2x触发后卖出50%当前已买入且未卖出的份额，剩余持有结算,validation,haircut_0_9,0.9,entry_lead_bin,24-48h,144,82,23,6,3483.3991933362913,1384.9751011786589,0.3975929901540147,0.4166666666666667,-2.346261498093619,-0.4132448254104265,-340.113900006208,0.47344000801748476,1.5738475748067347,2.1942690397261617,729.2724781726179,-794.7646029790853,656.0543920035768,-209.34344148504974,41,72,41,19,1038.8124215439498,0.23614716544677156,0.28403742617137506
tp_2_0x_sell_50pct,single_take_profit,2x触发后卖出50%当前已买入且未卖出的份额，剩余持有结算,validation,haircut_0_9,0.9,entry_lead_bin,48-72h,21,13,6,6,671.2881499584394,221.09418562298578,0.32935809404154404,0.47619047619047616,-0.3200000000000003,-0.022076578130389806,-103.11460799797787,1.8921652952592714,2.5801033107098053,2.5922003014696458,-197.25255939643927,-349.35165468156805,321.06752199191715,-218.7065694185749,7,13,7,3,392.8358223537499,0.44911315406029084,0.6767356299800169
tp_2_0x_sell_50pct,single_take_profit,2x触发后卖出50%当前已买入且未卖出的份额，剩余持有结算,validation,sampled_1_0,1.0,entry_lead_bin,0-6h,20,15,8,5,198.75227100923254,-1.359341150482525,-0.006839374179625752,0.5,-0.797295,-0.2848907884637269,-42.03272558749896,nan,nan,nan,-95.55437115394253,-109.47236113326953,103.65200609107895,20.34292985875,9,12,9,1,76.4856,0.4852853567794367,0.4967356048299363
tp_2_0x_sell_50pct,single_take_profit,2x触发后卖出50%当前已买入且未卖出的份额，剩余持有结算,validation,sampled_1_0,1.0,entry_lead_bin,6-12h,286,177,32,6,3614.2570460061756,440.27060608382425,0.12181496791168515,0.36713286713286714,-2.9803350019574997,-0.9857944431734054,-88.055799999736,1.01086220916417,2.3763122923569986,3.5967427902853757,-4.782311412118361,-605.9498471166332,316.43616091253847,344.6572580899999,80,115,80,25,869.4108003000001,0.3336189637045553,0.37847638607003414
tp_2_0x_sell_50pct,single_take_profit,2x触发后卖出50%当前已买入且未卖出的份额，剩余持有结算,validation,sampled_1_0,1.0,entry_lead_bin,12-24h,527,282,36,6,8404.734643040209,4124.7584876155415,0.49076605779947746,0.4819734345351044,-0.15583899947904503,-0.15402120104842246,-154.60567997874,0.12801006836699103,0.5248807668376032,0.7588908029208324,3596.7478716185497,1959.7520896159836,501.37491397157373,-377.19112534424994,187,287,187,65,3390.0087337669997,0.13736994839098635,0.4424365512990876
tp_2_0x_sell_50pct,single_take_profit,2x触发后卖出50%当前已买入且未卖出的份额，剩余持有结算,validation,sampled_1_0,1.0,entry_lead_bin,24-48h,144,82,23,6,3483.3991933362913,2139.956908286209,0.6143300809106018,0.4305555555555556,-1.689045008367,-0.27370743979248985,-168.41334300134858,0.306663833960843,1.0809965380750877,1.4896815768482659,1483.7095182801681,-173.3291012010509,246.37962299120045,545.6383656225001,43,86,43,19,904.5176647199999,0.24788504614784473,0.2631257241716165
tp_2_0x_sell_50pct,single_take_profit,2x触发后卖出50%当前已买入且未卖出的份额，剩余持有结算,validation,sampled_1_0,1.0,entry_lead_bin,48-72h,21,13,6,6,671.2881499584394,497.9543367915609,0.7417892552138603,0.42857142857142855,-2.9997410012963828,-0.5422266403038655,-103.11460799797787,1.4246908754534784,1.7272730590660772,1.729837146961037,-211.47666322786426,-362.14877379361815,319.437781466917,58.1535817500002,6,14,6,3,102.12638043749982,0.6961122171669646,0.7645322360173848
tp_2_0x_sell_75pct,single_take_profit,2x触发后卖出75%当前已买入且未卖出的份额，剩余持有结算,train,haircut_0_8,0.8,entry_lead_bin,0-6h,19,16,10,5,109.53368637221331,-30.830394006713306,-0.28146951890167016,0.5789473684210527,1.2061006375000005,0.8005997474892729,-29.190754998012668,nan,nan,nan,-40.69389304421931,-63.04585620595062,47.09740594707367,78.7032923655,11,11,11,0,0,0.3633190305082667,0.4737691397277579
tp_2_0x_sell_75pct,single_take_profit,2x触发后卖出75%当前已买入且未卖出的份额，剩余持有结算,train,haircut_0_8,0.8,entry_lead_bin,6-12h,662,453,43,6,8427.230616539093,1531.0119942498075,0.18167439149524137,0.4123867069486405,-1.3867185010640002,-1.0,-146.89645500141265,0.15914086951042034,0.5506971723518014,0.876085357876964,1287.3654142540104,687.8880181797462,382.9704534473674,-1513.7574942110996,149,181,149,90,3388.7594961848995,0.15239825996483738,0.4392556008517069
tp_2_0x_sell_75pct,single_take_profit,2x触发后卖出75%当前已买入且未卖出的份额，剩余持有结算,train,haircut_0_8,0.8,entry_lead_bin,12-24h,852,535,46,6,12427.48385300822,5129.65259942338,0.41276678852265714,0.5152582159624414,0.15150000000000008,0.1932781343043785,-190.816699992179,0.1412238665239524,0.32040690969446134,0.4784447666843664,4405.223225408166,3486.076462235974,290.1690339846432,-1099.9278615683997,297,352,297,116,6355.8945609600005,0.14688252510780542,0.3732855584903957
tp_2_0x_sell_75pct,single_take_profit,2x触发后卖出75%当前已买入且未卖出的份额，剩余持有结算,train,haircut_0_8,0.8,entry_lead_bin,24-48h,401,275,39,6,7137.275051321499,1932.3680985781014,0.2707431176020482,0.5112219451371571,0.16618159999999998,0.1777567859399495,-85.18662199687677,0.08746860193996656,0.3617083612526396,0.6026870922529719,1763.3465625620834,1233.4144003045371,441.49115201940435,-351.8506301003999,127,159,126,63,2780.3374309863,0.12134266355072859,0.4860543827798162
tp_2_0x_sell_75pct,single_take_profit,2x触发后卖出75%当前已买入且未卖出的份额，剩余持有结算,train,haircut_0_8,0.8,entry_lead_bin,48-72h,54,42,21,6,1202.8701166934209,-229.10465675632096,-0.19046499998362962,0.48148148148148145,-0.28300000000000003,-0.42106015394711527,-127.94685020933491,nan,nan,nan,-282.37342141622094,-403.8985494868418,255.63680125632095,515.5999399371,19,25,19,4,140.2509726,0.1675082087348378,0.3999229006250644
tp_2_0x_sell_75pct,single_take_profit,2x触发后卖出75%当前已买入且未卖出的份额，剩余持有结算,train,haircut_0_8,0.8,entry_lead_bin,72h+,35,31,17,4,587.28084166994,406.6503243660601,0.6924290654701848,0.5428571428571428,0.48975000000000013,0.3324750563244287,-30.329778200069565,0.5911808883368584,1.1064705306853322,1.2678337674226803,166.24642436486107,-43.29627583861685,19.650000000000006,-274.264313964,9,11,9,7,357.23537999999996,0.4729884423425127,0.6274577180758378
tp_2_0x_sell_75pct,single_take_profit,2x触发后卖出75%当前已买入且未卖出的份额，剩余持有结算,train,haircut_0_9,0.9,entry_lead_bin,0-6h,19,16,10,5,109.53368637221331,-22.897626761025805,-0.2090464360271409,0.631578947368421,2.3479175921875015,0.6764204545589781,-29.190754998012668,nan,nan,nan,-34.72121817353181,-58.15337774526312,46.199804986579665,86.6360596111875,12,12,12,0,0,0.34706635593694113,0.4368953660985998
tp_2_0x_sell_75pct,single_take_profit,2x触发后卖出75%当前已买入且未卖出的份额，剩余持有结算,train,haircut_0_9,0.9,entry_lead_bin,6-12h,662,453,43,6,8427.230616539093,2187.7185797592447,0.2596011286870063,0.4425981873111782,-1.0,-0.9558038990810018,-146.89645500141265,0.11336835312844079,0.4201536048314155,0.6567477666554501,1939.7005272634476,1268.5407321167336,283.6032107793271,-857.0509087016623,169,207,168,97,3239.6484775873873,0.12717214428334458,0.3419633899640803
tp_2_0x_sell_75pct,single_take_profit,2x触发后卖出75%当前已买入且未卖出的份额，剩余持有结算,train,haircut_0_9,0.9,entry_lead_bin,12-24h,852,535,46,6,12427.48385300822,6053.69340570238,0.4871214058537692,0.5539906103286385,0.9483262500000003,0.5040075355039632,-190.816699992179,0.11951442227544862,0.27828684773499734,0.40706469077025365,5330.189735687167,4369.030150675324,281.1296402346434,-175.88705528940002,330,403,330,120,6229.6163706062625,0.13589139581308257,0.34227145519770286
tp_2_0x_sell_75pct,single_take_profit,2x触发后卖出75%当前已买入且未卖出的份额，剩余持有结算,train,haircut_0_9,0.9,entry_lead_bin,24-48h,401,275,39,6,7137.275051321499,2422.1813692058513,0.3393706073801056,0.543640897755611,0.8860395029200006,0.5049160591264799,-85.18662199687677,0.09831672199680248,0.33314848682805437,0.5251270336080238,2184.040436903805,1615.235311231817,395.99562737539236,137.96264052735006,140,182,140,67,2603.2427875273124,0.12850878301023236,0.42738010072433724
tp_2_0x_sell_75pct,single_take_profit,2x触发后卖出75%当前已买入且未卖出的份额，剩余持有结算,train,haircut_0_9,0.9,entry_lead_bin,48-72h,54,42,21,6,1202.8701166934209,-221.8314781498084,-0.1844184796606326,0.5185185185185185,0.22354312499999995,0.16667017273395934,-127.94685020933491,nan,nan,nan,-277.95313030997545,-402.19049614869147,249.03310508730843,522.8731185436126,21,28,21,4,141.34588767,0.15867520274071992,0.4106092231248304
tp_2_0x_sell_75pct,single_take_profit,2x触发后卖出75%当前已买入且未卖出的份额，剩余持有结算,train,haircut_0_9,0.9,entry_lead_bin,72h+,35,31,17,4,587.28084166994,470.1661552500601,0.8005814627174576,0.6571428571428571,1.5900000000000016,0.503409090909091,-19.65,0.5113168979024852,0.9600880085989968,1.1258251154808951,229.7622552488611,18.765267545383153,19.650000000000006,-210.74848307999997,13,15,13,7,353.9724525,0.43039927720628157,0.5702234865156711
tp_2_0x_sell_75pct,single_take_profit,2x触发后卖出75%当前已买入且未卖出的份额，剩余持有结算,train,sampled_1_0,1.0,entry_lead_bin,0-6h,19,16,10,5,109.53368637221331,-11.89470515471331,-0.10859403667190717,0.7368421052631579,1.9328962500000002,0.7678571428571428,-29.190754998012668,nan,nan,nan,-25.67838894221931,-51.16515152395063,47.83087873657966,97.6389812175,14,14,14,0,0,0.3182538153739133,0.3981577431884672
tp_2_0x_sell_75pct,single_take_profit,2x触发后卖出75%当前已买入且未卖出的份额，剩余持有结算,train,sampled_1_0,1.0,entry_lead_bin,6-12h,662,453,43,6,8427.230616539093,2797.934181799657,0.3320111088817831,0.472809667673716,-0.68801125,-0.48455500498546555,-146.89645500141265,0.09020566911029256,0.33118017062107963,0.5083245695629292,2545.54465680386,1871.3138620846958,260.27548013882733,-246.83530666124992,189,236,188,104,3196.76554197,0.12397533876145016,0.31568968045794643
tp_2_0x_sell_75pct,single_take_profit,2x触发后卖出75%当前已买入且未卖出的份额，剩余持有结算,train,sampled_1_0,1.0,entry_lead_bin,12-24h,852,535,46,6,12427.48385300822,7328.86716552628,0.5897305723517187,0.5985915492957746,1.4866249999999999,0.5327137228843408,-190.816699992179,0.09896261640909833,0.23483811403982724,0.34755503194799975,6603.583295511066,5607.769822325674,282.11223398464335,1099.2867045345,368,459,368,123,6065.430290135625,0.1171654234974777,0.33775496684038525
tp_2_0x_sell_75pct,single_take_profit,2x触发后卖出75%当前已买入且未卖出的份额，剩余持有结算,train,sampled_1_0,1.0,entry_lead_bin,24-48h,401,275,39,6,7137.275051321499,2720.432400597251,0.3811584086413415,0.600997506234414,1.8046705934540643,0.5197368421052632,-85.18662199687677,0.08968059788987377,0.3332414977684266,0.5000330104796189,2476.462396392705,1813.8714328444669,421.43148849338104,436.21367191875,163,209,163,71,2563.111764525,0.13243011527724674,0.4295631127086386
tp_2_0x_sell_75pct,single_take_profit,2x触发后卖出75%当前已买入且未卖出的份额，剩余持有结算,train,sampled_1_0,1.0,entry_lead_bin,48-72h,54,42,21,6,1202.8701166934209,-29.832011890420944,-0.024800692507372612,0.5185185185185185,0.2954812499999999,0.14660831448455344,-62.719163412960164,nan,nan,nan,-110.78334844397548,-295.81995131335657,128.73687910750718,714.872584803,21,29,21,4,139.77652245000002,0.23416721159600842,0.4862142436331114
tp_2_0x_sell_75pct,single_take_profit,2x触发后卖出75%当前已买入且未卖出的份额，剩余持有结算,train,sampled_1_0,1.0,entry_lead_bin,72h+,35,31,17,4,587.28084166994,522.29330703381,0.889341640276674,0.7428571428571429,2.17409595,0.5487860907872598,-19.65,0.4602852396606276,0.8683123909441928,1.0318627097191104,281.889407032611,68.77955682913307,19.650000000000006,-158.62133129625,16,18,16,7,346.40909999999997,0.42539760477883176,0.5462327521648471
tp_2_0x_sell_75pct,single_take_profit,2x触发后卖出75%当前已买入且未卖出的份额，剩余持有结算,validation,haircut_0_8,0.8,entry_lead_bin,0-6h,20,15,8,5,198.75227100923254,33.167218536267455,0.16687718015924838,0.45,-1.916698,-0.7502278041765262,-17.728519999577,1.5780765561099788,3.451449010854551,3.7474275831271577,-19.173191467192538,-81.30774507352957,38.846876007597004,54.86948954549998,8,10,8,1,118.34022000000002,0.29377830414078593,0.5310314785540853
tp_2_0x_sell_75pct,single_take_profit,2x触发后卖出75%当前已买入且未卖出的份额，剩余持有结算,validation,haircut_0_8,0.8,entry_lead_bin,6-12h,286,177,32,6,3614.2570460061756,-206.31838822787554,-0.057084591826655325,0.32167832167832167,-3.923670000765,-1.0,-88.055799999736,nan,nan,nan,-411.4533897616182,-876.9394987715363,401.5053096780565,-301.9317362216999,67,84,67,23,1537.2928685022,0.250670021005304,0.3711568650102865
tp_2_0x_sell_75pct,single_take_profit,2x触发后卖出75%当前已买入且未卖出的份额，剩余持有结算,validation,haircut_0_8,0.8,entry_lead_bin,12-24h,527,282,36,6,8404.734643040209,2254.8078352997923,0.2682782896860347,0.45540796963946867,-1.2946,-0.7280839203563815,-165.367399998335,0.21855656978035579,0.7937622661137615,1.1132459409510278,1762.0047693028002,465.026458301164,639.9123916016899,-2247.1417776599997,173,219,173,63,5345.7798782574,0.1493806357433119,0.5997831036285777
tp_2_0x_sell_75pct,single_take_profit,2x触发后卖出75%当前已买入且未卖出的份额，剩余持有结算,validation,haircut_0_8,0.8,entry_lead_bin,24-48h,144,82,23,6,3483.3991933362913,745.0913387932088,0.2138977755459556,0.4513888888888889,-1.466234915715655,-0.40364831704169124,-340.113900006208,0.7930597139447338,2.2733404960409658,3.0802911176866017,154.18941478716783,-948.7549749347717,676.1177814911832,-849.2272038704998,46,67,46,19,1917.3580564331999,0.28318566990016875,0.2709132212932111
tp_2_0x_sell_75pct,single_take_profit,2x触发后卖出75%当前已买入且未卖出的份额，剩余持有结算,validation,haircut_0_8,0.8,entry_lead_bin,48-72h,21,13,6,6,671.2881499584394,124.67612514816085,0.185726688540353,0.47619047619047616,-2.9997410012963828,-0.3771559492610215,-103.11460799797787,2.51534982857984,3.6667065107917995,3.8845597683616244,-188.92794487126423,-332.4746346728937,307.97200181991707,-315.12462989339986,7,12,7,3,545.7905046899999,0.4107117305582581,0.6351708342651263
tp_2_0x_sell_75pct,single_take_profit,2x触发后卖出75%当前已买入且未卖出的份额，剩余持有结算,validation,haircut_0_9,0.9,entry_lead_bin,0-6h,20,15,8,5,198.75227100923254,75.49873272945496,0.3798634971368345,0.55,1.321371875,0.5106267891534368,-17.728519999577,0.7171818392964288,1.6885302302451555,1.908856573997377,21.352412725994967,-51.98315982942907,24.254371257597015,97.20100373868749,10,12,10,1,116.53431000000002,0.41199789954847327,0.6037479055249008
tp_2_0x_sell_75pct,single_take_profit,2x触发后卖出75%当前已买入且未卖出的份额，剩余持有结算,validation,haircut_0_9,0.9,entry_lead_bin,6-12h,286,177,32,6,3614.2570460061756,138.2729340982619,0.038257637002065525,0.3531468531468531,-3.14350000395,-1.0,-88.055799999736,1.496226100846646,5.253597887111856,8.462242818091836,-68.61463894020574,-588.1574603251238,256.45778062746456,42.65958610443754,76,98,76,24,1447.464289127475,0.26660602696087793,0.3424558575320068
tp_2_0x_sell_75pct,single_take_profit,2x触发后卖出75%当前已买入且未卖出的份额，剩余持有结算,validation,haircut_0_9,0.9,entry_lead_bin,12-24h,527,282,36,6,8404.734643040209,2790.813405353992,0.3320525303752461,0.5047438330170778,0.020625000000000004,0.02748619179180929,-165.367399998335,0.1782474927534232,0.6483986197467391,0.908973476842008,2293.357913107,981.253845351767,694.3128093875149,-1711.1362076057997,199,255,199,64,5411.634067080749,0.15984577978579073,0.5842098347830879
tp_2_0x_sell_75pct,single_take_profit,2x触发后卖出75%当前已买入且未卖出的份额，剩余持有结算,validation,haircut_0_9,0.9,entry_lead_bin,24-48h,144,82,23,6,3483.3991933362913,1280.3033804361337,0.3675442604698714,0.4722222222222222,-0.7301608405031552,-0.11986723811563985,-340.113900006208,0.4621709850554895,1.5556807817333569,2.0645511843927795,688.5843059300927,-711.4399832966103,652.8900048572459,-314.0151622275748,49,72,47,19,1558.2186323159249,0.24200099093459262,0.2494571115021806
tp_2_0x_sell_75pct,single_take_profit,2x触发后卖出75%当前已买入且未卖出的份额，剩余持有结算,validation,haircut_0_9,0.9,entry_lead_bin,48-72h,21,13,6,6,671.2881499584394,111.74090091369825,0.16645743101619823,0.5238095238095238,0.8882425,0.4668851328044152,-103.11460799797787,2.432342278404757,3.6630656464513414,3.9898643225781245,-160.05121660572675,-297.5733545267931,299.9963835044171,-328.0598541278624,8,13,8,3,589.2537335306249,0.4836447315817965,0.598309720113548
tp_2_0x_sell_75pct,single_take_profit,2x触发后卖出75%当前已买入且未卖出的份额，剩余持有结算,validation,sampled_1_0,1.0,entry_lead_bin,0-6h,20,15,8,5,198.75227100923254,8.81212377889245,0.04433722308754452,0.5,-0.22080250000000023,0.07266381730440968,-31.552489381248968,6.349460289865825,10.660201910761256,12.451959821611942,-47.14010622456754,-85.12689496672154,79.75677363482896,30.514394788124974,9,12,9,1,114.72840000000002,0.45326228129253365,0.49376334074290007
tp_2_0x_sell_75pct,single_take_profit,2x触发后卖出75%当前已买入且未卖出的份额，剩余持有结算,validation,sampled_1_0,1.0,entry_lead_bin,6-12h,286,177,32,6,3614.2570460061756,612.5992351288244,0.16949520394675816,0.3916083916083916,-2.7871600076080005,-0.978691664760108,-88.055799999736,0.44886791882480487,1.3852052514029216,2.174277905410505,337.6230913828817,-235.97644237703628,180.1039994114135,516.9858871350001,87,115,87,25,1304.11620045,0.3140926574430348,0.3393630521312568
tp_2_0x_sell_75pct,single_take_profit,2x触发后卖出75%当前已买入且未卖出的份额，剩余持有结算,validation,sampled_1_0,1.0,entry_lead_bin,12-24h,527,282,36,6,8404.734643040209,3936.1629249434172,0.46832685291294407,0.5313092979127134,0.550316549536415,0.26896819842736636,-154.60567997874,0.12367417438904357,0.4590918166905405,0.666361799002551,3449.361224940277,2129.1027369411922,521.3108182521016,-565.7866880163747,213,287,213,65,5085.0131006505,0.1522304725291251,0.46442449886568377
tp_2_0x_sell_75pct,single_take_profit,2x触发后卖出75%当前已买入且未卖出的份额，剩余持有结算,validation,sampled_1_0,1.0,entry_lead_bin,24-48h,144,82,23,6,3483.3991933362913,2412.776091097459,0.6926498966047521,0.5138888888888888,0.28412746874999995,0.08943884031126528,-168.41334300134858,0.24558276550913766,0.8823329702430518,1.2552738227360667,1820.2398660914178,283.9041961080179,245.3426604912005,818.4575484337502,55,86,55,19,1356.77649708,0.2956181961125797,0.246257786756629
tp_2_0x_sell_75pct,single_take_profit,2x触发后卖出75%当前已买入且未卖出的份额，剩余持有结算,validation,sampled_1_0,1.0,entry_lead_bin,48-72h,21,13,6,6,671.2881499584394,527.0311276665608,0.7851041727746725,0.47619047619047616,-2.9997410012963828,-0.3133399604557982,-103.11460799797787,1.3441682337738947,1.5962075382858925,1.646897428507352,-181.3873723528643,-314.2199312261181,297.5517727169171,87.23037262500013,7,14,7,3,153.18957065624988,0.7611189253964289,0.7779724745765147
tp_3_0x_sell_100pct,single_take_profit,3x触发后卖出100%当前已买入且未卖出的份额，剩余持有结算,train,haircut_0_8,0.8,entry_lead_bin,0-6h,19,16,10,5,109.53368637221331,-5.8449159082132995,-0.053361811345884254,0.47368421052631576,-0.999997,-0.8930283928733908,-29.190754998012668,nan,nan,nan,-41.46486858994462,-74.32808782745062,52.17503498657967,103.68877046400002,9,9,9,0,0,0.3246152586954995,0.3929114454099948
tp_3_0x_sell_100pct,single_take_profit,3x触发后卖出100%当前已买入且未卖出的份额，剩余持有结算,train,haircut_0_8,0.8,entry_lead_bin,6-12h,662,453,43,6,8427.230616539093,1429.8913386473075,0.16967511673894803,0.3217522658610272,-2.8770036779000003,-1.0,-146.89645500141265,0.12820421177754732,0.5882148447364299,0.9770169437930621,1246.5732466484874,588.8080268949155,536.1200430490476,-1614.8781498135993,89,103,88,68,3437.1470733763995,0.12759916073793787,0.5142194892235308
tp_3_0x_sell_100pct,single_take_profit,3x触发后卖出100%当前已买入且未卖出的份额，剩余持有结算,train,haircut_0_8,0.8,entry_lead_bin,12-24h,852,535,46,6,12427.48385300822,4194.888510294981,0.33754930281237566,0.38967136150234744,-2.299940899370392,-1.0,-190.816699992179,0.08089495088451197,0.26757987556926577,0.4447090075757997,3855.543210288665,3072.4207646833074,458.2471706601327,-2034.6919506967993,190,209,190,99,7530.0470519012,0.09571002960685453,0.5800284459469626
tp_3_0x_sell_100pct,single_take_profit,3x触发后卖出100%当前已买入且未卖出的份额，剩余持有结算,train,haircut_0_8,0.8,entry_lead_bin,24-48h,401,275,39,6,7137.275051321499,1550.4171804397015,0.21722816751368362,0.3915211970074813,-2.6476800000000003,-1.0,-146.52238799564745,0.14011413912358192,0.47788792729252794,0.7961245493641378,1333.1818119199816,809.4915276406473,619.3953053357045,-733.8015482387998,79,90,79,49,2660.3302252396,0.1315052637300645,0.5275395512903885
tp_3_0x_sell_100pct,single_take_profit,3x触发后卖出100%当前已买入且未卖出的份额，剩余持有结算,train,haircut_0_8,0.8,entry_lead_bin,48-72h,54,42,21,6,1202.8701166934209,-113.61134265222093,-0.09445021625820088,0.25925925925925924,-4.68124,-1.0,-127.94685020933491,nan,nan,nan,-342.52056227310044,-594.2641650700554,272.59356559070505,631.0932540412,7,8,7,4,116.54618479999998,0.18815689861112386,0.4119261429459154
tp_3_0x_sell_100pct,single_take_profit,3x触发后卖出100%当前已买入且未卖出的份额，剩余持有结算,train,haircut_0_8,0.8,entry_lead_bin,72h+,35,31,17,4,587.28084166994,360.8343956420601,0.6144154040782657,0.42857142857142855,-1.213396411669104,-1.0,-30.329778200069565,0.6662444126852987,1.0847899341640554,1.3524112351219157,120.43049564086107,-30.59512465061698,25.136999830616332,-320.080242688,5,5,5,7,438.73659200000003,0.47768848884210946,0.6947655351065055
tp_3_0x_sell_100pct,single_take_profit,3x触发后卖出100%当前已买入且未卖出的份额，剩余持有结算,train,haircut_0_9,0.9,entry_lead_bin,0-6h,19,16,10,5,109.53368637221331,18.45583839978669,0.16849463403496476,0.5263157894736842,0.07375000000000001,2.2311431205516414,-29.190754998012668,2.241900377834341,4.474648207810045,5.400563993051911,-22.920312681944626,-64.12754581945063,45.637304986579665,127.989524772,10,10,10,0,0,0.32829856220433273,0.33457711039935567
tp_3_0x_sell_100pct,single_take_profit,3x触发后卖出100%当前已买入且未卖出的份额，剩余持有结算,train,haircut_0_9,0.9,entry_lead_bin,6-12h,662,453,43,6,8427.230616539093,2065.3535553632073,0.2450809345729534,0.3504531722054381,-2.4942081780526904,-1.0,-146.89645500141265,0.09573226325925233,0.42245609807198203,0.6917212557201516,1867.632585077744,1192.8323512253714,319.23568688779596,-979.4159330976996,108,126,108,78,3352.0693379373997,0.10802580758862732,0.3809695843674804
tp_3_0x_sell_100pct,single_take_profit,3x触发后卖出100%当前已买入且未卖出的份额，剩余持有结算,train,haircut_0_9,0.9,entry_lead_bin,12-24h,852,535,46,6,12427.48385300822,5975.13137502998,0.48079976974451094,0.4295774647887324,-1.5089165,-1.0,-190.816699992179,0.05679294373751128,0.20541534595220765,0.3396940498558028,5635.786075023663,4747.747696518306,304.5010589846438,-254.44908596179982,224,249,224,106,7116.29104390175,0.09562254875178551,0.42718477660662457
tp_3_0x_sell_100pct,single_take_profit,3x触发后卖出100%当前已买入且未卖出的份额，剩余持有结算,train,haircut_0_9,0.9,entry_lead_bin,24-48h,401,275,39,6,7137.275051321499,2059.6847843337514,0.2885813940927485,0.44139650872817954,-1.7734140000000003,-1.0,-146.52238799564745,0.07908949215801457,0.32981236882273873,0.5707186224929369,1896.7853607352054,1380.375266584485,554.9726843185549,-224.53394434474987,99,111,99,55,2669.97286456655,0.12300103770099924,0.5817453025001328
tp_3_0x_sell_100pct,single_take_profit,3x触发后卖出100%当前已买入且未卖出的份额，剩余持有结算,train,haircut_0_9,0.9,entry_lead_bin,48-72h,54,42,21,6,1202.8701166934209,-28.005129810220954,-0.023281923311225385,0.2962962962962963,-4.457390000208,-1.0,-127.94685020933491,nan,nan,nan,-283.0320657319005,-548.4492858778553,239.07156479450506,716.6994668832,9,11,9,4,103.7048829,0.22706794032444927,0.4782203615314629
tp_3_0x_sell_100pct,single_take_profit,3x触发后卖出100%当前已买入且未卖出的份额，剩余持有结算,train,haircut_0_9,0.9,entry_lead_bin,72h+,35,31,17,4,587.28084166994,394.93823988406007,0.6724861631124363,0.4857142857142857,-0.6214000000000001,-1.0,-30.329778200069565,0.6087126434547668,0.9787696364542406,1.2443642164329796,154.53433988286105,8.384682410860933,19.650000000000006,-285.976398446,7,7,7,7,443.50575757999997,0.4472916498071132,0.6361503232976945
tp_3_0x_sell_100pct,single_take_profit,3x触发后卖出100%当前已买入且未卖出的份额，剩余持有结算,train,sampled_1_0,1.0,entry_lead_bin,0-6h,19,16,10,5,109.53368637221331,6.414241507786686,0.058559532872746095,0.5263157894736842,0.0825,2.000999579148788,-29.190754998012668,3.2536495946397035,10.579194007095062,13.622863954435738,-14.455452773944627,-61.44326381145062,45.387304986579665,115.94792788,10,10,10,0,0,0.3283555495222272,0.3605292391231927
tp_3_0x_sell_100pct,single_take_profit,3x触发后卖出100%当前已买入且未卖出的份额，剩余持有结算,train,sampled_1_0,1.0,entry_lead_bin,6-12h,662,453,43,6,8427.230616539093,2723.8564575889072,0.3232208279957508,0.37462235649546827,-1.975,-1.0,-146.89645500141265,0.07811168292577579,0.3299192993275157,0.5429183419039597,2511.0914456383957,1825.203643632446,268.74075423979593,-320.9130308719998,124,144,124,83,3143.6843229235,0.11877863937327446,0.36717279605205655
tp_3_0x_sell_100pct,single_take_profit,3x触发后卖出100%当前已买入且未卖出的份额，剩余持有结算,train,sampled_1_0,1.0,entry_lead_bin,12-24h,852,535,46,6,12427.48385300822,7242.6381062417795,0.5827919948967476,0.4706572769953052,-0.92205,-0.9741027795518085,-190.816699992179,0.04685382522617895,0.17419431425078538,0.2929145204523907,6903.292806235463,5981.011727958386,304.2838839846436,1013.0576452499998,259,285,258,110,6913.972191204,0.10054989159320703,0.3897165293319904
tp_3_0x_sell_100pct,single_take_profit,3x触发后卖出100%当前已买入且未卖出的份额，剩余持有结算,train,sampled_1_0,1.0,entry_lead_bin,24-48h,401,275,39,6,7137.275051321499,3498.937733068501,0.49023439728873236,0.48129675810473815,-0.7343999999999999,-0.49986233186709716,-85.18662199687677,0.0535270986160986,0.21662060356356158,0.3828808450665263,3311.649747978955,2740.9957294998826,245.2134223490052,1214.71900439,115,131,115,61,2476.4916508375,0.134110238688872,0.39756497842575694
tp_3_0x_sell_100pct,single_take_profit,3x触发后卖出100%当前已买入且未卖出的份额，剩余持有结算,train,sampled_1_0,1.0,entry_lead_bin,48-72h,54,42,21,6,1202.8701166934209,142.91495947457904,0.11881163019282505,0.3888888888888889,-2.092779,-1.0,-127.94685020933491,2.1128453487991234,3.9785422609014747,4.9140275739193395,-159.0422479251005,-425.67824651005526,261.40704714270504,887.619556168,14,16,14,4,123.21100460000001,0.321207227557769,0.5907979695551575
tp_3_0x_sell_100pct,single_take_profit,3x触发后卖出100%当前已买入且未卖出的份额，剩余持有结算,train,sampled_1_0,1.0,entry_lead_bin,72h+,35,31,17,4,587.28084166994,431.2558209600601,0.7343263909883031,0.5142857142857142,0.52725,0.8308811102458188,-30.329778200069565,0.5574507944403226,0.9159012319540565,1.1615824644846626,190.85192095886106,36.26808325538303,19.650000000000006,-249.65881737,8,8,8,7,433.75806620000003,0.44169984885482133,0.5849718139487173
tp_3_0x_sell_100pct,single_take_profit,3x触发后卖出100%当前已买入且未卖出的份额，剩余持有结算,validation,haircut_0_8,0.8,entry_lead_bin,0-6h,20,15,8,5,198.75227100923254,-114.38432309523252,-0.5755120307023767,0.2,-3.478280005691,-1.0,-62.99319799999896,nan,nan,nan,-135.2270230952325,-170.44625710230054,135.84594701085098,-92.68205208600001,3,5,3,1,157.78696000000002,0.3646557442377973,0.6232357850050942
tp_3_0x_sell_100pct,single_take_profit,3x触发后卖出100%当前已买入且未卖出的份额，剩余持有结算,validation,haircut_0_8,0.8,entry_lead_bin,6-12h,286,177,32,6,3614.2570460061756,-16.851859352975502,-0.004662606764949697,0.24125874125874125,-5.386836496071019,-1.0,-88.055799999736,nan,nan,nan,-183.2159393595355,-692.8752933658475,458.76464915715644,-112.4652073467999,44,49,44,14,1587.829920728,0.18513789377283116,0.4093864324382564
tp_3_0x_sell_100pct,single_take_profit,3x触发后卖出100%当前已买入且未卖出的份额，剩余持有结算,validation,haircut_0_8,0.8,entry_lead_bin,12-24h,527,282,36,6,8404.734643040209,1922.1461325601924,0.22869801536826423,0.3377609108159393,-3.837450002013,-1.0,-165.367399998335,0.24266063443463692,0.9123148080597491,1.2833410978533064,1455.7169325570524,168.5437525707514,814.9364947282899,-2579.8034803995997,111,128,111,56,5943.2883071924,0.1643540393947854,0.607795464310047
tp_3_0x_sell_100pct,single_take_profit,3x触发后卖出100%当前已买入且未卖出的份额，剩余持有结算,validation,haircut_0_8,0.8,entry_lead_bin,24-48h,144,82,23,6,3483.3991933362913,714.2841961633089,0.20505378698190194,0.3958333333333333,-3.2026055002459994,-1.0,-340.113900006208,0.47336389883251945,1.8870948909282845,2.771473768148483,376.1678441929929,-633.637861087288,561.6961089786018,-880.0343465003996,38,43,38,19,2540.1397353372,0.18145714429280788,0.2866882927056223
tp_3_0x_sell_100pct,single_take_profit,3x触发后卖出100%当前已买入且未卖出的份额，剩余持有结算,validation,haircut_0_8,0.8,entry_lead_bin,48-72h,21,13,6,6,671.2881499584394,236.5138473019608,0.3523283515679575,0.3333333333333333,-5.7835480017780005,-1.0,-103.11460799797787,2.1861740693739855,2.9267701480331705,2.9392275158939136,-280.54659271746425,-455.7078205778937,428.8699435724171,-203.2869077395999,4,7,4,3,352.1697949799999,0.47336475179976045,0.6790866397706813
tp_3_0x_sell_100pct,single_take_profit,3x触发后卖出100%当前已买入且未卖出的份额，剩余持有结算,validation,haircut_0_9,0.9,entry_lead_bin,0-6h,20,15,8,5,198.75227100923254,79.29114839151745,0.3989446157716315,0.35,-2.16745,-1.0,-17.728519999577,1.2546719024206217,2.0939557612832997,2.260712205958712,-20.193227605983566,-86.74100860166956,32.371478007597005,100.99341940074996,6,8,6,1,155.37908000000002,0.46700021107379697,0.5267540777082166
tp_3_0x_sell_100pct,single_take_profit,3x触发后卖出100%当前已买入且未卖出的份额，剩余持有结算,validation,haircut_0_9,0.9,entry_lead_bin,6-12h,286,177,32,6,3614.2570460061756,380.0105145859744,0.10514208307510763,0.26573426573426573,-5.1158200015485,-1.0,-88.055799999736,0.5008015112789829,2.004035474771373,3.307447021740683,189.70067457941445,-381.5440374304426,322.6543795571654,284.39716659215003,51,57,51,19,1536.2201815033,0.22993280789680576,0.45130467357586007
tp_3_0x_sell_100pct,single_take_profit,3x触发后卖出100%当前已买入且未卖出的份额，剩余持有结算,validation,haircut_0_9,0.9,entry_lead_bin,12-24h,527,282,36,6,8404.734643040209,2880.632602095392,0.34273926833380586,0.38140417457305503,-3.120899997006,-1.0,-165.367399998335,0.16183570222180738,0.6119413866617992,0.890135088078419,2414.443402092252,1117.854293105951,775.0117120667899,-1621.3170108643997,134,154,134,56,5781.04074649385,0.18557227054987846,0.5589220477807388
tp_3_0x_sell_100pct,single_take_profit,3x触发后卖出100%当前已买入且未卖出的份额，剩余持有结算,validation,haircut_0_9,0.9,entry_lead_bin,24-48h,144,82,23,6,3483.3991933362913,1242.6034906229088,0.3567215302225473,0.4722222222222222,-1.0045974984029997,-0.6029159244403792,-340.113900006208,0.3098120581092858,1.187208253160534,1.6245646056081033,857.6299457792428,-232.62562885069656,556.9511616762018,-351.71505204079995,49,56,49,19,2377.16982435335,0.1909354475600198,0.2803915264504609
tp_3_0x_sell_100pct,single_take_profit,3x触发后卖出100%当前已买入且未卖出的份额，剩余持有结算,validation,haircut_0_9,0.9,entry_lead_bin,48-72h,21,13,6,6,671.2881499584394,31.409844230210805,0.04679040473477067,0.42857142857142855,-5.558358501010176,-0.9910870043096361,-103.11460799797787,7.637160606759721,13.581340204617549,14.059492209850731,-208.47218078921426,-395.17793603432574,363.4340140224171,-408.39091081134984,6,9,6,3,621.7389017349999,0.5572020701530515,0.5370074897479027
tp_3_0x_sell_100pct,single_take_profit,3x触发后卖出100%当前已买入且未卖出的份额，剩余持有结算,validation,sampled_1_0,1.0,entry_lead_bin,0-6h,20,15,8,5,198.75227100923254,85.37461323326747,0.42955289416190673,0.35,-2.16745,-1.0,-17.728519999577,1.104296555843885,2.0040846437359465,2.1646335408952124,-8.904278116733565,-85.72333811241958,30.213012007596998,107.07688424249999,6,8,6,1,152.9712,0.43636939635079847,0.49243828624742275
tp_3_0x_sell_100pct,single_take_profit,3x触发后卖出100%当前已买入且未卖出的份额，剩余持有结算,validation,sampled_1_0,1.0,entry_lead_bin,6-12h,286,177,32,6,3614.2570460061756,795.2067229268243,0.22001941555472465,0.2972027972027972,-4.935920417527772,-1.0,-88.055799999736,0.26943383881108857,1.0688160392904065,1.72534206445662,580.9511229202644,-54.72297708892768,242.21735293478855,699.593374933,60,68,60,20,1498.795592337,0.2356758633934479,0.4074882066568259
tp_3_0x_sell_100pct,single_take_profit,3x触发后卖出100%当前已买入且未卖出的份额，剩余持有结算,validation,sampled_1_0,1.0,entry_lead_bin,12-24h,527,282,36,6,8404.734643040209,3715.021226724292,0.44201529072671275,0.41366223908918404,-2.645499994485,-1.0,-165.367399998335,0.12552800416010895,0.47995362722865353,0.7122217052096839,3248.682026721152,1931.983313726526,678.5042876900898,-786.9283862354999,151,176,151,59,5580.6831720365,0.20245512341719732,0.44277004198513026
tp_3_0x_sell_100pct,single_take_profit,3x触发后卖出100%当前已买入且未卖出的份额，剩余持有结算,validation,sampled_1_0,1.0,entry_lead_bin,24-48h,144,82,23,6,3483.3991933362913,1378.4610845572088,0.3957229728921656,0.4930555555555556,-0.33100499840299974,-0.17129133666041033,-340.113900006208,0.2936031212879723,1.0265416813103063,1.3949386518525477,973.7406075572087,-36.58667480497661,552.9556231930018,-215.85745810649976,52,61,52,19,2458.121289877,0.20612585158945257,0.3657000510391735
tp_3_0x_sell_100pct,single_take_profit,3x触发后卖出100%当前已买入且未卖出的份额，剩余持有结算,validation,sampled_1_0,1.0,entry_lead_bin,48-72h,21,13,6,6,671.2881499584394,133.12020174006076,0.19830560355981627,0.47619047619047616,-2.9997410012963828,-0.8653625238333676,-103.11460799797787,1.9102806838888506,3.6126801336436665,3.889789088760792,-121.17674827936429,-347.80050647289374,331.1794694674171,-306.68055330149997,7,10,7,3,613.3602915499999,0.5539829792406529,0.6373443013812219
tp_3_0x_sell_25pct,single_take_profit,3x触发后卖出25%当前已买入且未卖出的份额，剩余持有结算,train,haircut_0_8,0.8,entry_lead_bin,0-6h,19,16,10,5,109.53368637221331,-83.6114937562133,-0.763340452836471,0.3684210526315789,-0.999997,-0.9732570982183477,-29.190754998012668,nan,nan,nan,-85.36134455621331,-87.3962148841801,84.12399375621331,25.922192616000004,7,9,7,0,0,0.4286308400868572,0.6624151911508683
tp_3_0x_sell_25pct,single_take_profit,3x触发后卖出25%当前已买入且未卖出的份额，剩余持有结算,train,haircut_0_8,0.8,entry_lead_bin,6-12h,662,453,43,6,8427.230616539093,2641.049951007507,0.31339476409061856,0.23413897280966767,-3.0,-1.0,-146.89645500141265,0.1415032153607059,0.46650003219817576,0.7823161030997131,2267.3328910117098,1409.0000638255144,426.86323651844714,-403.7195374533998,31,103,31,68,859.2867683441,0.14473404518652844,0.34687003095911045
tp_3_0x_sell_25pct,single_take_profit,3x触发后卖出25%当前已买入且未卖出的份额，剩余持有结算,train,haircut_0_8,0.8,entry_lead_bin,12-24h,852,535,46,6,12427.48385300822,5720.90747331758,0.46034318297929366,0.2147887323943662,-2.9470364951673247,-1.0,-190.816699992179,0.12505889063091594,0.3809896979652976,0.617859500958105,5005.457131302367,3541.3006629709016,401.1682611669321,-508.6729876741999,41,209,41,99,1882.5117629753,0.16758782519168555,0.4385386949684977
tp_3_0x_sell_25pct,single_take_profit,3x触发后卖出25%当前已买入且未卖出的份额，剩余持有结算,train,haircut_0_8,0.8,entry_lead_bin,24-48h,401,275,39,6,7137.275051321499,2100.7683416188015,0.2943375905388198,0.23690773067331672,-4.078566338,-1.0,-146.52238799564745,0.1780658698082649,0.6287333246908823,0.9408143339287229,1726.6931996027834,779.9452777874612,806.5435678981999,-183.45038705969986,17,90,17,49,665.0825563098999,0.1187532085745711,0.39521739515915577
tp_3_0x_sell_25pct,single_take_profit,3x触发后卖出25%当前已买入且未卖出的份额，剩余持有结算,train,haircut_0_8,0.8,entry_lead_bin,48-72h,54,42,21,6,1202.8701166934209,-586.931283183121,-0.48794235972587047,0.12962962962962962,-5.449674993734,-1.0,-127.94685020933491,nan,nan,nan,-690.265714243021,-832.823704241837,628.157498181717,157.77331351030003,0,8,0,4,29.13654619999998,0.39597514829311825,0.5799355599023327
tp_3_0x_sell_25pct,single_take_profit,3x触发后卖出25%当前已买入且未卖出的份额，剩余持有结算,train,haircut_0_8,0.8,entry_lead_bin,72h+,35,31,17,4,587.28084166994,600.89457765806,1.023180963896948,0.3142857142857143,-1.4384909999999551,-1.0,-30.329778200069565,0.4000766672552689,1.1014355942171636,1.2581553076268406,360.490677656861,-60.95209854661687,23.670770977999894,-80.020060672,1,5,1,7,109.684148,0.3237833209940672,0.4351188412267045
tp_3_0x_sell_25pct,single_take_profit,3x触发后卖出25%当前已买入且未卖出的份额，剩余持有结算,train,haircut_0_9,0.9,entry_lead_bin,0-6h,19,16,10,5,109.53368637221331,-77.53630517921331,-0.7078763414912589,0.42105263157894735,-0.6013455000000003,-0.1922142198620896,-29.190754998012668,nan,nan,nan,-80.05811706094462,-83.5076237591801,78.23849267921332,31.997381193,8,10,8,0,0,0.4418688097201258,0.6873038123583118
tp_3_0x_sell_25pct,single_take_profit,3x触发后卖出25%当前已买入且未卖出的份额，剩余持有结算,train,haircut_0_9,0.9,entry_lead_bin,6-12h,662,453,43,6,8427.230616539093,2799.9155051864823,0.33224621854911995,0.24471299093655588,-2.812067997,-1.0,-146.89645500141265,0.1339948354872978,0.43770352192262624,0.7382391665374961,2424.741287690685,1574.3826274805897,368.1712701795964,-244.8539832744248,38,126,38,78,838.0173344843499,0.14665397593302992,0.334815018651622
tp_3_0x_sell_25pct,single_take_profit,3x触发后卖出25%当前已买入且未卖出的份额，剩余持有结算,train,haircut_0_9,0.9,entry_lead_bin,12-24h,852,535,46,6,12427.48385300822,6165.96818950133,0.4961557997123275,0.22769953051643194,-2.505238075673554,-1.0,-190.816699992179,0.11729942545709218,0.35503081461659663,0.5769447730824165,5442.703663486117,3976.8594802826515,354.8757399555825,-63.61227149045005,52,249,52,106,1779.0727609754376,0.16358369990393404,0.41818488562506534
tp_3_0x_sell_25pct,single_take_profit,3x触发后卖出25%当前已买入且未卖出的份额，剩余持有结算,train,haircut_0_9,0.9,entry_lead_bin,24-48h,401,275,39,6,7137.275051321499,2228.085242592314,0.31217589718358607,0.23940149625935161,-3.559919998668,-1.0,-146.52238799564745,0.16779780756100401,0.5847807458483523,0.8831585222814866,1854.217423826296,925.1438926154738,777.3903821595386,-56.133486086187425,18,111,18,55,667.4932161416375,0.12080067603192453,0.3941752323190597
tp_3_0x_sell_25pct,single_take_profit,3x触发后卖出25%当前已买入且未卖出的份额，剩余持有结算,train,haircut_0_9,0.9,entry_lead_bin,48-72h,54,42,21,6,1202.8701166934209,-565.529729972621,-0.4701502864891266,0.12962962962962962,-5.1685749937339995,-1.0,-127.94685020933491,nan,nan,nan,-671.717167757521,-814.632476506337,612.1297499712169,179.17486672079997,0,11,0,4,25.926220725000018,0.3959254780935735,0.5998633384922513
tp_3_0x_sell_25pct,single_take_profit,3x触发后卖出25%当前已买入且未卖出的份额，剩余持有结算,train,haircut_0_9,0.9,entry_lead_bin,72h+,35,31,17,4,587.28084166994,609.42053871856,1.0376986536554906,0.34285714285714286,-1.2837,-1.0,-30.329778200069565,0.3944794845718538,1.0841553907896786,1.2385969340594665,369.016638717361,-51.28602359111687,23.55507863199989,-71.4940996115,2,7,2,7,110.876439395,0.3208093493092507,0.4407507883128108
tp_3_0x_sell_25pct,single_take_profit,3x触发后卖出25%当前已买入且未卖出的份额，剩余持有结算,train,sampled_1_0,1.0,entry_lead_bin,0-6h,19,16,10,5,109.53368637221331,-80.54670440221331,-0.7353601167818135,0.3684210526315789,-0.999997,-0.24975010521280308,-29.190754998012668,nan,nan,nan,-82.8751349022133,-85.48039868971931,81.4385794022133,28.98698197,7,10,7,0,0,0.44952402658707,0.7038773393318594
tp_3_0x_sell_25pct,single_take_profit,3x触发后卖出25%当前已买入且未卖出的份额，剩余持有结算,train,sampled_1_0,1.0,entry_lead_bin,6-12h,662,453,43,6,8427.230616539093,2964.541230742907,0.35178119190481927,0.24924471299093656,-2.659723998763001,-1.0,-146.89645500141265,0.12704541636663763,0.4211347675933415,0.7020807251348636,2587.9098557471098,1716.0698485131143,320.7894573397957,-80.2282577179999,41,144,41,83,785.921080730875,0.1447697840115634,0.3379749740178197
tp_3_0x_sell_25pct,single_take_profit,3x触发后卖出25%当前已买入且未卖出的份额，剩余持有结算,train,sampled_1_0,1.0,entry_lead_bin,12-24h,852,535,46,6,12427.48385300822,6482.844872304279,0.5216538560003866,0.24061032863849766,-2.2544000020955,-0.9935256948879522,-190.816699992179,0.11277127934041654,0.33942502488240917,0.5475284344297962,5751.766162289066,4282.4050902136005,359.1583558670327,253.2644113124998,63,285,63,110,1728.493047801,0.15809083693001488,0.4123186027896434
tp_3_0x_sell_25pct,single_take_profit,3x触发后卖出25%当前已买入且未卖出的份额，剩余持有结算,train,sampled_1_0,1.0,entry_lead_bin,24-48h,401,275,39,6,7137.275051321499,2587.8984797760013,0.36258914798258196,0.23690773067331672,-2.91496375,-0.8749655829667742,-85.18662199687677,0.14499478648347003,0.5096213062784035,0.7700690563800189,2212.6666922599834,1269.050275996661,685.3929149365263,303.6797510975001,17,131,17,61,619.122912709375,0.12349269128942476,0.368653982413114
tp_3_0x_sell_25pct,single_take_profit,3x触发后卖出25%当前已买入且未卖出的份额，剩余持有结算,train,sampled_1_0,1.0,entry_lead_bin,48-72h,54,42,21,6,1202.8701166934209,-522.7997076514209,-0.43462689811311395,0.14814814814814814,-4.68124,-1.0,-127.94685020933491,nan,nan,nan,-625.9500737613209,-767.025923760137,572.2457526500169,221.904889042,1,16,1,4,30.80275115,0.37605665402237165,0.5997716301958333
tp_3_0x_sell_25pct,single_take_profit,3x触发后卖出25%当前已买入且未卖出的份额，剩余持有结算,train,sampled_1_0,1.0,entry_lead_bin,72h+,35,31,17,4,587.28084166994,618.4999339875601,1.0531587106244575,0.3142857142857143,-1.4384909999999551,-0.32760037690781585,-30.329778200069565,0.3886886429417699,1.0723457371751584,1.224354752590657,378.0960339863611,-44.74583366711681,23.034463074999877,-62.41470434250001,1,8,1,7,108.43951655000001,0.32260287675257227,0.43688343773903815
tp_3_0x_sell_25pct,single_take_profit,3x触发后卖出25%当前已买入且未卖出的份额，剩余持有结算,validation,haircut_0_8,0.8,entry_lead_bin,0-6h,20,15,8,5,198.75227100923254,-44.8727840307325,-0.22577243421106893,0.05,-3.988012016352285,-1.0,-62.99319799999896,nan,nan,nan,-176.10667403419254,-176.10667403419254,159.85042001085097,-23.170513021499975,0,5,0,1,39.44673999999998,0.4113788822167906,0.41374986096955235
tp_3_0x_sell_25pct,single_take_profit,3x触发后卖出25%当前已买入且未卖出的份额，剩余持有结算,validation,haircut_0_8,0.8,entry_lead_bin,6-12h,286,177,32,6,3614.2570460061756,67.49704615712429,0.018675220189916995,0.15384615384615385,-5.7526299986625,-1.0,-88.055799999736,8.781430880903537,19.262437185648995,28.471860047635076,-525.2235993368183,-1232.6605656613333,628.7493149292992,-28.116301836700067,19,49,19,14,396.9574801820001,0.29916610564756474,0.3190403214706901
tp_3_0x_sell_25pct,single_take_profit,3x触发后卖出25%当前已买入且未卖出的份额，剩余持有结算,validation,haircut_0_8,0.8,entry_lead_bin,12-24h,527,282,36,6,8404.734643040209,3856.9987428598924,0.4589078545214744,0.18785578747628084,-4.5,-1.0,-165.367399998335,0.1503137969827573,0.6721791750124342,0.9986551998139698,3277.2386168629005,1264.4045098603342,559.1091786794118,-644.9508700998996,32,128,32,56,1485.8220767980997,0.1448135562513579,0.4373750843684409
tp_3_0x_sell_25pct,single_take_profit,3x触发后卖出25%当前已买入且未卖出的份额，剩余持有结算,validation,haircut_0_8,0.8,entry_lead_bin,24-48h,144,82,23,6,3483.3991933362913,1374.3099560386088,0.39453128388720143,0.20833333333333334,-3.899606121053,-1.0,-340.113900006208,0.44343775239951794,1.69095068770547,2.4002379168394596,764.8890380325678,-949.5804092453511,655.6987832634018,-220.00858662509984,11,43,11,19,635.0349338342999,0.18811490785044446,0.31172536224760095
tp_3_0x_sell_25pct,single_take_profit,3x触发后卖出25%当前已买入且未卖出的份额，剩余持有结算,validation,haircut_0_8,0.8,entry_lead_bin,48-72h,21,13,6,6,671.2881499584394,388.97902810666085,0.5794516529611661,0.14285714285714285,-10.365259997262802,-1.0,-103.11460799797787,1.7040947252242733,2.231500876803479,2.231500876803479,-273.8780819127643,-479.02801417151807,434.2722558724171,-50.82172693489982,0,7,0,3,88.04244874499983,0.5190314590181748,0.7042713112511461
tp_3_0x_sell_25pct,single_take_profit,3x触发后卖出25%当前已买入且未卖出的份额，剩余持有结算,validation,haircut_0_9,0.9,entry_lead_bin,0-6h,20,15,8,5,198.75227100923254,3.546083840954987,0.017841727407433058,0.15,-3.2642215120050357,-1.0,-22.37380450062397,37.17787449942403,37.23912495580058,37.23912495580058,-128.28977616250504,-128.50697541611302,113.06786413647598,25.24835485018751,2,8,2,1,38.84476999999998,0.5081196218720412,0.5082545106075073
tp_3_0x_sell_25pct,single_take_profit,3x触发后卖出25%当前已买入且未卖出的份额，剩余持有结算,validation,haircut_0_9,0.9,entry_lead_bin,6-12h,286,177,32,6,3614.2570460061756,166.71263964186173,0.04612639264993131,0.17132867132867133,-5.483559999896899,-1.0,-88.055799999736,3.553620782940065,7.90106560129038,11.638369518884279,-425.7208613682558,-1150.494862732771,581.8423261172993,71.09929164803737,24,57,24,19,384.05504537582516,0.31229999769434597,0.3321147631337682
tp_3_0x_sell_25pct,single_take_profit,3x触发后卖出25%当前已买入且未卖出的份额，剩余持有结算,validation,haircut_0_9,0.9,entry_lead_bin,12-24h,527,282,36,6,8404.734643040209,4096.620360243693,0.4874181677628599,0.18785578747628084,-3.998830001168,-1.0,-165.367399998335,0.14190012342574304,0.635544214724276,0.9434752906298921,3515.309425496701,1493.0369903691344,549.6318580140368,-405.32925271609963,32,154,32,56,1445.2601866234622,0.14565123288369064,0.43357460915163326
tp_3_0x_sell_25pct,single_take_profit,3x触发后卖出25%当前已买入且未卖出的份额，剩余持有结算,validation,haircut_0_9,0.9,entry_lead_bin,24-48h,144,82,23,6,3483.3991933362913,1506.3897796535089,0.4324482196973628,0.20833333333333334,-3.9140599992164997,-0.9007289811100947,-340.113900006208,0.39655844279124425,1.5484787192753204,2.213276827454683,909.0181943974678,-826.2227370737887,654.5125464378018,-87.92876301019979,11,56,11,19,594.2924560883373,0.18544037684337208,0.3372152070516404
tp_3_0x_sell_25pct,single_take_profit,3x触发后卖出25%当前已买入且未卖出的份额，剩余持有结算,validation,haircut_0_9,0.9,entry_lead_bin,48-72h,21,13,6,6,671.2881499584394,337.7030273387234,0.5030671662528695,0.14285714285714285,-9.981191247262801,-0.997771751077409,-103.11460799797787,1.7576463881505842,2.3707657343160125,2.3707657343160125,-255.85947893070175,-462.9117382507056,417.9049409849171,-102.09772770283728,0,9,0,3,155.43472543374978,0.48345320297558975,0.6941860332687495
tp_3_0x_sell_25pct,single_take_profit,3x触发后卖出25%当前已买入且未卖出的份额，剩余持有结算,validation,sampled_1_0,1.0,entry_lead_bin,0-6h,20,15,8,5,198.75227100923254,5.066950051392485,0.025493797005001834,0.2,-3.2170505133487852,-1.0,-23.675175662498965,26.137583489117645,26.402265889773922,26.402265889773922,-127.37087995206754,-128.71201245567553,113.18330992335096,26.76922106062501,3,8,3,1,38.24279999999999,0.5081562345293688,0.5117095455475473
tp_3_0x_sell_25pct,single_take_profit,3x触发后卖出25%当前已买入且未卖出的份额，剩余持有结算,validation,sampled_1_0,1.0,entry_lead_bin,6-12h,286,177,32,6,3614.2570460061756,270.51169172707426,0.07484572576983559,0.18181818181818182,-5.263220002605999,-1.0,-88.055799999736,2.1922072488829882,4.881105718522462,7.191903251911984,-322.50599978461827,-1049.8844736891333,511.5769021054243,174.89834373324993,27,68,27,20,374.69889808425006,0.3203849989980537,0.34867044725984736
tp_3_0x_sell_25pct,single_take_profit,3x触发后卖出25%当前已买入且未卖出的份额，剩余持有结算,validation,sampled_1_0,1.0,entry_lead_bin,12-24h,527,282,36,6,8404.734643040209,4305.217516400918,0.5122371733610867,0.1935483870967742,-3.5859999979,-1.0,-165.367399998335,0.13538496981315212,0.6068564339192052,0.9008965476666384,3722.3557729039258,1692.5685671513597,524.413876919862,-196.73209655887462,35,176,35,59,1395.1707930091247,0.14826740099427138,0.4225459753185592
tp_3_0x_sell_25pct,single_take_profit,3x触发后卖出25%当前已买入且未卖出的份额，剩余持有结算,validation,sampled_1_0,1.0,entry_lead_bin,24-48h,144,82,23,6,3483.3991933362913,1540.3541781370839,0.4421985803647674,0.19444444444444445,-3.8104119999999995,-0.7427677536932504,-340.113900006208,0.3888500456631578,1.4890614996104379,2.150825132117145,941.3873856310429,-753.3279242909259,653.5136618170018,-53.96436452662482,9,61,9,19,614.5303224692499,0.18741045468042916,0.3542417981638708
tp_3_0x_sell_25pct,single_take_profit,3x触发后卖出25%当前已买入且未卖出的份额，剩余持有结算,validation,sampled_1_0,1.0,entry_lead_bin,48-72h,21,13,6,6,671.2881499584394,363.13061671618595,0.540945965959131,0.14285714285714285,-6.9575820010101745,-0.9663406309583419,-103.11460799797787,1.6444943225102822,2.2105253073801188,2.2105253073801188,-234.03562080323923,-439.57880141949306,396.0592773474172,-76.67013832537475,0,10,0,3,153.34007288749976,0.5002611530097272,0.704475332157945
tp_3_0x_sell_50pct,single_take_profit,3x触发后卖出50%当前已买入且未卖出的份额，剩余持有结算,train,haircut_0_8,0.8,entry_lead_bin,0-6h,19,16,10,5,109.53368637221331,-57.6893011402133,-0.5266809056729421,0.47368421052631576,-0.999997,-0.9465141964366953,-29.190754998012668,nan,nan,nan,-70.28446022194461,-82.42521585945062,63.38602822194463,51.84438523200001,9,9,9,0,0,0.41005138152595283,0.6192365832177453
tp_3_0x_sell_50pct,single_take_profit,3x触发后卖出50%当前已买入且未卖出的份额，剩余持有结算,train,haircut_0_8,0.8,entry_lead_bin,6-12h,662,453,43,6,8427.230616539093,2237.330413554107,0.26548821497339503,0.31419939577039274,-2.913945002359,-1.0,-146.89645500141265,0.1379688123514314,0.4864088955213563,0.7862039303139085,1928.64859355831,1149.0729981809145,462.78217202864744,-807.4390749067998,84,103,84,68,1718.5735366882,0.13048276781314833,0.3896753116412408
tp_3_0x_sell_50pct,single_take_profit,3x触发后卖出50%当前已买入且未卖出的份额，剩余持有结算,train,haircut_0_8,0.8,entry_lead_bin,12-24h,852,535,46,6,12427.48385300822,5212.23448564338,0.419411889590321,0.38028169014084506,-2.4,-1.0,-190.816699992179,0.10463819605918802,0.3344672786256975,0.5360293044452744,4666.835671628167,3468.9126016712266,420.194564331332,-1017.3459753483996,182,209,182,99,3765.0235259506,0.1494108560269073,0.4795346020354323
tp_3_0x_sell_50pct,single_take_profit,3x触发后卖出50%当前已买入且未卖出的份额，剩余持有结算,train,haircut_0_8,0.8,entry_lead_bin,24-48h,401,275,39,6,7137.275051321499,1917.3179545591013,0.2686344495304411,0.3740648379052369,-3.456230679966482,-1.0,-146.52238799564745,0.14470249097511695,0.5709432487946781,0.8841699975643684,1639.8772705430833,822.638212610761,726.3556557654997,-366.9007741193999,72,90,72,49,1330.1651126198,0.11630728187943416,0.44566327158812163
tp_3_0x_sell_50pct,single_take_profit,3x触发后卖出50%当前已买入且未卖出的份额，剩余持有结算,train,haircut_0_8,0.8,entry_lead_bin,48-72h,54,42,21,6,1202.8701166934209,-429.1579696728209,-0.35677831190331394,0.25925925925925924,-4.68124,-1.0,-127.94685020933491,nan,nan,nan,-518.503464532721,-659.3413761318164,467.137804671417,315.5466270206,7,8,7,4,58.27309239999999,0.22790822757880677,0.7216306357798744
tp_3_0x_sell_50pct,single_take_profit,3x触发后卖出50%当前已买入且未卖出的份额，剩余持有结算,train,haircut_0_8,0.8,entry_lead_bin,72h+,35,31,17,4,587.28084166994,520.87451698606,0.8869257772907205,0.42857142857142855,-1.213396411669104,-1.0,-30.329778200069565,0.4615389929080229,1.078359677204618,1.255898672167493,280.470616984861,-40.815559015139,19.650000000000006,-160.040121344,5,5,5,7,219.36829600000002,0.36384253001863104,0.4902522418702232
tp_3_0x_sell_50pct,single_take_profit,3x触发后卖出50%当前已买入且未卖出的份额，剩余持有结算,train,haircut_0_9,0.9,entry_lead_bin,0-6h,19,16,10,5,109.53368637221331,-45.53892398621331,-0.4157526829825176,0.5263157894736842,0.03437500000000001,0.6155715602758207,-29.190754998012668,nan,nan,nan,-61.012182267944624,-76.20681485545063,54.84219919707367,63.994762386,10,10,10,0,0,0.40678708191011326,0.5463725045882067
tp_3_0x_sell_50pct,single_take_profit,3x触发后卖出50%当前已买入且未卖出的份额，剩余持有结算,train,haircut_0_9,0.9,entry_lead_bin,6-12h,662,453,43,6,8427.230616539093,2555.0615219120573,0.30319112389039776,0.3413897280966767,-2.54281294248,-1.0,-146.89645500141265,0.12195249794322637,0.42082094196164754,0.6913451851233663,2243.4653869162603,1479.8381254910646,346.89823935094773,-489.7079665488498,102,126,102,78,1676.0346689686999,0.13421377015207092,0.35575377464307495
tp_3_0x_sell_50pct,single_take_profit,3x触发后卖出50%当前已买入且未卖出的份额，剩余持有结算,train,haircut_0_9,0.9,entry_lead_bin,12-24h,852,535,46,6,12427.48385300822,6102.35591801088,0.4910371230563886,0.4131455399061033,-1.9133344994027153,-1.0,-190.816699992179,0.09193616195990172,0.2919337118905455,0.4670505897129175,5541.328735995667,4320.8725035887255,327.6095219086319,-127.22454298089991,210,249,210,106,3558.145521950875,0.14313970650415775,0.4310661713118699
tp_3_0x_sell_50pct,single_take_profit,3x触发后卖出50%当前已买入且未卖出的份额，剩余持有结算,train,haircut_0_9,0.9,entry_lead_bin,24-48h,401,275,39,6,7137.275051321499,2171.9517565061265,0.30431106281997355,0.4089775561097257,-2.266344000215031,-1.0,-146.52238799564745,0.12754704918568324,0.48754136046868196,0.7725190077538713,1894.9257189901084,1113.035442266786,672.8665971725304,-112.26697217237495,86,111,86,55,1334.986432283275,0.11432701257112576,0.4428104967302587
tp_3_0x_sell_50pct,single_take_profit,3x触发后卖出50%当前已买入且未卖出的份额，剩余持有结算,train,haircut_0_9,0.9,entry_lead_bin,48-72h,54,42,21,6,1202.8701166934209,-386.354863251821,-0.3211941654298262,0.2962962962962963,-4.457390000208,-1.0,-127.94685020933491,nan,nan,nan,-481.40637156172096,-634.9799007017571,435.08230825041693,358.3497334416,9,11,9,4,51.85244145,0.20838574066633703,0.7956674724361683
tp_3_0x_sell_50pct,single_take_profit,3x触发后卖出50%当前已买入且未卖出的份额，剩余持有结算,train,haircut_0_9,0.9,entry_lead_bin,72h+,35,31,17,4,587.28084166994,537.9264391070601,0.9159611568078059,0.4857142857142857,-0.6214000000000001,-1.0,-30.329778200069565,0.44690850369850094,1.041990837876707,1.216657359279605,297.5225391058611,-22.58798189413892,19.650000000000006,-142.988199223,7,7,7,7,221.75287879,0.35466358179531154,0.47474194540763615
tp_3_0x_sell_50pct,single_take_profit,3x触发后卖出50%当前已买入且未卖出的份额，剩余持有结算,train,sampled_1_0,1.0,entry_lead_bin,0-6h,19,16,10,5,109.53368637221331,-51.55972243221331,-0.47072023356362697,0.5263157894736842,0.03875000000000001,0.5004997895743939,-29.190754998012668,nan,nan,nan,-58.80976496971931,-74.86467385145062,54.34847243221331,57.97396394,10,10,10,0,0,0.4544789237419315,0.580553311858193
tp_3_0x_sell_50pct,single_take_profit,3x触发后卖出50%当前已买入且未卖出的份额，剩余持有结算,train,sampled_1_0,1.0,entry_lead_bin,6-12h,662,453,43,6,8427.230616539093,2884.312973024907,0.34226107060179645,0.3640483383685801,-2.2247678,-1.0,-146.89645500141265,0.10904172083168767,0.38868888915790745,0.6310924019926039,2569.80252302911,1763.2125675561144,303.43988963979587,-160.4565154359999,117,144,117,83,1571.84216146175,0.13078002479901127,0.3521175903493393
tp_3_0x_sell_50pct,single_take_profit,3x触发后卖出50%当前已买入且未卖出的份额，剩余持有结算,train,sampled_1_0,1.0,entry_lead_bin,12-24h,852,535,46,6,12427.48385300822,6736.10928361678,0.5420332356325069,0.4460093896713615,-1.106055375,-0.9870513897759041,-190.816699992179,0.08560662034057628,0.26146783983670796,0.42280877465305716,6159.453733601567,4974.8333403255065,336.1747537315332,506.5288226249998,238,285,238,110,3456.986095602,0.13336234197376898,0.41805284559420464
tp_3_0x_sell_50pct,single_take_profit,3x触发后卖出50%当前已买入且未卖出的份额，剩余持有结算,train,sampled_1_0,1.0,entry_lead_bin,24-48h,401,275,39,6,7137.275051321499,2891.578230873501,0.4051375644179654,0.45885286783042395,-1.3575,-0.7499311659335486,-85.18662199687677,0.09674784933330637,0.3772092382625413,0.5976287057708659,2611.824255857483,1800.848209029161,517.9869661877551,607.359502195,106,131,106,61,1238.24582541875,0.11756701366672227,0.38135647828526925
tp_3_0x_sell_50pct,single_take_profit,3x触发后卖出50%当前已买入且未卖出的份额，剩余持有结算,train,sampled_1_0,1.0,entry_lead_bin,48-72h,54,42,21,6,1202.8701166934209,-300.89481860942095,-0.25014738867780095,0.37037037037037035,-3.189579,-1.0,-127.94685020933491,nan,nan,nan,-389.87218356932095,-573.3639053228569,355.314313608017,443.809778084,13,16,13,4,61.6055023,0.16321787207068858,0.7725985567965513
tp_3_0x_sell_50pct,single_take_profit,3x触发后卖出50%当前已买入且未卖出的份额，剩余持有结算,train,sampled_1_0,1.0,entry_lead_bin,72h+,35,31,17,4,587.28084166994,556.08522964506,0.9468812707457392,0.5142857142857142,0.5,0.34479924618436836,-30.329778200069565,0.43231484525248914,1.0126716840881327,1.1831414644381424,315.68132964386103,-7.046536356138972,19.650000000000006,-124.82940868499999,8,8,8,7,216.8790331,0.3610746644389778,0.4598255805417932
tp_3_0x_sell_50pct,single_take_profit,3x触发后卖出50%当前已买入且未卖出的份额，剩余持有结算,validation,haircut_0_8,0.8,entry_lead_bin,0-6h,20,15,8,5,198.75227100923254,-68.04329705223253,-0.34235229970817166,0.2,-3.610644027102285,-1.0,-62.99319799999896,nan,nan,nan,-159.83044705569253,-172.57897905930054,151.84892901085095,-46.34102604300001,3,5,3,1,78.89348000000001,0.3276109696876402,0.3921559797094259
tp_3_0x_sell_50pct,single_take_profit,3x触发后卖出50%当前已买入且未卖出的份额，剩余持有结算,validation,haircut_0_8,0.8,entry_lead_bin,6-12h,286,177,32,6,3614.2570460061756,39.380744320424384,0.010895944538294771,0.23076923076923078,-5.386836496071019,-1.0,-88.055799999736,10.163211307927597,25.78122049638082,39.58466300054276,-360.8540816715182,-975.9029083160333,560.6869329332994,-56.23260367339998,41,49,41,14,793.914960364,0.27973797587707233,0.3568895280263977
tp_3_0x_sell_50pct,single_take_profit,3x触发后卖出50%当前已买入且未卖出的份额，剩余持有结算,validation,haircut_0_8,0.8,entry_lead_bin,12-24h,527,282,36,6,8404.734643040209,3212.0478727599925,0.3821712414704044,0.3225806451612903,-3.96202001691,-1.0,-165.367399998335,0.16695940323460537,0.6970241156697882,1.021377448263843,2675.7662767630004,973.1730447604345,623.16637736169,-1289.9017401997996,103,128,103,56,2971.6441535962,0.13270076468434935,0.48786361758992836
tp_3_0x_sell_50pct,single_take_profit,3x触发后卖出50%当前已买入且未卖出的份额，剩余持有结算,validation,haircut_0_8,0.8,entry_lead_bin,24-48h,144,82,23,6,3483.3991933362913,1154.3013694135088,0.3313721182521016,0.3611111111111111,-3.5675950011895003,-1.0,-340.113900006208,0.3770004329347269,1.65523912576786,2.4196841749046563,719.1292534074678,-756.3434201671512,624.3645585018019,-440.01717325019973,33,43,33,19,1270.0698676685997,0.14837607757057045,0.26024479554402863
tp_3_0x_sell_50pct,single_take_profit,3x触发后卖出50%当前已买入且未卖出的份额，剩余持有结算,validation,haircut_0_8,0.8,entry_lead_bin,48-72h,21,13,6,6,671.2881499584394,338.15730117176076,0.5037438858300964,0.3333333333333333,-7.292709997262802,-1.0,-103.11460799797787,1.816486640657875,2.3692122192053953,2.377501053988165,-276.1009188476643,-463.00910877789374,432.358161772417,-101.64345386979991,4,7,4,3,176.08489748999992,0.5073148693909625,0.7000320051452243
tp_3_0x_sell_50pct,single_take_profit,3x触发后卖出50%当前已买入且未卖出的份额，剩余持有结算,validation,haircut_0_9,0.9,entry_lead_bin,0-6h,20,15,8,5,198.75227100923254,28.794438691142457,0.14487602352883244,0.35,-2.4174105,-1.0,-17.728519999577,3.2294809077860327,4.437929104175529,4.5549444773439065,-64.19665131231754,-98.99323881467657,58.28381726210098,50.49670970037498,6,8,6,1,77.68954000000001,0.4574480382702059,0.5894167501799583
tp_3_0x_sell_50pct,single_take_profit,3x触发后卖出50%当前已买入且未卖出的份额，剩余持有结算,validation,haircut_0_9,0.9,entry_lead_bin,6-12h,286,177,32,6,3614.2570460061756,237.81193128989935,0.06579828945832343,0.25874125874125875,-5.1719700026085,-1.0,-88.055799999736,1.6805739512585487,4.412660996683047,6.720294110469499,-161.8486057343933,-811.5715024589083,468.73592750738146,142.198583296075,49,57,49,19,768.11009075165,0.2990621140603429,0.39202095828116085
tp_3_0x_sell_50pct,single_take_profit,3x触发后卖出50%当前已买入且未卖出的份额，剩余持有结算,validation,haircut_0_9,0.9,entry_lead_bin,12-24h,527,282,36,6,8404.734643040209,3691.291107527592,0.43919186795317516,0.36242884250474383,-3.2,-1.0,-165.367399998335,0.14612318502787175,0.6124830136368914,0.895382482023927,3151.9078940306,1430.438005778034,603.8205960319619,-810.6585054321998,124,154,124,56,2890.520373246925,0.14588924117004373,0.47412253965147355
tp_3_0x_sell_50pct,single_take_profit,3x触发后卖出50%当前已买入且未卖出的份额，剩余持有结算,validation,haircut_0_9,0.9,entry_lead_bin,24-48h,144,82,23,6,3483.3991933362913,1418.4610166433088,0.4072059898724243,0.4305555555555556,-1.9670899156198838,-0.8014579622201896,-340.113900006208,0.3002558374296794,1.3592823982079016,2.0000096700321235,992.5598162297177,-509.62807582402615,621.9920848506018,-175.85752602039986,43,56,43,19,1188.5849121766748,0.1520472352357104,0.33072314788690227
tp_3_0x_sell_50pct,single_take_profit,3x触发后卖出50%当前已买入且未卖出的份额，剩余持有结算,validation,haircut_0_9,0.9,entry_lead_bin,48-72h,21,13,6,6,671.2881499584394,235.60529963588587,0.3509749124135032,0.3333333333333333,-6.524572497262802,-0.9955435021548179,-103.11460799797787,2.0189232298872035,2.825957182065728,2.841834191223761,-240.06371288353924,-430.2051890028937,399.6401969974172,-204.1954554056748,4,9,4,3,310.86945086749984,0.41208663024876746,0.6732136699920843
tp_3_0x_sell_50pct,single_take_profit,3x触发后卖出50%当前已买入且未卖出的份额，剩余持有结算,validation,sampled_1_0,1.0,entry_lead_bin,0-6h,20,15,8,5,198.75227100923254,31.836171112017468,0.16018016272397007,0.35,-2.4174105,-1.0,-17.728519999577,2.9587424213806734,4.089415816493228,4.206919582114273,-62.35885889144254,-98.35517057005157,58.51470883585095,53.53844212124999,6,8,6,1,76.4856,0.47239476686060744,0.5905104969379027
tp_3_0x_sell_50pct,single_take_profit,3x触发后卖出50%当前已买入且未卖出的份额，剩余持有结算,validation,sampled_1_0,1.0,entry_lead_bin,6-12h,286,177,32,6,3614.2570460061756,445.41003546032437,0.12323695569813196,0.27972027972027974,-4.9992125000000005,-1.0,-88.055799999736,0.8999099394183881,2.370312017646494,3.5947074209518117,44.58111743288174,-610.3507243716334,415.65891842478845,349.7966874665,55,68,55,20,749.3977961685,0.30525804985465627,0.42794400564221385
tp_3_0x_sell_50pct,single_take_profit,3x触发后卖出50%当前已买入且未卖出的份额，剩余持有结算,validation,sampled_1_0,1.0,entry_lead_bin,12-24h,527,282,36,6,8404.734643040209,4108.485419842043,0.48882987914962867,0.38519924098671726,-2.8663019999999997,-1.0,-165.367399998335,0.1320401012930572,0.5547018006911114,0.8108006582901611,3566.0005888450505,1829.5011593424847,554.9502738425899,-393.46419311774974,136,176,136,59,2790.34158601825,0.15390198863163085,0.4463105107670581
tp_3_0x_sell_50pct,single_take_profit,3x触发后卖出50%当前已买入且未卖出的份额，剩余持有结算,validation,sampled_1_0,1.0,entry_lead_bin,24-48h,144,82,23,6,3483.3991933362913,1486.389813610459,0.4267067112072335,0.4513888888888889,-1.1994237493254998,-0.4857152156722232,-340.113900006208,0.27870472551193626,1.2525334161740005,1.8803180005760594,1072.125948604418,-375.3630973972852,619.9943156090019,-107.92872905324967,46,61,46,19,1229.0606449384998,0.18259958139054705,0.3680214605091569
tp_3_0x_sell_50pct,single_take_profit,3x触发后卖出50%当前已买入且未卖出的份额，剩余持有结算,validation,sampled_1_0,1.0,entry_lead_bin,48-72h,21,13,6,6,671.2881499584394,286.46047839081086,0.426732511826026,0.38095238095238093,-5.7835480017780005,-0.9326812619166839,-103.11460799797787,1.6856652538318002,2.3768322036550282,2.410096740018051,-196.41599662861427,-394.4080117228938,370.4603247174171,-153.34027665074984,5,10,5,3,306.68014577499986,0.4521748446178013,0.6997786579078238
tp_3_0x_sell_75pct,single_take_profit,3x触发后卖出75%当前已买入且未卖出的份额，剩余持有结算,train,haircut_0_8,0.8,entry_lead_bin,0-6h,19,16,10,5,109.53368637221331,-31.7671085242133,-0.2900213585094132,0.47368421052631576,-0.999997,-0.919771294655043,-29.190754998012668,nan,nan,nan,-55.87466440594462,-78.37665184345062,53.385135947073664,77.76657784800001,9,9,9,0,0,0.3666821011295989,0.4817347637447551
tp_3_0x_sell_75pct,single_take_profit,3x触发后卖出75%当前已买入且未卖出的份额，剩余持有结算,train,haircut_0_8,0.8,entry_lead_bin,6-12h,662,453,43,6,8427.230616539093,1833.6108761007074,0.21758166585617156,0.3202416918429003,-2.8770036779000003,-1.0,-146.89645500141265,0.13287801854334944,0.5150847193777879,0.8328489064275646,1589.9642961049103,889.1459325363148,499.4511075388475,-1211.1586123601996,88,103,88,68,2577.8603050322995,0.12641913814684805,0.4413344592050312
tp_3_0x_sell_75pct,single_take_profit,3x触发后卖出75%当前已买入且未卖出的份额，剩余持有结算,train,haircut_0_8,0.8,entry_lead_bin,12-24h,852,535,46,6,12427.48385300822,4703.56149796918,0.3784805962013483,0.38380281690140844,-2.368713048115,-1.0,-190.816699992179,0.07980065449920744,0.2900837816958827,0.4590906367513302,4328.214211953967,3339.1345911991293,439.2208674957319,-1526.0189630225996,185,209,185,99,5647.535288925899,0.12599550612967006,0.5346926058380199
tp_3_0x_sell_75pct,single_take_profit,3x触发后卖出75%当前已买入且未卖出的份额，剩余持有结算,train,haircut_0_8,0.8,entry_lead_bin,24-48h,401,275,39,6,7137.275051321499,1733.8675674994015,0.24293130852206238,0.38154613466334164,-3.1077220000000003,-1.0,-146.52238799564745,0.1376255407233127,0.5052293428180676,0.8300236888608491,1495.2431059796816,857.8667958381174,668.9937376396094,-550.3511611790998,75,90,75,49,1995.2476689297,0.11974199238624003,0.5089512191457586
tp_3_0x_sell_75pct,single_take_profit,3x触发后卖出75%当前已买入且未卖出的份额，剩余持有结算,train,haircut_0_8,0.8,entry_lead_bin,48-72h,54,42,21,6,1202.8701166934209,-271.3846561625209,-0.22561426408075738,0.25925925925925924,-4.68124,-1.0,-127.94685020933491,nan,nan,nan,-401.2301940331005,-611.027406905857,306.11811116111693,473.3199405309,7,8,7,4,87.4096386,0.1483157662565548,0.5922554534816818
tp_3_0x_sell_75pct,single_take_profit,3x触发后卖出75%当前已买入且未卖出的份额，剩余持有结算,train,haircut_0_8,0.8,entry_lead_bin,72h+,35,31,17,4,587.28084166994,440.8544563140601,0.750670590684493,0.42857142857142855,-1.213396411669104,-1.0,-30.329778200069565,0.545313530481674,1.0721552871588889,1.2859833709174813,200.45055631286107,-31.80997989061683,19.650000000000006,-240.06018201599997,5,5,5,7,329.052444,0.4130647223827439,0.5745870547588438
tp_3_0x_sell_75pct,single_take_profit,3x触发后卖出75%当前已买入且未卖出的份额，剩余持有结算,train,haircut_0_9,0.9,entry_lead_bin,0-6h,19,16,10,5,109.53368637221331,-13.541542793213301,-0.12362902447377634,0.5263157894736842,0.05406250000000001,1.4233573404137314,-29.190754998012668,nan,nan,nan,-41.96624747494462,-70.16718033745062,46.199804986579665,95.99214357900001,10,10,10,0,0,0.34609683596677576,0.41602648600175923
tp_3_0x_sell_75pct,single_take_profit,3x触发后卖出75%当前已买入且未卖出的份额，剩余持有结算,train,haircut_0_9,0.9,entry_lead_bin,6-12h,662,453,43,6,8427.230616539093,2310.207538637632,0.2741360292316755,0.3504531722054381,-2.5139199999999997,-1.0,-146.89645500141265,0.10735747691398212,0.40466702525947806,0.6754099535335144,2062.189486141835,1375.3427262451205,325.6252085222977,-734.5619498232749,108,126,108,78,2514.05200345305,0.11601210399771816,0.3670253944855881
tp_3_0x_sell_75pct,single_take_profit,3x触发后卖出75%当前已买入且未卖出的份额，剩余持有结算,train,haircut_0_9,0.9,entry_lead_bin,12-24h,852,535,46,6,12427.48385300822,6038.74364652043,0.4859184464004498,0.42488262910798125,-1.6941249985875,-1.0,-190.816699992179,0.0660385440016151,0.23677334618511633,0.3743816742785809,5639.953808505217,4608.930106579676,304.2686402346435,-190.83681447134978,220,249,220,106,5337.218282926313,0.12059491156869606,0.4397335422940063
tp_3_0x_sell_75pct,single_take_profit,3x触发后卖出75%当前已买入且未卖出的份额，剩余持有结算,train,haircut_0_9,0.9,entry_lead_bin,24-48h,401,275,39,6,7137.275051321499,2115.818270419939,0.29644622845636104,0.42144638403990026,-2.0500000000000003,-1.0,-146.52238799564745,0.09757241826010968,0.39185553539528645,0.6652967050481995,1909.3727651761428,1286.7231692654047,613.9196407455424,-168.40045825856245,91,111,91,55,2002.4796484249125,0.114590671811581,0.5026370610575672
tp_3_0x_sell_75pct,single_take_profit,3x触发后卖出75%当前已买入且未卖出的份额，剩余持有结算,train,haircut_0_9,0.9,entry_lead_bin,48-72h,54,42,21,6,1202.8701166934209,-207.17999653102095,-0.17223804437052578,0.2962962962962963,-4.457390000208,-1.0,-127.94685020933491,nan,nan,nan,-356.6138216272005,-575.821935011707,258.0348665296169,537.5246001624,9,11,9,4,77.778662175,0.1423611095193446,0.5498765969985671
tp_3_0x_sell_75pct,single_take_profit,3x触发后卖出75%当前已买入且未卖出的份额，剩余持有结算,train,haircut_0_9,0.9,entry_lead_bin,72h+,35,31,17,4,587.28084166994,466.4323394955601,0.7942236599601211,0.4857142857142857,-0.6214000000000001,-1.0,-30.329778200069565,0.5154100169409188,1.0041811799032332,1.2210118030766812,226.02843949436107,-1.950237524116858,19.650000000000006,-214.48229883449997,7,7,7,7,332.629318185,0.3956282155819165,0.5434497345770449
tp_3_0x_sell_75pct,single_take_profit,3x触发后卖出75%当前已买入且未卖出的份额，剩余持有结算,train,sampled_1_0,1.0,entry_lead_bin,0-6h,19,16,10,5,109.53368637221331,-22.572740462213314,-0.20608035034544045,0.5263157894736842,0.060625000000000005,1.2507496843615908,-29.190754998012668,nan,nan,nan,-36.35642424971931,-68.15396883145063,46.012304986579665,86.96094590999999,10,10,10,0,0,0.39648730668620596,0.44599599608852214
tp_3_0x_sell_75pct,single_take_profit,3x触发后卖出75%当前已买入且未卖出的份额，剩余持有结算,train,sampled_1_0,1.0,entry_lead_bin,6-12h,662,453,43,6,8427.230616539093,2804.084715306907,0.3327409492987736,0.3716012084592145,-2.0052917289999996,-1.0,-146.89645500141265,0.0900078102555375,0.35847678539374733,0.5788297809030004,2551.6951903111103,1798.885440591946,286.0903219397958,-240.6847731539998,122,144,122,83,2357.763242192625,0.1237250875542805,0.3594298193718471
tp_3_0x_sell_75pct,single_take_profit,3x触发后卖出75%当前已买入且未卖出的份额，剩余持有结算,train,sampled_1_0,1.0,entry_lead_bin,12-24h,852,535,46,6,12427.48385300822,6989.37369492928,0.5624126152646273,0.4636150234741784,-1.0,-0.9805770846638564,-190.816699992179,0.06041061881145923,0.20287456962409572,0.32991887875412823,6567.1413049140665,5571.407514628527,313.1911515960319,759.7932339375,253,285,253,110,5185.479143403,0.10906785495307762,0.40890732527499146
tp_3_0x_sell_75pct,single_take_profit,3x触发后卖出75%当前已买入且未卖出的份额，剩余持有结算,train,sampled_1_0,1.0,entry_lead_bin,24-48h,401,275,39,6,7137.275051321499,3195.2579819710013,0.44768598085334893,0.46633416458852867,-0.9882,-0.6248967489003229,-85.18662199687677,0.07033451684656045,0.271459865069404,0.4624066051999616,2970.521055608955,2327.873681323217,381.60019426838016,911.0392532925,109,131,109,61,1857.368738128125,0.12523195055018665,0.39508310939193
tp_3_0x_sell_75pct,single_take_profit,3x触发后卖出75%当前已买入且未卖出的份额，剩余持有结算,train,sampled_1_0,1.0,entry_lead_bin,48-72h,54,42,21,6,1202.8701166934209,-78.989929567421,-0.06566787924248799,0.3888888888888889,-2.092779,-1.0,-127.94685020933491,nan,nan,nan,-263.62145827210054,-484.66325193585703,252.54516238470507,665.714667126,14,16,14,4,92.40825345,0.18893699592581115,0.4215338932092497
tp_3_0x_sell_75pct,single_take_profit,3x触发后卖出75%当前已买入且未卖出的份额，剩余持有结算,train,sampled_1_0,1.0,entry_lead_bin,72h+,35,31,17,4,587.28084166994,493.67052530256007,0.8406038308670212,0.5142857142857142,0.52725,0.8308811102458188,-30.329778200069565,0.4869723584446542,0.9609631348031724,1.164769019129235,253.26662530136105,19.271349747883107,19.650000000000006,-187.2441130275,8,8,8,7,325.31854965,0.3973385354590423,0.514690190881847
tp_3_0x_sell_75pct,single_take_profit,3x触发后卖出75%当前已买入且未卖出的份额，剩余持有结算,validation,haircut_0_8,0.8,entry_lead_bin,0-6h,20,15,8,5,198.75227100923254,-91.21381007373253,-0.45893216520527413,0.2,-3.478280005691,-1.0,-62.99319799999896,nan,nan,nan,-143.55422007719253,-171.51261808080054,143.84743801085096,-69.51153906450001,3,5,3,1,118.34022000000002,0.3239447128345709,0.48140165865410794
tp_3_0x_sell_75pct,single_take_profit,3x触发后卖出75%当前已买入且未卖出的份额，剩余持有结算,validation,haircut_0_8,0.8,entry_lead_bin,6-12h,286,177,32,6,3614.2570460061756,11.264442483724496,0.0031166688866725526,0.24125874125874125,-5.386836496071019,-1.0,-88.055799999736,18.44290179386243,66.85552290658265,112.2851765886892,-196.48456400621814,-741.8257500168013,494.4658013603813,-84.34890551009987,44,49,44,14,1190.872440546,0.23751461868315393,0.38765991001795147
tp_3_0x_sell_75pct,single_take_profit,3x触发后卖出75%当前已买入且未卖出的份额，剩余持有结算,validation,haircut_0_8,0.8,entry_lead_bin,12-24h,527,282,36,6,8404.734643040209,2567.097002660092,0.3054346284193343,0.33206831119544594,-3.863940000657,-1.0,-165.367399998335,0.19196900837262354,0.742868798110289,1.0938614894903016,2074.2939366631,660.0807376614641,719.0514360449899,-1934.8526102996996,108,128,108,56,4457.4662303943,0.14672906411916062,0.5727909793041003
tp_3_0x_sell_75pct,single_take_profit,3x触发后卖出75%当前已买入且未卖出的份额，剩余持有结算,validation,haircut_0_8,0.8,entry_lead_bin,24-48h,144,82,23,6,3483.3991933362913,934.2927827884089,0.2682129526170018,0.3819444444444444,-3.2026055002459994,-1.0,-340.113900006208,0.39633665676884217,1.6027087455479991,2.527686612776048,563.9983048147928,-563.1064310889512,593.0303337402019,-660.0257598752997,36,43,36,19,1905.1048015028998,0.1553757532415426,0.23803456240385423
tp_3_0x_sell_75pct,single_take_profit,3x触发后卖出75%当前已买入且未卖出的份额，剩余持有结算,validation,haircut_0_8,0.8,entry_lead_bin,48-72h,21,13,6,6,671.2881499584394,287.3355742368608,0.428036118699027,0.3333333333333333,-6.105548001010175,-1.0,-103.11460799797787,1.9686366072901653,2.5843116742051313,2.6086873367683276,-278.32375578256426,-455.2291046778937,430.6140526724171,-152.4651808046999,4,7,4,3,264.1273462349999,0.49243462773893226,0.6945657416506901
tp_3_0x_sell_75pct,single_take_profit,3x触发后卖出75%当前已买入且未卖出的份额，剩余持有结算,validation,haircut_0_9,0.9,entry_lead_bin,0-6h,20,15,8,5,198.75227100923254,54.042793541329935,0.2719103196502319,0.35,-2.3326330361925356,-1.0,-17.728519999577,1.0892290838575591,2.7140232886559352,2.8719049862793704,-4.822188956796083,-92.63060671386407,37.228026507596994,75.74506455056246,6,8,6,1,116.53431000000002,0.297478017839312,0.35972303505084224
tp_3_0x_sell_75pct,single_take_profit,3x触发后卖出75%当前已买入且未卖出的份额，剩余持有结算,validation,haircut_0_9,0.9,entry_lead_bin,6-12h,286,177,32,6,3614.2570460061756,308.9112229379369,0.08547018626671553,0.26573426573426573,-5.145844381842773,-1.0,-88.055799999736,0.6697314881305988,2.638685836004138,4.3434102640104735,102.02364989946923,-506.20844561111375,387.1977303782885,213.29787494411246,51,57,51,19,1152.165136127475,0.268627014342554,0.4312394332541529
tp_3_0x_sell_75pct,single_take_profit,3x触发后卖出75%当前已买入且未卖出的份额，剩余持有结算,validation,haircut_0_9,0.9,entry_lead_bin,12-24h,527,282,36,6,8404.734643040209,3285.9618548114922,0.39096556814349054,0.3776091081593928,-3.1372375024769985,-1.0,-165.367399998335,0.15138809098425454,0.5876898661863955,0.8733097182526319,2788.5063625645003,1354.8353720637263,689.107849048865,-1215.9877581482997,132,154,132,56,4335.780559870387,0.16438836478799707,0.5320189314940293
tp_3_0x_sell_75pct,single_take_profit,3x触发后卖出75%当前已买入且未卖出的份额，剩余持有结算,validation,haircut_0_9,0.9,entry_lead_bin,24-48h,144,82,23,6,3483.3991933362913,1330.532253633109,0.38196376004748583,0.4513888888888889,-1.3486796211841248,-0.7021869433302843,-340.113900006208,0.3047181844119556,1.1893190812431687,1.7705004901891637,925.0948810044804,-251.89514382222274,589.4716232634019,-263.7862890305998,46,56,46,19,1782.8773682650124,0.17090364417293175,0.3135701829491034
tp_3_0x_sell_75pct,single_take_profit,3x触发后卖出75%当前已买入且未卖出的份额，剩余持有结算,validation,haircut_0_9,0.9,entry_lead_bin,48-72h,21,13,6,6,671.2881499584394,133.5075719330483,0.1988826585741369,0.3333333333333333,-5.7835480017780005,-0.9933152532322271,-103.11460799797787,2.679814437407664,4.0445665955877965,4.104197614148995,-224.26794683637675,-406.47269376539373,381.5371055099172,-306.2931831085124,4,9,4,3,466.3041763012499,0.3820116520213982,0.6360474197101329
tp_3_0x_sell_75pct,single_take_profit,3x触发后卖出75%当前已买入且未卖出的份额，剩余持有结算,validation,sampled_1_0,1.0,entry_lead_bin,0-6h,20,15,8,5,198.75227100923254,58.605392172642446,0.29486652844293826,0.35,-2.191120040223786,-1.0,-17.728519999577,0.9547283608073699,2.565706429627451,2.719348435357485,2.6531621691824583,-91.75883933554456,35.609177007597,80.30766318187497,6,8,6,1,114.72840000000002,0.28854268730439375,0.39511843598005414
tp_3_0x_sell_75pct,single_take_profit,3x触发后卖出75%当前已买入且未卖出的份额，剩余持有结算,validation,sampled_1_0,1.0,entry_lead_bin,6-12h,286,177,32,6,3614.2570460061756,620.3083791935744,0.17162818562642831,0.2972027972027972,-4.9992125000000005,-1.0,-88.055799999736,0.3363490669180274,1.379302320831802,2.2203964599798027,411.66823465038175,-235.28440785953626,328.9381356797885,524.69503119975,60,68,60,20,1124.09669425275,0.2714985471027559,0.4510697428823593
tp_3_0x_sell_75pct,single_take_profit,3x触发后卖出75%当前已买入且未卖出的份额，剩余持有结算,validation,sampled_1_0,1.0,entry_lead_bin,12-24h,527,282,36,6,8404.734643040209,3911.753323283167,0.4654225849381707,0.4060721062618596,-2.7600000000000002,-1.0,-165.367399998335,0.12835878875807247,0.4986040499125251,0.7475173544519663,3409.6454047861753,1961.337274035401,616.72728076634,-590.1962896766248,147,176,147,59,4185.512379027375,0.17683070890379943,0.45876619436374866
tp_3_0x_sell_75pct,single_take_profit,3x触发后卖出75%当前已买入且未卖出的份额，剩余持有结算,validation,sampled_1_0,1.0,entry_lead_bin,24-48h,144,82,23,6,3483.3991933362913,1432.4254490838337,0.4112148420496995,0.4861111111111111,-0.6033295002404833,-0.3752180884130927,-340.113900006208,0.2831730417519694,1.0731013968335752,1.594107126176805,1026.8011775838336,-104.71230118798962,586.4749694010019,-161.8930935798749,51,61,51,19,1843.59096740775,0.19525702997346628,0.376532454593837
tp_3_0x_sell_75pct,single_take_profit,3x触发后卖出75%当前已买入且未卖出的份额，剩余持有结算,validation,sampled_1_0,1.0,entry_lead_bin,48-72h,21,13,6,6,671.2881499584394,209.7903400654358,0.3125190576929211,0.42857142857142855,-2.9997410012963828,-0.8990218928750258,-103.11460799797787,1.7569289053273809,2.754396598923923,2.8449640912141096,-158.79637245398928,-368.05545909789384,350.8198970924171,-230.01041497612488,6,10,6,3,460.02021866249993,0.4454223715954201,0.6921395327107375
tp_5_0x_sell_100pct,single_take_profit,5x触发后卖出100%当前已买入且未卖出的份额，剩余持有结算,train,haircut_0_8,0.8,entry_lead_bin,0-6h,19,16,10,5,109.53368637221331,-25.426945892213304,-0.23213813699110245,0.3684210526315789,-1.092,-1.0,-29.190754998012668,nan,nan,nan,-67.95433665394462,-90.01018385394462,66.07026494707367,84.10674048,7,7,7,0,0,0.3025105044019239,0.4577797451496089
tp_5_0x_sell_100pct,single_take_profit,5x触发后卖出100%当前已买入且未卖出的份额，剩余持有结算,train,haircut_0_8,0.8,entry_lead_bin,6-12h,662,453,43,6,8427.230616539093,2403.0929945889075,0.2851580909477725,0.26435045317220546,-3.2994451448884474,-1.0,-146.89645500141265,0.1101742631674376,0.444564081012194,0.7166448823052897,2138.3339945872435,1334.7641658626485,366.82230677008056,-641.6764938719996,51,57,51,47,2194.27741111,0.13906964506727054,0.4225114216297986
tp_5_0x_sell_100pct,single_take_profit,5x触发后卖出100%当前已买入且未卖出的份额，剩余持有结算,train,haircut_0_8,0.8,entry_lead_bin,12-24h,852,535,46,6,12427.48385300822,5368.52850677538,0.431988371119538,0.27699530516431925,-3.435445000803451,-1.0,-190.816699992179,0.08227028309193246,0.29318791044069636,0.4763230308026827,4926.85814673586,3794.5408517325945,406.0908060025322,-861.0519542163996,94,101,94,57,5148.1213754064,0.16443494929611815,0.5465107857529176
tp_5_0x_sell_100pct,single_take_profit,5x触发后卖出100%当前已买入且未卖出的份额，剩余持有结算,train,haircut_0_8,0.8,entry_lead_bin,24-48h,401,275,39,6,7137.275051321499,2064.7242823145016,0.28928747560768425,0.28428927680798005,-5.067375,-1.0,-146.52238799564745,0.14664996344223669,0.5159004912695054,0.8451946479658146,1761.9325417947816,999.5320107323732,716.9290202245006,-219.49444636399986,36,40,36,26,1347.811301494,0.1191679287026465,0.4458387507782851
tp_5_0x_sell_100pct,single_take_profit,5x触发后卖出100%当前已买入且未卖出的份额，剩余持有结算,train,haircut_0_8,0.8,entry_lead_bin,48-72h,54,42,21,6,1202.8701166934209,-719.108242133421,-0.5978270073831273,0.14814814814814814,-6.669849999049999,-1.0,-167.34550738032044,nan,nan,nan,-836.431609393321,-994.734275952137,763.580837132017,25.596354559999998,1,1,1,0,0,0.4677503633597757,0.4791027287515994
tp_5_0x_sell_100pct,single_take_profit,5x触发后卖出100%当前已买入且未卖出的份额，剩余持有结算,train,haircut_0_8,0.8,entry_lead_bin,72h+,35,31,17,4,587.28084166994,371.0595183300601,0.6318263631330931,0.3142857142857143,-3.0,-1.0,-30.329778200069565,0.6478850106935083,1.3149335244128406,1.4961494121028251,130.65561832886107,-116.85908187461683,36.08515346261635,-309.85512,1,1,1,4,310.91112000000004,0.4608228046774241,0.6840167823670844
tp_5_0x_sell_100pct,single_take_profit,5x触发后卖出100%当前已买入且未卖出的份额，剩余持有结算,train,haircut_0_9,0.9,entry_lead_bin,0-6h,19,16,10,5,109.53368637221331,-12.340563380213316,-0.11266454904364372,0.42105263157894735,-1.092,-1.0,-29.190754998012668,nan,nan,nan,-59.221079181944624,-84.61251578394462,64.09245994707366,97.193122992,8,8,8,0,0,0.3051115438809073,0.4144630043236437
tp_5_0x_sell_100pct,single_take_profit,5x触发后卖出100%当前已买入且未卖出的份额，剩余持有结算,train,haircut_0_9,0.9,entry_lead_bin,6-12h,662,453,43,6,8427.230616539093,2906.852403248707,0.3449356657623424,0.27492447129909364,-3.2,-1.0,-146.89645500141265,0.09570653056327895,0.38362889081797236,0.6241679243861831,2628.6476448742437,1791.6998400188484,352.815128509581,-137.91708521219988,58,63,58,51,1995.6670171297499,0.14855792810845067,0.35027416131428996
tp_5_0x_sell_100pct,single_take_profit,5x触发后卖出100%当前已买入且未卖出的份额，剩余持有结算,train,haircut_0_9,0.9,entry_lead_bin,12-24h,852,535,46,6,12427.48385300822,6176.65209012843,0.49701549912964066,0.29694835680751175,-3.163785,-1.0,-190.816699992179,0.08163109928845548,0.2640329364936951,0.42561915070258427,5672.445190088911,4545.812501071901,395.199412002532,-52.92837086334992,111,118,111,68,5175.34089170695,0.17213887954610696,0.4796126839338573
tp_5_0x_sell_100pct,single_take_profit,5x触发后卖出100%当前已买入且未卖出的份额，剩余持有结算,train,haircut_0_9,0.9,entry_lead_bin,24-48h,401,275,39,6,7137.275051321499,2352.615369070901,0.32962375026240637,0.30673316708229426,-4.71209,-1.0,-146.52238799564745,0.10978189302307684,0.45859673517189087,0.7290319445450265,2094.340800299113,1273.7136416997728,615.4458151410004,68.39664039240006,45,49,45,33,1436.29518156735,0.13757715135966345,0.4349500909953797
tp_5_0x_sell_100pct,single_take_profit,5x触发后卖出100%当前已买入且未卖出的份额，剩余持有结算,train,haircut_0_9,0.9,entry_lead_bin,48-72h,54,42,21,6,1202.8701166934209,-656.9331901034209,-0.5461380917079142,0.18518518518518517,-6.1770249990499995,-1.0,-167.34550738032044,nan,nan,nan,-774.2565573633209,-942.5656332421369,737.355250102017,87.77140659000001,3,3,3,1,3.87585,0.4608516172554354,0.5119421336788857
tp_5_0x_sell_100pct,single_take_profit,5x触发后卖出100%当前已买入且未卖出的份额，剩余持有结算,train,haircut_0_9,0.9,entry_lead_bin,72h+,35,31,17,4,587.28084166994,365.4030958300601,0.6221948170334182,0.3142857142857143,-3.0,-1.0,-30.329778200069565,0.6579142397660607,1.3146265198258869,1.5038297813443748,124.9991958288611,-114.96550437461684,36.0498519999999,-315.51154249999996,1,1,1,5,316.69954249999995,0.46051619048505055,0.6945809539249398
tp_5_0x_sell_100pct,single_take_profit,5x触发后卖出100%当前已买入且未卖出的份额，剩余持有结算,train,sampled_1_0,1.0,entry_lead_bin,0-6h,19,16,10,5,109.53368637221331,-5.257288292213314,-0.04799699951983896,0.42105263157894735,-1.092,-1.0,-29.190754998012668,nan,nan,nan,-52.38963777394463,-80.22073377594462,59.71465494707367,104.27639807999999,8,8,8,0,0,0.3058234763693482,0.3892415656985342
tp_5_0x_sell_100pct,single_take_profit,5x触发后卖出100%当前已买入且未卖出的份额，剩余持有结算,train,sampled_1_0,1.0,entry_lead_bin,6-12h,662,453,43,6,8427.230616539093,3323.503622372907,0.39437672630558773,0.283987915407855,-3.094053727623712,-1.0,-146.89645500141265,0.07907440757173834,0.34121346006350706,0.5647259614279488,3060.6995423712433,2189.479451849448,335.0472103770808,278.73413391200006,64,72,64,56,1743.7342134025,0.17068486167192554,0.3193465465024212
tp_5_0x_sell_100pct,single_take_profit,5x触发后卖出100%当前已买入且未卖出的份额，剩余持有结算,train,sampled_1_0,1.0,entry_lead_bin,12-24h,852,535,46,6,12427.48385300822,6784.693665946779,0.5459426659648778,0.31103286384976525,-3.0854240000499997,-1.0,-190.816699992179,0.05001630386196097,0.20605775624916703,0.35778836352552856,6445.348365940463,5386.65491230385,384.30801800253175,555.1132049549998,123,131,123,73,5045.5492991715,0.14580025831837684,0.43663194522191756
tp_5_0x_sell_100pct,single_take_profit,5x触发后卖出100%当前已买入且未卖出的份额，剩余持有结算,train,sampled_1_0,1.0,entry_lead_bin,24-48h,401,275,39,6,7137.275051321499,2606.7845727340014,0.3652352689212031,0.3266832917705736,-4.4158000005,-1.0,-146.52238799564745,0.11272396599447443,0.42991771330559725,0.6705690832700739,2312.9374772022134,1486.081710143891,531.3727630974004,322.56584405550007,53,56,53,36,1393.0680301595,0.15085136628600537,0.43924309640663456
tp_5_0x_sell_100pct,single_take_profit,5x触发后卖出100%当前已买入且未卖出的份额，剩余持有结算,train,sampled_1_0,1.0,entry_lead_bin,48-72h,54,42,21,6,1202.8701166934209,-523.430083913421,-0.4351509582366898,0.2037037037037037,-5.711625,-1.0,-167.34550738032044,nan,nan,nan,-640.753451173321,-892.7766665571512,602.637878912017,221.27451277999998,4,4,4,2,2.5272499999999987,0.34006906504310325,0.6386107116276529
tp_5_0x_sell_100pct,single_take_profit,5x触发后卖出100%当前已买入且未卖出的份额，剩余持有结算,train,sampled_1_0,1.0,entry_lead_bin,72h+,35,31,17,4,587.28084166994,549.6885292100601,0.935989206879309,0.4,-1.2837,-1.0,-30.329778200069565,0.43734567346107045,0.9120456584843389,1.2281257834412047,309.2846292088611,48.34749262538304,19.650000000000006,-131.22610912,4,4,4,6,307.1350457,0.3439749119621862,0.46929632880875843
tp_5_0x_sell_100pct,single_take_profit,5x触发后卖出100%当前已买入且未卖出的份额，剩余持有结算,validation,haircut_0_8,0.8,entry_lead_bin,0-6h,20,15,8,5,198.75227100923254,-96.51145100923253,-0.4855866577984879,0.1,-5.064910499911285,-1.0,-62.99319799999896,nan,nan,nan,-158.90830101269253,-185.94900101630054,137.77161100717296,-74.80918,1,1,1,1,108.28378000000001,0.33640238033853503,0.5410546177340346
tp_5_0x_sell_100pct,single_take_profit,5x触发后卖出100%当前已买入且未卖出的份额，剩余持有结算,validation,haircut_0_8,0.8,entry_lead_bin,6-12h,286,177,32,6,3614.2570460061756,-35.905019808975574,-0.009934274002080544,0.15734265734265734,-5.883821497816436,-1.0,-88.055799999736,nan,nan,nan,-247.9783298144086,-818.8715138195587,482.8309228517064,-131.51836780279996,20,22,20,7,1151.6719520616,0.17637206167945216,0.4359778259841506
tp_5_0x_sell_100pct,single_take_profit,5x触发后卖出100%当前已买入且未卖出的份额，剩余持有结算,validation,haircut_0_8,0.8,entry_lead_bin,12-24h,527,282,36,6,8404.734643040209,2227.1539983773923,0.2649880207963084,0.2428842504743833,-5.3100000000000005,-1.0,-165.367399998335,0.2177673929824085,0.6336613188938303,1.018445220959117,1742.1524783804002,815.8926583859063,843.7975914026899,-2274.7956145823996,61,67,61,37,4552.6638538383995,0.14822191739527837,0.4215114405328168
tp_5_0x_sell_100pct,single_take_profit,5x触发后卖出100%当前已买入且未卖出的份额，剩余持有结算,validation,haircut_0_8,0.8,entry_lead_bin,24-48h,144,82,23,6,3483.3991933362913,1646.9151774073089,0.47278967640511643,0.2986111111111111,-4.679285005955,-1.0,-340.113900006208,0.27995581455971397,0.9961860528549307,1.6405786103895792,1185.8516974054899,6.281247439043909,524.7248480250018,52.596634743600305,24,25,24,12,1827.9031318931998,0.18974450967540685,0.3156108373172791
tp_5_0x_sell_100pct,single_take_profit,5x触发后卖出100%当前已买入且未卖出的份额，剩余持有结算,validation,haircut_0_8,0.8,entry_lead_bin,48-72h,21,13,6,6,671.2881499584394,409.0702773091609,0.6093810494561644,0.3333333333333333,-5.7835480017780005,-1.0,-103.11460799797787,1.2639892671269515,2.110702360653901,2.1289233373746486,-107.9901627102642,-454.3553226806309,434.4400156724171,-30.730477732399848,4,6,4,3,267.61205256199986,0.4119274170388613,0.6214827483188426
tp_5_0x_sell_100pct,single_take_profit,5x触发后卖出100%当前已买入且未卖出的份额，剩余持有结算,validation,haircut_0_9,0.9,entry_lead_bin,0-6h,20,15,8,5,198.75227100923254,-73.85030250923253,-0.37156960337727163,0.15,-5.064910499911285,-1.0,-62.99319799999896,nan,nan,nan,-144.84293001269253,-184.04844101630053,137.77161100717296,-52.14803150000001,2,2,2,1,99.68800250000001,0.30243302993772764,0.5603228856100149
tp_5_0x_sell_100pct,single_take_profit,5x触发后卖出100%当前已买入且未卖出的份额，剩余持有结算,validation,haircut_0_9,0.9,entry_lead_bin,6-12h,286,177,32,6,3614.2570460061756,413.2053112523745,0.11432648701867355,0.18181818181818182,-5.8281589995845735,-1.0,-88.055799999736,0.5132395548417926,2.0487779354644444,3.5677617767743968,201.13200124694146,-433.36061325820856,431.1408824717065,317.59196325855015,27,29,27,8,1092.1595768193,0.19697927537571483,0.5171066761899198
tp_5_0x_sell_100pct,single_take_profit,5x触发后卖出100%当前已买入且未卖出的份额，剩余持有结算,validation,haircut_0_9,0.9,entry_lead_bin,12-24h,527,282,36,6,8404.734643040209,3019.874638399042,0.35930636321751563,0.2656546489563567,-4.964650000712,-1.0,-165.367399998335,0.1624019539622316,0.47016773674834716,0.7556405967899161,2529.44109640205,1600.0270143992311,727.7913678286399,-1482.07497456075,73,80,73,40,4406.8388597925,0.16843084692021884,0.3783814497772365
tp_5_0x_sell_100pct,single_take_profit,5x触发后卖出100%当前已买入且未卖出的份额，剩余持有结算,validation,haircut_0_9,0.9,entry_lead_bin,24-48h,144,82,23,6,3483.3991933362913,1933.426005168409,0.5550400335588968,0.3263888888888889,-4.2800679946801194,-1.0,-340.113900006208,0.20417698502376036,0.8705223027123051,1.4076946454020138,1538.6649126665898,250.33554702535253,521.5665320250018,339.1074625047002,28,30,28,13,1777.92396250485,0.21089869696189087,0.2913489927181156
tp_5_0x_sell_100pct,single_take_profit,5x触发后卖出100%当前已买入且未卖出的份额，剩余持有结算,validation,haircut_0_9,0.9,entry_lead_bin,48-72h,21,13,6,6,671.2881499584394,527.5831612823608,0.7859265224852017,0.38095238095238093,-5.7835480017780005,-1.0,-103.11460799797787,1.1291579958151756,1.8386111349061856,1.8656543738679028,-68.14158373706425,-442.4371136403937,406.9519841349171,87.78240624080013,5,7,5,3,177.99237144249986,0.46239100093562535,0.6657071144495456
tp_5_0x_sell_100pct,single_take_profit,5x触发后卖出100%当前已买入且未卖出的份额，剩余持有结算,validation,sampled_1_0,1.0,entry_lead_bin,0-6h,20,15,8,5,198.75227100923254,-22.37230600923253,-0.112563775476021,0.2,-4.365380005602285,-1.0,-62.99319799999896,nan,nan,nan,-101.96071101269253,-174.81114101630055,137.77161100717296,-0.6700350000000075,3,3,3,1,91.09222500000001,0.3311108223688313,0.44248770849806884
tp_5_0x_sell_100pct,single_take_profit,5x触发后卖出100%当前已买入且未卖出的份额，剩余持有结算,validation,sampled_1_0,1.0,entry_lead_bin,6-12h,286,177,32,6,3614.2570460061756,628.9902465033243,0.17403030235449657,0.1993006993006993,-5.801988999831574,-1.0,-88.055799999736,0.3406342168223551,1.445927659566038,2.48519117508398,414.73464649676436,-280.4841485130927,404.2328591147884,533.3768985095,32,35,32,10,1118.7797415769999,0.20782228133916328,0.454686823963073
tp_5_0x_sell_100pct,single_take_profit,5x触发后卖出100%当前已买入且未卖出的份额，剩余持有结算,validation,sampled_1_0,1.0,entry_lead_bin,12-24h,527,282,36,6,8404.734643040209,3502.641871293792,0.4167462769564366,0.27893738140417457,-4.670800016005,-1.0,-165.367399998335,0.14289648053916335,0.4770771133341304,0.7388573163030308,3002.1266752968,1831.611598293693,716.3991928565899,-999.307741666,80,90,80,48,4161.7321304424995,0.16916968390806114,0.44243651565658837
tp_5_0x_sell_100pct,single_take_profit,5x触发后卖出100%当前已买入且未卖出的份额，剩余持有结算,validation,sampled_1_0,1.0,entry_lead_bin,24-48h,144,82,23,6,3483.3991933362913,2479.818413084709,0.7118961323263143,0.3611111111111111,-3.8503050044369997,-1.0,-340.113900006208,0.17413804794676513,0.717548301142723,1.1432786940730282,2047.9876753676929,700.4289236333325,482.49777688900184,885.4998704210003,33,35,33,15,1571.8299577664998,0.17975658939129957,0.2506317024145788
tp_5_0x_sell_100pct,single_take_profit,5x触发后卖出100%当前已买入且未卖出的份额，剩余持有结算,validation,sampled_1_0,1.0,entry_lead_bin,48-72h,21,13,6,6,671.2881499584394,625.8635161535608,0.9323321381322002,0.38095238095238093,-5.7835480017780005,-1.0,-103.11460799797787,1.0775337315779214,1.7021453324259148,1.7292173130821253,-48.525533865864304,-439.4471466028938,404.05718459741706,186.06276111200012,5,7,5,3,106.09204742499986,0.5134562120077841,0.6721019933585819
tp_5_0x_sell_25pct,single_take_profit,5x触发后卖出25%当前已买入且未卖出的份额，剩余持有结算,train,haircut_0_8,0.8,entry_lead_bin,0-6h,19,16,10,5,109.53368637221331,-88.50700125221331,-0.8080345342477756,0.3157894736842105,-1.092,-1.0,-29.190754998012668,nan,nan,nan,-91.31662305394462,-94.15768385394463,89.01950125221332,21.02668512,6,7,6,0,0,0.38946291036834413,0.6089693695362925
tp_5_0x_sell_25pct,single_take_profit,5x触发后卖出25%当前已买入且未卖出的份额，剩余持有结算,train,haircut_0_8,0.8,entry_lead_bin,6-12h,662,453,43,6,8427.230616539093,2884.350364992907,0.3422655076428247,0.2583081570996979,-3.3185750051619998,-1.0,-146.89645500141265,0.12521342912399103,0.44052774330178057,0.7392430545636558,2523.1909649971103,1613.7140078109146,380.8014105682473,-160.41912346799987,47,57,47,47,548.5693527775,0.13956327606560595,0.34465503743414105
tp_5_0x_sell_25pct,single_take_profit,5x触发后卖出25%当前已买入且未卖出的份额，剩余持有结算,train,haircut_0_8,0.8,entry_lead_bin,12-24h,852,535,46,6,12427.48385300822,6014.3174724376795,0.4839529500560842,0.27230046948356806,-3.5,-1.0,-190.816699992179,0.11895786101980275,0.3639533739909937,0.596934858988052,5298.867130422466,3825.386336091001,388.1291700025322,-215.26298855410002,90,101,90,57,1287.0303438516,0.16972852827216175,0.43462032019468666
tp_5_0x_sell_25pct,single_take_profit,5x触发后卖出25%当前已买入且未卖出的份额，剩余持有结算,train,haircut_0_8,0.8,entry_lead_bin,24-48h,401,275,39,6,7137.275051321499,2229.3451170875014,0.31235241756231996,0.2718204488778055,-5.259509,-1.0,-146.52238799564745,0.17570564871883115,0.6301407412207332,0.941333738963539,1837.6365870714835,824.5439325691611,844.2808650793008,-54.87361159099993,31,40,31,26,336.9528253735,0.12314043660812887,0.380017292206978
tp_5_0x_sell_25pct,single_take_profit,5x触发后卖出25%当前已买入且未卖出的份额，剩余持有结算,train,haircut_0_8,0.8,entry_lead_bin,48-72h,54,42,21,6,1202.8701166934209,-738.3055080534209,-0.6137865575071021,0.14814814814814814,-6.669849999049999,-1.0,-167.34550738032044,nan,nan,nan,-855.6288753133209,-1013.3344753121369,782.7781030520168,6.3990886399999996,1,1,1,0,0,0.4667242879999851,0.49261078752079
tp_5_0x_sell_25pct,single_take_profit,5x触发后卖出25%当前已买入且未卖出的份额，剩余持有结算,train,haircut_0_8,0.8,entry_lead_bin,72h+,35,31,17,4,587.28084166994,603.4508583300601,1.0275337036606549,0.3142857142857143,-3.0,-1.0,-30.329778200069565,0.3983819008336037,1.1430498021222497,1.3057816710796533,363.0469583288611,-86.32352587461685,36.0498519999999,-77.46378000000001,1,1,1,4,77.72778000000002,0.31666491084231035,0.4490813699139592
tp_5_0x_sell_25pct,single_take_profit,5x触发后卖出25%当前已买入且未卖出的份额，剩余持有结算,train,haircut_0_9,0.9,entry_lead_bin,0-6h,19,16,10,5,109.53368637221331,-85.23540562421331,-0.778166137260911,0.3684210526315789,-1.092,-1.0,-29.190754998012668,nan,nan,nan,-89.13330868594463,-92.77498558594462,85.93759312421332,24.298280748,7,8,7,0,0,0.39129967818164,0.6161373039195269
tp_5_0x_sell_25pct,single_take_profit,5x触发后卖出25%当前已买入且未卖出的份额，剩余持有结算,train,haircut_0_9,0.9,entry_lead_bin,6-12h,662,453,43,6,8427.230616539093,3010.290217157857,0.3572099013464672,0.26435045317220546,-3.2999864995855086,-1.0,-146.89645500141265,0.12163475481825814,0.42461368032571467,0.7130750027776519,2644.13430466206,1732.0798092019645,370.8087185522472,-34.4792713030499,51,63,51,51,498.91675428243747,0.1431448432647249,0.341777567113372
tp_5_0x_sell_25pct,single_take_profit,5x触发后卖出25%当前已买入且未卖出的份额，剩余持有结算,train,haircut_0_9,0.9,entry_lead_bin,12-24h,852,535,46,6,12427.48385300822,6216.348368275942,0.5002097320586099,0.2875586854460094,-3.2605342222426223,-1.0,-190.816699992179,0.11634877635015892,0.35303354492942113,0.5766337046272011,5493.083842260729,4021.768867307264,385.4063215025317,-13.23209271583751,103,118,103,68,1293.8352229267375,0.17137462651985683,0.42698222558103605
tp_5_0x_sell_25pct,single_take_profit,5x触发后卖出25%当前已买入且未卖出的份额，剩余持有结算,train,haircut_0_9,0.9,entry_lead_bin,24-48h,401,275,39,6,7137.275051321499,2301.317888776601,0.32243648622600046,0.29177057356608477,-4.806650011576,-1.0,-146.52238799564745,0.1718463519076257,0.6083932950950979,0.9029666714182301,1905.844805010583,901.2115153625109,818.9100638084251,17.09916009809998,39,49,39,33,359.0737953918376,0.12315587974248644,0.3748380071697317
tp_5_0x_sell_25pct,single_take_profit,5x触发后卖出25%当前已买入且未卖出的份额，剩余持有结算,train,haircut_0_9,0.9,entry_lead_bin,48-72h,54,42,21,6,1202.8701166934209,-722.761745045921,-0.6008643285882989,0.18518518518518517,-6.1770249990499995,-1.0,-167.34550738032044,nan,nan,nan,-840.085112305821,-996.821749804637,776.2217062945168,21.942851647500003,3,3,3,1,0.9689625,0.46859299022499684,0.5020722971015774
tp_5_0x_sell_25pct,single_take_profit,5x触发后卖出25%当前已买入且未卖出的份额，剩余持有结算,train,haircut_0_9,0.9,entry_lead_bin,72h+,35,31,17,4,587.28084166994,602.03675270506,1.025125817135736,0.3142857142857143,-3.0,-1.0,-30.329778200069565,0.39931764783631696,1.1441758432680604,1.3064450983194373,361.63285270386103,-86.79915649961686,36.04985199999987,-78.87788562500002,1,1,1,5,79.17488562500002,0.31662869458152876,0.44733424092392426
tp_5_0x_sell_25pct,single_take_profit,5x触发后卖出25%当前已买入且未卖出的份额，剩余持有结算,train,sampled_1_0,1.0,entry_lead_bin,0-6h,19,16,10,5,109.53368637221331,-83.46458685221332,-0.7619992498799598,0.3684210526315789,-1.092,-1.0,-29.190754998012668,nan,nan,nan,-87.42544833394463,-91.64274133394463,84.35646185221331,26.069099519999998,7,8,7,0,0,0.3973620245743164,0.6181998168054796
tp_5_0x_sell_25pct,single_take_profit,5x触发后卖出25%当前已买入且未卖出的份额，剩余持有结算,train,sampled_1_0,1.0,entry_lead_bin,6-12h,662,453,43,6,8427.230616539093,3114.453021938907,0.36957016648227853,0.2719033232628399,-3.2,-1.0,-146.89645500141265,0.11917098199308704,0.4177789889795024,0.6991157973511449,2743.30059694311,1813.2999872091145,364.3834408482476,69.68353347800011,56,72,56,56,435.933553350625,0.14373943936867506,0.34817013013927334
tp_5_0x_sell_25pct,single_take_profit,5x触发后卖出25%当前已买入且未卖出的份额，剩余持有结算,train,sampled_1_0,1.0,entry_lead_bin,12-24h,852,535,46,6,12427.48385300822,6368.3587622305295,0.5124415237674191,0.2992957746478873,-3.163785,-1.0,-190.816699992179,0.11479860625175445,0.3464814910675418,0.5646041779406751,5637.280052215317,4161.840322639851,382.6834730025321,138.77830123874986,113,131,113,73,1261.387324792875,0.1680562545271941,0.41926169879245195
tp_5_0x_sell_25pct,single_take_profit,5x触发后卖出25%当前已买入且未卖出的份额，剩余持有结算,train,sampled_1_0,1.0,entry_lead_bin,24-48h,401,275,39,6,7137.275051321499,2364.8601896923765,0.3313393658906997,0.30673316708229426,-4.71209,-1.0,-146.52238799564745,0.16162279240944769,0.5903612588344808,0.8789286175790652,1982.6448821763584,968.7383511380363,797.8918007975258,80.64146101387503,45,56,45,36,348.26700753987507,0.12302722864847651,0.37182219098921687
tp_5_0x_sell_25pct,single_take_profit,5x触发后卖出25%当前已买入且未卖出的份额，剩余持有结算,train,sampled_1_0,1.0,entry_lead_bin,48-72h,54,42,21,6,1202.8701166934209,-689.385968498421,-0.5731175452204927,0.2037037037037037,-5.711625,-1.0,-167.34550738032044,nan,nan,nan,-806.709335758321,-963.783123257137,742.5423634970168,55.318628194999995,4,4,4,2,0.6318125000000023,0.44313283231530526,0.5274849863954367
tp_5_0x_sell_25pct,single_take_profit,5x触发后卖出25%当前已买入且未卖出的份额，剩余持有结算,train,sampled_1_0,1.0,entry_lead_bin,72h+,35,31,17,4,587.28084166994,648.1081110500601,1.1035744145972088,0.4,-1.2837,-1.0,-30.329778200069565,0.370931787308908,1.0660748498197843,1.2237246015015808,407.70421104886105,-42.82364610461684,19.650000000000006,-32.80652728000001,4,4,4,6,76.78376142500001,0.30296360356724683,0.4199580544061829
tp_5_0x_sell_25pct,single_take_profit,5x触发后卖出25%当前已买入且未卖出的份额，剩余持有结算,validation,haircut_0_8,0.8,entry_lead_bin,0-6h,20,15,8,5,198.75227100923254,-40.40456600923252,-0.20329109098509685,0.1,-5.064910499911285,-1.0,-62.99319799999896,nan,nan,nan,-184.01425101269254,-185.94900101630054,159.48326101085095,-18.702294999999992,1,1,1,1,27.070944999999995,0.41415152571549974,0.42387270686208856
tp_5_0x_sell_25pct,single_take_profit,5x触发后卖出25%当前已买入且未卖出的份额，剩余持有结算,validation,haircut_0_8,0.8,entry_lead_bin,6-12h,286,177,32,6,3614.2570460061756,62.733756043124295,0.01735730338063429,0.13986013986013987,-5.999898997072163,-1.0,-88.055799999736,9.535317665489991,21.572100689409556,32.09437167442932,-535.4525361774182,-1290.5651459440082,625.8053201652992,-32.87959195070006,15,22,15,7,287.91798801540006,0.29092775845349,0.3274534239004384
tp_5_0x_sell_25pct,single_take_profit,5x触发后卖出25%当前已买入且未卖出的份额，剩余持有结算,validation,haircut_0_8,0.8,entry_lead_bin,12-24h,527,282,36,6,8404.734643040209,3933.250709314192,0.46798035587848547,0.2333965844402277,-5.354220001104,-1.0,-165.367399998335,0.15175537084033858,0.629819384652318,0.9677010696860037,3336.358789314192,1456.0131678906341,567.629452848012,-568.6989036455997,56,67,56,37,1138.1659634595997,0.15338475643723226,0.4093984882872719
tp_5_0x_sell_25pct,single_take_profit,5x触发后卖出25%当前已买入且未卖出的份额，剩余持有结算,validation,haircut_0_8,0.8,entry_lead_bin,24-48h,144,82,23,6,3483.3991933362913,1607.467701349609,0.4614652562430051,0.2777777777777778,-4.679285005955,-1.0,-340.113900006208,0.37911860841395395,1.4591443884344835,2.1306927455800437,998.0467833435679,-738.0597746643512,646.4559680250019,13.149158685900229,21,25,21,12,456.97578297329983,0.17230316680834468,0.35277318419746356
tp_5_0x_sell_25pct,single_take_profit,5x触发后卖出25%当前已买入且未卖出的份额，剩余持有结算,validation,haircut_0_8,0.8,entry_lead_bin,48-72h,21,13,6,6,671.2881499584394,432.1181356084609,0.6437148274332178,0.2857142857142857,-8.616269997262801,-1.0,-103.11460799797787,1.5339719752471468,2.091913442231503,2.0932242990396817,-230.73897441096426,-471.8356009028938,435.49478889741715,-7.682619433099797,3,6,3,3,66.90301314049981,0.5041613080598417,0.7290936331855401
tp_5_0x_sell_25pct,single_take_profit,5x触发后卖出25%当前已买入且未卖出的份额，剩余持有结算,validation,haircut_0_9,0.9,entry_lead_bin,0-6h,20,15,8,5,198.75227100923254,-34.739278884232505,-0.1747868273797927,0.15,-5.064910499911285,-1.0,-62.99319799999896,nan,nan,nan,-180.49790826269253,-184.04844101630053,155.96691826085095,-13.037007874999981,2,2,2,1,24.92200062499998,0.42277651947769485,0.43420781409917947
tp_5_0x_sell_25pct,single_take_profit,5x触发后卖出25%当前已买入且未卖出的份额，剩余持有结算,validation,haircut_0_9,0.9,entry_lead_bin,6-12h,286,177,32,6,3614.2570460061756,175.01133880846183,0.04842249363582282,0.16433566433566432,-5.862734247369,-1.0,-88.055799999736,3.425850059305578,7.795721308468395,11.589412380939486,-424.55126662765576,-1189.3282843642457,598.9985249452993,79.39799081463748,22,29,22,8,273.03989420482503,0.3015692287356611,0.3385870775084859
tp_5_0x_sell_25pct,single_take_profit,5x触发后卖出25%当前已买入且未卖出的份额，剩余持有结算,validation,haircut_0_9,0.9,entry_lead_bin,12-24h,527,282,36,6,8404.734643040209,4131.430869319604,0.49155994148378723,0.2504743833017078,-4.975009996436999,-1.0,-165.367399998335,0.1428167131825115,0.5993114045520328,0.9231822610253141,3541.3934918226123,1655.4172322180466,539.2948969544992,-370.51874364018727,65,80,65,40,1101.7097149481249,0.15640944348011637,0.4017112283882009
tp_5_0x_sell_25pct,single_take_profit,5x触发后卖出25%当前已买入且未卖出的份额，剩余持有结算,validation,haircut_0_9,0.9,entry_lead_bin,24-48h,144,82,23,6,3483.3991933362913,1679.0954082898838,0.4820278455314501,0.3125,-4.2800679946801194,-1.0,-340.113900006208,0.36491177912283285,1.4021491283267136,2.0445662230792307,1066.3737155338429,-675.2467548211639,645.6663890250019,84.77686562617525,26,30,26,13,444.4809906262123,0.17073293280765173,0.342351458936395
tp_5_0x_sell_25pct,single_take_profit,5x触发后卖出25%当前已买入且未卖出的份额，剩余持有结算,validation,haircut_0_9,0.9,entry_lead_bin,48-72h,21,13,6,6,671.2881499584394,461.74635660176085,0.6878511956904771,0.3333333333333333,-8.013577497262801,-1.0,-103.11460799797787,1.478134427074811,2.007681321121537,2.01102871488632,-220.77682966766423,-465.29317864351873,428.6227810130421,21.945601560200142,4,7,4,3,44.49809286062485,0.513969843892247,0.737819505856692
tp_5_0x_sell_25pct,single_take_profit,5x触发后卖出25%当前已买入且未卖出的份额，剩余持有结算,validation,sampled_1_0,1.0,entry_lead_bin,0-6h,20,15,8,5,198.75227100923254,-21.869779759232518,-0.11003537040448011,0.2,-4.365380005602285,-1.0,-62.99319799999896,nan,nan,nan,-169.77735351269254,-174.81114101630055,154.64636351085096,-0.16750874999999477,3,3,3,1,22.773056249999996,0.4458683324458817,0.4601259904866816
tp_5_0x_sell_25pct,single_take_profit,5x触发后卖出25%当前已买入且未卖出的份额，剩余持有结算,validation,sampled_1_0,1.0,entry_lead_bin,6-12h,286,177,32,6,3614.2570460061756,228.95757262119932,0.06334844746977858,0.1853146853146853,-5.801988999831574,-1.0,-88.055799999736,2.624673697278931,5.998258683403986,8.831031716724908,-371.9813460304932,-1144.3891754850083,596.2317172252995,133.34422462737496,28,35,28,10,279.69493539425,0.3077721863573162,0.34095676013254494
tp_5_0x_sell_25pct,single_take_profit,5x触发后卖出25%当前已买入且未卖出的份额，剩余持有结算,validation,sampled_1_0,1.0,entry_lead_bin,12-24h,527,282,36,6,8404.734643040209,4252.122677543292,0.5059199199185176,0.25996204933586337,-4.88646400001019,-1.0,-165.367399998335,0.13935576085950283,0.6047770850029469,0.9164601768924036,3659.5648865463004,1680.5363195437344,535.8994782114867,-249.8269354164997,70,90,70,48,1040.4330326106247,0.15248421721897254,0.4152769361531366
tp_5_0x_sell_25pct,single_take_profit,5x触发后卖出25%当前已买入且未卖出的份额，剩余持有结算,validation,sampled_1_0,1.0,entry_lead_bin,24-48h,144,82,23,6,3483.3991933362913,1815.6935102689588,0.5212418702233045,0.3402777777777778,-4.056205004552,-1.0,-340.113900006208,0.3392766807955323,1.3293692207106527,1.9201989616270976,1199.6710427629178,-598.0335565266762,635.8992002410018,221.37496760525022,30,35,30,15,392.9574894416248,0.1659839068838468,0.3245385237589921
tp_5_0x_sell_25pct,single_take_profit,5x触发后卖出25%当前已买入且未卖出的份额，剩余持有结算,validation,sampled_1_0,1.0,entry_lead_bin,48-72h,21,13,6,6,671.2881499584394,486.3164453195609,0.7244525996022269,0.3333333333333333,-7.410884997262802,-1.0,-103.11460799797787,1.44389372244653,1.9553567514642631,1.958547870672622,-215.87281719986424,-464.6056993841437,427.89908112866715,46.5156902780002,4,7,4,3,26.523011856249806,0.525251941222957,0.7476022757013561
tp_5_0x_sell_50pct,single_take_profit,5x触发后卖出50%当前已买入且未卖出的份额，剩余持有结算,train,haircut_0_8,0.8,entry_lead_bin,0-6h,19,16,10,5,109.53368637221331,-67.4803161322133,-0.6160690684955512,0.3684210526315789,-1.092,-1.0,-29.190754998012668,nan,nan,nan,-83.52919425394461,-92.77518385394461,76.63076225394462,42.05337024,7,7,7,0,0,0.34388177765360894,0.5712479406818166
tp_5_0x_sell_50pct,single_take_profit,5x触发后卖出50%当前已买入且未卖出的份额，剩余持有结算,train,haircut_0_8,0.8,entry_lead_bin,6-12h,662,453,43,6,8427.230616539093,2723.931241524907,0.32322970207780727,0.26132930513595165,-3.2999864995855086,-1.0,-146.89645500141265,0.1041019302076991,0.42784866872071375,0.6972585158679311,2440.36474152911,1558.5008861517144,372.15852012824735,-320.8382469359998,49,57,49,47,1097.138705555,0.13409433506934462,0.36787764709103393
tp_5_0x_sell_50pct,single_take_profit,5x触发后卖出50%当前已买入且未卖出的份额，剩余持有结算,train,haircut_0_8,0.8,entry_lead_bin,12-24h,852,535,46,6,12427.48385300822,5799.05448388358,0.46663142374390215,0.2746478873239437,-3.435445000803451,-1.0,-190.816699992179,0.0940496102478354,0.3110766076327779,0.5114096035035807,5253.655669868367,3995.1042875594267,394.1163820025322,-430.52597710819975,92,101,92,57,2574.0606877032,0.1555921824193866,0.4664426036858615
tp_5_0x_sell_50pct,single_take_profit,5x触发后卖出50%当前已买入且未卖出的份额，剩余持有结算,train,haircut_0_8,0.8,entry_lead_bin,24-48h,401,275,39,6,7137.275051321499,2174.4715054965013,0.3046641035774414,0.2743142144638404,-5.17848,-1.0,-146.52238799564745,0.1438084882812097,0.5806633842433545,0.890843070794704,1861.7640454804832,911.8355221741608,801.8302501277008,-109.74722318199983,32,40,32,26,673.905650747,0.11791454675931257,0.40546471135094814
tp_5_0x_sell_50pct,single_take_profit,5x触发后卖出50%当前已买入且未卖出的份额，剩余持有结算,train,haircut_0_8,0.8,entry_lead_bin,48-72h,54,42,21,6,1202.8701166934209,-731.906419413421,-0.6084667074657771,0.14814814814814814,-6.669849999049999,-1.0,-167.34550738032044,nan,nan,nan,-849.229786673321,-1006.9353866721369,776.3790144120169,12.798177279999999,1,1,1,0,0,0.47056175920593074,0.4881866233252853
tp_5_0x_sell_50pct,single_take_profit,5x触发后卖出50%当前已买入且未卖出的份额，剩余持有结算,train,haircut_0_8,0.8,entry_lead_bin,72h+,35,31,17,4,587.28084166994,525.9870783300601,0.8956312568181343,0.3142857142857143,-3.0,-1.0,-30.329778200069565,0.4570528629038756,1.1662198739790226,1.3503131910761361,285.58317832886104,-87.4295058746169,36.04985199999987,-154.92756,1,1,1,4,155.45556000000002,0.3535294499493862,0.4883330187189728
tp_5_0x_sell_50pct,single_take_profit,5x触发后卖出50%当前已买入且未卖出的份额，剩余持有结算,train,haircut_0_9,0.9,entry_lead_bin,0-6h,19,16,10,5,109.53368637221331,-60.93712487621331,-0.5563322745218219,0.42105263157894735,-1.092,-1.0,-29.190754998012668,nan,nan,nan,-79.16256551794461,-90.00978731794461,72.99258244707367,48.596561496,8,8,8,0,0,0.3421277853215308,0.580767651163197
tp_5_0x_sell_50pct,single_take_profit,5x触发后卖出50%当前已买入且未卖出的份额，剩余持有结算,train,haircut_0_9,0.9,entry_lead_bin,6-12h,662,453,43,6,8427.230616539093,2975.810945854807,0.3531184894850922,0.2719033232628399,-3.2098,-1.0,-146.89645500141265,0.09864858028186045,0.3967249527613621,0.648297379178143,2682.25142085901,1795.2324889338145,352.17313609624716,-68.95854260609994,56,63,56,51,997.833508564875,0.1390510506611386,0.340905440776678
tp_5_0x_sell_50pct,single_take_profit,5x触发后卖出50%当前已买入且未卖出的份额，剩余持有结算,train,haircut_0_9,0.9,entry_lead_bin,12-24h,852,535,46,6,12427.48385300822,6203.116275560104,0.49914498774895344,0.2934272300469484,-3.1820000000000004,-1.0,-190.816699992179,0.09044279634506053,0.2941684114898182,0.47817626771252486,5642.0890935448915,4378.355414491951,388.6706850025321,-26.46418543167501,108,118,108,68,2587.670445853475,0.15966209903905954,0.4491922882038953
tp_5_0x_sell_50pct,single_take_profit,5x触发后卖出50%当前已买入且未卖出的份额，剩余持有结算,train,haircut_0_9,0.9,entry_lead_bin,24-48h,401,275,39,6,7137.275051321499,2318.4170488747013,0.32483224090480245,0.29925187032418954,-4.790082205241528,-1.0,-146.52238799564745,0.13812724836174423,0.5405612254801754,0.8178097348895301,1998.1804813586832,1065.170687760861,751.0886475859502,34.19832019620006,42,49,42,33,718.147590783675,0.11826336141917157,0.3929400417214495
tp_5_0x_sell_50pct,single_take_profit,5x触发后卖出50%当前已买入且未卖出的份额，剩余持有结算,train,haircut_0_9,0.9,entry_lead_bin,48-72h,54,42,21,6,1202.8701166934209,-700.818893398421,-0.5826222496281707,0.18518518518518517,-6.1770249990499995,-1.0,-167.34550738032044,nan,nan,nan,-818.142260658321,-973.909935657137,763.266220897017,43.885703295000006,3,3,3,1,1.937925,0.47459974135601646,0.507504761452204
tp_5_0x_sell_50pct,single_take_profit,5x触发后卖出50%当前已买入且未卖出的份额，剩余持有结算,train,haircut_0_9,0.9,entry_lead_bin,72h+,35,31,17,4,587.28084166994,523.1588670800601,0.8908154837682968,0.3142857142857143,-3.0,-1.0,-30.329778200069565,0.4595237032738843,1.168936766030369,1.3520808371320776,282.75496707886106,-88.38076712461691,36.0498519999999,-157.75577124999998,1,1,1,5,158.34977124999997,0.35343918405598473,0.4909987248846644
tp_5_0x_sell_50pct,single_take_profit,5x触发后卖出50%当前已买入且未卖出的份额，剩余持有结算,train,sampled_1_0,1.0,entry_lead_bin,0-6h,19,16,10,5,109.53368637221331,-57.395487332213314,-0.5239984997599195,0.42105263157894735,-1.092,-1.0,-29.190754998012668,nan,nan,nan,-75.74684481394462,-87.74529881394463,70.80367994707366,52.138199039999996,8,8,8,0,0,0.3435514903755485,0.5801831550269768
tp_5_0x_sell_50pct,single_take_profit,5x触发后卖出50%当前已买入且未卖出的份额，剩余持有结算,train,sampled_1_0,1.0,entry_lead_bin,6-12h,662,453,43,6,8427.230616539093,3184.136555416907,0.3778390197567149,0.2794561933534743,-3.094053727623712,-1.0,-146.89645500141265,0.09533276752197963,0.3851793693905218,0.6256528967393526,2880.58400542111,1957.6728449481145,339.32258068824694,139.367066956,61,72,61,56,871.86710670125,0.14961523977554286,0.34514172121709846
tp_5_0x_sell_50pct,single_take_profit,5x触发后卖出50%当前已买入且未卖出的份额，剩余持有结算,train,sampled_1_0,1.0,entry_lead_bin,12-24h,852,535,46,6,12427.48385300822,6507.137063469279,0.523608571166572,0.30633802816901406,-3.0854240000499997,-1.0,-190.816699992179,0.08861893400901703,0.28224346931505573,0.45740299052340916,5930.481513454067,4670.5401233671255,383.224988002532,277.5566024774998,119,131,119,73,2522.77464958575,0.15355818950021444,0.4324349394625319
tp_5_0x_sell_50pct,single_take_profit,5x触发后卖出50%当前已买入且未卖出的份额，剩余持有结算,train,sampled_1_0,1.0,entry_lead_bin,24-48h,401,275,39,6,7137.275051321499,2445.5016507062514,0.3426380002342008,0.3167082294264339,-4.41897999205,-1.0,-146.52238799564745,0.12048034518178738,0.5092113886059775,0.7761263112433395,2150.8667676865316,1200.224359311911,709.0521215641502,161.28292202775012,49,56,49,36,696.53401507975,0.1178986652695919,0.3863697397679992
tp_5_0x_sell_50pct,single_take_profit,5x触发后卖出50%当前已买入且未卖出的份额，剩余持有结算,train,sampled_1_0,1.0,entry_lead_bin,48-72h,54,42,21,6,1202.8701166934209,-634.0673403034209,-0.5271286828925583,0.2037037037037037,-5.711625,-1.0,-167.34550738032044,nan,nan,nan,-751.3907075633209,-930.0043433471512,695.9075353020169,110.63725638999999,4,4,4,2,1.263625000000001,0.42000883544776363,0.5633206833972106
tp_5_0x_sell_50pct,single_take_profit,5x触发后卖出50%当前已买入且未卖出的份额，剩余持有结算,train,sampled_1_0,1.0,entry_lead_bin,72h+,35,31,17,4,587.28084166994,615.30158377006,1.047712678691242,0.4,-1.2837,-1.0,-30.329778200069565,0.3907090544578196,1.0006984320306538,1.2131083123030268,374.897683768861,-0.4297463346169934,19.650000000000006,-65.61305456000001,4,4,4,6,153.56752285000002,0.3155024726890336,0.41977446965297416
tp_5_0x_sell_50pct,single_take_profit,5x触发后卖出50%当前已买入且未卖出的份额，剩余持有结算,validation,haircut_0_8,0.8,entry_lead_bin,0-6h,20,15,8,5,198.75227100923254,-59.106861009232524,-0.2973896132562272,0.1,-5.064910499911285,-1.0,-62.99319799999896,nan,nan,nan,-175.64560101269254,-185.94900101630054,151.11461101085095,-37.40459,1,1,1,1,54.141890000000004,0.3333461671538942,0.3742707882472142
tp_5_0x_sell_50pct,single_take_profit,5x触发后卖出50%当前已买入且未卖出的份额，剩余持有结算,validation,haircut_0_8,0.8,entry_lead_bin,6-12h,286,177,32,6,3614.2570460061756,29.854164092424334,0.008260110919729344,0.15734265734265734,-5.897849497816436,-1.0,-88.055799999736,13.77248809151814,37.265857772050175,58.28010757838362,-381.31195535271826,-1082.6868688793083,554.7989434052994,-65.75918390140002,20,22,20,7,575.8359760308,0.262142388748309,0.37442425747153624
tp_5_0x_sell_50pct,single_take_profit,5x触发后卖出50%当前已买入且未卖出的份额，剩余持有结算,validation,haircut_0_8,0.8,entry_lead_bin,12-24h,527,282,36,6,8404.734643040209,3364.551805668592,0.4003162441844264,0.2409867172675522,-5.3100000000000005,-1.0,-165.367399998335,0.16469358179101634,0.597463686981165,0.9480816016753867,2810.4317176716,1354.3542788146988,639.8157856999121,-1137.3978072911998,60,67,60,37,2276.3319269191998,0.15375412408745656,0.4171254036773879
tp_5_0x_sell_50pct,single_take_profit,5x触发后卖出50%当前已买入且未卖出的份额，剩余持有结算,validation,haircut_0_8,0.8,entry_lead_bin,24-48h,144,82,23,6,3483.3991933362913,1620.6168600355088,0.46524006296370884,0.2916666666666667,-4.679285005955,-1.0,-340.113900006208,0.28449875561069804,1.2514118012646556,1.8675280008294664,1159.5533800336898,-407.44220394139734,605.8789280250019,26.298317371800255,23,25,23,12,913.9515659465998,0.13831941734587916,0.3598419708908755
tp_5_0x_sell_50pct,single_take_profit,5x触发后卖出50%当前已买入且未卖出的份额，剩余持有结算,validation,haircut_0_8,0.8,entry_lead_bin,48-72h,21,13,6,6,671.2881499584394,424.4355161753608,0.6322702347742,0.2857142857142857,-6.409117001010175,-1.0,-103.11460799797787,1.4472356732880869,2.0958133028521844,2.1001001495713174,-189.82270384406422,-465.1020848278938,435.14319782241716,-15.365238866199874,3,6,3,3,133.80602628099987,0.47524544009547853,0.7562824329357246
tp_5_0x_sell_50pct,single_take_profit,5x触发后卖出50%当前已买入且未卖出的份额，剩余持有结算,validation,haircut_0_9,0.9,entry_lead_bin,0-6h,20,15,8,5,198.75227100923254,-47.776286759232526,-0.24038108604561906,0.15,-5.064910499911285,-1.0,-62.99319799999896,nan,nan,nan,-168.61291551269252,-184.04844101630053,144.08192551085097,-26.074015750000004,2,2,2,1,49.844001250000005,0.35514906880606806,0.3948588210697644
tp_5_0x_sell_50pct,single_take_profit,5x触发后卖出50%当前已买入且未卖出的份额，剩余持有结算,validation,haircut_0_9,0.9,entry_lead_bin,6-12h,286,177,32,6,3614.2570460061756,254.4093296230994,0.07039049143010641,0.18181818181818182,-5.8281589995845735,-1.0,-88.055799999736,1.6269794291329729,4.459830451280209,6.9570030517845245,-159.50941625319322,-880.2131457197834,516.0890941817065,158.79598162927505,27,29,27,8,546.07978840965,0.2809983135554358,0.40487005995114994
tp_5_0x_sell_50pct,single_take_profit,5x触发后卖出50%当前已买入且未卖出的份额，剩余持有结算,validation,haircut_0_9,0.9,entry_lead_bin,12-24h,527,282,36,6,8404.734643040209,3760.912125679417,0.44747541539503005,0.25996204933586337,-4.964650000712,-1.0,-165.367399998335,0.14805879009906361,0.5333051050325249,0.8528875440328525,3204.076026682425,1755.1984894758589,583.1466739128872,-741.0374872803749,70,80,70,40,2203.4194298962498,0.1587737687272277,0.3987988898313444
tp_5_0x_sell_50pct,single_take_profit,5x触发后卖出50%当前已买入且未卖出的份额，剩余持有结算,validation,haircut_0_9,0.9,entry_lead_bin,24-48h,144,82,23,6,3483.3991933362913,1763.872273916059,0.506365241540599,0.3263888888888889,-4.2800679946801194,-1.0,-340.113900006208,0.26281113865274386,1.1591469309590616,1.736750090802862,1300.306993170175,-280.71485899752224,604.2997700250019,169.55373125235022,28,30,28,13,888.9619812524248,0.1385309283912686,0.3245454059759827
tp_5_0x_sell_50pct,single_take_profit,5x触发后卖出50%当前已买入且未卖出的份额，剩余持有结算,validation,haircut_0_9,0.9,entry_lead_bin,48-72h,21,13,6,6,671.2881499584394,483.6919581619609,0.7205429712887187,0.3333333333333333,-6.379142751010175,-1.0,-103.11460799797787,1.3512533369442024,1.9345146899419587,1.952481690640139,-169.89841435746428,-452.01724030914374,421.3991820536671,43.89120312040021,4,7,4,3,88.99618572124979,0.49791130145506113,0.7692334818828843
tp_5_0x_sell_50pct,single_take_profit,5x触发后卖出50%当前已买入且未卖出的份额，剩余持有结算,validation,sampled_1_0,1.0,entry_lead_bin,0-6h,20,15,8,5,198.75227100923254,-22.037288509232514,-0.1108781720949937,0.2,-4.365380005602285,-1.0,-62.99319799999896,nan,nan,nan,-147.17180601269254,-174.81114101630055,141.44081601085094,-0.33501749999998953,3,3,3,1,45.54611249999999,0.407662222692769,0.4555085238795303
tp_5_0x_sell_50pct,single_take_profit,5x触发后卖出50%当前已买入且未卖出的份额，剩余持有结算,validation,sampled_1_0,1.0,entry_lead_bin,6-12h,286,177,32,6,3614.2570460061756,362.30179724857436,0.10024239909801792,0.1958041958041958,-5.801988999831574,-1.0,-88.055799999736,1.150067086257277,3.2063377384102356,4.845042761427855,-54.36957505886829,-799.3601279633833,497.7070425483814,266.68844925475,31,35,31,10,559.3898707884999,0.28954495899234,0.4117132884533224
tp_5_0x_sell_50pct,single_take_profit,5x触发后卖出50%当前已买入且未卖出的份额，剩余持有结算,validation,sampled_1_0,1.0,entry_lead_bin,12-24h,527,282,36,6,8404.734643040209,4002.295742126792,0.47619537226449055,0.269449715370019,-4.670800016005,-1.0,-165.367399998335,0.14038865746048404,0.5488997364378082,0.8423209596946605,3440.4188161298,1805.436664127234,576.355836426862,-499.6538708329999,75,90,75,48,2080.8660652212498,0.1500688832451978,0.4294780011718061
tp_5_0x_sell_50pct,single_take_profit,5x触发后卖出50%当前已买入且未卖出的份额，剩余持有结算,validation,sampled_1_0,1.0,entry_lead_bin,24-48h,144,82,23,6,3483.3991933362913,2037.0684778742088,0.5847932909243078,0.3541666666666667,-3.9140599992164997,-1.0,-340.113900006208,0.22057667757893243,1.026140365583277,1.5633804512770617,1587.7386810239427,-53.249714729801326,584.7653924570018,442.74993521050027,32,35,32,15,785.9149788832498,0.16696356978006194,0.2834673724552281
tp_5_0x_sell_50pct,single_take_profit,5x触发后卖出50%当前已买入且未卖出的份额，剩余持有结算,validation,sampled_1_0,1.0,entry_lead_bin,48-72h,21,13,6,6,671.2881499584394,532.8321355975608,0.7937457791122178,0.3333333333333333,-6.287944501010175,-1.0,-103.11460799797787,1.3004518284962787,1.8457490674525614,1.8620825183061587,-160.0903894218643,-450.6422817903938,419.95178228491716,93.0313805560001,4,7,4,3,53.04602371249989,0.521396197712011,0.7673299318250457
tp_5_0x_sell_75pct,single_take_profit,5x触发后卖出75%当前已买入且未卖出的份额，剩余持有结算,train,haircut_0_8,0.8,entry_lead_bin,0-6h,19,16,10,5,109.53368637221331,-46.4536310122133,-0.42410360274332676,0.3684210526315789,-1.092,-1.0,-29.190754998012668,nan,nan,nan,-75.74176545394462,-91.39268385394462,70.36083345394462,63.08005536000001,7,7,7,0,0,0.3053198558479222,0.5308647767012677
tp_5_0x_sell_75pct,single_take_profit,5x触发后卖出75%当前已买入且未卖出的份额，剩余持有结算,train,haircut_0_8,0.8,entry_lead_bin,6-12h,662,453,43,6,8427.230616539093,2563.512118056907,0.3041938965127899,0.26435045317220546,-3.2994451448884474,-1.0,-146.89645500141265,0.10327979264726325,0.41358273522343325,0.6931184762827755,2298.7531180552432,1503.2877644925147,363.5156296882474,-481.2573704039997,51,57,51,47,1645.7080583324998,0.13671868521584213,0.3976099195914713
tp_5_0x_sell_75pct,single_take_profit,5x触发后卖出75%当前已买入且未卖出的份额，剩余持有结算,train,haircut_0_8,0.8,entry_lead_bin,12-24h,852,535,46,6,12427.48385300822,5583.79149532948,0.44930989743172006,0.2746478873239437,-3.435445000803451,-1.0,-190.816699992179,0.067220863517051,0.2860679633901955,0.47509548172434307,5208.444209314267,3986.4476342650814,400.1035940025322,-645.7889656622998,92,101,92,57,3861.0910315548,0.14036669333281995,0.5033058179257293
tp_5_0x_sell_75pct,single_take_profit,5x触发后卖出75%当前已买入且未卖出的份额，剩余持有结算,train,haircut_0_8,0.8,entry_lead_bin,24-48h,401,275,39,6,7137.275051321499,2119.597893905501,0.29697578959256277,0.27680798004987534,-5.17848,-1.0,-146.52238799564745,0.14285338808381523,0.5313438631857499,0.856820091129154,1816.8061533857813,993.362560557373,759.3796351761005,-164.62083477299987,33,40,33,26,1010.8584761205,0.11150297412345378,0.43400922981189427
tp_5_0x_sell_75pct,single_take_profit,5x触发后卖出75%当前已买入且未卖出的份额，剩余持有结算,train,haircut_0_8,0.8,entry_lead_bin,48-72h,54,42,21,6,1202.8701166934209,-725.5073307734209,-0.6031468574244522,0.14814814814814814,-6.669849999049999,-1.0,-167.34550738032044,nan,nan,nan,-842.8306980333209,-1000.536298032137,769.9799257720169,19.19726592,1,1,1,0,0,0.4716047958511388,0.4836846277619923
tp_5_0x_sell_75pct,single_take_profit,5x触发后卖出75%当前已买入且未卖出的份额，剩余持有结算,train,haircut_0_8,0.8,entry_lead_bin,72h+,35,31,17,4,587.28084166994,448.52329833006013,0.7637288099756139,0.3142857142857143,-3.0,-1.0,-30.329778200069565,0.5359897710916461,1.2200449837100518,1.4104601980768015,208.1193983288611,-98.6953018746168,36.04985199999987,-232.39133999999996,1,1,1,4,233.18333999999996,0.4001080164907292,0.5698435396642122
tp_5_0x_sell_75pct,single_take_profit,5x触发后卖出75%当前已买入且未卖出的份额，剩余持有结算,train,haircut_0_9,0.9,entry_lead_bin,0-6h,19,16,10,5,109.53368637221331,-36.63884412821331,-0.3344984117827327,0.42105263157894735,-1.092,-1.0,-29.190754998012668,nan,nan,nan,-69.19182234994463,-87.24458904994462,68.54252119707367,72.894842244,8,8,8,0,0,0.28623072009555334,0.5028019195221239
tp_5_0x_sell_75pct,single_take_profit,5x触发后卖出75%当前已买入且未卖出的份额，剩余持有结算,train,haircut_0_9,0.9,entry_lead_bin,6-12h,662,453,43,6,8427.230616539093,2941.331674551757,0.34902707762371726,0.27341389728096677,-3.2,-1.0,-146.89645500141265,0.09001331005691898,0.37318951942399886,0.6286087880761204,2676.572674550093,1843.657520459201,345.3445796577057,-103.43781390914995,57,63,57,51,1496.7502628473126,0.14374795393444414,0.347265710830802
tp_5_0x_sell_75pct,single_take_profit,5x触发后卖出75%当前已买入且未卖出的份额，剩余持有结算,train,haircut_0_9,0.9,entry_lead_bin,12-24h,852,535,46,6,12427.48385300822,6189.884182844267,0.498080243439297,0.29577464788732394,-3.163785,-1.0,-190.816699992179,0.06442605810307231,0.2699925245915898,0.43467799541307556,5791.0943448290545,4518.661725388594,391.9350485025325,-39.69627814751235,110,118,110,68,3881.5056687802125,0.14772796016344433,0.4738480272401193
tp_5_0x_sell_75pct,single_take_profit,5x触发后卖出75%当前已买入且未卖出的份额，剩余持有结算,train,haircut_0_9,0.9,entry_lead_bin,24-48h,401,275,39,6,7137.275051321499,2335.5162089728015,0.32722799558360444,0.30174563591022446,-4.71209,-1.0,-146.52238799564745,0.11376688114922455,0.48662365126112206,0.7679854402121224,2069.8118140045053,1198.998783782923,683.2672313634762,51.29748029430012,43,49,43,33,1077.2213861755124,0.11816144747276285,0.41287919773028725
tp_5_0x_sell_75pct,single_take_profit,5x触发后卖出75%当前已买入且未卖出的份额，剩余持有结算,train,haircut_0_9,0.9,entry_lead_bin,48-72h,54,42,21,6,1202.8701166934209,-678.876041750921,-0.5643801706680425,0.18518518518518517,-6.1770249990499995,-1.0,-167.34550738032044,nan,nan,nan,-796.199409010821,-951.7245077596369,750.3107354995169,65.8285549425,3,3,3,1,2.9068875,0.4747513408808682,0.5132873849221434
tp_5_0x_sell_75pct,single_take_profit,5x触发后卖出75%当前已买入且未卖出的份额，剩余持有结算,train,haircut_0_9,0.9,entry_lead_bin,72h+,35,31,17,4,587.28084166994,444.2809814550601,0.7565051504008575,0.3142857142857143,-3.0,-1.0,-30.329778200069565,0.5411077899707853,1.218949545017732,1.4143795695950558,203.87708145386108,-97.27511874961681,36.04985199999987,-236.63365687499999,1,1,1,5,237.52465687499998,0.3999346197606586,0.5753107425875299
tp_5_0x_sell_75pct,single_take_profit,5x触发后卖出75%当前已买入且未卖出的份额，剩余持有结算,train,sampled_1_0,1.0,entry_lead_bin,0-6h,19,16,10,5,109.53368637221331,-31.326387812213305,-0.2859977496398792,0.42105263157894735,-1.092,-1.0,-29.190754998012668,nan,nan,nan,-64.06824129394462,-83.84785629394463,65.25916744707366,78.20729856,8,8,8,0,0,0.2861025826657324,0.4795668740280369
tp_5_0x_sell_75pct,single_take_profit,5x触发后卖出75%当前已买入且未卖出的份额，剩余持有结算,train,sampled_1_0,1.0,entry_lead_bin,6-12h,662,453,43,6,8427.230616539093,3253.820088894907,0.3861078730311513,0.2809667673716012,-3.094053727623712,-1.0,-146.89645500141265,0.08091806025178422,0.35397605114638314,0.5835821505051232,2990.527278893243,2102.0457026871145,332.01864105833056,209.050600434,62,72,62,56,1307.800660051875,0.16073371339845466,0.3323838780973106
tp_5_0x_sell_75pct,single_take_profit,5x触发后卖出75%当前已买入且未卖出的份额，剩余持有结算,train,sampled_1_0,1.0,entry_lead_bin,12-24h,852,535,46,6,12427.48385300822,6645.915364708029,0.534775618565725,0.3086854460093897,-3.0854240000499997,-1.0,-190.816699992179,0.06353261617766069,0.23335610007860622,0.37887921701028887,6223.682974692816,5095.050473747276,383.76650300253186,416.33490371625004,121,131,121,73,3784.161974378625,0.13950395441782631,0.44582041685612583
tp_5_0x_sell_75pct,single_take_profit,5x触发后卖出75%当前已买入且未卖出的份额，剩余持有结算,train,sampled_1_0,1.0,entry_lead_bin,24-48h,401,275,39,6,7137.275051321499,2526.1431117201264,0.35393663457770197,0.3192019950124688,-4.4158000005,-1.0,-146.52238799564745,0.11501979160312553,0.453954299620131,0.7191710836608198,2235.586657450406,1379.389584698998,620.212442330776,241.92438304162516,50,56,50,36,1044.801022619625,0.12799164913149658,0.4049316165043753
tp_5_0x_sell_75pct,single_take_profit,5x触发后卖出75%当前已买入且未卖出的份额，剩余持有结算,train,sampled_1_0,1.0,entry_lead_bin,48-72h,54,42,21,6,1202.8701166934209,-578.7487121084209,-0.48113982056462407,0.2037037037037037,-5.711625,-1.0,-167.34550738032044,nan,nan,nan,-696.0720793683209,-907.3305799521512,649.2727071070168,165.955884585,4,4,4,2,1.8954374999999963,0.3897856401450119,0.6052513690371073
tp_5_0x_sell_75pct,single_take_profit,5x触发后卖出75%当前已买入且未卖出的份额，剩余持有结算,train,sampled_1_0,1.0,entry_lead_bin,72h+,35,31,17,4,587.28084166994,582.49505649006,0.9918509427852755,0.4,-1.2837,-1.0,-30.329778200069565,0.41271406052748427,0.9356243679365491,1.214172318905881,342.09115648886103,37.49848743538314,19.650000000000006,-98.41958183999999,4,4,4,6,230.35128427499998,0.3291240542674814,0.4431561983064357
tp_5_0x_sell_75pct,single_take_profit,5x触发后卖出75%当前已买入且未卖出的份额，剩余持有结算,validation,haircut_0_8,0.8,entry_lead_bin,0-6h,20,15,8,5,198.75227100923254,-77.80915600923254,-0.3914881355273576,0.1,-5.064910499911285,-1.0,-62.99319799999896,nan,nan,nan,-167.27695101269254,-185.94900101630054,142.74596101085098,-56.10688500000001,1,1,1,1,81.21283500000001,0.30786396428840246,0.4424676447105211
tp_5_0x_sell_75pct,single_take_profit,5x触发后卖出75%当前已买入且未卖出的份额，剩余持有结算,validation,haircut_0_8,0.8,entry_lead_bin,6-12h,286,177,32,6,3614.2570460061756,-3.0254278582755307,-0.000837081541175575,0.15734265734265734,-5.890835497816436,-1.0,-88.055799999736,nan,nan,nan,-227.1713745280182,-877.0724875320412,512.3825186117065,-98.63877585209991,20,22,20,7,863.7539640461999,0.22198463654402767,0.42729041661118855
tp_5_0x_sell_75pct,single_take_profit,5x触发后卖出75%当前已买入且未卖出的份额，剩余持有结算,validation,haircut_0_8,0.8,entry_lead_bin,12-24h,527,282,36,6,8404.734643040209,2795.852902022992,0.3326521324903674,0.2409867172675522,-5.3100000000000005,-1.0,-165.367399998335,0.18583266795654876,0.585168491096231,0.945786406123274,2276.292098026,1159.807878019179,740.69725855079,-1706.0967109367998,60,67,60,37,3414.4978903788,0.1542173053253614,0.42880709244569204
tp_5_0x_sell_75pct,single_take_profit,5x触发后卖出75%当前已买入且未卖出的份额，剩余持有结算,validation,haircut_0_8,0.8,entry_lead_bin,24-48h,144,82,23,6,3483.3991933362913,1633.766018721409,0.4690148696844127,0.2986111111111111,-4.679285005955,-1.0,-340.113900006208,0.2822090034426404,1.0769431294381644,1.687660612533075,1172.70253871959,-125.707070250156,565.3018880250019,39.44747605770018,24,25,24,12,1370.9273489199,0.14407616455562738,0.3375911210054103
tp_5_0x_sell_75pct,single_take_profit,5x触发后卖出75%当前已买入且未卖出的份额，剩余持有结算,validation,haircut_0_8,0.8,entry_lead_bin,48-72h,21,13,6,6,671.2881499584394,416.7528967422608,0.6208256421151822,0.3333333333333333,-6.013712001010175,-1.0,-103.11460799797787,1.3573014955412652,2.0998569472124626,2.109693339556179,-148.90643327716424,-458.36856875289374,434.79160674741695,-23.04785829929986,4,6,4,3,200.70903942149988,0.44121398464022527,0.69067485298469
tp_5_0x_sell_75pct,single_take_profit,5x触发后卖出75%当前已买入且未卖出的份额，剩余持有结算,validation,haircut_0_9,0.9,entry_lead_bin,0-6h,20,15,8,5,198.75227100923254,-60.813294634232534,-0.30597534471144533,0.15,-5.064910499911285,-1.0,-62.99319799999896,nan,nan,nan,-156.72792276269251,-184.04844101630053,137.77161100717296,-39.111023625000016,2,2,2,1,74.76600187500001,0.285828386629262,0.45200099115274706
tp_5_0x_sell_75pct,single_take_profit,5x触发后卖出75%当前已买入且未卖出的份额，剩余持有结算,validation,haircut_0_9,0.9,entry_lead_bin,6-12h,286,177,32,6,3614.2570460061756,333.8073204377369,0.09235848922438997,0.18181818181818182,-5.8281589995845735,-1.0,-88.055799999736,0.6838522475094923,2.719881190756687,4.681658467953183,105.53243412126926,-574.1089317577539,473.61498832670657,238.1939724439125,27,29,27,8,819.119682614475,0.2420882903866909,0.47792183291017787
tp_5_0x_sell_75pct,single_take_profit,5x触发后卖出75%当前已买入且未卖出的份额，剩余持有结算,validation,haircut_0_9,0.9,entry_lead_bin,12-24h,527,282,36,6,8404.734643040209,3390.3933820392294,0.40339088930627287,0.2618595825426945,-4.964650000712,-1.0,-165.367399998335,0.15444662653926014,0.47773965488350567,0.7841965314057262,2866.7585615422377,1770.6680177844864,653.6925908702524,-1111.5562309205623,71,80,71,40,3305.129144844375,0.15942476547079246,0.38512549549346364
tp_5_0x_sell_75pct,single_take_profit,5x触发后卖出75%当前已买入且未卖出的份额，剩余持有结算,validation,haircut_0_9,0.9,entry_lead_bin,24-48h,144,82,23,6,3483.3991933362913,1848.6491395422338,0.5307026375497479,0.3263888888888889,-4.2800679946801194,-1.0,-340.113900006208,0.22250662961316447,0.9598159164837243,1.5092678454486639,1437.3124501654147,74.2862714156563,562.9331510250018,254.33059687852517,28,30,28,13,1333.4429718786373,0.163017453851092,0.2885667627354647
tp_5_0x_sell_75pct,single_take_profit,5x触发后卖出75%当前已买入且未卖出的份额，剩余持有结算,validation,haircut_0_9,0.9,entry_lead_bin,48-72h,21,13,6,6,671.2881499584394,505.6375597221608,0.7532347468869601,0.38095238095238093,-5.968750626010175,-1.0,-103.11460799797787,1.2353859929089597,1.8787540718274984,1.9046233241728436,-119.0199990472642,-444.33106447476877,414.17558309429205,65.83680468060008,5,7,5,3,133.49427858187494,0.48075705508175615,0.7163687755937325
tp_5_0x_sell_75pct,single_take_profit,5x触发后卖出75%当前已买入且未卖出的份额，剩余持有结算,validation,sampled_1_0,1.0,entry_lead_bin,0-6h,20,15,8,5,198.75227100923254,-22.204797259232535,-0.11172097378550742,0.2,-4.365380005602285,-1.0,-62.99319799999896,nan,nan,nan,-124.56625851269253,-174.81114101630055,137.77161100717296,-0.5025262500000114,3,3,3,1,68.31916875000002,0.3694097474844939,0.4497808123694009
tp_5_0x_sell_75pct,single_take_profit,5x触发后卖出75%当前已买入且未卖出的份额，剩余持有结算,validation,sampled_1_0,1.0,entry_lead_bin,6-12h,286,177,32,6,3614.2570460061756,495.64602187594943,0.13713635072625727,0.1993006993006993,-5.801988999831574,-1.0,-88.055799999736,0.4688907319049538,1.9166442589858383,3.218807464223967,263.24219591275676,-454.3310804417583,450.44976531478846,400.032673882125,32,35,32,10,839.08480618275,0.2497016035760643,0.4591354374876594
tp_5_0x_sell_75pct,single_take_profit,5x触发后卖出75%当前已买入且未卖出的份额，剩余持有结算,validation,sampled_1_0,1.0,entry_lead_bin,12-24h,527,282,36,6,8404.734643040209,3752.468806710292,0.44647082461046356,0.2732447817836812,-4.670800016005,-1.0,-165.367399998335,0.14155908772568318,0.4970170793747208,0.7800762931090373,3221.2727457133,1887.427719954399,645.1484596412149,-749.4808062494998,77,90,77,48,3121.299097831875,0.15398537337638057,0.4448127059307319
tp_5_0x_sell_75pct,single_take_profit,5x触发后卖出75%当前已买入且未卖出的份额，剩余持有结算,validation,sampled_1_0,1.0,entry_lead_bin,24-48h,144,82,23,6,3483.3991933362913,2258.4434454794587,0.6483447116253109,0.3541666666666667,-3.8503050044369997,-1.0,-340.113900006208,0.19508138145567225,0.7844370242949514,1.3120315599502284,1817.8631781958177,486.83678956911467,533.6315846730018,664.1249028157501,32,35,32,15,1178.872468324875,0.1736867886836373,0.2463460701892514
tp_5_0x_sell_75pct,single_take_profit,5x触发后卖出75%当前已买入且未卖出的份额，剩余持有结算,validation,sampled_1_0,1.0,entry_lead_bin,48-72h,21,13,6,6,671.2881499584394,579.3478258755608,0.863038958622209,0.38095238095238093,-5.831953251010175,-1.0,-103.11460799797787,1.1800437612521026,1.7630797414808987,1.7891216468422177,-104.30796164386425,-442.08858919664374,412.00448344116705,139.5470708340001,5,7,5,3,79.56903556874988,0.5174650329084571,0.7175943901002921
