case_id,sample_category,asset,slug,title,city,weather_date,weather_metric,bucket_label,outcome,asset_won_v2,settlement_price_v2,settlement_source_v2,exit_mode_v2,entry_price_bin,weighted_avg_buy_price,buy_count,buy_shares,buy_usd,sell_count,sell_shares,sell_usd,weighted_avg_sell_price,sell_share_ratio,realized_pnl_v2,roi_on_capital_at_risk_v2,hold_to_resolution_pnl_estimate,hold_to_resolution_result,first_buy_utc,weighted_avg_buy_utc,first_entry_lead_bin_local,first_entry_lead_hours_local,local_timezone,local_weather_day_end_utc,first_sell_utc,last_sell_utc,first_sell_hours_before_local_end,last_sell_hours_before_local_end,first_sell_multiple_vs_avg_buy,weighted_sell_multiple_vs_avg_buy,max_sell_fill_multiple_vs_avg_buy,market_history_status,market_history_points,history_fidelity_minutes,history_window_start_utc,history_window_end_utc,observed_max_price_after_first_buy,observed_max_price_utc,observed_max_multiple_vs_avg_buy,observed_max_source,first_1_5x_utc,hours_after_buy_to_1_5x,first_2x_utc,hours_after_buy_to_2x,first_3x_utc,hours_after_buy_to_3x,sold_after_observed_1_5x,sold_after_observed_2x,sold_after_observed_3x,post_sell_max_price,post_sell_max_utc,post_sell_last_price,post_sell_last_utc,post_sell_max_multiple_vs_weighted_sell,post_sell_direction,buy_fills_json,sell_fills_json,data_notes
v3-01,mostly_sold_profit,79529970233779239606136823949444219901298288107855221766007203763877929913951,highest-temperature-in-london-on-june-25-2026-29c,Will the highest temperature in London be 29°C on June 25?,London,2026-06-25,high,29°C,Yes,True,1.0,closed_positions,mostly_or_fully_sold,10-20c,0.17630463599496382,3,559.75,98.686519998181,1,559.747367,531.7599979783032,0.9499999988,0.9999952961143369,433.074298,4.388383519937499,461.063480001819,profit,2026-06-24T19:20:31+00:00,2026-06-24T23:47:30.993056+00:00,24-48h,27.658055555555556,Europe/London,2026-06-25T23:00:00+00:00,2026-06-25T15:13:47+00:00,2026-06-25T15:13:47+00:00,7.770277777777777,7.770277777777777,5.388400557017326,5.388400557017326,5.388400557017326,ok,354,5,2026-06-24T18:20:31+00:00,2026-06-26T05:00:00+00:00,0.9995,2026-06-25T18:25:04+00:00,5.669164593201911,market_history,2026-06-25T06:10:04+00:00,10.825833333333334,2026-06-25T12:55:03+00:00,17.575555555555557,2026-06-25T13:00:05+00:00,17.659444444444443,True,True,True,0.9995,2026-06-25T18:25:04+00:00,0.9995,2026-06-25T23:50:03+00:00,1.0521052644868698,mostly_flat_after_sell,"[{""side"":""BUY"",""timestamp"":1782328831,""utc"":""2026-06-24T19:20:31+00:00"",""price"":0.214,""shares"":70.52,""usd"":15.09128,""transactionHash"":""0x303843284868d97830735e0368e46e511597d1e0dc07584311b9b4445d3304d6""},{""side"":""BUY"",""timestamp"":1782328847,""utc"":""2026-06-24T19:20:47+00:00"",""price"":0.2215179153,""shares"":122.8,""usd"":27.20239999884,""transactionHash"":""0x1ded0ff53dc706fa2f8c7639bff7cdfa7aa91b664f0621a658ec538bc5458103""},{""side"":""BUY"",""timestamp"":1782356858,""utc"":""2026-06-25T03:07:38+00:00"",""price"":0.1538979887,""shares"":366.43,""usd"":56.392839999341,""transactionHash"":""0x308facfc3a03ac01915a3da097418a5f5e949aad4960e24e5345544aef6a35ba""}]","[{""side"":""SELL"",""timestamp"":1782400427,""utc"":""2026-06-25T15:13:47+00:00"",""price"":0.9499999988,""shares"":559.747367,""usd"":531.7599979783032,""transactionHash"":""0x6f299802ebc2179a5bbd825ff06a7b7cde15c1ee75e4feaa01d8c05276b13790""}]",price history sampled; observed max may miss intra-sample ticks
v3-02,mostly_sold_profit,96347049823630898449074113075679281213340143986501622080412087422761576723866,highest-temperature-in-buenos-aires-on-march-16-2026-30corhigher,Will the highest temperature in Buenos Aires be 30°C or higher on March 16?,Buenos Aires,2026-03-16,high,30°C or higher,Yes,True,1.0,closed_positions,mostly_or_fully_sold,>=20c,0.5461851096741817,7,529.74,289.336099998801,15,529.73912,404.76108700081807,0.7640762626721208,0.9999983388077169,115.425819,0.39893334775881173,240.40390000119902,profit,2026-03-13T19:50:03+00:00,2026-03-15T06:14:54.838921+00:00,72h+,79.16583333333334,America/Argentina/Buenos_Aires,2026-03-17T03:00:00+00:00,2026-03-15T10:46:59+00:00,2026-03-16T07:45:33+00:00,40.216944444444444,19.240833333333335,0.6390815826308859,1.3989327961136084,1.7393370547335278,ok,821,5,2026-03-13T18:50:03+00:00,2026-03-17T09:00:00+00:00,0.9995,2026-03-16T14:05:45+00:00,1.8299656696906959,market_history,2026-03-13T22:25:29+00:00,2.5905555555555555,,nan,,nan,True,,,0.9995,2026-03-16T14:05:45+00:00,0.9995,2026-03-16T16:20:31+00:00,1.3081154968805828,continued_up_after_sell,"[{""side"":""BUY"",""timestamp"":1773431403,""utc"":""2026-03-13T19:50:03+00:00"",""price"":0.61,""shares"":5.0,""usd"":3.05,""transactionHash"":""0x706068b7a05767309ca39135d25c69c0b41a025229c92da48c1bd03917bd7cad""},{""side"":""BUY"",""timestamp"":1773522081,""utc"":""2026-03-14T21:01:21+00:00"",""price"":0.71,""shares"":116.48,""usd"":82.7008,""transactionHash"":""0xd27d73aa0f2cee75ebc3dfd4576f5ba777c6fa4ef5366268f38e091d1fe11e89""},{""side"":""BUY"",""timestamp"":1773527391,""utc"":""2026-03-14T22:29:51+00:00"",""price"":0.6365788573,""shares"":87.69,""usd"":55.821599996637,""transactionHash"":""0xb7569e1a69691ee3b65280ee03921cf20223c4f09d05f5165516503d2f4c123f""},{""side"":""BUY"",""timestamp"":1773560197,""utc"":""2026-03-15T07:36:37+00:00"",""price"":0.6227272727,""shares"":22.0,""usd"":13.6999999994,""transactionHash"":""0x23e268d657e31a035ee9836acc1888b8c7e26063eeca28cb809885b885922dee""},{""side"":""BUY"",""timestamp"":1773584089,""utc"":""2026-03-15T14:14:49+00:00"",""price"":0.41,""shares"":47.41,""usd"":19.4381,""transactionHash"":""0x6263d7e9061326cf89783d2afa0ef792b5d28e86cfddd54eb712d69102dc8dd0""},{""side"":""BUY"",""timestamp"":1773584445,""utc"":""2026-03-15T14:20:45+00:00"",""price"":0.4275310929,""shares"":151.16,""usd"":64.625600002764,""transactionHash"":""0x200b9bd83ecc2cd7d595da6313395aa910f2f973ca6a86dd6d20ef06151e5f68""},{""side"":""BUY"",""timestamp"":1773598727,""utc"":""2026-03-15T18:18:47+00:00"",""price"":0.5,""shares"":100.0,""usd"":50.0,""transactionHash"":""0x07b12f93eca90d8bb2bcce224e03272f5183dfff1204b6101c1805365342fe8b""}]","[{""side"":""SELL"",""timestamp"":1773571619,""utc"":""2026-03-15T10:46:59+00:00"",""price"":0.3490568443,""shares"":39.23,""usd"":13.693500001889,""transactionHash"":""0x1ce45d43aeaddd4cf97b0e115b24087d203850c9591ef050122321b04108a33a""},{""side"":""SELL"",""timestamp"":1773571937,""utc"":""2026-03-15T10:52:17+00:00"",""price"":0.3,""shares"":20.0,""usd"":6.0,""transactionHash"":""0x4f1f3cfe10bdb2665d99f2ae0bcf42a23c80c50d239b770c836aa36df86cd246""},{""side"":""SELL"",""timestamp"":1773572707,""utc"":""2026-03-15T11:05:07+00:00"",""price"":0.4,""shares"":8.99,""usd"":3.596,""transactionHash"":""0x26a1b8aeccf6b0e8c7efbdeacd3aca195c0129ef040ebdc6ac2a83137de3f247""},{""side"":""SELL"",""timestamp"":1773573335,""utc"":""2026-03-15T11:15:35+00:00"",""price"":0.22,""shares"":70.0,""usd"":15.4,""transactionHash"":""0xe9e68df5daedde46264c15046ead50b61d82fc6fc8290799dff4b7762413715e""},{""side"":""SELL"",""timestamp"":1773637275,""utc"":""2026-03-16T05:01:15+00:00"",""price"":0.92,""shares"":9.24,""usd"":8.5008,""transactionHash"":""0xbe4f85df71f99d26defb3d9c24a2eab1d717e1c85a0d313937c9ac9bdc9796c8""},{""side"":""SELL"",""timestamp"":1773637513,""utc"":""2026-03-16T05:05:13+00:00"",""price"":0.919999448,""shares"":1.086955,""usd"":0.9999980000008399,""transactionHash"":""0xc2060397d2293c546096bf45502cc4ad6ce137453b6dab629e6af29c17e808d9""},{""side"":""SELL"",""timestamp"":1773637785,""utc"":""2026-03-16T05:09:45+00:00"",""price"":0.919999448,""shares"":1.086955,""usd"":0.9999980000008399,""transactionHash"":""0x3a0df4d0485f3f839e458caf6c6ad8392ec4b4edfd79b8e73196caced976b9a0""},{""side"":""SELL"",""timestamp"":1773637941,""utc"":""2026-03-16T05:12:21+00:00"",""price"":0.919999998,""shares"":120.652172,""usd"":110.99999799869565,""transactionHash"":""0x22880ce43d069f0fc42acd73ee728362699d6d802383d53f76dec771342ed3ee""},{""side"":""SELL"",""timestamp"":1773637987,""utc"":""2026-03-16T05:13:07+00:00"",""price"":0.9199999793,""shares"":17.380433,""usd"":15.989998000225036,""transactionHash"":""0xf587a56e3cea71d701676d5b71dc2be20caac2e27422449d293c58e51115f6b6""},{""side"":""SELL"",""timestamp"":1773638131,""utc"":""2026-03-16T05:15:31+00:00"",""price"":0.92,""shares"":20.0,""usd"":18.400000000000002,""transactionHash"":""0x636a41f6501c2a019aeb1755eda1695fb576d8ae90470a4b58ead8c30387d24b""},{""side"":""SELL"",""timestamp"":1773638335,""utc"":""2026-03-16T05:18:55+00:00"",""price"":0.9199999816,""shares"":2.173912,""usd"":1.9999990000000192,""transactionHash"":""0x670cc1088f20103ff5def75c0c0450e34ad9292c79ee67e7a0a88fa3623b9c41""},{""side"":""SELL"",""timestamp"":1773638447,""utc"":""2026-03-16T05:20:47+00:00"",""price"":0.9199993341,""shares"":1.141303,""usd"":1.0499980000063323,""transactionHash"":""0x77c64bb3b608449246470bf5b87e488ac602eca694e31686a3f097ec65363b34""},{""side"":""SELL"",""timestamp"":1773639407,""utc"":""2026-03-16T05:36:47+00:00"",""price"":0.9199997056,""shares"":2.71739,""usd"":2.499998000000384,""transactionHash"":""0xc77c963181784c311e5a135bbdcd593ee1586f1a895248325c3cda448e600c25""},{""side"":""SELL"",""timestamp"":1773640247,""utc"":""2026-03-16T05:50:47+00:00"",""price"":0.92,""shares"":20.24,""usd"":18.6208,""transactionHash"":""0xbaa627f1dc06567c45c2ad3bcf5fabb8112d61e746fe761ea8c876bdb5fdb871""},{""side"":""SELL"",""timestamp"":1773647133,""utc"":""2026-03-16T07:45:33+00:00"",""price"":0.95,""shares"":195.8,""usd"":186.01,""transactionHash"":""0x6ce4deb3057b416979a145c94fb9549adf25a9c7dc951081d10f7d9374f5a7f6""}]",price history sampled; observed max may miss intra-sample ticks
v3-03,mostly_sold_profit,94409224173645358249899830011565024305573566805015161455699717629916828620776,highest-temperature-in-qingdao-on-may-10-2026-23c,Will the highest temperature in Qingdao be 23°C on May 10?,Qingdao,2026-05-10,high,23°C,Yes,True,1.0,closed_positions,mostly_or_fully_sold,2-5c,0.04811357038331972,4,930.2600000000001,44.758129984787004,11,930.256664,545.8066980019233,0.586726996026038,0.9999964139057896,501.049202,11.194596426845878,885.5018700152131,profit,2026-05-09T19:32:16+00:00,2026-05-10T01:51:17.464853+00:00,12-24h,20.462222222222223,Asia/Shanghai,2026-05-10T16:00:00+00:00,2026-05-09T19:32:51+00:00,2026-05-10T09:24:04+00:00,20.4525,6.598888888888889,1.870557293565589,12.19462599328209,20.763372828933495,ok,300,5,2026-05-09T18:32:16+00:00,2026-05-10T22:00:00+00:00,0.9995,2026-05-10T09:50:05+00:00,20.773764907426457,market_history,2026-05-09T19:32:51+00:00,0.009722222222222222,2026-05-09T19:40:22+00:00,0.135,2026-05-10T05:05:08+00:00,9.547777777777778,True,False,False,0.9995,2026-05-10T09:50:05+00:00,0.9995,2026-05-10T19:40:08+00:00,1.7035180020174903,continued_up_after_sell,"[{""side"":""BUY"",""timestamp"":1778355136,""utc"":""2026-05-09T19:32:16+00:00"",""price"":0.0441846562,""shares"":237.36,""usd"":10.487669995632,""transactionHash"":""0x3d1301fe0df8c241d326777ededb3e1d4ad514e94d2af9afe31c122c7249b857""},{""side"":""BUY"",""timestamp"":1778379275,""utc"":""2026-05-10T02:14:35+00:00"",""price"":0.0545459477,""shares"":60.83,""usd"":3.318029998591,""transactionHash"":""0x8b5bba986efa4e4a718737f8537080242d49ae4b8bd02f801d66ba1f143511ec""},{""side"":""BUY"",""timestamp"":1778382460,""utc"":""2026-05-10T03:07:40+00:00"",""price"":0.05,""shares"":100.0,""usd"":5.0,""transactionHash"":""0x4b52ff92f9141f200a72c5c25c759b4392750fafce4f4c53f23005d2676f7e9d""},{""side"":""BUY"",""timestamp"":1778386006,""utc"":""2026-05-10T04:06:46+00:00"",""price"":0.0487763452,""shares"":532.07,""usd"":25.952429990564003,""transactionHash"":""0x7f5a4da304e56d245a8313bff663cf3b30649bda59877a9ff97206cb7712dc19""}]","[{""side"":""SELL"",""timestamp"":1778355171,""utc"":""2026-05-09T19:32:51+00:00"",""price"":0.08999919,""shares"":1.11111,""usd"":0.0999990000009,""transactionHash"":""0xb56b5ab221800bc86a7f868c297cde0bcea818c89f65d4b85be150ea8b90b410""},{""side"":""SELL"",""timestamp"":1778355172,""utc"":""2026-05-09T19:32:52+00:00"",""price"":0.0899999765,""shares"":36.555554,""usd"":3.289999000944481,""transactionHash"":""0x47cdc0cc6899dc57464efc77ad119f943041e91f8ab9571a4e986254e7b8f99a""},{""side"":""SELL"",""timestamp"":1778355234,""utc"":""2026-05-09T19:33:54+00:00"",""price"":0.09,""shares"":77.0,""usd"":6.93,""transactionHash"":""0xefd28079912421108435a523197859d6a45f3cfef7fad9215baaeb9e7acc244c""},{""side"":""SELL"",""timestamp"":1778355272,""utc"":""2026-05-09T19:34:32+00:00"",""price"":0.09,""shares"":4.0,""usd"":0.36,""transactionHash"":""0x2baf4dc9a5e979ad7c43e937ae92e62a480944ef7f11ea637ef2aa1c43584208""},{""side"":""SELL"",""timestamp"":1778379291,""utc"":""2026-05-10T02:14:51+00:00"",""price"":0.0852906732,""shares"":118.69,""usd"":10.123150002108,""transactionHash"":""0xac6c183a7691a016708e394ed9bec7d9388ddbc6227732b477d01976f083ac2e""},{""side"":""SELL"",""timestamp"":1778379303,""utc"":""2026-05-10T02:15:03+00:00"",""price"":0.052499589,""shares"":60.83,""usd"":3.19354999887,""transactionHash"":""0x903a63f2045e4935fc2bb096c91f8b813992f516f813b4b0e50c2c63a32a219e""},{""side"":""SELL"",""timestamp"":1778382754,""utc"":""2026-05-10T03:12:34+00:00"",""price"":0.05,""shares"":100.0,""usd"":5.0,""transactionHash"":""0xc4c5ced627029c5b6bc8000a32f48b80e715eeca1dc56486501f950c23919e80""},{""side"":""SELL"",""timestamp"":1778398707,""utc"":""2026-05-10T07:38:27+00:00"",""price"":0.95,""shares"":286.66,""usd"":272.327,""transactionHash"":""0xc32b6a4e6bd3b5a5e097ee9996f845fdecb44f94e1ae7acc71d61c10c67d0767""},{""side"":""SELL"",""timestamp"":1778398709,""utc"":""2026-05-10T07:38:29+00:00"",""price"":0.95,""shares"":6.49,""usd"":6.1655,""transactionHash"":""0x265201e5c0e1c7d80c172938270e770e1b271d4f451ed6a7ae24a74315200f56""},{""side"":""SELL"",""timestamp"":1778398709,""utc"":""2026-05-10T07:38:29+00:00"",""price"":0.95,""shares"":7.42,""usd"":7.0489999999999995,""transactionHash"":""0x2cb020ba820009551ce8628def9bd68d5e99cf832885503dd17b23ef85c5fa4c""},{""side"":""SELL"",""timestamp"":1778405044,""utc"":""2026-05-10T09:24:04+00:00"",""price"":0.999,""shares"":231.5,""usd"":231.2685,""transactionHash"":""0x52dac5abad017d494ae60e9257c5a2d71d6155ea2728bf33607075d7c4cabcf3""}]",price history sampled; observed max may miss intra-sample ticks
v3-04,mostly_sold_profit,107909117405695749844341130189451295771460276511603706899312284794673853253108,highest-temperature-in-seoul-on-april-12-2026-18c,Will the highest temperature in Seoul be 18°C on April 12?,Seoul,2026-04-12,high,18°C,Yes,False,0.0,closed_positions,mostly_or_fully_sold,5-10c,0.09499813762203388,4,530.72066,50.41747429753664,4,541.65,186.9969,0.34523566878980894,1.0205933946494565,134.858187,2.674830282138688,-50.41747429753664,loss,2026-04-12T04:15:23+00:00,2026-04-12T05:09:24.888885+00:00,6-12h,10.743611111111111,Asia/Seoul,2026-04-12T15:00:00+00:00,2026-04-12T04:53:05+00:00,2026-04-12T06:06:47+00:00,10.115277777777777,8.886944444444444,0.22163592389327538,3.634130914896325,8.947543828510286,ok,74,5,2026-04-12T03:15:23+00:00,2026-04-12T21:00:00+00:00,0.85,2026-04-12T06:06:47+00:00,8.947543828510286,market_history_plus_user_fills,2026-04-12T05:05:42+00:00,0.8386111111111111,2026-04-12T05:44:39+00:00,1.4877777777777779,2026-04-12T06:00:58+00:00,1.7597222222222222,False,False,False,0.688,2026-04-12T06:10:41+00:00,0.0005,2026-04-12T09:25:52+00:00,1.9928415925611598,continued_up_after_sell,"[{""side"":""BUY"",""timestamp"":1775967323,""utc"":""2026-04-12T04:15:23+00:00"",""price"":0.08,""shares"":200.0,""usd"":16.0,""transactionHash"":""0xe17f8e8f39b52de4c9490dba2c0bc4129ec0f551129318f50837cedb62c6075e""},{""side"":""BUY"",""timestamp"":1775969779,""utc"":""2026-04-12T04:56:19+00:00"",""price"":0.048,""shares"":52.48746,""usd"":2.51939808,""transactionHash"":""0x8fa3999a25363bb05dde6b70adc950c71fdaf3feb51689210cdee05354b455d6""},{""side"":""BUY"",""timestamp"":1775970041,""utc"":""2026-04-12T05:00:41+00:00"",""price"":0.034,""shares"":100.0,""usd"":3.4000000000000004,""transactionHash"":""0x0fce25df843fb710fbe5b33c05cf9d50821680c010330f3c745069b49336cba8""},{""side"":""BUY"",""timestamp"":1775972517,""utc"":""2026-04-12T05:41:57+00:00"",""price"":0.1598920752,""shares"":178.2332,""usd"":28.498076217536642,""transactionHash"":""0xd5b4ace9ee70660f439359e5edfe41df6f31191d6a362bfe4be7d377dca09e15""}]","[{""side"":""SELL"",""timestamp"":1775969585,""utc"":""2026-04-12T04:53:05+00:00"",""price"":0.021055,""shares"":200.0,""usd"":4.211,""transactionHash"":""0xc6c5aa4f1746b5915317d790a64edec4cea474434495b0fdad2c751cd17bb7cf""},{""side"":""SELL"",""timestamp"":1775972679,""utc"":""2026-04-12T05:44:39+00:00"",""price"":0.22,""shares"":94.06,""usd"":20.6932,""transactionHash"":""0x1267c837aea2a5217a136c780359eb4f322d3a91f0fcac66f48051e4d7030051""},{""side"":""SELL"",""timestamp"":1775972695,""utc"":""2026-04-12T05:44:55+00:00"",""price"":0.22,""shares"":76.76,""usd"":16.8872,""transactionHash"":""0x8aef12effd65d595950cdc7686d4d8acb876ca1116f4d35b180cdb04217f2ec5""},{""side"":""SELL"",""timestamp"":1775974007,""utc"":""2026-04-12T06:06:47+00:00"",""price"":0.85,""shares"":170.83,""usd"":145.2055,""transactionHash"":""0x6b86d2590bfb21081ee28903913eeb56bb398b2824d5af130994c4a726073b65""}]",price history sampled; observed max may miss intra-sample ticks
v3-05,mostly_sold_profit,58171437161284062821012686378518923449884641850817876253229944509986641637137,highest-temperature-in-tokyo-on-june-3-2026-21c,Will the highest temperature in Tokyo be 21°C on June 3?,Tokyo,2026-06-03,high,21°C,Yes,True,1.0,closed_positions,mostly_or_fully_sold,10-20c,0.15981895580653596,14,262.978905,42.02901399624622,1,262.97,206.407200011074,0.7849077842,0.9999661379683669,164.380443,3.9111182340533017,220.94989100375378,profit,2026-06-01T06:45:48+00:00,2026-06-01T17:46:38.828648+00:00,48-72h,56.236666666666665,Asia/Tokyo,2026-06-03T15:00:00+00:00,2026-06-03T03:57:12+00:00,2026-06-03T03:57:12+00:00,11.046666666666667,11.046666666666667,4.911230837662001,4.911230837662001,4.911230837662001,ok,686,5,2026-06-01T05:45:48+00:00,2026-06-03T21:00:00+00:00,0.9995,2026-06-03T13:00:04+00:00,6.25395151004437,market_history,2026-06-03T00:10:06+00:00,41.405,2026-06-03T01:15:16+00:00,42.49111111111111,2026-06-03T01:55:03+00:00,43.15416666666667,True,True,True,0.9995,2026-06-03T13:00:04+00:00,0.9995,2026-06-03T15:45:03+00:00,1.273397996706987,continued_up_after_sell,"[{""side"":""BUY"",""timestamp"":1780296348,""utc"":""2026-06-01T06:45:48+00:00"",""price"":0.1709384115,""shares"":119.99,""usd"":20.510899995884998,""transactionHash"":""0x390ab08fb365880ca3ac03700917d11eea0cb6d8e57f597b003b093b452e7458""},{""side"":""BUY"",""timestamp"":1780330395,""utc"":""2026-06-01T16:13:15+00:00"",""price"":0.17,""shares"":5.0,""usd"":0.8500000000000001,""transactionHash"":""0x131fef98eca68b8b0ebda214035f7418c4bf64f118d9eb50dca1fe2ce3742fdf""},{""side"":""BUY"",""timestamp"":1780330395,""utc"":""2026-06-01T16:13:15+00:00"",""price"":0.17,""shares"":5.0,""usd"":0.8500000000000001,""transactionHash"":""0xfb1336962508219cf4532415407385c396c429ef66e7005a8ad5b0faca7e4129""},{""side"":""BUY"",""timestamp"":1780354825,""utc"":""2026-06-01T23:00:25+00:00"",""price"":0.17,""shares"":5.55,""usd"":0.9435,""transactionHash"":""0x4b52c4dd831beb5598db02bd7a0473e512b94322acc68d8b0d27c51e868a280d""},{""side"":""BUY"",""timestamp"":1780359369,""utc"":""2026-06-02T00:16:09+00:00"",""price"":0.17,""shares"":9.04,""usd"":1.5368,""transactionHash"":""0xe323fb91c4f7e171cd7567dad229cb797eee216e22afc12bf4392ff35a371c1f""},{""side"":""BUY"",""timestamp"":1780362710,""utc"":""2026-06-02T01:11:50+00:00"",""price"":0.17,""shares"":13.79,""usd"":2.3443,""transactionHash"":""0x2e661c74b80871e4faa3f51d2a5f1522d015f9382acd0ef00eb8c74514ea4fa5""},{""side"":""BUY"",""timestamp"":1780362719,""utc"":""2026-06-02T01:11:59+00:00"",""price"":0.1700000208,""shares"":2.409635,""usd"":0.4096380001204081,""transactionHash"":""0x28528e08aae6993c9cce324f6dfa59ff31cee65bc8a7692d05b74f67bdcf1a41""},{""side"":""BUY"",""timestamp"":1780362763,""utc"":""2026-06-02T01:12:43+00:00"",""price"":0.17,""shares"":28.02,""usd"":4.7634,""transactionHash"":""0x23023af24cb41c74b251b10012b6fa3ee43344dfb76976787f868b6cc123386c""},{""side"":""BUY"",""timestamp"":1780362773,""utc"":""2026-06-02T01:12:53+00:00"",""price"":0.1700000208,""shares"":2.409635,""usd"":0.4096380001204081,""transactionHash"":""0x64e197c1c5a2da3cb154e0ab91f2bbdbcd7b2f5233547d3a4d0a7023f67c6533""},{""side"":""BUY"",""timestamp"":1780364250,""utc"":""2026-06-02T01:37:30+00:00"",""price"":0.17,""shares"":24.83,""usd"":4.2211,""transactionHash"":""0xcf943a49ba9ec7b50a1a4746a2b03fbbdc48c04e99454654f57b8fa6affba7f4""},{""side"":""BUY"",""timestamp"":1780364257,""utc"":""2026-06-02T01:37:37+00:00"",""price"":0.1700000208,""shares"":2.409635,""usd"":0.4096380001204081,""transactionHash"":""0x3232ca5b518646d18abca4128355261b26e1405aaabe565ac3c3de24f8367f8d""},{""side"":""BUY"",""timestamp"":1780364301,""utc"":""2026-06-02T01:38:21+00:00"",""price"":0.17,""shares"":1.53,""usd"":0.2601,""transactionHash"":""0x711760434393226b6c9be4181bcffeadbde0e28185be105ff9330935403c4af6""},{""side"":""BUY"",""timestamp"":1780428521,""utc"":""2026-06-02T19:28:41+00:00"",""price"":0.1,""shares"":21.0,""usd"":2.1,""transactionHash"":""0x4b823753ac3e5b16b847878512f27130a501565ad0dde2c6a070a38b85543089""},{""side"":""BUY"",""timestamp"":1780428816,""utc"":""2026-06-02T19:33:36+00:00"",""price"":0.11,""shares"":22.0,""usd"":2.42,""transactionHash"":""0x84e6b39150ff3df9f1383677156b889deab418ac0dfe5980ffed601a04bda499""}]","[{""side"":""SELL"",""timestamp"":1780459032,""utc"":""2026-06-03T03:57:12+00:00"",""price"":0.7849077842,""shares"":262.97,""usd"":206.407200011074,""transactionHash"":""0x0eb54bcb6c782e12da11a3dfe623a9039b7de1c305a659dd6695aa7bee9109e8""}]",price history sampled; observed max may miss intra-sample ticks
v3-06,mostly_sold_profit,18759015204797689806424865263975358352874068218247776603309874732213675257358,highest-temperature-in-beijing-on-april-27-2026-25c,Will the highest temperature in Beijing be 25°C on April 27?,Beijing,2026-04-27,high,25°C,Yes,True,1.0,closed_positions,mostly_or_fully_sold,1-2c,0.017702024105496705,17,180.05188,3.1872827200000002,8,181.37031100000002,175.87340400169018,0.9696923550056115,1.0073225061576696,172.593996,54.15082726015594,176.86459728,profit,2026-04-27T05:46:58+00:00,2026-04-27T05:51:04.488988+00:00,6-12h,10.217222222222222,Asia/Shanghai,2026-04-27T16:00:00+00:00,2026-04-27T07:09:00+00:00,2026-04-27T18:23:40+00:00,8.85,-2.3944444444444444,53.666179321550736,54.77861453733472,56.43422436024125,ok,176,5,2026-04-27T04:46:58+00:00,2026-04-28T00:23:40+00:00,0.9995,2026-04-27T09:40:05+00:00,56.46246971777891,market_history,2026-04-27T05:49:30+00:00,0.042222222222222223,2026-04-27T05:49:30+00:00,0.042222222222222223,2026-04-27T06:00:11+00:00,0.22027777777777777,True,True,True,0.9995,2026-04-27T18:25:06+00:00,0.9995,2026-04-27T19:25:04+00:00,1.0307392801856379,mostly_flat_after_sell,"[{""side"":""BUY"",""timestamp"":1777268818,""utc"":""2026-04-27T05:46:58+00:00"",""price"":0.007,""shares"":2.23,""usd"":0.01561,""transactionHash"":""0xa14465b053155a3dca260fe15b75a1052f0f7f6f3c374f5175963df08ef781a6""},{""side"":""BUY"",""timestamp"":1777268820,""utc"":""2026-04-27T05:47:00+00:00"",""price"":0.007,""shares"":5.0,""usd"":0.035,""transactionHash"":""0x37c64b03142befe556be15a545a9a4704d4ee9b97d4d7e6ad7fbcdb7dae42f0d""},{""side"":""BUY"",""timestamp"":1777268820,""utc"":""2026-04-27T05:47:00+00:00"",""price"":0.007,""shares"":5.0,""usd"":0.035,""transactionHash"":""0x6dc73ef49eb835bf75bcc7cc6f2711e31ed8d794dcfd2bfa064bf7f4ca81a7ae""},{""side"":""BUY"",""timestamp"":1777268820,""utc"":""2026-04-27T05:47:00+00:00"",""price"":0.007,""shares"":2.77,""usd"":0.01939,""transactionHash"":""0x822b58e18e6a817d59cf25574348d30aeb45357ffa3568e5c19a515b5a201065""},{""side"":""BUY"",""timestamp"":1777268820,""utc"":""2026-04-27T05:47:00+00:00"",""price"":0.007,""shares"":5.0,""usd"":0.035,""transactionHash"":""0x8e01eed798e0ec110e2ebc83f4ee6b9b957956785eb02e5523d965bcfd4e1ba1""},{""side"":""BUY"",""timestamp"":1777268820,""utc"":""2026-04-27T05:47:00+00:00"",""price"":0.007,""shares"":2.23,""usd"":0.01561,""transactionHash"":""0xb1ee1c03ee247d29972666a68e8bf40e979f2de9571aa513d05274096b829702""},{""side"":""BUY"",""timestamp"":1777268820,""utc"":""2026-04-27T05:47:00+00:00"",""price"":0.007,""shares"":5.0,""usd"":0.035,""transactionHash"":""0xb9bad9f10ad14b10abbf419be4fd1a7b724df694cfd7291fadf988cc8efac296""},{""side"":""BUY"",""timestamp"":1777268820,""utc"":""2026-04-27T05:47:00+00:00"",""price"":0.007,""shares"":5.0,""usd"":0.035,""transactionHash"":""0xc4ceb6d9cbe19d0c14dadb5179210f56e2a2105f3d55e29e0f4cf83ede361bcd""},{""side"":""BUY"",""timestamp"":1777268822,""utc"":""2026-04-27T05:47:02+00:00"",""price"":0.007,""shares"":5.0,""usd"":0.035,""transactionHash"":""0xe07c86cf7e2eee13fe683928b4231073c15bbe0b064e1213ad656a594d768fd6""},{""side"":""BUY"",""timestamp"":1777268826,""utc"":""2026-04-27T05:47:06+00:00"",""price"":0.007,""shares"":5.0,""usd"":0.035,""transactionHash"":""0x009f85de42679998f16703fd7f00c6300b762ea11b2d376ec79dd0883358c380""},{""side"":""BUY"",""timestamp"":1777268826,""utc"":""2026-04-27T05:47:06+00:00"",""price"":0.007,""shares"":2.77,""usd"":0.01939,""transactionHash"":""0xd4dbfd39b8c46f9956471ae80508f1e6fd9a2b91ed042ecea53d99624945a6aa""},{""side"":""BUY"",""timestamp"":1777268880,""utc"":""2026-04-27T05:48:00+00:00"",""price"":0.007,""shares"":10.0,""usd"":0.07,""transactionHash"":""0xc87ac6fdfab6b2e24b8ed2ca90792dc43dd7f755a65662812fd81362257246f9""},{""side"":""BUY"",""timestamp"":1777268970,""utc"":""2026-04-27T05:49:30+00:00"",""price"":0.044,""shares"":25.05188,""usd"":1.10228272,""transactionHash"":""0x9f4582644fe3484005080ecf5fa7fc0c73ae3d888a6b284301ce5cfcda633ca0""},{""side"":""BUY"",""timestamp"":1777269132,""utc"":""2026-04-27T05:52:12+00:00"",""price"":0.017,""shares"":12.6,""usd"":0.2142,""transactionHash"":""0x4c1a0cfd2087d30ea7576e946a4b95ac6744c7f07ef38039fca3c02c89f574d0""},{""side"":""BUY"",""timestamp"":1777269132,""utc"":""2026-04-27T05:52:12+00:00"",""price"":0.017,""shares"":5.0,""usd"":0.085,""transactionHash"":""0x4fadb7172c8e70437a3efa76c6d9998bcadae1e6682184fa860d70f8fd6dc6c6""},{""side"":""BUY"",""timestamp"":1777269132,""utc"":""2026-04-27T05:52:12+00:00"",""price"":0.017,""shares"":5.0,""usd"":0.085,""transactionHash"":""0x61d662107fbaf7191d456ac93dac7fbb4082756889b330f629f3ce1733b4139a""},{""side"":""BUY"",""timestamp"":1777269192,""utc"":""2026-04-27T05:53:12+00:00"",""price"":0.017,""shares"":77.4,""usd"":1.3158,""transactionHash"":""0x1a9749c5726983775a2a6f4252b60bfc93097da689b09ebbe49734968d74f269""}]","[{""side"":""SELL"",""timestamp"":1777273740,""utc"":""2026-04-27T07:09:00+00:00"",""price"":0.95,""shares"":47.45,""usd"":45.0775,""transactionHash"":""0x23cd2fc8852388799f16f433343246176c0ec7f587c7334ae3f9bea68434f982""},{""side"":""SELL"",""timestamp"":1777273772,""utc"":""2026-04-27T07:09:32+00:00"",""price"":0.95,""shares"":10.0,""usd"":9.5,""transactionHash"":""0x4bedacd67fa2b5e19ab15c7ccfe499a0294909116d5a5909e871aadec351a016""},{""side"":""SELL"",""timestamp"":1777273774,""utc"":""2026-04-27T07:09:34+00:00"",""price"":0.9499998631,""shares"":4.747367,""usd"":4.509998000085457,""transactionHash"":""0xf04c9e411cd8780e098f4be22c374685b267fe827c1125f18bfcb8be59bb08e2""},{""side"":""SELL"",""timestamp"":1777273788,""utc"":""2026-04-27T07:09:48+00:00"",""price"":0.95,""shares"":1.03,""usd"":0.9784999999999999,""transactionHash"":""0x1f913d69878899893d4628720c0d00f7f56af0f5e25dd040ec4dc999c68b5ffb""},{""side"":""SELL"",""timestamp"":1777273790,""utc"":""2026-04-27T07:09:50+00:00"",""price"":0.95,""shares"":1.02,""usd"":0.969,""transactionHash"":""0x680ae4b26587c2c2c31d4abee4e19356e841c9fb136b0fae59f918d780fd8a61""},{""side"":""SELL"",""timestamp"":1777273800,""utc"":""2026-04-27T07:10:00+00:00"",""price"":0.949999984,""shares"":37.415788,""usd"":35.54499800134739,""transactionHash"":""0x68c2c3b3c0b160b0b878d290840e30086d52f78bec6243547c69eb10f2474534""},{""side"":""SELL"",""timestamp"":1777274562,""utc"":""2026-04-27T07:22:42+00:00"",""price"":0.9499999707,""shares"":6.817156,""usd"":6.476298000257329,""transactionHash"":""0x0f2fdaacc82b2ec49b98f32d4511e6f9872e95be3f24c69db979fb2910f1a38c""},{""side"":""SELL"",""timestamp"":1777314220,""utc"":""2026-04-27T18:23:40+00:00"",""price"":0.999,""shares"":72.89,""usd"":72.81711,""transactionHash"":""0x2b8b38e26793342d8b69156ae95fd985292bf3f1940bd1c5a8dc3a448c219397""}]",price history sampled; observed max may miss intra-sample ticks
v3-07,mostly_sold_profit,115673655805397968898666611694875776042661905131320591955065891233715925122584,highest-temperature-in-busan-on-april-9-2026-17c,Will the highest temperature in Busan be 17°C on April 9?,Busan,2026-04-09,high,17°C,Yes,False,0.0,closed_positions,mostly_or_fully_sold,10-20c,0.1449517031,1,71.95248,10.429634518268687,1,75.31,64.0135,0.8499999999999999,1.0466630198153004,53.09724,5.090997187580655,-10.429634518268687,loss,2026-04-09T11:15:27+00:00,2026-04-09T11:15:27+00:00,0-6h,3.7425,Asia/Seoul,2026-04-09T15:00:00+00:00,2026-04-09T13:21:13+00:00,2026-04-09T13:21:13+00:00,1.646388888888889,1.646388888888889,5.864022166152803,5.864022166152802,5.864022166152803,ok,76,5,2026-04-09T10:15:27+00:00,2026-04-09T21:00:00+00:00,0.965,2026-04-09T13:50:44+00:00,6.6573898709852415,market_history,2026-04-09T11:30:45+00:00,0.255,2026-04-09T11:40:42+00:00,0.42083333333333334,2026-04-09T11:45:57+00:00,0.5083333333333333,True,True,True,0.965,2026-04-09T13:50:44+00:00,0.0005,2026-04-09T16:50:59+00:00,1.135294117647059,continued_up_after_sell,"[{""side"":""BUY"",""timestamp"":1775733327,""utc"":""2026-04-09T11:15:27+00:00"",""price"":0.1449517031,""shares"":71.95248,""usd"":10.429634518268687,""transactionHash"":""0xf09f6c7d84f7bc780d343619d93cb45a35d80eabde5cc4cf7f271db494bba7ea""}]","[{""side"":""SELL"",""timestamp"":1775740873,""utc"":""2026-04-09T13:21:13+00:00"",""price"":0.85,""shares"":75.31,""usd"":64.0135,""transactionHash"":""0xf174f211a157d4bd068ffafe23fffb2fa5b43122c2b9d822ed2c896c5ece1f3d""}]",price history sampled; observed max may miss intra-sample ticks
v3-08,mostly_sold_profit,46064337974403056644423124813261182945659716677642619289555498966594938728802,highest-temperature-in-taipei-on-march-18-2026-28c,Will the highest temperature in Taipei be 28°C on March 18?,Taipei,2026-03-18,high,28°C,Yes,True,1.0,closed_positions,mostly_or_fully_sold,>=20c,0.2,1,50.0,10.0,1,50.0,48.54004,0.9708007999999999,1.0,38.54,3.854,40.0,profit,2026-03-18T16:31:13+00:00,2026-03-18T16:31:13+00:00,after_local_day_end,-0.5202777777777777,Asia/Taipei,2026-03-18T16:00:00+00:00,2026-03-18T17:05:39+00:00,2026-03-18T17:05:39+00:00,-1.0941666666666667,-1.0941666666666667,4.854004,4.854003999999999,4.854004,ok,42,5,2026-03-18T15:31:13+00:00,2026-03-18T23:05:39+00:00,0.9995,2026-03-18T18:50:33+00:00,4.9975,market_history,2026-03-18T16:35:29+00:00,0.07111111111111111,2026-03-18T16:35:29+00:00,0.07111111111111111,2026-03-18T16:35:29+00:00,0.07111111111111111,True,True,True,0.9995,2026-03-18T18:50:33+00:00,0.9995,2026-03-18T19:00:38+00:00,1.029562398382861,mostly_flat_after_sell,"[{""side"":""BUY"",""timestamp"":1773851473,""utc"":""2026-03-18T16:31:13+00:00"",""price"":0.2,""shares"":50.0,""usd"":10.0,""transactionHash"":""0xc4d2f9b7b2cd196c791efb2fa351458696913b349a2d62c459287e7ddb3923c7""}]","[{""side"":""SELL"",""timestamp"":1773853539,""utc"":""2026-03-18T17:05:39+00:00"",""price"":0.9708008,""shares"":50.0,""usd"":48.54004,""transactionHash"":""0x34e2ae8d533efae3dac0eee9ea2dd810045ab9863d3843561505c5e61b86b30b""}]",price history sampled; observed max may miss intra-sample ticks
v3-09,mostly_sold_profit,102343607462018835447201671275892042520835434981873599448473890894940985279733,highest-temperature-in-shenzhen-on-may-31-2026-29c,Will the highest temperature in Shenzhen be 29°C on May 31?,Shenzhen,2026-05-31,high,29°C,Yes,True,1.0,closed_positions,mostly_or_fully_sold,0-1c,0.008,1,147.71,1.18168,1,147.71,14.831890005857,0.1004122267,1.0,13.650176,11.551499559948548,146.52832,profit,2026-05-31T03:12:05+00:00,2026-05-31T03:12:05+00:00,12-24h,12.79861111111111,Asia/Shanghai,2026-05-31T16:00:00+00:00,2026-05-31T04:20:18+00:00,2026-05-31T04:20:18+00:00,11.661666666666667,11.661666666666667,12.551528337499999,12.551528337499999,12.551528337499999,ok,176,5,2026-05-31T02:12:05+00:00,2026-05-31T22:00:00+00:00,0.997,2026-05-31T16:35:04+00:00,124.625,market_history,2026-05-31T03:15:04+00:00,0.04972222222222222,2026-05-31T03:15:04+00:00,0.04972222222222222,2026-05-31T03:15:04+00:00,0.04972222222222222,True,True,True,0.997,2026-05-31T16:35:04+00:00,0.997,2026-05-31T16:50:20+00:00,9.92906972353796,continued_up_after_sell,"[{""side"":""BUY"",""timestamp"":1780197125,""utc"":""2026-05-31T03:12:05+00:00"",""price"":0.008,""shares"":147.71,""usd"":1.18168,""transactionHash"":""0x0848f45fafcdec7de38fd76db207b7693b37e3c2ef599743c627987b4f485810""}]","[{""side"":""SELL"",""timestamp"":1780201218,""utc"":""2026-05-31T04:20:18+00:00"",""price"":0.1004122267,""shares"":147.71,""usd"":14.831890005857,""transactionHash"":""0xa67c34a3d30dc7cd96fef0dd66913c859460de13e9b2b8b549729dc190c25a1e""}]",price history sampled; observed max may miss intra-sample ticks
v3-10,mostly_sold_profit,16663741240523138937852282495533170523304654800152806880295996945353553633078,highest-temperature-in-moscow-on-march-30-2026-12corhigher,Will the highest temperature in Moscow be 12°C or higher on March 30?,Moscow,2026-03-30,high,12°C or higher,Yes,True,1.0,closed_positions,mostly_or_fully_sold,>=20c,0.5,2,270.0,135.0,10,269.978941,256.4799919997564,0.9499999927763121,0.9999220037037038,121.490482,0.8999294962962963,135.0,profit,2026-03-29T19:31:16+00:00,2026-03-29T19:35:16+00:00,24-48h,25.47888888888889,Europe/Moscow,2026-03-30T21:00:00+00:00,2026-03-29T21:00:06+00:00,2026-03-29T23:50:46+00:00,23.998333333333335,21.15388888888889,1.9,1.8999999855526242,1.9,ok,163,5,2026-03-29T18:31:16+00:00,2026-03-31T03:00:00+00:00,0.9995,2026-03-30T08:35:54+00:00,1.999,market_history,2026-03-29T19:45:47+00:00,0.24194444444444443,,nan,,nan,True,,,0.9995,2026-03-30T08:35:54+00:00,0.9995,2026-03-30T10:45:43+00:00,1.0521052711579792,mostly_flat_after_sell,"[{""side"":""BUY"",""timestamp"":1774812676,""utc"":""2026-03-29T19:31:16+00:00"",""price"":0.5,""shares"":70.0,""usd"":35.0,""transactionHash"":""0x1b509f6719bd49986fe1cdbb144ca5e79fa68189b0aee7149ae2383825d58ac2""},{""side"":""BUY"",""timestamp"":1774813000,""utc"":""2026-03-29T19:36:40+00:00"",""price"":0.5,""shares"":200.0,""usd"":100.0,""transactionHash"":""0x71c05fec9edc8c06e19d9b99296d073fd64488a4ddf6fcf5a376eb95ab11c560""}]","[{""side"":""SELL"",""timestamp"":1774818006,""utc"":""2026-03-29T21:00:06+00:00"",""price"":0.95,""shares"":10.0,""usd"":9.5,""transactionHash"":""0xbf0078706ffada695299606f79b8843f5898273cd6d02ee601532b21b34554d0""},{""side"":""SELL"",""timestamp"":1774819200,""utc"":""2026-03-29T21:20:00+00:00"",""price"":0.9499995725,""shares"":2.105262,""usd"":1.999998000000495,""transactionHash"":""0x246fc2ad92f816a763224bdd6a527f011e0855570b077cf424cb10b95dcda59d""},{""side"":""SELL"",""timestamp"":1774819620,""utc"":""2026-03-29T21:27:00+00:00"",""price"":0.9499999715,""shares"":10.526314,""usd"":9.999998000000051,""transactionHash"":""0x67d165910652a2a93d73559f78827d61b532679ab16484f0661317c80d020a5d""},{""side"":""SELL"",""timestamp"":1774819642,""utc"":""2026-03-29T21:27:22+00:00"",""price"":0.95,""shares"":5.0,""usd"":4.75,""transactionHash"":""0x3d2107dcf3ffc463940053f6ac08478b6144ddc07073b378608637f91d028653""},{""side"":""SELL"",""timestamp"":1774821214,""utc"":""2026-03-29T21:53:34+00:00"",""price"":0.95,""shares"":70.0,""usd"":66.5,""transactionHash"":""0x18a966b0edd9779a5dd84ebb746269859e4034268c746d3bbb67f08b094de3b0""},{""side"":""SELL"",""timestamp"":1774821222,""utc"":""2026-03-29T21:53:42+00:00"",""price"":0.9499999678,""shares"":9.326314,""usd"":8.85999799969269,""transactionHash"":""0xdcb98f057048605fa25194598018f58dcd989f0751d3aefdb8fd268add3cfdef""},{""side"":""SELL"",""timestamp"":1774823148,""utc"":""2026-03-29T22:25:48+00:00"",""price"":0.95,""shares"":10.0,""usd"":9.5,""transactionHash"":""0x6552c92c6a3092ffe52886cb806ea0f51937bbc451ef98f333258f948102cd16""},{""side"":""SELL"",""timestamp"":1774826396,""utc"":""2026-03-29T23:19:56+00:00"",""price"":0.9499999726,""shares"":16.421051,""usd"":15.599998000063202,""transactionHash"":""0xf5c2e0faded5a5955bb567310e9d4493728158b1e461623d634f0185f7b0a4a8""},{""side"":""SELL"",""timestamp"":1774826864,""utc"":""2026-03-29T23:27:44+00:00"",""price"":0.95,""shares"":75.95,""usd"":72.1525,""transactionHash"":""0x755be0016fc459fe823c3d60346603958485fea82b79ab9703426a7e0becc235""},{""side"":""SELL"",""timestamp"":1774828246,""utc"":""2026-03-29T23:50:46+00:00"",""price"":0.95,""shares"":60.65,""usd"":57.61749999999999,""transactionHash"":""0xe12964377be9df108855f7e4f55e56ea0f11a0b26cbc812b9eebd00b825659de""}]",price history sampled; observed max may miss intra-sample ticks
v3-11,mostly_sold_profit,7985468496390055569374401484713655925178194508748057862951090863366517693814,highest-temperature-in-cape-town-on-june-21-2026-22c,Will the highest temperature in Cape Town be 22°C on June 21?,Cape Town,2026-06-21,high,22°C,Yes,True,1.0,closed_positions,mostly_or_fully_sold,>=20c,0.4682865440409999,2,175.61,82.23579999904,1,175.61,175.25878,0.9979999999999999,1.0,93.023075,1.1311749262618707,93.37420000096002,profit,2026-06-21T10:21:35+00:00,2026-06-21T12:18:07.097806+00:00,6-12h,11.640277777777778,Africa/Johannesburg,2026-06-21T22:00:00+00:00,2026-06-21T15:56:34+00:00,2026-06-21T15:56:34+00:00,6.057222222222222,6.057222222222222,2.1311737710589056,2.131173771058905,2.1311737710589056,ok,158,5,2026-06-21T09:21:35+00:00,2026-06-22T04:00:00+00:00,0.9995,2026-06-21T15:25:03+00:00,2.134376938049475,market_history,2026-06-21T13:10:04+00:00,2.8080555555555557,2026-06-21T14:00:06+00:00,3.6419444444444444,,nan,True,True,,0.9995,2026-06-21T16:05:04+00:00,0.9995,2026-06-21T22:30:03+00:00,1.0015030060120242,mostly_flat_after_sell,"[{""side"":""BUY"",""timestamp"":1782037295,""utc"":""2026-06-21T10:21:35+00:00"",""price"":0.26,""shares"":91.45,""usd"":23.777,""transactionHash"":""0x37407475d3d8201e0b1f7821df1415d3fdfbe557dba68a5615460c5869069e12""},{""side"":""BUY"",""timestamp"":1782047131,""utc"":""2026-06-21T13:05:31+00:00"",""price"":0.694615019,""shares"":84.16,""usd"":58.45879999904,""transactionHash"":""0x8344d357e5fabc19ee7fcadcb6fbeefbbb022b126ab30a7682da25f5918248e5""}]","[{""side"":""SELL"",""timestamp"":1782057394,""utc"":""2026-06-21T15:56:34+00:00"",""price"":0.998,""shares"":175.61,""usd"":175.25878,""transactionHash"":""0xebb66f70b00d6368cca0fe375fcc63a41c8641eab8b622c416a285cf3938b4e8""}]",price history sampled; observed max may miss intra-sample ticks
v3-12,mostly_sold_profit,35627749952412491722071572764241739180572921366766022518935724422742073210873,highest-temperature-in-warsaw-on-july-4-2026-20c,Will the highest temperature in Warsaw be 20°C on July 4?,Warsaw,2026-07-04,high,20°C,Yes,True,1.0,closed_positions,mostly_or_fully_sold,5-10c,0.06624777998595525,3,661.03,43.791770004116,8,661.0263140000001,442.6999080036501,0.66971601376167,0.9999944238536831,398.90882,9.109218923156256,617.238229995884,profit,2026-07-03T10:11:13+00:00,2026-07-03T16:36:38.318326+00:00,24-48h,35.81305555555556,Europe/Warsaw,2026-07-04T22:00:00+00:00,2026-07-04T11:35:55+00:00,2026-07-04T17:02:26+00:00,10.401388888888889,4.959444444444444,1.9925195988150008,10.109259720154427,14.943896991112506,ok,446,5,2026-07-03T09:11:13+00:00,2026-07-05T04:00:00+00:00,0.9995,2026-07-04T18:15:04+00:00,15.087298022845404,market_history,2026-07-03T10:15:03+00:00,0.06388888888888888,2026-07-03T11:00:05+00:00,0.8144444444444444,2026-07-03T13:20:04+00:00,3.1475,True,True,True,0.9995,2026-07-04T18:15:04+00:00,0.9995,2026-07-04T22:20:04+00:00,1.4924236235385726,continued_up_after_sell,"[{""side"":""BUY"",""timestamp"":1783073473,""utc"":""2026-07-03T10:11:13+00:00"",""price"":0.0893630161,""shares"":231.56,""usd"":20.692900008116,""transactionHash"":""0xe48ec7bc9ed01e9924016d064da376f5eb8fcefeb505cf314d0c9630094f6387""},{""side"":""BUY"",""timestamp"":1783103513,""utc"":""2026-07-03T18:31:53+00:00"",""price"":0.1383333333,""shares"":120.0,""usd"":16.599999996,""transactionHash"":""0xd35da39086745603873ce51cd97b11ad8a0eaa02ee55af02b4831ef343a84671""},{""side"":""BUY"",""timestamp"":1783152569,""utc"":""2026-07-04T08:09:29+00:00"",""price"":0.021,""shares"":309.47,""usd"":6.498870000000001,""transactionHash"":""0xa5a8df49d233f0148d4f028cf84639b2b2091b009d2f1df34cc019e85c8e9c5a""}]","[{""side"":""SELL"",""timestamp"":1783164955,""utc"":""2026-07-04T11:35:55+00:00"",""price"":0.132,""shares"":71.0,""usd"":9.372,""transactionHash"":""0x540e7e00be472b4b2c3af4275d72551453d6b5f9518eb50e0d9888434459e8af""},{""side"":""SELL"",""timestamp"":1783164955,""utc"":""2026-07-04T11:35:55+00:00"",""price"":0.132,""shares"":5.0,""usd"":0.66,""transactionHash"":""0x5cbc24585b23eac36f5181d5474e53b10841507f50df89d88798062c9fdca33c""},{""side"":""SELL"",""timestamp"":1783164955,""utc"":""2026-07-04T11:35:55+00:00"",""price"":0.1409834025,""shares"":120.5,""usd"":16.98850000125,""transactionHash"":""0x953b59986db76794777aa9cf79f6dbb359c05b7370730840767e54084fb99467""},{""side"":""SELL"",""timestamp"":1783164959,""utc"":""2026-07-04T11:35:59+00:00"",""price"":0.132,""shares"":22.0,""usd"":2.904,""transactionHash"":""0x00e197c4eafa2c7904c667664b2c28a25282cb1abaf2973713b630d7396a8d59""},{""side"":""SELL"",""timestamp"":1783172314,""utc"":""2026-07-04T13:38:34+00:00"",""price"":0.5981713462,""shares"":52.0,""usd"":31.1049100024,""transactionHash"":""0x96b0021b778b747754cbd3a7d9bb1b03814b9a85fcc72512421d652ff834e68a""},{""side"":""SELL"",""timestamp"":1783178663,""utc"":""2026-07-04T15:24:23+00:00"",""price"":0.9499999715,""shares"":10.526314,""usd"":9.999998000000051,""transactionHash"":""0x307e38ff716fb1900e242dd1a0420f6ea30ed0e8f460e6be696f20fcba119c31""},{""side"":""SELL"",""timestamp"":1783179292,""utc"":""2026-07-04T15:34:52+00:00"",""price"":0.94,""shares"":90.59,""usd"":85.1546,""transactionHash"":""0xd49eae69aab224cb92ba123353fecabe07e774354564bc4246be8458baddf649""},{""side"":""SELL"",""timestamp"":1783184546,""utc"":""2026-07-04T17:02:26+00:00"",""price"":0.99,""shares"":289.41,""usd"":286.51590000000004,""transactionHash"":""0x1c5907465cc909043a1688ecf773224bb82a1e94191ffdc44082fde3eeb67370""}]",price history sampled; observed max may miss intra-sample ticks
v3-13,partial_sold_loss,89537416997839212058939885990830178887626328042252537403930280788414627918992,highest-temperature-in-shanghai-on-july-12-2026-28c,Will the highest temperature in Shanghai be 28°C on July 12?,Shanghai,2026-07-12,high,28°C,Yes,False,0.0,current_zero_value_after_local_day_end,partially_sold,5-10c,0.08791365076255148,7,2043.923912,179.688812984796,1,477.28,76.3648,0.16,0.23351162790251656,-103.3202,-0.5749951723969718,-179.688812984796,loss,2026-07-10T20:27:20+00:00,2026-07-11T13:16:20.740232+00:00,24-48h,43.544444444444444,Asia/Shanghai,2026-07-12T16:00:00+00:00,2026-07-11T18:47:19+00:00,2026-07-11T18:47:19+00:00,21.211388888888887,21.211388888888887,1.8199676456634548,1.8199676456634548,1.8199676456634548,ok,528,5,2026-07-10T19:27:20+00:00,2026-07-12T22:00:00+00:00,0.195,2026-07-10T20:30:08+00:00,2.2180855681523357,market_history,2026-07-10T20:30:08+00:00,0.04666666666666667,2026-07-10T20:30:08+00:00,0.04666666666666667,,nan,True,True,,0.134,2026-07-12T01:55:04+00:00,0.0005,2026-07-12T16:20:04+00:00,0.8375,reverted_or_fell_after_sell,"[{""side"":""BUY"",""timestamp"":1783715240,""utc"":""2026-07-10T20:27:20+00:00"",""price"":0.0967269406,""shares"":328.5,""usd"":31.774799987100003,""transactionHash"":""0xa4a57aa37277374a5ca437b972b06e44bf37f6bbdb1442e5740fed554c11ea02""},{""side"":""BUY"",""timestamp"":1783761050,""utc"":""2026-07-11T09:10:50+00:00"",""price"":0.08,""shares"":55.38,""usd"":4.430400000000001,""transactionHash"":""0x03ac238ea379450b381702c4452688fffdad393ab057a2c648700b242a82f098""},{""side"":""BUY"",""timestamp"":1783762130,""utc"":""2026-07-11T09:28:50+00:00"",""price"":0.0800000184,""shares"":2.173912,""usd"":0.1739129999999808,""transactionHash"":""0x53b43c398ee05374fd7dad9b5f3c329db0af2b38153b48ecdf80cc03b3e8e92f""},{""side"":""BUY"",""timestamp"":1783763000,""utc"":""2026-07-11T09:43:20+00:00"",""price"":0.08,""shares"":297.44,""usd"":23.7952,""transactionHash"":""0xe3a8ad9f0c6576aefdd233db8f5acee82e06102d984a8a2e1a43bb8d659b9c2b""},{""side"":""BUY"",""timestamp"":1783794139,""utc"":""2026-07-11T18:22:19+00:00"",""price"":0.1065832448,""shares"":404.77,""usd"":43.141699997696,""transactionHash"":""0x6486abacc032334f4c474d1c879474900f2f0ecd329d8518ada880162119951f""},{""side"":""BUY"",""timestamp"":1783795456,""utc"":""2026-07-11T18:44:16+00:00"",""price"":0.08,""shares"":951.66,""usd"":76.1328,""transactionHash"":""0xc4d5263e44ade7a9e4f4309a953b1d2b3e20d006577f84aac2b9a58791980033""},{""side"":""BUY"",""timestamp"":1783798648,""utc"":""2026-07-11T19:37:28+00:00"",""price"":0.06,""shares"":4.0,""usd"":0.24,""transactionHash"":""0xfd6b3885adffdb7462d4c721de5809306857a41db9cc49d1557ae567898c070b""}]","[{""side"":""SELL"",""timestamp"":1783795639,""utc"":""2026-07-11T18:47:19+00:00"",""price"":0.16,""shares"":477.28,""usd"":76.3648,""transactionHash"":""0xee89d219d2b506b3f715a0966f4d023d26263d513db2566a45d73603066536fe""}]",price history sampled; observed max may miss intra-sample ticks; settlement result comes from v2 current_positions zero-value inclusion
v3-14,partial_sold_loss,52959143608948547832089567489558823077694081719389979828231847703424553413428,highest-temperature-in-madrid-on-april-21-2026-26c,Will the highest temperature in Madrid be 26°C on April 21?,Madrid,2026-04-21,high,26°C,No,False,0.0,closed_positions,partially_sold,>=20c,0.29464599059302465,7,448.88724,132.2628254943688,1,189.22,75.688,0.4,0.4215312513672699,-61.265844,-0.463212877624548,-132.2628254943688,loss,2026-04-21T14:11:04+00:00,2026-04-21T14:29:52.581821+00:00,6-12h,7.815555555555555,Europe/Madrid,2026-04-21T22:00:00+00:00,2026-04-21T14:34:48+00:00,2026-04-21T14:34:48+00:00,7.42,7.42,1.3575613202641335,1.3575613202641335,1.3575613202641335,ok,119,5,2026-04-21T13:11:04+00:00,2026-04-22T04:00:00+00:00,0.4911077189,2026-04-21T14:11:04+00:00,1.6667721081544773,market_history_plus_user_fills,2026-04-21T14:11:04+00:00,0.0,,nan,,nan,True,,,0.4175,2026-04-21T14:50:46+00:00,0.0005,2026-04-22T00:25:08+00:00,1.04375,reverted_or_fell_after_sell,"[{""side"":""BUY"",""timestamp"":1776780664,""utc"":""2026-04-21T14:11:04+00:00"",""price"":0.4911077189,""shares"":65.90626,""usd"":32.367073009830314,""transactionHash"":""0x5175fcb58198c1940d2daa8cb996340bbdb8760bcff1051146a217466e83be8d""},{""side"":""BUY"",""timestamp"":1776780996,""utc"":""2026-04-21T14:16:36+00:00"",""price"":0.366,""shares"":4.79,""usd"":1.75314,""transactionHash"":""0x34ace2ccb3af46e9d4b4e82d7b2922ca224dc71dbdd87581b4adee2e23d79b46""},{""side"":""BUY"",""timestamp"":1776781046,""utc"":""2026-04-21T14:17:26+00:00"",""price"":0.3992492352,""shares"":178.19098,""usd"":71.14261248453849,""transactionHash"":""0x33b741f16ad3868590e211f64e8ed03ebf2a0b2e2df4d57ad1c811acf6027891""},{""side"":""BUY"",""timestamp"":1776784868,""utc"":""2026-04-21T15:21:08+00:00"",""price"":0.23,""shares"":20.0,""usd"":4.6000000000000005,""transactionHash"":""0xa61f9911c504b99d1344377d34bdc2bb7aff2a927e2b67890f1699ab9f93fa67""},{""side"":""BUY"",""timestamp"":1776784870,""utc"":""2026-04-21T15:21:10+00:00"",""price"":0.23,""shares"":77.0,""usd"":17.71,""transactionHash"":""0x74930e02c5ee7dd597bc5e00bbf446e38388d4b06a4401f3e204d2c89f6c936b""},{""side"":""BUY"",""timestamp"":1776784960,""utc"":""2026-04-21T15:22:40+00:00"",""price"":0.23,""shares"":3.0,""usd"":0.6900000000000001,""transactionHash"":""0x68bc1b11030b0ca5b93419a7e492a5fa9fb7c78f46d8996147c83ba3f4758f6d""},{""side"":""BUY"",""timestamp"":1776786844,""utc"":""2026-04-21T15:54:04+00:00"",""price"":0.04,""shares"":100.0,""usd"":4.0,""transactionHash"":""0x5b3598edb576dd7cbcea2e9c7f113e268a7881338a4bc59ff74b765136b31f7c""}]","[{""side"":""SELL"",""timestamp"":1776782088,""utc"":""2026-04-21T14:34:48+00:00"",""price"":0.4,""shares"":189.22,""usd"":75.688,""transactionHash"":""0x5496a8d338126c3ca61a9c1e74cbf62a95007852efa2cd5ce9aab4a0b0977410""}]",price history sampled; observed max may miss intra-sample ticks
v3-15,partial_sold_loss,95266269860984631935944513239854875542328867695222730590221997190850156004299,highest-temperature-in-warsaw-on-june-21-2026-31c,Will the highest temperature in Warsaw be 31°C on June 21?,Warsaw,2026-06-21,high,31°C,Yes,False,0.0,current_zero_value_after_local_day_end,partially_sold,10-20c,0.10439910594076614,4,1480.91,154.60567997874,2,699.56,94.28269999320001,0.13477428668477331,0.47238522259961774,-60.321600000000004,-0.39016419065777463,-154.60567997874,loss,2026-06-21T08:58:04+00:00,2026-06-21T10:16:20.855195+00:00,12-24h,13.032222222222222,Europe/Warsaw,2026-06-21T22:00:00+00:00,2026-06-21T09:32:55+00:00,2026-06-21T15:52:37+00:00,12.45138888888889,6.123055555555555,2.0839022340233218,1.290952498781373,2.0839022340233218,ok,173,5,2026-06-21T07:58:04+00:00,2026-06-22T04:00:00+00:00,0.595,2026-06-21T09:10:05+00:00,5.699282523909645,market_history,2026-06-21T08:58:04+00:00,0.0,2026-06-21T08:58:04+00:00,0.0,2026-06-21T08:58:04+00:00,0.0,True,True,True,0.0585,2026-06-21T16:00:05+00:00,0.0005,2026-06-21T22:20:05+00:00,0.4340590585860566,reverted_or_fell_after_sell,"[{""side"":""BUY"",""timestamp"":1782032284,""utc"":""2026-06-21T08:58:04+00:00"",""price"":0.3668072289,""shares"":332.0,""usd"":121.77999999480001,""transactionHash"":""0x478d67a76bae8c706350058d8b3f8adc082ed4c95436fd1b77357355c37e0078""},{""side"":""BUY"",""timestamp"":1782042421,""utc"":""2026-06-21T11:47:01+00:00"",""price"":0.01,""shares"":449.66,""usd"":4.4966,""transactionHash"":""0x765e0f75767ae40104c47e6280943d5c8ef848ffeec1e1144e9436a2499108db""},{""side"":""BUY"",""timestamp"":1782056015,""utc"":""2026-06-21T15:33:35+00:00"",""price"":0.0432555168,""shares"":129.15,""usd"":5.58644999472,""transactionHash"":""0x7f38f3f42e75a0cce902dfaeabaf8dc25dee1e86ef2aa408ce44859bf4814720""},{""side"":""BUY"",""timestamp"":1782056380,""utc"":""2026-06-21T15:39:40+00:00"",""price"":0.0398923522,""shares"":570.1,""usd"":22.742629989220003,""transactionHash"":""0xd334a7c43a697c465247994b2581bc223376968a0249f5dbcd6d9e3d035f058e""}]","[{""side"":""SELL"",""timestamp"":1782034375,""utc"":""2026-06-21T09:32:55+00:00"",""price"":0.2175575301,""shares"":332.0,""usd"":72.22909999320001,""transactionHash"":""0x2d10765a54c99c14a4ccd67e79db0a87648fd4fb49f8a164b2586654e8b079ec""},{""side"":""SELL"",""timestamp"":1782057157,""utc"":""2026-06-21T15:52:37+00:00"",""price"":0.06,""shares"":367.56,""usd"":22.0536,""transactionHash"":""0x64695a763f49d87954f37a361a5e34a5531f54a4c3619f64fbf6811e6ec071f6""}]",price history sampled; observed max may miss intra-sample ticks; settlement result comes from v2 current_positions zero-value inclusion
v3-16,partial_sold_loss,90518157390011225501698607402919496806148065447897643775735120828052180718209,highest-temperature-in-london-on-june-25-2026-27c,Will the highest temperature in London be 27°C on June 25?,London,2026-06-25,high,27°C,Yes,False,0.0,current_zero_value_after_local_day_end,partially_sold,2-5c,0.02244295266033431,27,3185.371687,71.48914597691024,3,1010.75,1.01075,0.001,0.31730990895820066,-70.4657,-0.9856838970038782,-71.48914597691024,loss,2026-06-23T19:35:07+00:00,2026-06-24T17:55:11.105781+00:00,48-72h,51.414722222222224,Europe/London,2026-06-25T23:00:00+00:00,2026-06-25T19:36:08+00:00,2026-06-25T19:37:04+00:00,3.397777777777778,3.382222222222222,0.044557416982276166,0.044557416982276166,0.044557416982276166,ok,630,5,2026-06-23T18:35:07+00:00,2026-06-26T05:00:00+00:00,0.0645,2026-06-24T12:30:03+00:00,2.873953395356813,market_history,2026-06-23T22:05:04+00:00,2.4991666666666665,2026-06-24T12:28:05+00:00,16.88277777777778,,nan,True,True,,0.0005,2026-06-25T19:40:04+00:00,0.0005,2026-06-25T23:40:04+00:00,0.5,reverted_or_fell_after_sell,"[{""side"":""BUY"",""timestamp"":1782243307,""utc"":""2026-06-23T19:35:07+00:00"",""price"":0.004,""shares"":6.0,""usd"":0.024,""transactionHash"":""0x487ea53914bab59939f79bdcd7887ce9a6b73aca362a43e292de13b33bcb3b00""},{""side"":""BUY"",""timestamp"":1782244337,""utc"":""2026-06-23T19:52:17+00:00"",""price"":0.004,""shares"":12.74,""usd"":0.050960000000000005,""transactionHash"":""0xecf107fdd0e9007541b92ec367ce8126367c08b4a1fd26d03e55f40b45dc997f""},{""side"":""BUY"",""timestamp"":1782244339,""utc"":""2026-06-23T19:52:19+00:00"",""price"":0.004,""shares"":20.59225,""usd"":0.082369,""transactionHash"":""0xc6bb7963cf5c91e37c24f0bf520aa8cbe80cdb0fcc5a7be9846c3ecec9f41219""},{""side"":""BUY"",""timestamp"":1782304039,""utc"":""2026-06-24T12:27:19+00:00"",""price"":0.03,""shares"":36.13,""usd"":1.0839,""transactionHash"":""0x3a70a685ad43b867543e794ffa3a11138c14a7ba15169efee7c0a669b0191fdb""},{""side"":""BUY"",""timestamp"":1782304085,""utc"":""2026-06-24T12:28:05+00:00"",""price"":0.0488054772,""shares"":496.6,""usd"":24.236799977520004,""transactionHash"":""0x5384cb79ddba531034a7e68828d206d49d2612a89db2da21575a6738f4207868""},{""side"":""BUY"",""timestamp"":1782307981,""utc"":""2026-06-24T13:33:01+00:00"",""price"":0.03,""shares"":5.0,""usd"":0.15,""transactionHash"":""0xca7f9000e4f15360e16d5ee315f9c71a2d0473bd1efd6b1f68d5a07faf475240""},{""side"":""BUY"",""timestamp"":1782307981,""utc"":""2026-06-24T13:33:01+00:00"",""price"":0.03,""shares"":31.93,""usd"":0.9579,""transactionHash"":""0xcb83fc7354df5cfc01f650f34540cb864b8ee434240454f6d2f5c8c6a40aaaf4""},{""side"":""BUY"",""timestamp"":1782311768,""utc"":""2026-06-24T14:36:08+00:00"",""price"":0.03,""shares"":54.37,""usd"":1.6310999999999998,""transactionHash"":""0x3394a55925b933c9680c7f274e651a571ce04cd692a9ea4d9b32a5ef1cfbb9de""},{""side"":""BUY"",""timestamp"":1782312211,""utc"":""2026-06-24T14:43:31+00:00"",""price"":0.03,""shares"":30.6,""usd"":0.918,""transactionHash"":""0xebdbae16a3a4f11f1370b5feb08523226a056065523ec70dc6d20ff2ed6a79bb""},{""side"":""BUY"",""timestamp"":1782313789,""utc"":""2026-06-24T15:09:49+00:00"",""price"":0.03,""shares"":177.97,""usd"":5.3391,""transactionHash"":""0x72ab7acdf9515cf4ad37006a2152f1e3898adfb3b67141ca2a79bdc9bb3ac569""},{""side"":""BUY"",""timestamp"":1782322646,""utc"":""2026-06-24T17:37:26+00:00"",""price"":0.016,""shares"":80.0,""usd"":1.28,""transactionHash"":""0x62a6f96da47c66af381fe5b1dc5c91d235f2bf067ea75dda5939ac252a6688a1""},{""side"":""BUY"",""timestamp"":1782324559,""utc"":""2026-06-24T18:09:19+00:00"",""price"":0.016,""shares"":5.495875,""usd"":0.087934,""transactionHash"":""0xa54558da44df0bfb9ae43bb2d98743534aa227dcf180903d722f4ce7bedb106b""},{""side"":""BUY"",""timestamp"":1782325511,""utc"":""2026-06-24T18:25:11+00:00"",""price"":0.016,""shares"":97.63,""usd"":1.56208,""transactionHash"":""0xa4cba77958e14da4d03e6fdae8df2caec9d547c3e798992491e49a8bba3a7733""},{""side"":""BUY"",""timestamp"":1782325849,""utc"":""2026-06-24T18:30:49+00:00"",""price"":0.016,""shares"":5.0,""usd"":0.08,""transactionHash"":""0x0f0c86a31e1045fb921869b47ee442b479c45189dace12b4fa2f23e333978eb8""},{""side"":""BUY"",""timestamp"":1782325849,""utc"":""2026-06-24T18:30:49+00:00"",""price"":0.016,""shares"":10.0,""usd"":0.16,""transactionHash"":""0x5641f70437b316975f36e41447804ee5c3ec28316982863c28fd473e5aac68ab""},{""side"":""BUY"",""timestamp"":1782326557,""utc"":""2026-06-24T18:42:37+00:00"",""price"":0.016,""shares"":15.0,""usd"":0.24,""transactionHash"":""0xf514d9d86e949885c70a48c2996adc72b70dbcc9e87b0241a049c86d94bd3023""},{""side"":""BUY"",""timestamp"":1782327652,""utc"":""2026-06-24T19:00:52+00:00"",""price"":0.016,""shares"":16.0,""usd"":0.256,""transactionHash"":""0x95764ad65f66752bd19a285d071be411bf837050ebd653bbd36dc61ded7f0949""},{""side"":""BUY"",""timestamp"":1782327659,""utc"":""2026-06-24T19:00:59+00:00"",""price"":0.016,""shares"":12.0,""usd"":0.192,""transactionHash"":""0x0bd30a3b7aa29d93ec1057b055263499f118c4cf8ab91f9fe7398ce01933af24""},{""side"":""BUY"",""timestamp"":1782327659,""utc"":""2026-06-24T19:00:59+00:00"",""price"":0.016,""shares"":6.33,""usd"":0.10128000000000001,""transactionHash"":""0x66106c343b4459537c67ee97c90579d22e11c0e23679be237f3eb1570934d5a0""},{""side"":""BUY"",""timestamp"":1782328241,""utc"":""2026-06-24T19:10:41+00:00"",""price"":0.0160000006,""shares"":12.317062,""usd"":0.19707299939023723,""transactionHash"":""0x02b011cee9a14c47b3879c24d442e3876e8e8761a66b70a7f95aab1a627970df""},{""side"":""BUY"",""timestamp"":1782328241,""utc"":""2026-06-24T19:10:41+00:00"",""price"":0.016,""shares"":30.0,""usd"":0.48,""transactionHash"":""0x8b5ef47fa2514d58e94721d7f8ac8c79643a5d4c1616e36c65650e0126158846""},{""side"":""BUY"",""timestamp"":1782328241,""utc"":""2026-06-24T19:10:41+00:00"",""price"":0.016,""shares"":23.67,""usd"":0.37872000000000006,""transactionHash"":""0xc5d2d577b4ae2bf6a245e18fb0da29c560c9ba6e6b0fd458f5a1a909f2e01a18""},{""side"":""BUY"",""timestamp"":1782332180,""utc"":""2026-06-24T20:16:20+00:00"",""price"":0.02,""shares"":101.78,""usd"":2.0356,""transactionHash"":""0xc3020a4f37ad132b4b5ca99fb2dd560c848d5cfabeaae779485a44fd821e7d98""},{""side"":""BUY"",""timestamp"":1782332185,""utc"":""2026-06-24T20:16:25+00:00"",""price"":0.02,""shares"":40.81,""usd"":0.8162,""transactionHash"":""0x48cdd006b3a8ff51cc0cb6400779a82ba988017380c9cfd6d6d4a3da99cbce0c""},{""side"":""BUY"",""timestamp"":1782332543,""utc"":""2026-06-24T20:22:23+00:00"",""price"":0.02,""shares"":16.3265,""usd"":0.32653,""transactionHash"":""0x153513bb18105c3a52a7887e1616703b70d7802642d6cd3af5f40e3e72c5aa38""},{""side"":""BUY"",""timestamp"":1782333463,""utc"":""2026-06-24T20:37:43+00:00"",""price"":0.02,""shares"":841.08,""usd"":16.8216,""transactionHash"":""0x516c772c2aa96dae8a6b7b266ff5e304a8c05a678e08fc2f6781acb3dded2e49""},{""side"":""BUY"",""timestamp"":1782357811,""utc"":""2026-06-25T03:23:31+00:00"",""price"":0.012,""shares"":1000.0,""usd"":12.0,""transactionHash"":""0x7f2503735e070b26f9ac6fecadf0f8b0e9b984ffcdb4ecf541c209a7f52b8b08""}]","[{""side"":""SELL"",""timestamp"":1782416168,""utc"":""2026-06-25T19:36:08+00:00"",""price"":0.001,""shares"":899.67,""usd"":0.89967,""transactionHash"":""0x844eafe8a74661d2b897f60e74aa73fc10b2f2895c75309574c54c0330bfc649""},{""side"":""SELL"",""timestamp"":1782416179,""utc"":""2026-06-25T19:36:19+00:00"",""price"":0.001,""shares"":83.0,""usd"":0.083,""transactionHash"":""0x116d74bf65cff45b00149540f02fc97256b7fabe1f35fd5bebd2d436c9abb7b1""},{""side"":""SELL"",""timestamp"":1782416224,""utc"":""2026-06-25T19:37:04+00:00"",""price"":0.001,""shares"":28.08,""usd"":0.028079999999999997,""transactionHash"":""0x808796d210394f6ce89dfa722d655f11bd15c0e60e74c2df39dcec925e927789""}]",price history sampled; observed max may miss intra-sample ticks; settlement result comes from v2 current_positions zero-value inclusion
v3-17,partial_sold_loss,76144510654112306408960390821757685744266266848534291479104195133944144504084,highest-temperature-in-seoul-on-may-29-2026-22c,Will the highest temperature in Seoul be 22°C on May 29?,Seoul,2026-05-29,high,22°C,Yes,False,0.0,current_zero_value_after_local_day_end,partially_sold,1-2c,0.01249741083289861,33,4536.21,56.690879994303,7,3931.045,35.856300037421995,0.009121315079685426,0.8665923755734413,-20.8051,-0.3669920100391942,-56.690879994303,loss,2026-05-29T02:19:33+00:00,2026-05-29T02:52:11.372537+00:00,12-24h,12.674166666666666,Asia/Seoul,2026-05-29T15:00:00+00:00,2026-05-29T03:28:16+00:00,2026-05-29T03:41:27+00:00,11.528888888888888,11.309166666666666,4.0008287051249285,0.7298563839858866,4.323013856420472,ok,229,5,2026-05-29T01:19:33+00:00,2026-05-29T21:00:00+00:00,0.1295,2026-05-29T02:20:04+00:00,10.362146346273565,market_history,2026-05-29T02:19:33+00:00,0.0,2026-05-29T02:19:33+00:00,0.0,2026-05-29T02:19:33+00:00,0.0,True,True,True,0.006,2026-05-29T04:15:04+00:00,0.0005,2026-05-29T20:55:05+00:00,0.6577998838525954,reverted_or_fell_after_sell,"[{""side"":""BUY"",""timestamp"":1780021173,""utc"":""2026-05-29T02:19:33+00:00"",""price"":0.1147709251,""shares"":181.6,""usd"":20.84239999816,""transactionHash"":""0x4bb017947cf00ca373b674d2f976e6c0d17acbcb6d9fcc52372252caad4b9d0f""},{""side"":""BUY"",""timestamp"":1780022598,""utc"":""2026-05-29T02:43:18+00:00"",""price"":0.061,""shares"":100.0,""usd"":6.1,""transactionHash"":""0xa51de7e16875af136ea7a57583bc447bd36582425dce13325e85bcdd4db53a06""},{""side"":""BUY"",""timestamp"":1780023599,""utc"":""2026-05-29T02:59:59+00:00"",""price"":0.021,""shares"":300.0,""usd"":6.300000000000001,""transactionHash"":""0x3a7da4df53a1d526ffd118eaff921e426e9817bf38d87da88904e951f2b7dd77""},{""side"":""BUY"",""timestamp"":1780023819,""utc"":""2026-05-29T03:03:39+00:00"",""price"":0.016,""shares"":300.0,""usd"":4.8,""transactionHash"":""0x4becdd69c0306e5ac4cc88386156f8664d575dcafffc79c63f41439a12e35cba""},{""side"":""BUY"",""timestamp"":1780024559,""utc"":""2026-05-29T03:15:59+00:00"",""price"":0.009965,""shares"":1000.0,""usd"":9.965,""transactionHash"":""0x6e5e85c1306a264368c6ca16fff78e90b73a506f42de7e247d8f06eab0817deb""},{""side"":""BUY"",""timestamp"":1780024645,""utc"":""2026-05-29T03:17:25+00:00"",""price"":0.01,""shares"":8.89,""usd"":0.0889,""transactionHash"":""0x5920be1ed2d82ff834d1285526eb666ae6521c3bfda9cb1cbfdcabc03c6b4bf7""},{""side"":""BUY"",""timestamp"":1780024794,""utc"":""2026-05-29T03:19:54+00:00"",""price"":0.0074629847,""shares"":161.69,""usd"":1.206689996143,""transactionHash"":""0x3a2834bf4ff6429ac936aa4f80fa6004387a5edce3a986d376530a3b3796a914""},{""side"":""BUY"",""timestamp"":1780025672,""utc"":""2026-05-29T03:34:32+00:00"",""price"":0.004,""shares"":215.86,""usd"":0.8634400000000001,""transactionHash"":""0x7a00201e1f7cddc8184dc01786e0d0193778e03d8195c1307b29d8a12fc2bea4""},{""side"":""BUY"",""timestamp"":1780025819,""utc"":""2026-05-29T03:36:59+00:00"",""price"":0.004,""shares"":6.52,""usd"":0.02608,""transactionHash"":""0x6b5a45f4c752d636fd7daefb46f20828a4fc832041ea542b40098af6d0ed2b02""},{""side"":""BUY"",""timestamp"":1780025844,""utc"":""2026-05-29T03:37:24+00:00"",""price"":0.004,""shares"":46.8,""usd"":0.1872,""transactionHash"":""0x7404eacb3f08f8d4c8507b2ea571eaecf311016da220c63d80931a855287387b""},{""side"":""BUY"",""timestamp"":1780025844,""utc"":""2026-05-29T03:37:24+00:00"",""price"":0.004,""shares"":20.06,""usd"":0.08023999999999999,""transactionHash"":""0x8b60ff8099dda17266675dd64e73bcbe7ad5ba8c3bea712a152d01513bcf4345""},{""side"":""BUY"",""timestamp"":1780025874,""utc"":""2026-05-29T03:37:54+00:00"",""price"":0.004,""shares"":210.76,""usd"":0.84304,""transactionHash"":""0xe8416f0000ad721a04a9a9bb71ce9f78704d085d317ae1249bfc72eed6d0b681""},{""side"":""BUY"",""timestamp"":1780025893,""utc"":""2026-05-29T03:38:13+00:00"",""price"":0.002,""shares"":721.18,""usd"":1.4423599999999999,""transactionHash"":""0x70a70abdfcfcd3295db12b70fc83d35764423bfa9645b09f716d4603bcefd890""},{""side"":""BUY"",""timestamp"":1780025895,""utc"":""2026-05-29T03:38:15+00:00"",""price"":0.002,""shares"":75.12,""usd"":0.15024,""transactionHash"":""0x4e4b33644692b4d9f73d6cff6cdef773b282c8ac3651f5bb1722d488af310e0d""},{""side"":""BUY"",""timestamp"":1780025895,""utc"":""2026-05-29T03:38:15+00:00"",""price"":0.002,""shares"":108.69,""usd"":0.21738,""transactionHash"":""0x5e480f29dc58cd20f66dcb5b9ca542c10dbb52e43dfac263db79dc8ec787f754""},{""side"":""BUY"",""timestamp"":1780025895,""utc"":""2026-05-29T03:38:15+00:00"",""price"":0.002,""shares"":15.01,""usd"":0.03002,""transactionHash"":""0x7e5f891c20d3c3a5fe1c0d038f93a515a2a56718815fa08eba9ad0df604539c4""},{""side"":""BUY"",""timestamp"":1780025895,""utc"":""2026-05-29T03:38:15+00:00"",""price"":0.002,""shares"":80.0,""usd"":0.16,""transactionHash"":""0xb8bab8783fae452f928679c7f34f379638b2b07ef2f8d62ce114cb6e6dd033d9""},{""side"":""BUY"",""timestamp"":1780025963,""utc"":""2026-05-29T03:39:23+00:00"",""price"":0.005,""shares"":14.72,""usd"":0.0736,""transactionHash"":""0xb6afb12bfaaad910c67f0815cc5143a5d3d7ad992a38c8cd40da74c2f84f6b9b""},{""side"":""BUY"",""timestamp"":1780025963,""utc"":""2026-05-29T03:39:23+00:00"",""price"":0.005,""shares"":5.0,""usd"":0.025,""transactionHash"":""0xeaf05d91c42cb006c1d6886e8a2c21fae04434e48b5bc52840e0cd74ac95edc5""},{""side"":""BUY"",""timestamp"":1780025965,""utc"":""2026-05-29T03:39:25+00:00"",""price"":0.005,""shares"":8.0,""usd"":0.04,""transactionHash"":""0x2501e07801f0a820729f4e29e4d0d637c8232cdd72105f72f11b328198d4703e""},{""side"":""BUY"",""timestamp"":1780025965,""utc"":""2026-05-29T03:39:25+00:00"",""price"":0.005,""shares"":8.15,""usd"":0.04075,""transactionHash"":""0x745faaacce659ba9f2c5a317a896cad6449e1673f624935be90d888e6753d419""},{""side"":""BUY"",""timestamp"":1780025965,""utc"":""2026-05-29T03:39:25+00:00"",""price"":0.005,""shares"":3.61,""usd"":0.01805,""transactionHash"":""0x923080c9bb7643b4df70bae8af468c77301576cdbc254a21237d26e2ffc1ce87""},{""side"":""BUY"",""timestamp"":1780025965,""utc"":""2026-05-29T03:39:25+00:00"",""price"":0.005,""shares"":12.0,""usd"":0.06,""transactionHash"":""0xbd347635dec9f0e3502448bfd53093cadf5c7905afda1bac425e060529973ed7""},{""side"":""BUY"",""timestamp"":1780025965,""utc"":""2026-05-29T03:39:25+00:00"",""price"":0.005,""shares"":8.0,""usd"":0.04,""transactionHash"":""0xf00baab1c97abdaa65e82b0a2f46f95d9e7d0655a8e446959a26759beb6b53f2""},{""side"":""BUY"",""timestamp"":1780025968,""utc"":""2026-05-29T03:39:28+00:00"",""price"":0.005,""shares"":100.0,""usd"":0.5,""transactionHash"":""0xb59d41149a73ddb91d58ca109819d3ab9db239155337c398702625b3e151183b""},{""side"":""BUY"",""timestamp"":1780026001,""utc"":""2026-05-29T03:40:01+00:00"",""price"":0.005,""shares"":23.59,""usd"":0.11795,""transactionHash"":""0x1033960131f80f180d47e2a10e5d318b039863e0abf7d6c8a53a0bdd0d63ee7f""},{""side"":""BUY"",""timestamp"":1780026001,""utc"":""2026-05-29T03:40:01+00:00"",""price"":0.005,""shares"":178.34,""usd"":0.8917,""transactionHash"":""0x9e7f4bfd5a91efa5604afbb17a3d0f37d85aad3aeb484ac91eb31c152d894f3d""},{""side"":""BUY"",""timestamp"":1780026001,""utc"":""2026-05-29T03:40:01+00:00"",""price"":0.005,""shares"":7.96,""usd"":0.0398,""transactionHash"":""0xff844126ce0737c06de5a16004564349696193110176aaddb82ede2eda738a6f""},{""side"":""BUY"",""timestamp"":1780026003,""utc"":""2026-05-29T03:40:03+00:00"",""price"":0.005,""shares"":9.5,""usd"":0.0475,""transactionHash"":""0xc3c6c7f597f665b450faea11a13661050ca0539d41c0ec17caebf2fc9228cf86""},{""side"":""BUY"",""timestamp"":1780026259,""utc"":""2026-05-29T03:44:19+00:00"",""price"":0.002,""shares"":50.0,""usd"":0.1,""transactionHash"":""0x38ece5e9d5d750b6a70ead55653c7b0f9bc5dc2973d18bb4a2133396a1d443a9""},{""side"":""BUY"",""timestamp"":1780026315,""utc"":""2026-05-29T03:45:15+00:00"",""price"":0.002,""shares"":222.0,""usd"":0.444,""transactionHash"":""0xeb7c58b2c68deb08a1736d60c8d53d301ab0dd6441dc87acbbb2ff184b587750""},{""side"":""BUY"",""timestamp"":1780026467,""utc"":""2026-05-29T03:47:47+00:00"",""price"":0.002,""shares"":49.94,""usd"":0.09988,""transactionHash"":""0x167f6bdfd4727f92b21049170234c2dd5fdd8a57ff5a4745457a1f4dbd3d442e""},{""side"":""BUY"",""timestamp"":1780026854,""utc"":""2026-05-29T03:54:14+00:00"",""price"":0.003,""shares"":283.22,""usd"":0.8496600000000001,""transactionHash"":""0x616836d10136252f654c84ea3165712321cd21a80965b275c8d9ab28ba23ce5a""}]","[{""side"":""SELL"",""timestamp"":1780025296,""utc"":""2026-05-29T03:28:16+00:00"",""price"":0.05,""shares"":54.3308,""usd"":2.71654,""transactionHash"":""0x306a7272c355fbee56264c16c5566494ad2362684ae4ec3cae1fc204a2a041ec""},{""side"":""SELL"",""timestamp"":1780025300,""utc"":""2026-05-29T03:28:20+00:00"",""price"":0.05,""shares"":50.6,""usd"":2.5300000000000002,""transactionHash"":""0x7f9742facf848ce151a6ab497b42753e2a43a18c70ea97d6bc599101a0e29f33""},{""side"":""SELL"",""timestamp"":1780025301,""utc"":""2026-05-29T03:28:21+00:00"",""price"":0.05,""shares"":52.0,""usd"":2.6,""transactionHash"":""0x4b9d120c5f9028cd951bf97a9cb3001adf5fba3ae0be7b4fe35a06d302153f4b""},{""side"":""SELL"",""timestamp"":1780025324,""utc"":""2026-05-29T03:28:44+00:00"",""price"":0.05,""shares"":169.9042,""usd"":8.49521,""transactionHash"":""0x3b2b230076718d5ea85d07043f5f796778f43cc249ce13d2b27db991e0a66f95""},{""side"":""SELL"",""timestamp"":1780025522,""utc"":""2026-05-29T03:32:02+00:00"",""price"":0.05,""shares"":36.0,""usd"":1.8,""transactionHash"":""0xdba190cfbf0014008822884d0adb588de016597a00df109677c746e1e89b79e3""},{""side"":""SELL"",""timestamp"":1780025559,""utc"":""2026-05-29T03:32:39+00:00"",""price"":0.0540264802,""shares"":188.82,""usd"":10.201279991363998,""transactionHash"":""0xb302c9a55472933216ff432801c829f84cfe5514bc7f621110bf363eac1c1e56""},{""side"":""SELL"",""timestamp"":1780026087,""utc"":""2026-05-29T03:41:27+00:00"",""price"":0.0022232622,""shares"":3379.39,""usd"":7.513270046057999,""transactionHash"":""0x15f510e830dee5d6dfc6e95bdc333db6fad13f29ebb3c77381387d5770e7fc73""}]",price history sampled; observed max may miss intra-sample ticks; settlement result comes from v2 current_positions zero-value inclusion
v3-18,partial_sold_loss,65885182256464323387924003229854234619260954146221741098297412674435655589975,highest-temperature-in-hong-kong-on-may-6-2026-25c,Will the highest temperature in Hong Kong be 25°C on May 6?,Hong Kong,2026-05-06,high,25°C,Yes,False,0.0,current_zero_value_after_local_day_end,partially_sold,2-5c,0.026137696926682174,15,1116.806698,29.190754998012668,15,293.806665,7.05135899833334,0.02399999672687255,0.26307745604154675,-22.1387,-0.7584147789773584,-29.190754998012668,loss,2026-05-06T12:48:52+00:00,2026-05-06T13:17:44.894618+00:00,0-6h,3.1855555555555557,Asia/Hong_Kong,2026-05-06T16:00:00+00:00,2026-05-06T13:36:26+00:00,2026-05-06T13:39:26+00:00,2.392777777777778,2.3427777777777776,0.9182140288534777,0.9182139036271634,0.9182140288534777,ok,120,5,2026-05-06T11:48:52+00:00,2026-05-06T22:00:00+00:00,0.0605,2026-05-06T12:50:06+00:00,2.3146645310681415,market_history,2026-05-06T12:48:52+00:00,0.0,2026-05-06T12:48:52+00:00,0.0,,nan,True,True,,0.0165,2026-05-06T13:45:06+00:00,0.0005,2026-05-06T21:55:03+00:00,0.6875000937614762,reverted_or_fell_after_sell,"[{""side"":""BUY"",""timestamp"":1778071732,""utc"":""2026-05-06T12:48:52+00:00"",""price"":0.053,""shares"":5.0,""usd"":0.265,""transactionHash"":""0x024f2b01c9a459b6a61a206a984eb87461d82a440afbe4c1f1d03085e97e05a7""},{""side"":""BUY"",""timestamp"":1778071732,""utc"":""2026-05-06T12:48:52+00:00"",""price"":0.053,""shares"":5.0,""usd"":0.265,""transactionHash"":""0x3ef107c0c2f30f915582d9fa4b0ecc2902b78404132f9b585ef11a0a17456323""},{""side"":""BUY"",""timestamp"":1778071732,""utc"":""2026-05-06T12:48:52+00:00"",""price"":0.053,""shares"":5.0,""usd"":0.265,""transactionHash"":""0x804ebb554dd71c0fd5366850d51cc7782ecd98743b79aa821247204639f0400b""},{""side"":""BUY"",""timestamp"":1778071732,""utc"":""2026-05-06T12:48:52+00:00"",""price"":0.053,""shares"":5.0,""usd"":0.265,""transactionHash"":""0x93a5afb90709ec61679c0b6ac3087a00495243f5c2cb2c2e1df8a4d5e27474e4""},{""side"":""BUY"",""timestamp"":1778071732,""utc"":""2026-05-06T12:48:52+00:00"",""price"":0.053,""shares"":5.0,""usd"":0.265,""transactionHash"":""0x9f9be7b4f7bd4b360a1bec844ab7b0bfd43017d278987e4b8993487dbc55615f""},{""side"":""BUY"",""timestamp"":1778071732,""utc"":""2026-05-06T12:48:52+00:00"",""price"":0.053,""shares"":5.0,""usd"":0.265,""transactionHash"":""0xa9e7de5fdba6bccae03d55eeff226d7a74ca599c0963b33eb7b922c19c2d447d""},{""side"":""BUY"",""timestamp"":1778071732,""utc"":""2026-05-06T12:48:52+00:00"",""price"":0.053,""shares"":5.0,""usd"":0.265,""transactionHash"":""0xbd2a3be08be6ae8acf6a1c353630e741aa2ee6fa159784f51469fb3d6f082110""},{""side"":""BUY"",""timestamp"":1778071732,""utc"":""2026-05-06T12:48:52+00:00"",""price"":0.053,""shares"":5.0,""usd"":0.265,""transactionHash"":""0xc595949482fae220c30e4c165126b942a61f4152d0754b08ee7cf4fcaf28c6d2""},{""side"":""BUY"",""timestamp"":1778071732,""utc"":""2026-05-06T12:48:52+00:00"",""price"":0.053,""shares"":23.63,""usd"":1.25239,""transactionHash"":""0xd3193622185deda9324e7efba36c1b36a527577f4d072101f6be20141755d0f3""},{""side"":""BUY"",""timestamp"":1778071732,""utc"":""2026-05-06T12:48:52+00:00"",""price"":0.053,""shares"":5.0,""usd"":0.265,""transactionHash"":""0xdb100b6d3fd210f0da6a10c59653690bcfa1d5982a811b11d1e26396d6e9b727""},{""side"":""BUY"",""timestamp"":1778071734,""utc"":""2026-05-06T12:48:54+00:00"",""price"":0.0530000001,""shares"":40.126698,""usd"":2.1267149980126696,""transactionHash"":""0xd58aacd615f293b0da19ebc49a8a0fddfe8ab7b49a8a304e36d793160edba5c0""},{""side"":""BUY"",""timestamp"":1778071780,""utc"":""2026-05-06T12:49:40+00:00"",""price"":0.053,""shares"":1.05,""usd"":0.05565,""transactionHash"":""0xa5032688ad0d3762cd9d0a837f3fbd35f0c8c2195435dafb5dd87119ac025a8e""},{""side"":""BUY"",""timestamp"":1778071808,""utc"":""2026-05-06T12:50:08+00:00"",""price"":0.053,""shares"":7.0,""usd"":0.371,""transactionHash"":""0x4393f9f85b686041ba02060291bce6cad222f79f12358dec7050d6a10a2125f7""},{""side"":""BUY"",""timestamp"":1778073872,""utc"":""2026-05-06T13:24:32+00:00"",""price"":0.023,""shares"":36.68,""usd"":0.84364,""transactionHash"":""0xef74f36ee9a8fa2c5d6ae67034b32c254eebabd7cda44fbb1e2642a30c1b7dc6""},{""side"":""BUY"",""timestamp"":1778073932,""utc"":""2026-05-06T13:25:32+00:00"",""price"":0.023,""shares"":963.32,""usd"":22.15636,""transactionHash"":""0x7a6c96ff48f48d21b7266964a2803cd022fd1865f59fec5113008aa2ce2390be""}]","[{""side"":""SELL"",""timestamp"":1778074586,""utc"":""2026-05-06T13:36:26+00:00"",""price"":0.024,""shares"":50.0,""usd"":1.2,""transactionHash"":""0xaf2ca1aadaf552d4c8439362bacfbb9a4cd1e89fc2882d746aee0464491cb407""},{""side"":""SELL"",""timestamp"":1778074612,""utc"":""2026-05-06T13:36:52+00:00"",""price"":0.024,""shares"":0.04,""usd"":0.00096,""transactionHash"":""0x1cbacf84752ba4ef6721812018e930f7f0c60f2b2bb8b3733b0e9b7c053a9702""},{""side"":""SELL"",""timestamp"":1778074612,""utc"":""2026-05-06T13:36:52+00:00"",""price"":0.024,""shares"":0.04,""usd"":0.00096,""transactionHash"":""0xe6640fc715e7130c0eacc0d86647b79c6f1433478a47fd478271608692d2d286""},{""side"":""SELL"",""timestamp"":1778074626,""utc"":""2026-05-06T13:37:06+00:00"",""price"":0.024,""shares"":0.04,""usd"":0.00096,""transactionHash"":""0x12dbc2c12abf1926ddeea499a182b9560f3060249e00bf7dedbec335c58e3e6b""},{""side"":""SELL"",""timestamp"":1778074626,""utc"":""2026-05-06T13:37:06+00:00"",""price"":0.024,""shares"":0.04,""usd"":0.00096,""transactionHash"":""0x4291a4d3be8f4c7f25a6bf3c68910b1ca0c1aafbd153097351057020ca6322a9""},{""side"":""SELL"",""timestamp"":1778074628,""utc"":""2026-05-06T13:37:08+00:00"",""price"":0.024,""shares"":0.05,""usd"":0.0012000000000000001,""transactionHash"":""0x22f3c1cc4154b74d2a79e30c45201d6cd026b6ce5d39062eab889a2b1a3487b0""},{""side"":""SELL"",""timestamp"":1778074628,""utc"":""2026-05-06T13:37:08+00:00"",""price"":0.024,""shares"":0.05,""usd"":0.0012000000000000001,""transactionHash"":""0x36e4b306440906374f6f5ec85d6950aad6daca0d786e1019a78113e2e83921f6""},{""side"":""SELL"",""timestamp"":1778074628,""utc"":""2026-05-06T13:37:08+00:00"",""price"":0.024,""shares"":0.05,""usd"":0.0012000000000000001,""transactionHash"":""0x5d721d75e3575473971882eb6511973f5f2362ca7ad4ad09c40e2a410e3078e6""},{""side"":""SELL"",""timestamp"":1778074628,""utc"":""2026-05-06T13:37:08+00:00"",""price"":0.024,""shares"":0.05,""usd"":0.0012000000000000001,""transactionHash"":""0x6823f98db974a47044951b0aafdec6892f1a2d5b9eda4e066b99a284b2643106""},{""side"":""SELL"",""timestamp"":1778074628,""utc"":""2026-05-06T13:37:08+00:00"",""price"":0.024,""shares"":0.14,""usd"":0.0033600000000000006,""transactionHash"":""0x6da787247fe691b4f159fd57433d7d076d98a1da713a4a2f63dcfc7c323c6e56""},{""side"":""SELL"",""timestamp"":1778074628,""utc"":""2026-05-06T13:37:08+00:00"",""price"":0.024,""shares"":0.14,""usd"":0.0033600000000000006,""transactionHash"":""0xf7ed3027e7c605482d07b7b99947c96dc65c4e00503d2c30a39e8b8a28452b34""},{""side"":""SELL"",""timestamp"":1778074672,""utc"":""2026-05-06T13:37:52+00:00"",""price"":0.024,""shares"":1.53,""usd"":0.03672,""transactionHash"":""0xc49feb685d2be7d2b40b371464a4be37aa370396206cee346a0b2762cfb61282""},{""side"":""SELL"",""timestamp"":1778074758,""utc"":""2026-05-06T13:39:18+00:00"",""price"":0.023999996,""shares"":240.416665,""usd"":5.76999899833334,""transactionHash"":""0xc6872afac24f889ea1647637176932ac3383269c749af7edb05351c8c155bae3""},{""side"":""SELL"",""timestamp"":1778074766,""utc"":""2026-05-06T13:39:26+00:00"",""price"":0.024,""shares"":0.61,""usd"":0.01464,""transactionHash"":""0x1dbb1e5ef07d8939e5d54e6f7b7c82cc7c0f7225105274fe7cd079865d332aa5""},{""side"":""SELL"",""timestamp"":1778074766,""utc"":""2026-05-06T13:39:26+00:00"",""price"":0.024,""shares"":0.61,""usd"":0.01464,""transactionHash"":""0xcb63839c2cc541484eaaa10bfd6af68760e81dbb8a042d90b72a3bea4dccfdd8""}]",price history sampled; observed max may miss intra-sample ticks; settlement result comes from v2 current_positions zero-value inclusion
v3-19,partial_sold_loss,86739562054502113242815954367302335726604589599267696304151712275307744511643,highest-temperature-in-sao-paulo-on-july-6-2026-18corbelow,Will the highest temperature in Sao Paulo be 18°C or below on July 6?,Sao Paulo,2026-07-06,high,18°C or below,Yes,False,0.0,current_zero_value_after_local_day_end,partially_sold,0-1c,0.001229172181277117,9,9905.216,12.175215956741,6,1127.33,1.12733,0.001,0.1138117533226938,-11.0362,-0.906447987387824,-12.175215956741,loss,2026-07-06T15:14:19+00:00,2026-07-06T15:20:29.928347+00:00,6-12h,11.761388888888888,America/Sao_Paulo,2026-07-07T03:00:00+00:00,2026-07-06T15:24:04+00:00,2026-07-06T17:32:08+00:00,11.598888888888888,9.464444444444444,0.8135556720466894,0.8135556720466894,0.8135556720466894,ok,162,5,2026-07-06T14:14:19+00:00,2026-07-07T09:00:00+00:00,0.0045,2026-07-06T15:15:05+00:00,3.661000524210102,market_history,2026-07-06T15:14:19+00:00,0.0,2026-07-06T15:14:19+00:00,0.0,2026-07-06T15:15:05+00:00,0.012777777777777779,True,True,True,0.0005,2026-07-06T17:35:04+00:00,0.0005,2026-07-07T03:40:04+00:00,0.5,reverted_or_fell_after_sell,"[{""side"":""BUY"",""timestamp"":1783350859,""utc"":""2026-07-06T15:14:19+00:00"",""price"":0.0032254247,""shares"":1020.03,""usd"":3.290029956741,""transactionHash"":""0xd3aa396dbfcf64f6fac13c9c52278a66f8332b340570f98094112e89e2163d06""},{""side"":""BUY"",""timestamp"":1783350983,""utc"":""2026-07-06T15:16:23+00:00"",""price"":0.001,""shares"":2.81,""usd"":0.00281,""transactionHash"":""0x48e16ba5770c6785fe694118184ce6baa9f54cae6bbcfd6f2f1eb15098521d49""},{""side"":""BUY"",""timestamp"":1783350985,""utc"":""2026-07-06T15:16:25+00:00"",""price"":0.001,""shares"":4.994,""usd"":0.004994,""transactionHash"":""0x5af31dd18e477ea9c6cc24c2e09b2f9669d22103e36038af6250c49155ec2009""},{""side"":""BUY"",""timestamp"":1783351127,""utc"":""2026-07-06T15:18:47+00:00"",""price"":0.001,""shares"":5.0,""usd"":0.005,""transactionHash"":""0xd8c336b2d6e2ba0a84854ceb35b1e91d7d755f36781ff5243f044b7f35c03417""},{""side"":""BUY"",""timestamp"":1783351363,""utc"":""2026-07-06T15:22:43+00:00"",""price"":0.001,""shares"":50.0,""usd"":0.05,""transactionHash"":""0x9da42f8b0e244be354e4d092047246c0ff8e7943a3ebde94c47a50daf931ec76""},{""side"":""BUY"",""timestamp"":1783351364,""utc"":""2026-07-06T15:22:44+00:00"",""price"":0.001,""shares"":50.0,""usd"":0.05,""transactionHash"":""0xebf9aa9e82552fa10fdf5f158510eeab577c4835295e735f5961ef58e8f8f4dd""},{""side"":""BUY"",""timestamp"":1783351366,""utc"":""2026-07-06T15:22:46+00:00"",""price"":0.001,""shares"":5005.005,""usd"":5.005005000000001,""transactionHash"":""0xf1eb95ae2058b4707e690fce639ba0e6945d87464eea1b9698ee0d6d37f47023""},{""side"":""BUY"",""timestamp"":1783351367,""utc"":""2026-07-06T15:22:47+00:00"",""price"":0.001,""shares"":1767.377,""usd"":1.767377,""transactionHash"":""0xfa4edc006a9a3114acff9e1335e947ec28e1c88699489a890c45dd50d0421e6d""},{""side"":""BUY"",""timestamp"":1783351373,""utc"":""2026-07-06T15:22:53+00:00"",""price"":0.001,""shares"":2000.0,""usd"":2.0,""transactionHash"":""0x831ec071619a20cbe61142135c77f439dcc481ede117acc71acf2d8a695effe6""}]","[{""side"":""SELL"",""timestamp"":1783351444,""utc"":""2026-07-06T15:24:04+00:00"",""price"":0.001,""shares"":557.96,""usd"":0.55796,""transactionHash"":""0xf58b1188916b76879b7a0e9748f5deea5a7685e9a19d2ded202fe5208347267e""},{""side"":""SELL"",""timestamp"":1783351445,""utc"":""2026-07-06T15:24:05+00:00"",""price"":0.001,""shares"":59.91,""usd"":0.05991,""transactionHash"":""0x310a2a2a1fd2e778ea4ee60d5df4b304e1f7aa846edb0c4e12dddb878de7eb95""},{""side"":""SELL"",""timestamp"":1783351447,""utc"":""2026-07-06T15:24:07+00:00"",""price"":0.001,""shares"":40.0,""usd"":0.04,""transactionHash"":""0x2cf89e8290861ce5a8ec4b25efe6d2abfb6620091fb9cf6adfc1b2e20e4bc2fe""},{""side"":""SELL"",""timestamp"":1783351999,""utc"":""2026-07-06T15:33:19+00:00"",""price"":0.001,""shares"":157.83,""usd"":0.15783000000000003,""transactionHash"":""0xe8f03414ab13334136cb052ec567ea4c7bffee832485ed57e0132e3cfc19e08e""},{""side"":""SELL"",""timestamp"":1783353659,""utc"":""2026-07-06T16:00:59+00:00"",""price"":0.001,""shares"":301.63,""usd"":0.30163,""transactionHash"":""0xdc967a409834c190c587472025b073e2886a1da3e2b76c8bce1c60239ca03b01""},{""side"":""SELL"",""timestamp"":1783359128,""utc"":""2026-07-06T17:32:08+00:00"",""price"":0.001,""shares"":10.0,""usd"":0.01,""transactionHash"":""0xd362571b6f4792502a3220bf0b49ba1a1cda0c568e043cb8c54caf48b1cf04c1""}]",price history sampled; observed max may miss intra-sample ticks; settlement result comes from v2 current_positions zero-value inclusion
v3-20,partial_sold_loss,17919049066480373039760381491667524915342119134233224672952328523116993004102,highest-temperature-in-munich-on-april-5-2026-22c,Will the highest temperature in Munich be 22°C on April 5?,Munich,2026-04-05,high,22°C,Yes,False,0.0,closed_positions,partially_sold,10-20c,0.18892560344399983,27,160.53821,30.329778200069565,1,72.44,27.725999996844,0.3827443401,0.4512321396881154,-3.013767,-0.09936660202787397,-30.329778200069565,loss,2026-04-01T16:41:37+00:00,2026-04-02T07:45:12.354288+00:00,72h+,101.30638888888889,Europe/Berlin,2026-04-05T22:00:00+00:00,2026-04-05T10:26:45+00:00,2026-04-05T10:26:45+00:00,11.554166666666667,11.554166666666667,2.0258997887147188,2.0258997887147188,2.0258997887147188,ok,929,5,2026-04-01T15:41:37+00:00,2026-04-06T04:00:00+00:00,0.42,2026-04-05T02:40:49+00:00,2.223097305731215,market_history,2026-04-01T19:20:51+00:00,2.653888888888889,2026-04-05T00:25:48+00:00,79.73638888888888,,nan,True,True,,0.305,2026-04-05T10:35:47+00:00,0.0005,2026-04-05T15:05:49+00:00,0.7968765780319895,reverted_or_fell_after_sell,"[{""side"":""BUY"",""timestamp"":1775061697,""utc"":""2026-04-01T16:41:37+00:00"",""price"":0.21,""shares"":5.0,""usd"":1.05,""transactionHash"":""0x60e1bbb9559da230e60dc8e10cd4cf0e91bad54043e9c80b5115a29feeb0e703""},{""side"":""BUY"",""timestamp"":1775073837,""utc"":""2026-04-01T20:03:57+00:00"",""price"":0.2100000485,""shares"":2.06329,""usd"":0.433291000069565,""transactionHash"":""0xa85e3a486dd78f287d57a4940a214bbb4c31f95579bb46e80594257264a83144""},{""side"":""BUY"",""timestamp"":1775082681,""utc"":""2026-04-01T22:31:21+00:00"",""price"":0.21,""shares"":5.0,""usd"":1.05,""transactionHash"":""0x6b13c9f0e0d2fb999c5f6ff16e0046cbef270301bae8602bf5ffbfe0b8a234bd""},{""side"":""BUY"",""timestamp"":1775085679,""utc"":""2026-04-01T23:21:19+00:00"",""price"":0.21,""shares"":6.02,""usd"":1.2641999999999998,""transactionHash"":""0x0aa7f831620a35a2af47656c195fe794881902d70b1cbc73ef571e861a4c8300""},{""side"":""BUY"",""timestamp"":1775094785,""utc"":""2026-04-02T01:53:05+00:00"",""price"":0.21,""shares"":4.71,""usd"":0.9891,""transactionHash"":""0x09cc3e43f48abedd523159113ee3c16b952f5d79e22b300c589f202170ecf646""},{""side"":""BUY"",""timestamp"":1775096285,""utc"":""2026-04-02T02:18:05+00:00"",""price"":0.21,""shares"":0.29,""usd"":0.060899999999999996,""transactionHash"":""0x394f287b9f72b5ee026fcc04a33d00d0f2ec4d0cd5bb184d1f59b195d0d5bba9""},{""side"":""BUY"",""timestamp"":1775102509,""utc"":""2026-04-02T04:01:49+00:00"",""price"":0.21,""shares"":5.2,""usd"":1.092,""transactionHash"":""0xa4ec110e923bb320e1ef46ddc6ee7be214e6ab5cf59009616f77e0f2cb50055d""},{""side"":""BUY"",""timestamp"":1775111147,""utc"":""2026-04-02T06:25:47+00:00"",""price"":0.21,""shares"":5.22,""usd"":1.0961999999999998,""transactionHash"":""0xb16009fdf7fe8c3c6543847bf1727d91fd5edfad7f629ddc4ceb719f46a328a2""},{""side"":""BUY"",""timestamp"":1775111147,""utc"":""2026-04-02T06:25:47+00:00"",""price"":0.21,""shares"":6.0,""usd"":1.26,""transactionHash"":""0xd94f62d1547a81f4c83ed6a91fc6605029592400f3bacf8c9f044e3e9a3ef514""},{""side"":""BUY"",""timestamp"":1775111165,""utc"":""2026-04-02T06:26:05+00:00"",""price"":0.21,""shares"":1.38,""usd"":0.28979999999999995,""transactionHash"":""0x1237b43dcf3db7fec4e5f5541c30a5497b2e44814c4205e73e41ec71ad7a49e7""},{""side"":""BUY"",""timestamp"":1775111165,""utc"":""2026-04-02T06:26:05+00:00"",""price"":0.21,""shares"":3.62,""usd"":0.7602,""transactionHash"":""0x6dd74667d3d8cbdad4efa8b03af4e2381b583f718a248ae9f8022e9224e43760""},{""side"":""BUY"",""timestamp"":1775111173,""utc"":""2026-04-02T06:26:13+00:00"",""price"":0.21,""shares"":5.0,""usd"":1.05,""transactionHash"":""0x5edbdf6f72a9aef81db523dbf9d9d176815590f55f0f98c086d54acfdebb9ff7""},{""side"":""BUY"",""timestamp"":1775111175,""utc"":""2026-04-02T06:26:15+00:00"",""price"":0.21,""shares"":4.2,""usd"":0.882,""transactionHash"":""0x4476fc93f50c96f0d5ba8f63f6dbc433a22ef9ab0858ef0b19aafab49bc8dc81""},{""side"":""BUY"",""timestamp"":1775111175,""utc"":""2026-04-02T06:26:15+00:00"",""price"":0.21,""shares"":0.68,""usd"":0.1428,""transactionHash"":""0x6dac1df11a6fb78e88dc72f297e43f8529884b616ab9b7262b8045e8c1cd0db3""},{""side"":""BUY"",""timestamp"":1775111175,""utc"":""2026-04-02T06:26:15+00:00"",""price"":0.21,""shares"":0.66,""usd"":0.1386,""transactionHash"":""0x89432714ce4c15ab3e7e9a884a5cc654a218e4e46ab9c932a370421dbdd50e3c""},{""side"":""BUY"",""timestamp"":1775111177,""utc"":""2026-04-02T06:26:17+00:00"",""price"":0.21,""shares"":0.12,""usd"":0.025199999999999997,""transactionHash"":""0xf105511b3b92d80aef21b7905120662f9355164ab142ebce6fc06de48128aa58""},{""side"":""BUY"",""timestamp"":1775111201,""utc"":""2026-04-02T06:26:41+00:00"",""price"":0.21,""shares"":4.84,""usd"":1.0164,""transactionHash"":""0x0a49bc8a95a88bc00d2cfc16e6389eb41be7eb76d94b8010a42b54b53bf9de31""},{""side"":""BUY"",""timestamp"":1775111201,""utc"":""2026-04-02T06:26:41+00:00"",""price"":0.21,""shares"":4.0,""usd"":0.84,""transactionHash"":""0x84325f215a0c3ee5191ab10a53dd413ed05147f10c4a0cfea75e6e55837afd9e""},{""side"":""BUY"",""timestamp"":1775111201,""utc"":""2026-04-02T06:26:41+00:00"",""price"":0.21,""shares"":1.13,""usd"":0.23729999999999996,""transactionHash"":""0x944dbec743d0f5d6490deee31cba1799d61d21138534e02579a9721b9222a44b""},{""side"":""BUY"",""timestamp"":1775111203,""utc"":""2026-04-02T06:26:43+00:00"",""price"":0.21,""shares"":3.87,""usd"":0.8127,""transactionHash"":""0x4ad64e3e931f9d6040c22635826058a37561aa63ae0adaa6e4149a1281eebe46""},{""side"":""BUY"",""timestamp"":1775111203,""utc"":""2026-04-02T06:26:43+00:00"",""price"":0.21,""shares"":1.16,""usd"":0.24359999999999998,""transactionHash"":""0x51ce8c289d6a5ec09deab06f9d2411eee739c18d983e707fed281760d49a6f67""},{""side"":""BUY"",""timestamp"":1775111203,""utc"":""2026-04-02T06:26:43+00:00"",""price"":0.21,""shares"":3.84,""usd"":0.8063999999999999,""transactionHash"":""0x96f77dc66d8bdb6ce01f2f4b5b4fb8810e8d50217ef273fb68d2f1e9d74ecd90""},{""side"":""BUY"",""timestamp"":1775111413,""utc"":""2026-04-02T06:30:13+00:00"",""price"":0.21,""shares"":5.0,""usd"":1.05,""transactionHash"":""0x8202d9df95e819434ca75168be139e1ad07898e779fce17c68b7e40dcfbf6724""},{""side"":""BUY"",""timestamp"":1775111443,""utc"":""2026-04-02T06:30:43+00:00"",""price"":0.21,""shares"":3.87,""usd"":0.8127,""transactionHash"":""0xb0e00cf070a90a25bc3e145e0299778ff8fce44a0048b83134b64c0ae5b812bb""},{""side"":""BUY"",""timestamp"":1775111467,""utc"":""2026-04-02T06:31:07+00:00"",""price"":0.21,""shares"":5.0,""usd"":1.05,""transactionHash"":""0x65832a0898d67adf51d71b7661ddcd01aa6e7787204f5abfe42ea32478e2d1aa""},{""side"":""BUY"",""timestamp"":1775111467,""utc"":""2026-04-02T06:31:07+00:00"",""price"":0.21,""shares"":5.0,""usd"":1.05,""transactionHash"":""0x6ee1a3da5968313d5cebff89abb9b721fa1d85bc97c0ff8af270dc01d53cd673""},{""side"":""BUY"",""timestamp"":1775138833,""utc"":""2026-04-02T14:07:13+00:00"",""price"":0.16,""shares"":67.66492,""usd"":10.8263872,""transactionHash"":""0x8b791af372fe15387e992aee897ae8802da8b08b99d237e1d6d54c9e38cf818b""}]","[{""side"":""SELL"",""timestamp"":1775384805,""utc"":""2026-04-05T10:26:45+00:00"",""price"":0.3827443401,""shares"":72.44,""usd"":27.725999996844,""transactionHash"":""0x3a42d1cd8e4ec567fbbf5a2a58f62e688a99a4ef0cbefb98d83bf06b04fcfd6d""}]",price history sampled; observed max may miss intra-sample ticks
v3-21,partial_sold_loss,52017865781354215457261034217232773115112564132641439888992934340127347512004,highest-temperature-in-shenzhen-on-may-23-2026-33c,Will the highest temperature in Shenzhen be 33°C on May 23?,Shenzhen,2026-05-23,high,33°C,Yes,False,0.0,current_zero_value_after_local_day_end,partially_sold,>=20c,0.2067683044345797,8,411.990717,85.18662199687677,1,234.62,52.747399998358,0.2248205609,0.5694788506606084,-32.439,-0.3807992292638312,-85.18662199687677,loss,2026-05-22T03:10:37+00:00,2026-05-22T10:13:14.113565+00:00,24-48h,36.823055555555555,Asia/Shanghai,2026-05-23T16:00:00+00:00,2026-05-22T07:12:49+00:00,2026-05-22T07:12:49+00:00,32.78638888888889,32.78638888888889,1.087306691007528,1.087306691007528,1.087306691007528,ok,482,5,2026-05-22T02:10:37+00:00,2026-05-23T22:00:00+00:00,0.265,2026-05-22T19:15:03+00:00,1.2816277655545825,market_history,,nan,,nan,,nan,,,,0.265,2026-05-22T19:15:03+00:00,0.0005,2026-05-23T18:25:16+00:00,1.17871781361613,continued_up_after_sell,"[{""side"":""BUY"",""timestamp"":1779419437,""utc"":""2026-05-22T03:10:37+00:00"",""price"":0.1700000178,""shares"":6.180717,""usd"":1.0507220000167625,""transactionHash"":""0xba111d531193f8f8d822370abfa2f0ce5f900b94aeea91826dbc644235ab44ae""},{""side"":""BUY"",""timestamp"":1779420170,""utc"":""2026-05-22T03:22:50+00:00"",""price"":0.17,""shares"":5.0,""usd"":0.8500000000000001,""transactionHash"":""0xc2ff5687a307631a2f0e312c7a328707b8e7615cd4c24dc04009a55b6a3551c2""},{""side"":""BUY"",""timestamp"":1779421988,""utc"":""2026-05-22T03:53:08+00:00"",""price"":0.17,""shares"":12.0,""usd"":2.04,""transactionHash"":""0x4cb0960a50a734da62ed5a5f1d81e4c4d030820e2e93df9aa11281a2af205d28""},{""side"":""BUY"",""timestamp"":1779423819,""utc"":""2026-05-22T04:23:39+00:00"",""price"":0.17,""shares"":8.0,""usd"":1.36,""transactionHash"":""0xad31e1c63f4095011370a5245a9bdc7a2fa5bd6a464634951cbb07d6cca696df""},{""side"":""BUY"",""timestamp"":1779433076,""utc"":""2026-05-22T06:57:56+00:00"",""price"":0.17,""shares"":25.94,""usd"":4.409800000000001,""transactionHash"":""0xce685e93d3042cf3b1363dbced28d8ec89190cfdc44fee2e4a284dc2634a6569""},{""side"":""BUY"",""timestamp"":1779433857,""utc"":""2026-05-22T07:10:57+00:00"",""price"":0.248028169,""shares"":177.5,""usd"":44.0249999975,""transactionHash"":""0xbf66551b5e5c934f1415989e051c79ed4b0fd116480b4c3dd0c46259fb06ba4d""},{""side"":""BUY"",""timestamp"":1779463068,""utc"":""2026-05-22T15:17:48+00:00"",""price"":0.172713152,""shares"":147.43,""usd"":25.46309999936,""transactionHash"":""0xebee00b3059da20720cb1e38f59c0f1a77fe11a442212af9538c85c871745d9a""},{""side"":""BUY"",""timestamp"":1779476607,""utc"":""2026-05-22T19:03:27+00:00"",""price"":0.2,""shares"":29.94,""usd"":5.988,""transactionHash"":""0x8ba86db60e31d7917e8d806349d8b1a2ae99323c75d2a55d71b81ad9278fb493""}]","[{""side"":""SELL"",""timestamp"":1779433969,""utc"":""2026-05-22T07:12:49+00:00"",""price"":0.2248205609,""shares"":234.62,""usd"":52.747399998358,""transactionHash"":""0x9e577154df83f55df8bb80c7238c24c9a447977a0f12df5256a81aee776e895d""}]",price history sampled; observed max may miss intra-sample ticks; settlement result comes from v2 current_positions zero-value inclusion
v3-22,partial_sold_loss,94622926344717922226668676586582724014802930503972774653336770769499361472840,highest-temperature-in-buenos-aires-on-april-28-2026-21corhigher,Will the highest temperature in Buenos Aires be 21°C or higher on April 28?,Buenos Aires,2026-04-28,high,21°C or higher,Yes,False,0.0,current_zero_value_after_local_day_end,partially_sold,>=20c,0.3180323523580543,19,402.307656,127.94685020933491,5,349.51,104.517899998,0.29904122914365827,0.868762984714365,-24.5708,-0.19203911592821166,-127.94685020933491,loss,2026-04-26T08:06:08+00:00,2026-04-27T03:12:21.858098+00:00,48-72h,66.89777777777778,America/Argentina/Buenos_Aires,2026-04-29T03:00:00+00:00,2026-04-28T17:05:14+00:00,2026-04-28T19:44:36+00:00,9.912777777777778,7.256666666666667,1.7049278734684932,0.9402855619134778,1.7049278734684932,ok,848,5,2026-04-26T07:06:08+00:00,2026-04-29T09:00:00+00:00,0.685,2026-04-28T18:55:04+00:00,2.1538689222057443,market_history,2026-04-26T08:35:05+00:00,0.4825,2026-04-28T14:15:04+00:00,54.14888888888889,,nan,True,True,,0.19,2026-04-28T19:45:06+00:00,0.0005,2026-04-29T05:50:04+00:00,0.635363894617771,reverted_or_fell_after_sell,"[{""side"":""BUY"",""timestamp"":1777190768,""utc"":""2026-04-26T08:06:08+00:00"",""price"":0.3,""shares"":4.8,""usd"":1.44,""transactionHash"":""0x0a1dc7f3213756976f92dc6aa1f6975f5917ff9aebb8e1023431c9f9dc7b5611""},{""side"":""BUY"",""timestamp"":1777191554,""utc"":""2026-04-26T08:19:14+00:00"",""price"":0.3672489684,""shares"":27.23996,""usd"":10.003847209257264,""transactionHash"":""0xcd90dd484b8bf8a3efd794c22ed76cb1960a2e5a9b8aa74bf3d1140d0daa3021""},{""side"":""BUY"",""timestamp"":1777193076,""utc"":""2026-04-26T08:44:36+00:00"",""price"":0.4400001568,""shares"":1.785713,""usd"":0.7857139999997984,""transactionHash"":""0x9d7f89aa2fc2dde83a9da273c383fd971dc20f958b4c45fba91c30abf19f4974""},{""side"":""BUY"",""timestamp"":1777202344,""utc"":""2026-04-26T11:19:04+00:00"",""price"":0.49,""shares"":5.0,""usd"":2.45,""transactionHash"":""0xcb3e56201d7acdcbe3671dcc1214d7fe42bc35f7ea5515ffad337d881c3a4ca2""},{""side"":""BUY"",""timestamp"":1777205348,""utc"":""2026-04-26T12:09:08+00:00"",""price"":0.49,""shares"":15.0,""usd"":7.35,""transactionHash"":""0x37a0ee55a08f3658d2b069932a7e2d3a02e15f4c7b7d1fe105203545f3e73e3d""},{""side"":""BUY"",""timestamp"":1777206908,""utc"":""2026-04-26T12:35:08+00:00"",""price"":0.4900000905,""shares"":4.862744,""usd"":2.382745000078332,""transactionHash"":""0xc5b43c2ceb854161b9bd217210c29022c28478d5f48e4a9017881713a9e64178""},{""side"":""BUY"",""timestamp"":1777207208,""utc"":""2026-04-26T12:40:08+00:00"",""price"":0.49,""shares"":20.0,""usd"":9.8,""transactionHash"":""0x82b40664fc39f66220dd03c62cb1bfabb0dabb824159da80b781385f18146396""},{""side"":""BUY"",""timestamp"":1777218620,""utc"":""2026-04-26T15:50:20+00:00"",""price"":0.49,""shares"":11.0,""usd"":5.39,""transactionHash"":""0xa4e5d9abbde6b85bf5d3e27d13eb4db7f1ac4c88a8cc832a0197666778ed0d86""},{""side"":""BUY"",""timestamp"":1777223838,""utc"":""2026-04-26T17:17:18+00:00"",""price"":0.6,""shares"":38.784,""usd"":23.2704,""transactionHash"":""0x5823b6e80b6fd9540c3e395b6b66f315fb9bcccedbad25d25b17d17238efd9d5""},{""side"":""BUY"",""timestamp"":1777237934,""utc"":""2026-04-26T21:12:14+00:00"",""price"":0.39,""shares"":20.14,""usd"":7.8546000000000005,""transactionHash"":""0x6452f64e38a247db22db0c0b69841b3a82cd93cd7720818149b11759ed6465e7""},{""side"":""BUY"",""timestamp"":1777238784,""utc"":""2026-04-26T21:26:24+00:00"",""price"":0.3900000488,""shares"":5.327866,""usd"":2.077867999999861,""transactionHash"":""0xea9fb54a7afacbdf672c5c74d423277a0033af1222932e6164de16afd1540ddf""},{""side"":""BUY"",""timestamp"":1777239870,""utc"":""2026-04-26T21:44:30+00:00"",""price"":0.39,""shares"":24.42,""usd"":9.523800000000001,""transactionHash"":""0x3b67432d2705a2da8ff9336d7e9395e0c7ea2fa376929755935428daa23f2108""},{""side"":""BUY"",""timestamp"":1777247604,""utc"":""2026-04-26T23:53:24+00:00"",""price"":0.390000061,""shares"":4.91803,""usd"":1.91803199999983,""transactionHash"":""0xd5d9226e94440804aa057ca838fd793b43ba30c947861a11f6ab35efa8477013""},{""side"":""BUY"",""timestamp"":1777248492,""utc"":""2026-04-27T00:08:12+00:00"",""price"":0.3900001403,""shares"":1.639343,""usd"":0.6393439999998229,""transactionHash"":""0x3984be3820d2d52884ee82bed0b806e954afb25c709747d536086c5ac944219b""},{""side"":""BUY"",""timestamp"":1777249882,""utc"":""2026-04-27T00:31:22+00:00"",""price"":0.39,""shares"":16.39,""usd"":6.3921,""transactionHash"":""0x2c91eb975b4582f4b491771958f033e06ff2afbfd0da04b1a198731f1c2597f6""},{""side"":""BUY"",""timestamp"":1777253282,""utc"":""2026-04-27T01:28:02+00:00"",""price"":0.39,""shares"":20.0,""usd"":7.800000000000001,""transactionHash"":""0xcb1cc7bb84e11ffba716bc5f1d9f2238d2b3f4a15b596e4ce35c54c09ce0b0c4""},{""side"":""BUY"",""timestamp"":1777253298,""utc"":""2026-04-27T01:28:18+00:00"",""price"":0.39,""shares"":7.16,""usd"":2.7924,""transactionHash"":""0x71e8a996c3373a94d2901e59f3775ad55b5e035e1115d1ba75715ad4c636721b""},{""side"":""BUY"",""timestamp"":1777397242,""utc"":""2026-04-28T17:27:22+00:00"",""price"":0.15,""shares"":73.84,""usd"":11.076,""transactionHash"":""0x218d8f9ff4a2bb084c73f5acd2a81d0f3a6429c12e9e5359d8385be7d8fe1eab""},{""side"":""BUY"",""timestamp"":1777399046,""utc"":""2026-04-28T17:57:26+00:00"",""price"":0.15,""shares"":100.0,""usd"":15.0,""transactionHash"":""0xeeb7e8ee341f0dfa2861f1f7747ae4a859504db2fdf66f35c558b2d9a0e3311b""}]","[{""side"":""SELL"",""timestamp"":1777395914,""utc"":""2026-04-28T17:05:14+00:00"",""price"":0.5422222222,""shares"":45.0,""usd"":24.399999999000002,""transactionHash"":""0x993c8f783c3ee466d862e69af3cff8f503ea19714835d86281d04663b06a9db6""},{""side"":""SELL"",""timestamp"":1777396116,""utc"":""2026-04-28T17:08:36+00:00"",""price"":0.45,""shares"":30.0,""usd"":13.5,""transactionHash"":""0xa409b4585c1a3ede919ce32f801d92d9a50a2a9d1ed39b01948cbd3ad8ce2205""},{""side"":""SELL"",""timestamp"":1777400876,""utc"":""2026-04-28T18:27:56+00:00"",""price"":0.29,""shares"":7.58,""usd"":2.1982,""transactionHash"":""0x902697e106c1e6c147cb5c5de2e3191b0f520de8bfc26408d1628657c13ab252""},{""side"":""SELL"",""timestamp"":1777401796,""utc"":""2026-04-28T18:43:16+00:00"",""price"":0.29,""shares"":156.93,""usd"":45.5097,""transactionHash"":""0x84995e9952000b93c28d328ed268753c9deb98f5013f069c2ede3988664dc778""},{""side"":""SELL"",""timestamp"":1777405476,""utc"":""2026-04-28T19:44:36+00:00"",""price"":0.1719090909,""shares"":110.0,""usd"":18.909999999,""transactionHash"":""0x4abf29528554b370be55c00941307aa46cb0518a7a49762e372044904ffd5d16""}]",price history sampled; observed max may miss intra-sample ticks; settlement result comes from v2 current_positions zero-value inclusion
v3-23,never_sold_loss,109715802839047662159947858476321057541854997872336957237653342650139697288090,highest-temperature-in-london-on-june-27-2026-32c,Will the highest temperature in London be 32°C on June 27?,London,2026-06-27,high,32°C,Yes,False,0.0,current_zero_value_after_local_day_end,never_sold,>=20c,0.22747486204323764,9,740.360238,168.41334300134858,0,0,0,nan,0.0,-168.4104,-0.9999825251295644,-168.41334300134858,loss,2026-06-26T18:23:43+00:00,2026-06-27T02:48:38.426568+00:00,24-48h,28.60472222222222,Europe/London,2026-06-27T23:00:00+00:00,,,nan,nan,nan,nan,nan,ok,364,5,2026-06-26T17:23:43+00:00,2026-06-28T05:00:00+00:00,0.37,2026-06-27T12:05:04+00:00,1.6265533548479378,market_history,2026-06-27T11:55:04+00:00,17.5225,,nan,,nan,,,,nan,,nan,,nan,no_sells,"[{""side"":""BUY"",""timestamp"":1782498223,""utc"":""2026-06-26T18:23:43+00:00"",""price"":0.25,""shares"":278.9,""usd"":69.725,""transactionHash"":""0x84d06057b649d086713b1e0e570b6f3f9c0fd2f49f7034ec90439117da7fd990""},{""side"":""BUY"",""timestamp"":1782546260,""utc"":""2026-06-27T07:44:20+00:00"",""price"":0.16,""shares"":7.0,""usd"":1.12,""transactionHash"":""0x5c2d67a5dbe2692f8d337d62aac59096c1bfb1bc3203fda467d3d2e6bf8b8582""},{""side"":""BUY"",""timestamp"":1782546262,""utc"":""2026-06-27T07:44:22+00:00"",""price"":0.16,""shares"":5.0,""usd"":0.8,""transactionHash"":""0x76b18bd7ce0e2ba1b1abf80542a60c1c540762e55b376c9eb4a607d85dbcd0e7""},{""side"":""BUY"",""timestamp"":1782546262,""utc"":""2026-06-27T07:44:22+00:00"",""price"":0.16,""shares"":5.0,""usd"":0.8,""transactionHash"":""0x7c93f874afc0a62739f0f8bfb771e5f07fb1680390944152fe8dcd5fa0007f93""},{""side"":""BUY"",""timestamp"":1782546263,""utc"":""2026-06-27T07:44:23+00:00"",""price"":0.16,""shares"":8.5,""usd"":1.36,""transactionHash"":""0xa836ea23ddbd23c04f1eb67377c063582792013591a1908c407edf21fe72c4aa""},{""side"":""BUY"",""timestamp"":1782549742,""utc"":""2026-06-27T08:42:22+00:00"",""price"":0.1800000066,""shares"":24.390238,""usd"":4.3902430009755715,""transactionHash"":""0xab0ceca37a391a91a59485ce18345696735194384b1764880ce7b537336af939""},{""side"":""BUY"",""timestamp"":1782549751,""utc"":""2026-06-27T08:42:31+00:00"",""price"":0.2290743989,""shares"":370.57,""usd"":84.888100000373,""transactionHash"":""0x1c6d0eeb3457a2866ac4a07f51fa9d81250704fb3ab473c2834e1da8e0911d57""},{""side"":""BUY"",""timestamp"":1782554879,""utc"":""2026-06-27T10:07:59+00:00"",""price"":0.13,""shares"":21.0,""usd"":2.73,""transactionHash"":""0xb4902d393133e3f6c0b1015a76318a677f5845d59575f4f35b84a8d2b87fcc2e""},{""side"":""BUY"",""timestamp"":1782556373,""utc"":""2026-06-27T10:32:53+00:00"",""price"":0.13,""shares"":20.0,""usd"":2.6,""transactionHash"":""0xa06025a094ffc952bea6b386f90ceff196e378c3340f55d8b3981d7ae4df4701""}]",[],price history sampled; observed max may miss intra-sample ticks; settlement result comes from v2 current_positions zero-value inclusion
v3-24,never_sold_loss,36956784142745955538659524970608397401335498664662364527002297999338534637113,highest-temperature-in-shenzhen-on-june-22-2026-35c,Will the highest temperature in Shenzhen be 35°C on June 22?,Shenzhen,2026-06-22,high,35°C,Yes,False,0.0,current_zero_value_after_local_day_end,never_sold,5-10c,0.09992841767739025,3,919.78,91.91216001131,0,0,0,nan,0.0,-91.9108,-0.9999852031405874,-91.91216001131,loss,2026-06-21T21:07:28+00:00,2026-06-21T21:21:58.693727+00:00,12-24h,18.875555555555554,Asia/Shanghai,2026-06-22T16:00:00+00:00,,,nan,nan,nan,nan,nan,ok,246,5,2026-06-21T20:07:28+00:00,2026-06-22T22:00:00+00:00,0.232,2026-06-22T04:05:05+00:00,2.321661899510816,market_history,2026-06-21T21:07:28+00:00,0.0,2026-06-22T02:55:05+00:00,5.793611111111111,,nan,,,,nan,,nan,,nan,no_sells,"[{""side"":""BUY"",""timestamp"":1782076048,""utc"":""2026-06-21T21:07:28+00:00"",""price"":0.1527809388,""shares"":377.52,""usd"":57.67786001577599,""transactionHash"":""0xd6ecaa9ea74aa13813641f1238458961b74ca0674cd7e21f9bcf1d4505220b09""},{""side"":""BUY"",""timestamp"":1782076169,""utc"":""2026-06-21T21:09:29+00:00"",""price"":0.162,""shares"":200.0,""usd"":32.4,""transactionHash"":""0x632bde1727b1a0b73fe31220baa8978afac4bfee66d1f924e4fada9ff6af98fd""},{""side"":""BUY"",""timestamp"":1782117539,""utc"":""2026-06-22T08:38:59+00:00"",""price"":0.0053593759,""shares"":342.26,""usd"":1.834299995534,""transactionHash"":""0xdcd4c46391a09a589f7f8db042f505897d6ec961b072e9c80f3bd6f2bc105d9e""}]",[],price history sampled; observed max may miss intra-sample ticks; settlement result comes from v2 current_positions zero-value inclusion
v3-25,never_sold_loss,18629050401290989874141817979178745888516581628720417419519457265242564009575,highest-temperature-in-buenos-aires-on-july-13-2026-10c,Will the highest temperature in Buenos Aires be 10°C on July 13?,Buenos Aires,2026-07-13,high,10°C,Yes,False,0.0,current_zero_value_after_local_day_end,never_sold,2-5c,0.04639998263717161,10,797.869566,37.02113400912765,0,0,0,nan,0.0,-37.0187,-0.9999342535232161,-37.02113400912765,loss,2026-07-13T15:13:49+00:00,2026-07-13T17:24:32.488472+00:00,6-12h,11.769722222222223,America/Argentina/Buenos_Aires,2026-07-14T03:00:00+00:00,,,nan,nan,nan,nan,nan,ok,158,5,2026-07-13T14:13:49+00:00,2026-07-14T09:00:00+00:00,0.585,2026-07-13T18:30:05+00:00,12.607763338500671,market_history,2026-07-13T15:50:05+00:00,0.6044444444444445,2026-07-13T15:50:05+00:00,0.6044444444444445,2026-07-13T16:20:05+00:00,1.1044444444444443,,,,nan,,nan,,nan,no_sells,"[{""side"":""BUY"",""timestamp"":1783955629,""utc"":""2026-07-13T15:13:49+00:00"",""price"":0.0158927582,""shares"":101.08,""usd"":1.6064399988559999,""transactionHash"":""0x678fff901743f3b8cef514c8f5aecde440a899ef0bc0de2b91fba4c5fd1cd003""},{""side"":""BUY"",""timestamp"":1783955891,""utc"":""2026-07-13T15:18:11+00:00"",""price"":0.02,""shares"":42.53,""usd"":0.8506,""transactionHash"":""0x6d9bb65b36399ebbfa5c88f8a9aaca45768c6d1119397893d574b9e8df57944c""},{""side"":""BUY"",""timestamp"":1783957720,""utc"":""2026-07-13T15:48:40+00:00"",""price"":0.0483948944,""shares"":404.26,""usd"":19.564120010144,""transactionHash"":""0xfa41116b26f7ed12644d9af7f9cd25d97c44b48cc528ce9b96c98e4e3a046554""},{""side"":""BUY"",""timestamp"":1783972217,""utc"":""2026-07-13T19:50:17+00:00"",""price"":0.06,""shares"":29.58,""usd"":1.7748,""transactionHash"":""0xc8d58d25653e97cbd2ee8202fd65aa983382d3b3f71c25c31be8276e0dc9619d""},{""side"":""BUY"",""timestamp"":1783972217,""utc"":""2026-07-13T19:50:17+00:00"",""price"":0.06,""shares"":0.91,""usd"":0.0546,""transactionHash"":""0xd2cb963a47701c58dd3609d1e5a2a65d47fc35475efcd437616ef1ba2e82ab65""},{""side"":""BUY"",""timestamp"":1783972219,""utc"":""2026-07-13T19:50:19+00:00"",""price"":0.0600000008,""shares"":50.159566,""usd"":3.0095740001276527,""transactionHash"":""0x1c4d826c16ab70a4ace68372478c1348699ce10aa9eb2b6f25c66a59b89a88f3""},{""side"":""BUY"",""timestamp"":1783972240,""utc"":""2026-07-13T19:50:40+00:00"",""price"":0.06,""shares"":0.23,""usd"":0.0138,""transactionHash"":""0x6c51cedc642a86f591770ea8055e8b6af80965414abf97e507328cb2966bcbf7""},{""side"":""BUY"",""timestamp"":1783972243,""utc"":""2026-07-13T19:50:43+00:00"",""price"":0.06,""shares"":16.05,""usd"":0.963,""transactionHash"":""0x18b1cdf936de1798d1c5f51433b9f1b00d5fef40677fea9909f018f43d98e2e7""},{""side"":""BUY"",""timestamp"":1783972243,""utc"":""2026-07-13T19:50:43+00:00"",""price"":0.06,""shares"":77.74,""usd"":4.6644,""transactionHash"":""0xb1177d29ec526eb18a10f9f8eab37b68162240a124bf7bcc50994e68f83ea67b""},{""side"":""BUY"",""timestamp"":1783972277,""utc"":""2026-07-13T19:51:17+00:00"",""price"":0.06,""shares"":75.33,""usd"":4.5198,""transactionHash"":""0xf0c96225014dcc3e887325db0de90421479f73ece38c10f67451fe67eb1a837b""}]",[],price history sampled; observed max may miss intra-sample ticks; settlement result comes from v2 current_positions zero-value inclusion
v3-26,never_sold_loss,76407760619145092956761910175152594186482558561765376567670478280987526300845,highest-temperature-in-busan-on-april-11-2026-24corhigher,Will the highest temperature in Busan be 24°C or higher on April 11?,Busan,2026-04-11,high,24°C or higher,Yes,False,0.0,closed_positions,never_sold,10-20c,0.10330129511710076,17,298.551891,30.8407969999595,0,0,0,nan,0.0,-30.840699,-0.9999968223921223,-30.8407969999595,loss,2026-04-09T13:04:21+00:00,2026-04-09T19:44:08.082460+00:00,48-72h,49.9275,Asia/Seoul,2026-04-11T15:00:00+00:00,,,nan,nan,nan,nan,nan,ok,460,5,2026-04-09T12:04:21+00:00,2026-04-11T21:00:00+00:00,0.465,2026-04-10T16:40:52+00:00,4.501395645358397,market_history,2026-04-10T08:10:56+00:00,19.10972222222222,2026-04-10T10:20:10+00:00,21.26361111111111,2026-04-10T15:50:59+00:00,26.77722222222222,,,,nan,,nan,,nan,no_sells,"[{""side"":""BUY"",""timestamp"":1775739861,""utc"":""2026-04-09T13:04:21+00:00"",""price"":0.11,""shares"":3.99,""usd"":0.4389,""transactionHash"":""0x1d0619c51a0e3538d0bcee09d91f77a9d537bac71fc73014c52892a66c15a547""},{""side"":""BUY"",""timestamp"":1775739865,""utc"":""2026-04-09T13:04:25+00:00"",""price"":0.11,""shares"":4.08,""usd"":0.44880000000000003,""transactionHash"":""0x82b3931317fb7cb98f558e7baece4e0dde8d4d035a6bc4616bf3b38ee6fc11c2""},{""side"":""BUY"",""timestamp"":1775739887,""utc"":""2026-04-09T13:04:47+00:00"",""price"":0.11,""shares"":1.93,""usd"":0.2123,""transactionHash"":""0x36e6b13d5db8b58d6fa560aa1dab32693f477afd6d4f21918563f256901059c5""},{""side"":""BUY"",""timestamp"":1775740651,""utc"":""2026-04-09T13:17:31+00:00"",""price"":0.11,""shares"":13.0,""usd"":1.43,""transactionHash"":""0x69c658400b5abc11a050b92f1bfdc131e5672d3a7fb212775ad31a50ee33a874""},{""side"":""BUY"",""timestamp"":1775740671,""utc"":""2026-04-09T13:17:51+00:00"",""price"":0.11,""shares"":2.0,""usd"":0.22,""transactionHash"":""0xf156123fe181a13067a003e26e8056e94fcf41b64490b6707c7c16140ecdb67c""},{""side"":""BUY"",""timestamp"":1775740673,""utc"":""2026-04-09T13:17:53+00:00"",""price"":0.11,""shares"":4.08,""usd"":0.44880000000000003,""transactionHash"":""0xeb9f1b858e3021783ca5d0bb79346bac946ee9bd7ce089bcbf66f8442c4e12f0""},{""side"":""BUY"",""timestamp"":1775741291,""utc"":""2026-04-09T13:28:11+00:00"",""price"":0.11,""shares"":3.99,""usd"":0.4389,""transactionHash"":""0xd656ade048f42256bf80eef09962963e94fe970e2c7f76c4589799d2b2ee1b9c""},{""side"":""BUY"",""timestamp"":1775751235,""utc"":""2026-04-09T16:13:55+00:00"",""price"":0.11,""shares"":6.0,""usd"":0.66,""transactionHash"":""0x0dd3ad313cb2358abf27616d2c9e21d7b792f9c8725e6a5b898c31e436f43841""},{""side"":""BUY"",""timestamp"":1775752415,""utc"":""2026-04-09T16:33:35+00:00"",""price"":0.11,""shares"":5.0,""usd"":0.55,""transactionHash"":""0x90835a383769aae9d2d13052d3b802252a31207e7bdd2b42084dfbec6f213e4e""},{""side"":""BUY"",""timestamp"":1775752415,""utc"":""2026-04-09T16:33:35+00:00"",""price"":0.11,""shares"":5.0,""usd"":0.55,""transactionHash"":""0x90a33d3936c5d335445beb115ec26cf96bc8602da82dfa2100220d85e2b05293""},{""side"":""BUY"",""timestamp"":1775752415,""utc"":""2026-04-09T16:33:35+00:00"",""price"":0.11,""shares"":5.0,""usd"":0.55,""transactionHash"":""0x94bfd773995e7c41515ca275b9c2fa40e9124754bdef62fe5a815b54badf397a""},{""side"":""BUY"",""timestamp"":1775752415,""utc"":""2026-04-09T16:33:35+00:00"",""price"":0.11,""shares"":5.03,""usd"":0.5533,""transactionHash"":""0x9ec33b39a17a9f6dbb6bc42361eef5dffd703577bbaece3ff103129b08ed726e""},{""side"":""BUY"",""timestamp"":1775752415,""utc"":""2026-04-09T16:33:35+00:00"",""price"":0.1100000096,""shares"":9.370781,""usd"":1.0307859999594975,""transactionHash"":""0xa066cd5908e4c8bc6182ba51fb41db3e349b56b44ce599b52a19192c0ea56197""},{""side"":""BUY"",""timestamp"":1775752415,""utc"":""2026-04-09T16:33:35+00:00"",""price"":0.11,""shares"":25.0,""usd"":2.75,""transactionHash"":""0xebce6ee08925e918487968a529943871f3ea2d519e731bb20b37c00eb3ae00a2""},{""side"":""BUY"",""timestamp"":1775752471,""utc"":""2026-04-09T16:34:31+00:00"",""price"":0.11,""shares"":5.09,""usd"":0.5599,""transactionHash"":""0xacab1c134527b4a1dc71e197bae9123273c7644e03793e4f03d17beff77fc29c""},{""side"":""BUY"",""timestamp"":1775769127,""utc"":""2026-04-09T21:12:07+00:00"",""price"":0.1,""shares"":1.11111,""usd"":0.11111100000000002,""transactionHash"":""0x3a54a1f2a95f03ab438d3b265053481f00df880ea3903fa53a1bff69488afabc""},{""side"":""BUY"",""timestamp"":1775772269,""utc"":""2026-04-09T22:04:29+00:00"",""price"":0.1,""shares"":198.88,""usd"":19.888,""transactionHash"":""0xb5dd86d974e01882bd23b927de9622ecb1163d99c275aceb379427a3430586af""}]",[],price history sampled; observed max may miss intra-sample ticks
v3-27,never_sold_loss,32854162969656836732469376636109418629043065846982092790485408437318836833860,highest-temperature-in-madrid-on-june-9-2026-33c,Will the highest temperature in Madrid be 33°C on June 9?,Madrid,2026-06-09,high,33°C,No,False,0.0,current_zero_value_after_local_day_end,never_sold,0-1c,0.009595224954478917,3,651.72,6.253400007333,0,0,0,nan,0.0,-6.2526,-0.9998720684216488,-6.253400007333,loss,2026-06-09T16:54:33+00:00,2026-06-09T17:06:09.966561+00:00,0-6h,5.090833333333333,Europe/Madrid,2026-06-09T22:00:00+00:00,,,nan,nan,nan,nan,nan,ok,82,5,2026-06-09T15:54:33+00:00,2026-06-10T04:00:00+00:00,0.0225,2026-06-09T17:00:12+00:00,2.344916362747422,market_history,2026-06-09T16:54:33+00:00,0.0,2026-06-09T17:00:12+00:00,0.09416666666666666,,nan,,,,nan,,nan,,nan,no_sells,"[{""side"":""BUY"",""timestamp"":1781024073,""utc"":""2026-06-09T16:54:33+00:00"",""price"":0.0176106631,""shares"":162.43,""usd"":2.860500007333,""transactionHash"":""0x978a92dcf3d47a9d1a1354b04774aba82e55bb34c3862a354a0c45972300d634""},{""side"":""BUY"",""timestamp"":1781024350,""utc"":""2026-06-09T16:59:10+00:00"",""price"":0.005,""shares"":300.0,""usd"":1.5,""transactionHash"":""0x03be864f8abbaf81f80f16aadefdcd88455378e179ca1870691688c3a97ca517""},{""side"":""BUY"",""timestamp"":1781026156,""utc"":""2026-06-09T17:29:16+00:00"",""price"":0.01,""shares"":189.29,""usd"":1.8929,""transactionHash"":""0x31d6d37b3f37d3dcd883b502f464e2b29848fcbb66a7b790b90be68af72fe4c4""}]",[],price history sampled; observed max may miss intra-sample ticks; settlement result comes from v2 current_positions zero-value inclusion
v3-28,never_sold_loss,71453273585090715791095875532109792355929299192725807436034590184490665640891,highest-temperature-in-qingdao-on-july-9-2026-29c,Will the highest temperature in Qingdao be 29°C on July 9?,Qingdao,2026-07-09,high,29°C,Yes,False,0.0,current_zero_value_after_local_day_end,never_sold,1-2c,0.01669934055958952,10,1432.5304,23.922313011565002,0,0,0,nan,0.0,-23.9203,-0.9999158521350328,-23.922313011565002,loss,2026-07-08T19:31:34+00:00,2026-07-09T00:27:53.542960+00:00,12-24h,20.47388888888889,Asia/Shanghai,2026-07-09T16:00:00+00:00,,,nan,nan,nan,nan,nan,ok,263,5,2026-07-08T18:31:34+00:00,2026-07-09T22:00:00+00:00,0.418,2026-07-09T03:40:05+00:00,25.030928527292378,market_history,2026-07-08T19:31:34+00:00,0.0,2026-07-08T19:31:34+00:00,0.0,2026-07-08T19:31:34+00:00,0.0,,,,nan,,nan,,nan,no_sells,"[{""side"":""BUY"",""timestamp"":1783539094,""utc"":""2026-07-08T19:31:34+00:00"",""price"":0.0763837881,""shares"":202.69,""usd"":15.482230009989001,""transactionHash"":""0x2a60801ba1a54ab8b4c9d1249776580b812bdad8defbb51660de7ffb794cfd66""},{""side"":""BUY"",""timestamp"":1783546381,""utc"":""2026-07-08T21:33:01+00:00"",""price"":0.06,""shares"":19.18,""usd"":1.1508,""transactionHash"":""0x0df6f0e64c872b3c2a35b153953a852b21664a306785e3e89f501f76723dc182""},{""side"":""BUY"",""timestamp"":1783595149,""utc"":""2026-07-09T11:05:49+00:00"",""price"":0.0122884446,""shares"":181.56,""usd"":2.2310900015760002,""transactionHash"":""0xcd0ef5e1c991a4e29a3c570626f27e28c615aba6d61128f8e7246c9338eca3fa""},{""side"":""BUY"",""timestamp"":1783595212,""utc"":""2026-07-09T11:06:52+00:00"",""price"":0.005,""shares"":24.7474,""usd"":0.123737,""transactionHash"":""0xa05a8e25e3b3b44aa3e78f8c0421733a600dc62ec901a154133374614163edbd""},{""side"":""BUY"",""timestamp"":1783596239,""utc"":""2026-07-09T11:23:59+00:00"",""price"":0.005,""shares"":76.78,""usd"":0.3839,""transactionHash"":""0x701129fc93af78834f1d81fd0ac5a45e74d57a508b5645f9ec6cf4784e7447a1""},{""side"":""BUY"",""timestamp"":1783596751,""utc"":""2026-07-09T11:32:31+00:00"",""price"":0.005,""shares"":200.0,""usd"":1.0,""transactionHash"":""0x84de6b42fa73921224f7183764871802508548148e0efb9e2ef2177d3504817a""},{""side"":""BUY"",""timestamp"":1783596766,""utc"":""2026-07-09T11:32:46+00:00"",""price"":0.005,""shares"":75.0,""usd"":0.375,""transactionHash"":""0x0ee4d78909b97b1e2dad6af67bb458f36a394d4b365a0dbec3636311dbabc6ad""},{""side"":""BUY"",""timestamp"":1783596944,""utc"":""2026-07-09T11:35:44+00:00"",""price"":0.005,""shares"":623.47,""usd"":3.11735,""transactionHash"":""0x7e04561cd80cef84067971f6dd93e005051362c709189f5f5d6c25d30d754228""},{""side"":""BUY"",""timestamp"":1783597028,""utc"":""2026-07-09T11:37:08+00:00"",""price"":0.002,""shares"":15.03,""usd"":0.03006,""transactionHash"":""0x002f0e64fe27e3c6450c9b9a4728b97c1f9dbc07398843264fb04fe80dbce9fb""},{""side"":""BUY"",""timestamp"":1783597082,""utc"":""2026-07-09T11:38:02+00:00"",""price"":0.002,""shares"":14.073,""usd"":0.028146,""transactionHash"":""0xa0cae42bfca9f9bd1a23117d729b2d2abeb2da057f6e242bf2e83c06bb262044""}]",[],price history sampled; observed max may miss intra-sample ticks; settlement result comes from v2 current_positions zero-value inclusion
v3-29,never_sold_loss,40715887330471874665784986901581322661954387464046654867270623936338309346500,highest-temperature-in-milan-on-april-13-2026-14c,Will the highest temperature in Milan be 14°C on April 13?,Milan,2026-04-13,high,14°C,Yes,False,0.0,closed_positions,never_sold,10-20c,0.11,7,100.0,11.0,0,0,0,nan,0.0,-11.0,-1.0,-11.0,loss,2026-04-10T16:36:25+00:00,2026-04-11T11:47:47.977400+00:00,72h+,77.39305555555555,Europe/Rome,2026-04-13T22:00:00+00:00,,,nan,nan,nan,nan,nan,ok,534,5,2026-04-10T15:36:25+00:00,2026-04-14T04:00:00+00:00,0.34,2026-04-12T14:55:51+00:00,3.0909090909090913,market_history,2026-04-11T15:50:53+00:00,23.24111111111111,2026-04-12T03:55:47+00:00,35.32277777777778,2026-04-12T14:50:58+00:00,46.2425,,,,nan,,nan,,nan,no_sells,"[{""side"":""BUY"",""timestamp"":1775838985,""utc"":""2026-04-10T16:36:25+00:00"",""price"":0.11,""shares"":5.62,""usd"":0.6182,""transactionHash"":""0x9ada4873eac1d01c8c28aa43d46aebaaa33a9e6dba799818fa0deceb5f99c4f5""},{""side"":""BUY"",""timestamp"":1775904451,""utc"":""2026-04-11T10:47:31+00:00"",""price"":0.11,""shares"":0.53,""usd"":0.058300000000000005,""transactionHash"":""0x1c9c83e9ae250a495418bca8d46f46894b6e21b1dca2d35ffe394563a8bbdf0f""},{""side"":""BUY"",""timestamp"":1775911283,""utc"":""2026-04-11T12:41:23+00:00"",""price"":0.11,""shares"":29.99,""usd"":3.2988999999999997,""transactionHash"":""0x14d7d246aee8f72e7df9be300b81411edcc46df4202b5d53d1238c4a52c5c68a""},{""side"":""BUY"",""timestamp"":1775911283,""utc"":""2026-04-11T12:41:23+00:00"",""price"":0.11,""shares"":0.45,""usd"":0.0495,""transactionHash"":""0x7afd87dcb76b2d96508b081656583946bb52debaea276ce33e986008bac63908""},{""side"":""BUY"",""timestamp"":1775911595,""utc"":""2026-04-11T12:46:35+00:00"",""price"":0.11,""shares"":20.0,""usd"":2.2,""transactionHash"":""0x6f0c153c77bcc5234c2e568a2358ab76a1d9445057717c730cab73ff308b05d2""},{""side"":""BUY"",""timestamp"":1775911599,""utc"":""2026-04-11T12:46:39+00:00"",""price"":0.11,""shares"":9.0,""usd"":0.99,""transactionHash"":""0xd1f4de16882c44b85f06d939fbe651ecd65a692253e7f1f47a4ba8a2485d9a5b""},{""side"":""BUY"",""timestamp"":1775913589,""utc"":""2026-04-11T13:19:49+00:00"",""price"":0.11,""shares"":34.41,""usd"":3.7850999999999995,""transactionHash"":""0xb934e640c2f95cca25ce5f0a2fc3cd6e3cc1b80d0e4ff599093864d398bb30de""}]",[],price history sampled; observed max may miss intra-sample ticks
v3-30,never_sold_loss,101220582175965287509829752822228319746010884046549662048483259930073353870128,highest-temperature-in-shanghai-on-july-12-2026-29c,Will the highest temperature in Shanghai be 29°C on July 12?,Shanghai,2026-07-12,high,29°C,Yes,False,0.0,current_zero_value_after_local_day_end,never_sold,>=20c,0.20148840702825466,6,529.586047,106.70544899442041,0,0,0,nan,0.0,-106.7041,-0.9999873577738239,-106.70544899442041,loss,2026-07-11T07:23:04+00:00,2026-07-11T12:06:23.098186+00:00,24-48h,32.61555555555555,Asia/Shanghai,2026-07-12T16:00:00+00:00,,,nan,nan,nan,nan,nan,ok,407,5,2026-07-11T06:23:04+00:00,2026-07-12T22:00:00+00:00,0.415,2026-07-12T00:25:19+00:00,2.0596718497149302,market_history,2026-07-11T21:55:04+00:00,14.533333333333333,2026-07-11T23:25:05+00:00,16.03361111111111,,nan,,,,nan,,nan,,nan,no_sells,"[{""side"":""BUY"",""timestamp"":1783754584,""utc"":""2026-07-11T07:23:04+00:00"",""price"":0.1261288416,""shares"":16.92,""usd"":2.1340999998720003,""transactionHash"":""0x964dfa2efc370ed1b539c686108eabf72c2ec85ba4615e61aee2bd13c6d4634b""},{""side"":""BUY"",""timestamp"":1783756946,""utc"":""2026-07-11T08:02:26+00:00"",""price"":0.192743627,""shares"":130.63,""usd"":25.178099995009998,""transactionHash"":""0x38ddd5e44029bf2fc4e59ffa78f0bbfc4796f8163ac86f7f2fcfd70775992342""},{""side"":""BUY"",""timestamp"":1783761224,""utc"":""2026-07-11T09:13:44+00:00"",""price"":0.18,""shares"":66.72,""usd"":12.009599999999999,""transactionHash"":""0x572d02d87b17d5db95b3b8d1fa3e07af8b1e4e9ce9146242f02840801de0684c""},{""side"":""BUY"",""timestamp"":1783763716,""utc"":""2026-07-11T09:55:16+00:00"",""price"":0.17,""shares"":7.61,""usd"":1.2937,""transactionHash"":""0x4e1a41d58b13be4c59330e0b3a2ccddb50a6d26f97e75e0473c376958dd4926f""},{""side"":""BUY"",""timestamp"":1783766248,""utc"":""2026-07-11T10:37:28+00:00"",""price"":0.2428871628,""shares"":144.19,""usd"":35.021900004132,""transactionHash"":""0xba148a4a7d2b9c0171303fdaa434827c4405859609571d3636551d38c5b9a2d9""},{""side"":""BUY"",""timestamp"":1783794959,""utc"":""2026-07-11T18:35:59+00:00"",""price"":0.1900000004,""shares"":163.516047,""usd"":31.068048995406418,""transactionHash"":""0x54df3ae1c90d11efbd5a89a595576aec5ec2f42e4e903cecfb74f6fdf3af79d6""}]",[],price history sampled; observed max may miss intra-sample ticks; settlement result comes from v2 current_positions zero-value inclusion
v3-31,never_sold_loss,6978906342697963288190174563149457083662980593872825017951690124129417977600,highest-temperature-in-hong-kong-on-july-7-2026-29c,Will the highest temperature in Hong Kong be 29°C on July 7?,Hong Kong,2026-07-07,high,29°C,Yes,False,0.0,current_zero_value_after_local_day_end,never_sold,5-10c,0.07885403061982908,11,805.5608,63.521715989334005,0,0,0,nan,0.0,-63.5184,-0.9999477975479352,-63.521715989334005,loss,2026-07-06T19:38:52+00:00,2026-07-06T21:42:12.915570+00:00,12-24h,20.352222222222224,Asia/Hong_Kong,2026-07-07T16:00:00+00:00,,,nan,nan,nan,nan,nan,ok,328,5,2026-07-06T18:38:52+00:00,2026-07-07T22:00:00+00:00,0.6,2026-07-07T06:00:07+00:00,7.608995954724483,market_history,2026-07-06T19:38:52+00:00,0.0,2026-07-06T19:50:04+00:00,0.18666666666666668,2026-07-06T23:45:06+00:00,4.103888888888889,,,,nan,,nan,,nan,no_sells,"[{""side"":""BUY"",""timestamp"":1783366732,""utc"":""2026-07-06T19:38:52+00:00"",""price"":0.1280175806,""shares"":271.89,""usd"":34.806699989334,""transactionHash"":""0xba5c5475a1559541a8118b3ed9921926856106c09e61e88d7efd530cd9879d47""},{""side"":""BUY"",""timestamp"":1783366774,""utc"":""2026-07-06T19:39:34+00:00"",""price"":0.14,""shares"":133.68,""usd"":18.715200000000003,""transactionHash"":""0xd74bd3146527306ff1b77b2f48e54944e800c98af52ebbd78fb32dd36258403e""},{""side"":""BUY"",""timestamp"":1783412714,""utc"":""2026-07-07T08:25:14+00:00"",""price"":0.02,""shares"":10.0,""usd"":0.2,""transactionHash"":""0x27c1cc1f8ca410d5859c227f3bf604a7921574b1be368f81106ee1c68faf20ea""},{""side"":""BUY"",""timestamp"":1783412714,""utc"":""2026-07-07T08:25:14+00:00"",""price"":0.02,""shares"":0.52,""usd"":0.010400000000000001,""transactionHash"":""0xc6597f45ab50c5ec5deb3020da00f93b53a20243f1d9d1c744022e232eed5207""},{""side"":""BUY"",""timestamp"":1783412734,""utc"":""2026-07-07T08:25:34+00:00"",""price"":0.02,""shares"":13.24,""usd"":0.26480000000000004,""transactionHash"":""0x45a5e7d905609ef99d4b09eacb29f63f4e6133445c07abf892444e8369b2b65f""},{""side"":""BUY"",""timestamp"":1783412734,""utc"":""2026-07-07T08:25:34+00:00"",""price"":0.02,""shares"":93.84,""usd"":1.8768,""transactionHash"":""0xc16ae994eb682d9943596e66c42bcdf2f8d2f3fcceae3555bcf016a595a9e0d4""},{""side"":""BUY"",""timestamp"":1783412734,""utc"":""2026-07-07T08:25:34+00:00"",""price"":0.02,""shares"":49.99,""usd"":0.9998,""transactionHash"":""0xf299d19720c7ddaa3a08f380ee0af7850c7121729bb9382fa344021a4da558ea""},{""side"":""BUY"",""timestamp"":1783412740,""utc"":""2026-07-07T08:25:40+00:00"",""price"":0.02,""shares"":102.0408,""usd"":2.040816,""transactionHash"":""0x0c6972db8ea4dd05e93e7ebecc37ebcb50ccc4e1dc85ac75a4b00d5e984c8820""},{""side"":""BUY"",""timestamp"":1783412746,""utc"":""2026-07-07T08:25:46+00:00"",""price"":0.02,""shares"":30.36,""usd"":0.6072,""transactionHash"":""0xe8b4ce86d05581dc0c7dd765c0c3fded9b6be34dae59999f1ee5977c7998db2e""},{""side"":""BUY"",""timestamp"":1783415009,""utc"":""2026-07-07T09:03:29+00:00"",""price"":0.04,""shares"":33.13,""usd"":1.3252000000000002,""transactionHash"":""0x490fa2c6632ce4ce9e3ab28b5d64242eb616663dd04ecedf9a51c0fdfa12327b""},{""side"":""BUY"",""timestamp"":1783415086,""utc"":""2026-07-07T09:04:46+00:00"",""price"":0.04,""shares"":66.87,""usd"":2.6748000000000003,""transactionHash"":""0x704df027ba8ace174385eacb603da0dbf5a6497f769c04d605d111b30f69922c""}]",[],price history sampled; observed max may miss intra-sample ticks; settlement result comes from v2 current_positions zero-value inclusion
v3-32,never_sold_loss,101970116611470114451594511932306811882902933509650629674951201454520708952438,highest-temperature-in-nyc-on-june-23-2026-72-73f,Will the highest temperature in New York City be between 72-73°F on June 23?,New York City,2026-06-23,high,between 72-73°F,Yes,False,0.0,current_zero_value_after_local_day_end,never_sold,>=20c,0.27248638266787706,3,229.12,62.432079996864,0,0,0,nan,0.0,-62.4317,-0.9999939134357847,-62.432079996864,loss,2026-06-22T20:26:29+00:00,2026-06-22T20:33:31.437190+00:00,24-48h,31.558611111111112,America/New_York,2026-06-24T04:00:00+00:00,,,nan,nan,nan,nan,nan,ok,398,5,2026-06-22T19:26:29+00:00,2026-06-24T10:00:00+00:00,0.597,2026-06-23T19:50:04+00:00,2.190935173181332,market_history,2026-06-22T21:15:04+00:00,0.8097222222222222,2026-06-23T19:45:04+00:00,23.309722222222224,,nan,,,,nan,,nan,,nan,no_sells,"[{""side"":""BUY"",""timestamp"":1782159989,""utc"":""2026-06-22T20:26:29+00:00"",""price"":0.2451252847,""shares"":35.12,""usd"":8.608799998663999,""transactionHash"":""0x78b2901341f644bd02ec1492019b02e97c62924a37f43a690f2d2cec6879a773""},{""side"":""BUY"",""timestamp"":1782160012,""utc"":""2026-06-22T20:26:52+00:00"",""price"":0.2516228,""shares"":100.0,""usd"":25.16228,""transactionHash"":""0xe9098b68a0ffc14eeb2a6a4370d6dbdaf7f76dff22911e2939d53061777248ee""},{""side"":""BUY"",""timestamp"":1782160889,""utc"":""2026-06-22T20:41:29+00:00"",""price"":0.3049042553,""shares"":94.0,""usd"":28.660999998199998,""transactionHash"":""0x46eb7df949121294b1161dd4dda024dc0f8a3a8d5bcdf9850d83c9de016e6fbd""}]",[],price history sampled; observed max may miss intra-sample ticks; settlement result comes from v2 current_positions zero-value inclusion
v3-33,prediction_correct_trade_loss,20003294924542553996435115235914532184529129622194786072811688571944236614402,highest-temperature-in-istanbul-on-may-31-2026-26corhigher,Will the highest temperature in Istanbul be 26°C or higher on May 31?,Istanbul,2026-05-31,high,26°C or higher,Yes,True,1.0,closed_positions,mostly_or_fully_sold,>=20c,0.3580179344930551,12,528.59,189.244699993684,4,528.59,108.014000007281,0.20434363118349003,1.0,-81.23033,-0.42923437223188304,339.34530000631605,profit,2026-05-31T04:22:17+00:00,2026-05-31T10:01:18.325380+00:00,12-24h,16.628611111111113,Europe/Istanbul,2026-05-31T21:00:00+00:00,2026-05-31T09:43:21+00:00,2026-05-31T14:51:20+00:00,11.2775,6.144444444444445,0.9496730952359467,0.5707636726993461,1.6758936974752,ok,283,5,2026-05-31T03:22:17+00:00,2026-06-01T03:00:00+00:00,0.9995,2026-05-31T16:05:05+00:00,2.7917595843774374,market_history,2026-05-31T04:22:17+00:00,0.0,2026-05-31T08:20:05+00:00,3.9633333333333334,,nan,True,True,,0.9995,2026-05-31T16:05:05+00:00,0.9995,2026-06-01T02:55:04+00:00,4.891270621997026,continued_up_after_sell,"[{""side"":""BUY"",""timestamp"":1780201337,""utc"":""2026-05-31T04:22:17+00:00"",""price"":0.65,""shares"":8.0,""usd"":5.2,""transactionHash"":""0x6cee256603e93d9d8c268fb9357ffa8837260463f96bd67db9e87363db0a222f""},{""side"":""BUY"",""timestamp"":1780201337,""utc"":""2026-05-31T04:22:17+00:00"",""price"":0.65,""shares"":26.26,""usd"":17.069000000000003,""transactionHash"":""0xa91df42feb959016e88d398cd8d3ea7c2555538960fd0ab6265a7919bce9923a""},{""side"":""BUY"",""timestamp"":1780213999,""utc"":""2026-05-31T07:53:19+00:00"",""price"":0.65,""shares"":9.97,""usd"":6.480500000000001,""transactionHash"":""0xedfd272a09b21f3c07fe173601487467f523d09afd77de79386755985a5c41af""},{""side"":""BUY"",""timestamp"":1780213999,""utc"":""2026-05-31T07:53:19+00:00"",""price"":0.65,""shares"":55.77,""usd"":36.2505,""transactionHash"":""0xff120c7ccbd4df62a7370ca4916d5136c9b743f3a0f98c966a94b6d9045eb77a""},{""side"":""BUY"",""timestamp"":1780218967,""utc"":""2026-05-31T09:16:07+00:00"",""price"":0.25,""shares"":7.81,""usd"":1.9525,""transactionHash"":""0xc50f7dda30c974058fca41f11ec31efb857f6e62853b2c06dbbc8d65a76752d4""},{""side"":""BUY"",""timestamp"":1780219966,""utc"":""2026-05-31T09:32:46+00:00"",""price"":0.25,""shares"":13.23,""usd"":3.3075,""transactionHash"":""0x48ab95024b763aef7ec8336cde626f4ceba66eea59beb3e6fe07eb6d8dab5b79""},{""side"":""BUY"",""timestamp"":1780219970,""utc"":""2026-05-31T09:32:50+00:00"",""price"":0.25,""shares"":0.9,""usd"":0.225,""transactionHash"":""0x0b8d76a7e25259aca82732a6e28b7cbae5970e50b47426a2376f73e270cc9068""},{""side"":""BUY"",""timestamp"":1780220162,""utc"":""2026-05-31T09:36:02+00:00"",""price"":0.25,""shares"":78.06,""usd"":19.515,""transactionHash"":""0x3694382979a52f6ad00c9b59d9aff9da6c8ceba8f4ab9c1480c1031fc41a97b2""},{""side"":""BUY"",""timestamp"":1780220433,""utc"":""2026-05-31T09:40:33+00:00"",""price"":0.2197344104,""shares"":180.73,""usd"":39.712599991592,""transactionHash"":""0x3f3136e3c1ae177f45db7a9f9bfea6d4414d618f78a75c5befa3f98e5d2e5f11""},{""side"":""BUY"",""timestamp"":1780233975,""utc"":""2026-05-31T13:26:15+00:00"",""price"":0.3094059406,""shares"":101.0,""usd"":31.2500000006,""transactionHash"":""0x3cd1ad837d9092dfdd85487e63c3ca520f75d6ce80871f2a68b4353ef443b063""},{""side"":""BUY"",""timestamp"":1780238626,""utc"":""2026-05-31T14:43:46+00:00"",""price"":0.48,""shares"":8.57,""usd"":4.1136,""transactionHash"":""0x15b78f88cb0b9814b55ff4168a05d40cb03c3f164bb3b88d85cc0cdb3d37df13""},{""side"":""BUY"",""timestamp"":1780238954,""utc"":""2026-05-31T14:49:14+00:00"",""price"":0.6311961348,""shares"":38.29,""usd"":24.168500001492,""transactionHash"":""0xa3a75f144aa8e39b66a6f22c349c22bc8849f7a4c87a7cb925cb437a77b65a7f""}]","[{""side"":""SELL"",""timestamp"":1780220601,""utc"":""2026-05-31T09:43:21+00:00"",""price"":0.34,""shares"":62.0,""usd"":21.080000000000002,""transactionHash"":""0x9c3d124a140f5129bb44ad5d87ad59ab6e6f79f7301cdb38812e1b8e2508f092""},{""side"":""SELL"",""timestamp"":1780223573,""utc"":""2026-05-31T10:32:53+00:00"",""price"":0.0829479497,""shares"":318.73,""usd"":26.438000007881,""transactionHash"":""0xdfa1f022f4f7a7c3990e1c60fe802b43c606d36bb455256ff351619a24efe48f""},{""side"":""SELL"",""timestamp"":1780234181,""utc"":""2026-05-31T13:29:41+00:00"",""price"":0.3205940594,""shares"":101.0,""usd"":32.3799999994,""transactionHash"":""0xf7d84c0340fa1139d2ec114c8f689c4e50690378829f8b2c08587fa1b39378de""},{""side"":""SELL"",""timestamp"":1780239080,""utc"":""2026-05-31T14:51:20+00:00"",""price"":0.6,""shares"":46.86,""usd"":28.116,""transactionHash"":""0x15870d28834b7cd3ecdfe32459871896890ff93197cc12695efb9ce5094b0ee3""}]",price history sampled; observed max may miss intra-sample ticks
v3-34,prediction_correct_trade_loss,88497659222761168892616818696394310330533750845963576113538584240126106123991,highest-temperature-in-madrid-on-june-29-2026-34c,Will the highest temperature in Madrid be 34°C on June 29?,Madrid,2026-06-29,high,34°C,Yes,True,1.0,closed_positions,mostly_or_fully_sold,10-20c,0.14826,1,100.0,14.826,1,100.0,10.2066,0.102066,1.0,-4.6194,-0.31157426143261835,85.174,profit,2026-06-28T11:36:50+00:00,2026-06-28T11:36:50+00:00,24-48h,34.38611111111111,Europe/Madrid,2026-06-29T22:00:00+00:00,2026-06-28T13:39:11+00:00,2026-06-28T13:39:11+00:00,32.346944444444446,32.346944444444446,0.6884257385673817,0.6884257385673817,0.6884257385673817,ok,431,5,2026-06-28T10:36:50+00:00,2026-06-30T04:00:00+00:00,0.9995,2026-06-29T18:05:07+00:00,6.741535140968569,market_history,2026-06-28T23:40:05+00:00,12.054166666666667,2026-06-29T03:55:16+00:00,16.307222222222222,2026-06-29T15:50:09+00:00,28.221944444444443,False,False,False,0.9995,2026-06-29T18:05:07+00:00,0.9995,2026-06-29T22:30:06+00:00,9.792683165794681,continued_up_after_sell,"[{""side"":""BUY"",""timestamp"":1782646610,""utc"":""2026-06-28T11:36:50+00:00"",""price"":0.14826,""shares"":100.0,""usd"":14.826,""transactionHash"":""0x0ba663bd4753dfc26d0e1a833f9962ab3693231868447bc2f55c17b8581a3c92""}]","[{""side"":""SELL"",""timestamp"":1782653951,""utc"":""2026-06-28T13:39:11+00:00"",""price"":0.102066,""shares"":100.0,""usd"":10.2066,""transactionHash"":""0xc14ee381351bcf05c496fc651f5f3206666822b84534727681123ae71b73ded3""}]",price history sampled; observed max may miss intra-sample ticks
v3-35,prediction_correct_trade_loss,52605467811755786419084255148857599576640489877130315812558746463755546959490,highest-temperature-in-amsterdam-on-may-7-2026-17c,Will the highest temperature in Amsterdam be 17°C on May 7?,Amsterdam,2026-05-07,high,17°C,Yes,True,1.0,closed_positions,mostly_or_fully_sold,5-10c,0.05,1,96.02,4.801,1,96.02,2.68179999996,0.027929598,1.0,-2.119257,-0.4414199125182254,91.219,profit,2026-05-07T10:33:55+00:00,2026-05-07T10:33:55+00:00,6-12h,11.434722222222222,Europe/Amsterdam,2026-05-07T22:00:00+00:00,2026-05-07T12:27:47+00:00,2026-05-07T12:27:47+00:00,9.536944444444444,9.536944444444444,0.55859196,0.55859196,0.55859196,ok,169,5,2026-05-07T09:33:55+00:00,2026-05-08T04:00:00+00:00,0.9995,2026-05-07T16:50:06+00:00,19.99,market_history,2026-05-07T10:35:04+00:00,0.019166666666666665,2026-05-07T10:35:04+00:00,0.019166666666666665,2026-05-07T11:30:06+00:00,0.9363888888888889,True,True,True,0.9995,2026-05-07T16:50:06+00:00,0.9995,2026-05-07T23:35:05+00:00,35.78640838296348,continued_up_after_sell,"[{""side"":""BUY"",""timestamp"":1778150035,""utc"":""2026-05-07T10:33:55+00:00"",""price"":0.05,""shares"":96.02,""usd"":4.801,""transactionHash"":""0xa71c2be9140e1f9b534c7245ab1bd544d3f22b7173bbb915549a01389bbca13f""}]","[{""side"":""SELL"",""timestamp"":1778156867,""utc"":""2026-05-07T12:27:47+00:00"",""price"":0.027929598,""shares"":96.02,""usd"":2.68179999996,""transactionHash"":""0x50d92024891d7af3e164a010d80b7fa28d482f1bc6619955ece1a798b2273de3""}]",price history sampled; observed max may miss intra-sample ticks
v3-36,prediction_correct_trade_loss,97571730222183033059905597159950079189762324388902778579799167905923185988668,highest-temperature-in-nyc-on-february-17-2026-41forbelow,Will the highest temperature in New York City be 41°F or below on February 17?,New York City,2026-02-17,high,41°F or below,No,True,1.0,closed_positions,mostly_or_fully_sold,>=20c,0.9674218750000001,2,76.8,74.298,1,76.8,71.424,0.9300000000000002,1.0,-2.873932,-0.03868114888691485,2.5019999999999953,profit,2026-02-15T11:34:31+00:00,2026-02-15T11:34:41.418315+00:00,48-72h,65.42472222222223,America/New_York,2026-02-18T05:00:00+00:00,2026-02-15T18:22:05+00:00,2026-02-15T18:22:05+00:00,58.63194444444444,58.63194444444444,0.9613179358798352,0.9613179358798353,0.9613179358798352,ok,707,5,2026-02-15T10:34:31+00:00,2026-02-18T11:00:00+00:00,0.9995,2026-02-17T18:35:22+00:00,1.0331583622708551,market_history,,nan,,nan,,nan,,,,0.9995,2026-02-17T18:35:22+00:00,0.9995,2026-02-17T22:45:34+00:00,1.074731182795699,mostly_flat_after_sell,"[{""side"":""BUY"",""timestamp"":1771155271,""utc"":""2026-02-15T11:34:31+00:00"",""price"":0.96,""shares"":19.8,""usd"":19.008,""transactionHash"":""0xf75a8094695bff616bc546e842779d14d9175ce3076ec98b3e5432ebe094c73c""},{""side"":""BUY"",""timestamp"":1771155285,""utc"":""2026-02-15T11:34:45+00:00"",""price"":0.97,""shares"":57.0,""usd"":55.29,""transactionHash"":""0x1a5cff7a09670664c84e6569f617685ec121328acf6601f8bfd0c17f1e95e9fd""}]","[{""side"":""SELL"",""timestamp"":1771179725,""utc"":""2026-02-15T18:22:05+00:00"",""price"":0.93,""shares"":76.8,""usd"":71.424,""transactionHash"":""0x3630b71701baa2cba81b4431288a9bb24e804707a2dd36b75b19fadb0e671067""}]",price history sampled; observed max may miss intra-sample ticks
v3-37,prediction_correct_trade_loss,76952132594713678991213802434650603630572231362273104819132001063856343122609,highest-temperature-in-busan-on-april-9-2026-18corhigher,Will the highest temperature in Busan be 18°C or higher on April 9?,Busan,2026-04-09,high,18°C or higher,Yes,True,1.0,closed_positions,mostly_or_fully_sold,2-5c,0.04,2,251.41,10.0564,3,251.41,8.881239996199,0.035325722907597154,1.0,-1.175187,-0.11685961178950718,241.3536,profit,2026-04-09T06:12:11+00:00,2026-04-09T06:15:12.358896+00:00,6-12h,8.796944444444444,Asia/Seoul,2026-04-09T15:00:00+00:00,2026-04-09T08:46:35+00:00,2026-04-09T09:02:13+00:00,6.223611111111111,5.963055555555556,1.0,0.8831430726899289,1.0,ok,117,5,2026-04-09T05:12:11+00:00,2026-04-09T21:00:00+00:00,0.9995,2026-04-09T14:05:51+00:00,24.9875,market_history,2026-04-09T11:05:48+00:00,4.893611111111111,2026-04-09T11:10:51+00:00,4.977777777777778,2026-04-09T11:50:49+00:00,5.643888888888889,False,False,False,0.9995,2026-04-09T14:05:51+00:00,0.9995,2026-04-09T16:45:04+00:00,28.293830040348514,continued_up_after_sell,"[{""side"":""BUY"",""timestamp"":1775715131,""utc"":""2026-04-09T06:12:11+00:00"",""price"":0.04,""shares"":51.43,""usd"":2.0572,""transactionHash"":""0x628296fb148e8a23da9934fcae94ed1a9a87954a548fa56349e69997fc5cd20b""},{""side"":""BUY"",""timestamp"":1775715359,""utc"":""2026-04-09T06:15:59+00:00"",""price"":0.04,""shares"":199.98,""usd"":7.9992,""transactionHash"":""0x7ed58676093ef1c34d107bd1cffe42068001b14881dbea79d80477ede7f0e036""}]","[{""side"":""SELL"",""timestamp"":1775724395,""utc"":""2026-04-09T08:46:35+00:00"",""price"":0.04,""shares"":50.0,""usd"":2.0,""transactionHash"":""0xdbb2853024a226f7716d666429e4fdac41bd676a59d58762279df322421841dc""},{""side"":""SELL"",""timestamp"":1775724421,""utc"":""2026-04-09T08:47:01+00:00"",""price"":0.035,""shares"":100.0,""usd"":3.5000000000000004,""transactionHash"":""0x9f23ceb786000c64424d5a5f3dd44b1a7a9f41a8ba7f57039e35bbd284229780""},{""side"":""SELL"",""timestamp"":1775725333,""utc"":""2026-04-09T09:02:13+00:00"",""price"":0.0333422739,""shares"":101.41,""usd"":3.3812399961989996,""transactionHash"":""0x11d298d7ee1eb4d4b7f056bffba3db4d548c99b9d8cdc48a16f9d2c8727acb30""}]",price history sampled; observed max may miss intra-sample ticks
v3-38,partial_sold_profit,91049919011850520861175140197332340457994497613916074972161001862841899240510,highest-temperature-in-chicago-on-march-5-2026-44-45f,Will the highest temperature in Chicago be between 44-45°F on March 5?,Chicago,2026-03-05,high,between 44-45°F,No,True,1.0,closed_positions,partially_sold,>=20c,0.5365965583126195,7,523.0,280.6399999975,5,269.89,238.803,0.8848160361628812,0.5160420650095602,211.274336,0.7528304447045399,242.3600000025,profit,2026-03-05T17:47:33+00:00,2026-03-05T18:04:25.768600+00:00,12-24h,12.2075,America/Chicago,2026-03-06T06:00:00+00:00,2026-03-05T18:39:37+00:00,2026-03-05T18:43:13+00:00,11.339722222222223,11.279722222222222,1.6772377423182478,1.648940945400902,1.6772377423182478,ok,50,5,2026-03-05T16:47:33+00:00,2026-03-06T12:00:00+00:00,0.9995,2026-03-05T18:55:20+00:00,1.8626656927189875,market_history,2026-03-05T18:30:21+00:00,0.7133333333333334,,nan,,nan,True,,,0.9995,2026-03-05T18:55:20+00:00,0.9995,2026-03-05T20:55:19+00:00,1.1296133423784458,continued_up_after_sell,"[{""side"":""BUY"",""timestamp"":1772732853,""utc"":""2026-03-05T17:47:33+00:00"",""price"":0.693877551,""shares"":98.0,""usd"":67.999999998,""transactionHash"":""0xe9502d155056366db2e4a3cadd1e905bd24eba0f8f0a69deb16c5711d3fb25c3""},{""side"":""BUY"",""timestamp"":1772733053,""utc"":""2026-03-05T17:50:53+00:00"",""price"":0.6445454545,""shares"":11.0,""usd"":7.0899999995,""transactionHash"":""0x1c83b85f35df53f28978572911a412b951d2c5db701a23cda6d8222657a37306""},{""side"":""BUY"",""timestamp"":1772733589,""utc"":""2026-03-05T17:59:49+00:00"",""price"":0.41,""shares"":14.0,""usd"":5.739999999999999,""transactionHash"":""0x48422c691717635bd3529f4eb6c99c2fb1bd01d479976d5595ed658fc55c880a""},{""side"":""BUY"",""timestamp"":1772734007,""utc"":""2026-03-05T18:06:47+00:00"",""price"":0.4981,""shares"":100.0,""usd"":49.81,""transactionHash"":""0xcd59ad54d75561181beeb39f48c050a8f8a88a58759afd62d05a9b79333945bb""},{""side"":""BUY"",""timestamp"":1772734215,""utc"":""2026-03-05T18:10:15+00:00"",""price"":0.5,""shares"":100.0,""usd"":50.0,""transactionHash"":""0x4460157039713b4d2c782034bf55335ab17c9717c7ae6677a2971acb3294da98""},{""side"":""BUY"",""timestamp"":1772734253,""utc"":""2026-03-05T18:10:53+00:00"",""price"":0.5,""shares"":100.0,""usd"":50.0,""transactionHash"":""0xffb3e86d1d302d6c5d83cf57ff7859ea86c7cbabe4087b07b5f9fad5f0816909""},{""side"":""BUY"",""timestamp"":1772734513,""utc"":""2026-03-05T18:15:13+00:00"",""price"":0.5,""shares"":100.0,""usd"":50.0,""transactionHash"":""0x313c6732c8f00af332b2c0f6cea897d5364c2a9c145eb54ab28271e408ff90dc""}]","[{""side"":""SELL"",""timestamp"":1772735977,""utc"":""2026-03-05T18:39:37+00:00"",""price"":0.9,""shares"":74.99,""usd"":67.491,""transactionHash"":""0x7a9ca8a3de825ad9a2b24062ee30aedaa7eefe41d98cba971515f87f06c44d0f""},{""side"":""SELL"",""timestamp"":1772735985,""utc"":""2026-03-05T18:39:45+00:00"",""price"":0.88,""shares"":44.9,""usd"":39.512,""transactionHash"":""0xd76051cc7509e17c1442ade98fadd6e24be6a85b1b03e99cddd6ceb0d4f1a02d""},{""side"":""SELL"",""timestamp"":1772735995,""utc"":""2026-03-05T18:39:55+00:00"",""price"":0.87,""shares"":20.0,""usd"":17.4,""transactionHash"":""0xb52c85f4bde7edd979e6b170ab3ce977ed09862e4eca49311b4efd8701ab273d""},{""side"":""SELL"",""timestamp"":1772736171,""utc"":""2026-03-05T18:42:51+00:00"",""price"":0.88,""shares"":30.0,""usd"":26.4,""transactionHash"":""0x8e22f45a2f0d2e5248c2b1b22caa768c86984a0de632aaa0ccf5abdfd6a76d52""},{""side"":""SELL"",""timestamp"":1772736193,""utc"":""2026-03-05T18:43:13+00:00"",""price"":0.88,""shares"":100.0,""usd"":88.0,""transactionHash"":""0xba69b8bc11180adf0affb2e19fe60d9d7598600cfab573e9edce1564d15d5137""}]",price history sampled; observed max may miss intra-sample ticks
v3-39,partial_sold_profit,44874012577908441957882204863142637087704182301229551916627467046923718042502,highest-temperature-in-busan-on-may-1-2026-24c,Will the highest temperature in Busan be 24°C on May 1?,Busan,2026-05-01,high,24°C,Yes,True,1.0,closed_positions,partially_sold,5-10c,0.06700059542423979,3,470.26,31.507700004203002,4,316.122041,209.37345800102167,0.662318443025052,0.6722282163058734,332.004149,10.53723848315529,438.752299995797,profit,2026-05-01T06:42:52+00:00,2026-05-01T07:17:19.489216+00:00,6-12h,8.285555555555556,Asia/Seoul,2026-05-01T15:00:00+00:00,2026-05-01T07:14:48+00:00,2026-05-01T08:04:32+00:00,7.753333333333333,6.924444444444444,0.9769248330637902,9.885262046274821,14.178978131234704,ok,163,5,2026-05-01T05:42:52+00:00,2026-05-01T21:00:00+00:00,0.9995,2026-05-01T09:55:04+00:00,14.9177778745291,market_history,2026-05-01T07:00:06+00:00,0.2872222222222222,2026-05-01T07:00:06+00:00,0.2872222222222222,2026-05-01T07:45:08+00:00,1.0377777777777777,True,True,False,0.9995,2026-05-01T09:55:04+00:00,0.9995,2026-05-01T19:15:05+00:00,1.5090928095477996,continued_up_after_sell,"[{""side"":""BUY"",""timestamp"":1777617772,""utc"":""2026-05-01T06:42:52+00:00"",""price"":0.0494346667,""shares"":150.0,""usd"":7.415200005,""transactionHash"":""0x92048010ccc78bd627c3051907221ae38cab08f32808491f8d87ad4313051575""},{""side"":""BUY"",""timestamp"":1777618688,""utc"":""2026-05-01T06:58:08+00:00"",""price"":0.05,""shares"":156.77,""usd"":7.838500000000001,""transactionHash"":""0x975bf69f217006f330cd90a3fa6c5ce8ed86c00e386f9c76bb977d96f7fd0576""},{""side"":""BUY"",""timestamp"":1777621338,""utc"":""2026-05-01T07:42:18+00:00"",""price"":0.0994189247,""shares"":163.49,""usd"":16.253999999203,""transactionHash"":""0xde39615ab74c4398478fa6182eab429f95a468c14ffdd23965afdf213deb8e6c""}]","[{""side"":""SELL"",""timestamp"":1777619688,""utc"":""2026-05-01T07:14:48+00:00"",""price"":0.0654545455,""shares"":35.2,""usd"":2.3040000016000004,""transactionHash"":""0x42500ddbab3773cb3b023e3b0c548038a860efc987ed75bb5fe3967fe6b3e10a""},{""side"":""SELL"",""timestamp"":1777621606,""utc"":""2026-05-01T07:46:46+00:00"",""price"":0.3180984858,""shares"":82.55,""usd"":26.25903000279,""transactionHash"":""0x1a26c45d6a9c76349ef0bcafdd2e9ced560615932022f7646ab187a9ff8a9549""},{""side"":""SELL"",""timestamp"":1777622640,""utc"":""2026-05-01T08:04:00+00:00"",""price"":0.9499999773,""shares"":41.882041,""usd"":39.787937999277666,""transactionHash"":""0x7efc2433fa02dc4ae652b6728455d15d1d2c4cd52ee67f16fbbbd41ff44998a5""},{""side"":""SELL"",""timestamp"":1777622672,""utc"":""2026-05-01T08:04:32+00:00"",""price"":0.9011597546,""shares"":156.49,""usd"":141.022489997354,""transactionHash"":""0xf43584f29d38216be06dfbdb3f00b4c64924bedb4f1ea3077f2f677371644fd8""}]",price history sampled; observed max may miss intra-sample ticks
v3-40,partial_sold_profit,23893243259796149168666451827808019704866769224233113511885097784681247140462,highest-temperature-in-london-on-june-17-2026-26c,Will the highest temperature in London be 26°C on June 17?,London,2026-06-17,high,26°C,Yes,True,1.0,closed_positions,partially_sold,10-20c,0.11396640824392763,5,154.8,17.64199999616,1,1.11111,0.9999990000000001,0.9,0.007177713178294573,137.047106,7.768229567499718,137.15800000384002,profit,2026-06-16T20:04:11+00:00,2026-06-16T23:15:36.824739+00:00,24-48h,26.93027777777778,Europe/London,2026-06-17T23:00:00+00:00,2026-06-17T13:35:04+00:00,2026-06-17T13:35:04+00:00,9.415555555555555,9.415555555555555,7.897063826682051,7.897063826682051,7.897063826682051,ok,346,5,2026-06-16T19:04:11+00:00,2026-06-18T05:00:00+00:00,0.9995,2026-06-17T17:50:04+00:00,8.770128105298568,market_history,2026-06-16T20:05:04+00:00,0.014722222222222222,2026-06-17T11:25:04+00:00,15.348055555555556,2026-06-17T12:25:17+00:00,16.351666666666667,True,True,True,0.9995,2026-06-17T17:50:04+00:00,0.9995,2026-06-17T23:50:05+00:00,1.1105555555555555,continued_up_after_sell,"[{""side"":""BUY"",""timestamp"":1781640251,""utc"":""2026-06-16T20:04:11+00:00"",""price"":0.1433405172,""shares"":92.8,""usd"":13.30199999616,""transactionHash"":""0x9d691eb9d93ea97cf1bb9be2bf84ae6d092038134fe9ed4f17716abcd585de8e""},{""side"":""BUY"",""timestamp"":1781686897,""utc"":""2026-06-17T09:01:37+00:00"",""price"":0.07,""shares"":24.0,""usd"":1.6800000000000002,""transactionHash"":""0xd927f10fdcabaf6c415e3f7ba57bb981213ed8cbb9a24f95efa64aa627c18ae2""},{""side"":""BUY"",""timestamp"":1781686931,""utc"":""2026-06-17T09:02:11+00:00"",""price"":0.07,""shares"":16.5,""usd"":1.155,""transactionHash"":""0x585533b381d6d5382f0767e9cba176ebaea76f4c58e7c3dddbafa9b6bddde45b""},{""side"":""BUY"",""timestamp"":1781686994,""utc"":""2026-06-17T09:03:14+00:00"",""price"":0.07,""shares"":10.0,""usd"":0.7000000000000001,""transactionHash"":""0x869ba2d25447a8118ceaf5ccd994453179b65dd0b50f3178c8a7c9ae58f4c927""},{""side"":""BUY"",""timestamp"":1781686999,""utc"":""2026-06-17T09:03:19+00:00"",""price"":0.07,""shares"":11.5,""usd"":0.805,""transactionHash"":""0x665b736ef8409a510ec97340be48cf5bffa533c38e24e2109169f84f415bc73f""}]","[{""side"":""SELL"",""timestamp"":1781703304,""utc"":""2026-06-17T13:35:04+00:00"",""price"":0.9,""shares"":1.11111,""usd"":0.9999990000000001,""transactionHash"":""0x0982a22fce6487eec7485eabf39b3db277bfcbb358949b799748759f10c89028""}]",price history sampled; observed max may miss intra-sample ticks
v3-41,partial_sold_profit,74708789360197063661869950198160058166973232606055376993781736044445615437214,highest-temperature-in-warsaw-on-june-11-2026-15c,Will the highest temperature in Warsaw be 15°C on June 11?,Warsaw,2026-06-11,high,15°C,Yes,False,0.0,current_zero_value_after_local_day_end,partially_sold,2-5c,0.03954979536152797,13,366.5,14.495000000000001,2,148.94,82.117719995696,0.5513476567456426,0.40638472032742157,67.62299999999999,4.665263884097964,-14.495000000000001,loss,2026-06-09T08:55:33+00:00,2026-06-09T10:44:28.709403+00:00,48-72h,61.07416666666666,Europe/Warsaw,2026-06-11T22:00:00+00:00,2026-06-11T13:18:49+00:00,2026-06-11T13:20:21+00:00,8.686388888888889,8.660833333333333,14.683349031052085,13.940594425476231,14.683349031052085,ok,746,5,2026-06-09T07:55:33+00:00,2026-06-12T04:00:00+00:00,0.5845,2026-06-11T13:20:04+00:00,14.77883753018282,market_history,2026-06-09T09:20:14+00:00,0.4113888888888889,2026-06-10T00:05:04+00:00,15.158611111111112,2026-06-10T11:55:03+00:00,26.991666666666667,True,True,True,0.5055,2026-06-11T13:30:05+00:00,0.0005,2026-06-11T22:35:04+00:00,0.9168443790688062,reverted_or_fell_after_sell,"[{""side"":""BUY"",""timestamp"":1780995333,""utc"":""2026-06-09T08:55:33+00:00"",""price"":0.04,""shares"":10.0,""usd"":0.4,""transactionHash"":""0x83a0707118cda345785a8cfe44de8a543dc4a23618444597f41f16b354eb6a4d""},{""side"":""BUY"",""timestamp"":1780996621,""utc"":""2026-06-09T09:17:01+00:00"",""price"":0.04,""shares"":73.92,""usd"":2.9568000000000003,""transactionHash"":""0x5c991b6bac320b5abccbde0713bfd8b4a9b67d6c43d78fc5579ab2d111dabce5""},{""side"":""BUY"",""timestamp"":1780996623,""utc"":""2026-06-09T09:17:03+00:00"",""price"":0.04,""shares"":6.77,""usd"":0.2708,""transactionHash"":""0x464141de85c6e4d13cf24e2c806248e5042464dd6342234da6d67e2308e32c71""},{""side"":""BUY"",""timestamp"":1780996624,""utc"":""2026-06-09T09:17:04+00:00"",""price"":0.04,""shares"":14.78,""usd"":0.5912,""transactionHash"":""0x4595839f615916dd7eb4a445564dfb855d05c903e5dfb0942ca2514ffe2fd00c""},{""side"":""BUY"",""timestamp"":1780996627,""utc"":""2026-06-09T09:17:07+00:00"",""price"":0.04,""shares"":8.86,""usd"":0.3544,""transactionHash"":""0x4dea3ce71ab574f6c47ac3f7bf1822575579834a9c824f85af78a2506c25bac4""},{""side"":""BUY"",""timestamp"":1780996630,""utc"":""2026-06-09T09:17:10+00:00"",""price"":0.04,""shares"":41.66,""usd"":1.6663999999999999,""transactionHash"":""0x42705632f899e4987a1db16e0ab12c8f083c292e14da16cad0cc6e1fa0c60939""},{""side"":""BUY"",""timestamp"":1780996630,""utc"":""2026-06-09T09:17:10+00:00"",""price"":0.04,""shares"":41.66,""usd"":1.6663999999999999,""transactionHash"":""0x74f28f14e6e27da5905897c542314770ff50aa55bb566e82380cd931884d630c""},{""side"":""BUY"",""timestamp"":1780996630,""utc"":""2026-06-09T09:17:10+00:00"",""price"":0.04,""shares"":66.53,""usd"":2.6612,""transactionHash"":""0xa9aff761d5d9c414c0dea6708f07f6f09faf9331f73baa65fc315f4b16c0cef0""},{""side"":""BUY"",""timestamp"":1780996630,""utc"":""2026-06-09T09:17:10+00:00"",""price"":0.04,""shares"":73.92,""usd"":2.9568000000000003,""transactionHash"":""0xef100fc9fcf5c33ff6cb7e5570d8f467f722b13d74b599a612bb506a533886c9""},{""side"":""BUY"",""timestamp"":1780996633,""utc"":""2026-06-09T09:17:13+00:00"",""price"":0.04,""shares"":10.96,""usd"":0.43840000000000007,""transactionHash"":""0x4c9b6d5f6d4a3ae09fee486f7ea288c4d6de7011c10a2ca40096d2a70ee1bd19""},{""side"":""BUY"",""timestamp"":1780996678,""utc"":""2026-06-09T09:17:58+00:00"",""price"":0.04,""shares"":0.94,""usd"":0.0376,""transactionHash"":""0x963c0c4725d0bfcd0121b2afc686fde0b498dfa907630e29df151ee4a16ba877""},{""side"":""BUY"",""timestamp"":1781150994,""utc"":""2026-06-11T04:09:54+00:00"",""price"":0.03,""shares"":10.0,""usd"":0.3,""transactionHash"":""0x2ba8cb5875c29395de302b9ae2be3558f2b6ff350ca4aadc496893a50cea892d""},{""side"":""BUY"",""timestamp"":1781151372,""utc"":""2026-06-11T04:16:12+00:00"",""price"":0.03,""shares"":6.5,""usd"":0.195,""transactionHash"":""0x82d116a7f99e4756b2f27a03eda071b9b0f9621b5cd3abc7d5a5f8e03237567a""}]","[{""side"":""SELL"",""timestamp"":1781183929,""utc"":""2026-06-11T13:18:49+00:00"",""price"":0.5807234494,""shares"":94.16,""usd"":54.680919995504,""transactionHash"":""0xc06286112f5ea1778c1316bcc04cd6d5c92675b27eb34a1ffe50847c500672fe""},{""side"":""SELL"",""timestamp"":1781184021,""utc"":""2026-06-11T13:20:21+00:00"",""price"":0.5008543264,""shares"":54.78,""usd"":27.436800000192004,""transactionHash"":""0x19bcfc311f7482209ccc28a700055424c82d2f0e9119fea81bd795f20e67c4e9""}]",price history sampled; observed max may miss intra-sample ticks; settlement result comes from v2 current_positions zero-value inclusion
v3-42,partial_sold_profit,26491054034104153060948101727637578180455012701244562450830826475576990526359,highest-temperature-in-madrid-on-may-22-2026-33c,Will the highest temperature in Madrid be 33°C on May 22?,Madrid,2026-05-22,high,33°C,Yes,False,0.0,current_zero_value_after_local_day_end,partially_sold,0-1c,0.005494147562209185,4,346.01,1.901029998,2,226.01,5.9302,0.026238662006105928,0.6531892141845611,4.029100000000001,2.1194299954439755,-1.901029998,loss,2026-05-22T17:17:45+00:00,2026-05-22T17:31:35.725965+00:00,0-6h,4.704166666666667,Europe/Madrid,2026-05-22T22:00:00+00:00,2026-05-22T17:23:20+00:00,2026-05-22T17:24:23+00:00,4.611111111111111,4.5936111111111115,4.976886712705098,4.775747594874466,4.976886712705098,ok,91,5,2026-05-22T16:17:45+00:00,2026-05-23T04:00:00+00:00,0.035,2026-05-22T17:20:09+00:00,6.370414992262527,market_history,2026-05-22T17:20:09+00:00,0.04,2026-05-22T17:20:09+00:00,0.04,2026-05-22T17:20:09+00:00,0.04,True,True,True,0.0215,2026-05-22T17:25:03+00:00,0.0005,2026-05-22T23:50:05+00:00,0.8194015378907961,reverted_or_fell_after_sell,"[{""side"":""BUY"",""timestamp"":1779470265,""utc"":""2026-05-22T17:17:45+00:00"",""price"":0.0042051282,""shares"":195.0,""usd"":0.819999999,""transactionHash"":""0xae91007f50c3103370ed1a456e53bf8321dc9af0c195c330e486639432730288""},{""side"":""BUY"",""timestamp"":1779470586,""utc"":""2026-05-22T17:23:06+00:00"",""price"":0.0073333333,""shares"":30.0,""usd"":0.219999999,""transactionHash"":""0xa2a8013d264994e0b1a707a2109143f31629895a7113232d85db7ed65eed646b""},{""side"":""BUY"",""timestamp"":1779470631,""utc"":""2026-05-22T17:23:51+00:00"",""price"":0.003,""shares"":1.01,""usd"":0.00303,""transactionHash"":""0x051a50f44152f2cdcac812d16c3e87b33779b64eb8fb87998bd8ed64e9f7aa70""},{""side"":""BUY"",""timestamp"":1779472022,""utc"":""2026-05-22T17:47:02+00:00"",""price"":0.00715,""shares"":120.0,""usd"":0.858,""transactionHash"":""0xf0f0cc558b840760a8235a3db3381435915d5da9b41f7d067285e5226277b303""}]","[{""side"":""SELL"",""timestamp"":1779470600,""utc"":""2026-05-22T17:23:20+00:00"",""price"":0.02734375,""shares"":192.0,""usd"":5.25,""transactionHash"":""0x22c6400117181f8d4f8d70c8bb94dd9bdc9fe443f26954feadc089e1f4513a0d""},{""side"":""SELL"",""timestamp"":1779470663,""utc"":""2026-05-22T17:24:23+00:00"",""price"":0.02,""shares"":34.01,""usd"":0.6802,""transactionHash"":""0x54d6e9fe3ffe4593c9a30ce9e02f81d37e5cd8e05b5de58ef71ad75a53354305""}]",price history sampled; observed max may miss intra-sample ticks; settlement result comes from v2 current_positions zero-value inclusion
